service_date,route_id,route_short_name,route_long_name,route_type,scheduled_trips,day_of_week,route_name
2026-08-05,1,1,Bronzeville/Union Station,3,59,Wednesday,1
2026-08-05,10,10,Obama Presidential Center/Museum of Science & Industry Express ,3,36,Wednesday,10
2026-08-05,100,100,Jeffery Manor Express,3,52,Wednesday,100
2026-08-05,103,103,West 103rd,3,128,Wednesday,103
2026-08-05,106,106,East 103rd,3,133,Wednesday,106
2026-08-05,108,108,Halsted/95th,3,71,Wednesday,108
2026-08-05,11,11,Lincoln,3,84,Wednesday,11
2026-08-05,111,111,111th/King Drive,3,140,Wednesday,111
2026-08-05,111A,111A,Pullman Shuttle,3,82,Wednesday,111A
2026-08-05,112,112,Vincennes/111th,3,132,Wednesday,112
2026-08-05,115,115,Pullman/115th,3,143,Wednesday,115
2026-08-05,119,119,Michigan/119th,3,189,Wednesday,119
2026-08-05,12,12,Roosevelt,3,253,Wednesday,12
2026-08-05,120,120,Ogilvie/Streeterville Express,3,73,Wednesday,120
2026-08-05,121,121,Union/Streeterville Express,3,76,Wednesday,121
2026-08-05,124,124,Navy Pier,3,109,Wednesday,124
2026-08-05,125,125,Water Tower Express,3,51,Wednesday,125
2026-08-05,126,126,Jackson,3,154,Wednesday,126
2026-08-05,130,130,Museum Campus,3,63,Wednesday,130
2026-08-05,134,134,Stockton/LaSalle Express,3,49,Wednesday,134
2026-08-05,135,135,Clarendon/LaSalle Express,3,50,Wednesday,135
2026-08-05,136,136,Sheridan/LaSalle Express,3,36,Wednesday,136
2026-08-05,143,143,Stockton/Michigan Express,3,36,Wednesday,143
2026-08-05,146,146,Inner Lake Shore/Michigan Express,3,222,Wednesday,146
2026-08-05,147,147,Outer DuSable Lake Shore Express,3,205,Wednesday,147
2026-08-05,148,148,Clarendon/Michigan Express,3,45,Wednesday,148
2026-08-05,15,15,Jeffery Local,3,153,Wednesday,15
2026-08-05,151,151,Sheridan,3,211,Wednesday,151
2026-08-05,152,152,Addison,3,189,Wednesday,152
2026-08-05,155,155,Devon,3,204,Wednesday,155
2026-08-05,156,156,LaSalle,3,136,Wednesday,156
2026-08-05,157,157,Streeterville/Taylor,3,125,Wednesday,157
2026-08-05,165,165,West 65th,3,19,Wednesday,165
2026-08-05,169,169,69th/UPS Express,3,10,Wednesday,169
2026-08-05,171,171,U. of Chicago/Hyde Park,3,23,Wednesday,171
2026-08-05,172,172,U. of Chicago/Kenwood,3,34,Wednesday,172
2026-08-05,18,18,16th/18th,3,126,Wednesday,18
2026-08-05,192,192,University of Chicago Hospitals Express,3,19,Wednesday,192
2026-08-05,2,2,Hyde Park Express,3,60,Wednesday,2
2026-08-05,20,20,Madison,3,346,Wednesday,20
2026-08-05,201,201,Central/Ridge,3,76,Wednesday,201
2026-08-05,206,206,Evanston Circulator,3,19,Wednesday,206
2026-08-05,21,21,Cermak,3,175,Wednesday,21
2026-08-05,22,22,Clark,3,239,Wednesday,22
2026-08-05,24,24,Wentworth,3,98,Wednesday,24
2026-08-05,26,26,South Shore Express,3,86,Wednesday,26
2026-08-05,28,28,Stony Island,3,158,Wednesday,28
2026-08-05,29,29,State,3,162,Wednesday,29
2026-08-05,3,3,King Drive,3,236,Wednesday,3
2026-08-05,30,30,South Chicago,3,112,Wednesday,30
2026-08-05,31,31,31st,3,55,Wednesday,31
2026-08-05,34,34,South Michigan,3,232,Wednesday,34
2026-08-05,35,35,31st/35th,3,145,Wednesday,35
2026-08-05,36,36,Broadway,3,166,Wednesday,36
2026-08-05,37,37,Sedgwick,3,100,Wednesday,37
2026-08-05,39,39,Pershing,3,94,Wednesday,39
2026-08-05,4,4,Cottage Grove,3,248,Wednesday,4
2026-08-05,43,43,43rd,3,112,Wednesday,43
2026-08-05,44,44,Wallace/Racine,3,133,Wednesday,44
2026-08-05,47,47,47th,3,251,Wednesday,47
2026-08-05,48,48,South Damen,3,63,Wednesday,48
2026-08-05,49,49,Western,3,269,Wednesday,49
2026-08-05,49B,49B,North Western,3,221,Wednesday,49B
2026-08-05,50,50,Damen,3,166,Wednesday,50
2026-08-05,51,51,51st,3,98,Wednesday,51
2026-08-05,52,52,Kedzie,3,190,Wednesday,52
2026-08-05,52A,52A,South Kedzie,3,142,Wednesday,52A
2026-08-05,53,53,Pulaski,3,304,Wednesday,53
2026-08-05,53A,53A,South Pulaski,3,170,Wednesday,53A
2026-08-05,54,54,Cicero,3,259,Wednesday,54
2026-08-05,54A,54A,North Cicero/Skokie Blvd.,3,43,Wednesday,54A
2026-08-05,54B,54B,South Cicero,3,110,Wednesday,54B
2026-08-05,55,55,Garfield,3,276,Wednesday,55
2026-08-05,55A,55A,55th/Austin,3,38,Wednesday,55A
2026-08-05,55N,55N,55th/Narragansett,3,80,Wednesday,55N
2026-08-05,56,56,Milwaukee,3,166,Wednesday,56
2026-08-05,57,57,Laramie,3,126,Wednesday,57
2026-08-05,59,59,59th/61st,3,113,Wednesday,59
2026-08-05,6,6,Jackson Park Express,3,189,Wednesday,6
2026-08-05,60,60,Blue Island/26th,3,249,Wednesday,60
2026-08-05,62,62,Archer,3,187,Wednesday,62
2026-08-05,62H,62H,Archer/Harlem,3,76,Wednesday,62H
2026-08-05,63,63,63rd,3,302,Wednesday,63
2026-08-05,63W,63W,West 63rd,3,117,Wednesday,63W
2026-08-05,65,65,Grand,3,170,Wednesday,65
2026-08-05,66,66,Chicago,3,398,Wednesday,66
2026-08-05,67,67,67th/69th/71st,3,217,Wednesday,67
2026-08-05,68,68,Northwest Highway,3,96,Wednesday,68
2026-08-05,7,7,Harrison,3,140,Wednesday,7
2026-08-05,70,70,Division,3,211,Wednesday,70
2026-08-05,71,71,71st/South Shore,3,199,Wednesday,71
2026-08-05,72,72,North,3,296,Wednesday,72
2026-08-05,73,73,Armitage,3,185,Wednesday,73
2026-08-05,74,74,Fullerton,3,248,Wednesday,74
2026-08-05,75,75,74th/75th,3,168,Wednesday,75
2026-08-05,76,76,Diversey,3,209,Wednesday,76
2026-08-05,77,77,Belmont,3,329,Wednesday,77
2026-08-05,78,78,Montrose,3,162,Wednesday,78
2026-08-05,79,79,79th,3,457,Wednesday,79
2026-08-05,8,8,Halsted,3,257,Wednesday,8
2026-08-05,80,80,Irving Park,3,204,Wednesday,80
2026-08-05,81,81,Lawrence,3,262,Wednesday,81
2026-08-05,81W,81W,West Lawrence,3,88,Wednesday,81W
2026-08-05,82,82,Kimball/Homan,3,300,Wednesday,82
2026-08-05,84,84,Peterson,3,134,Wednesday,84
2026-08-05,85,85,Central,3,182,Wednesday,85
2026-08-05,85A,85A,North Central,3,94,Wednesday,85A
2026-08-05,86,86,Narragansett/Ridgeland,3,100,Wednesday,86
2026-08-05,87,87,87th,3,271,Wednesday,87
2026-08-05,88,88,Higgins,3,100,Wednesday,88
2026-08-05,8A,8A,South Halsted,3,132,Wednesday,8A
2026-08-05,9,9,Ashland,3,335,Wednesday,9
2026-08-05,90,90,Harlem,3,132,Wednesday,90
2026-08-05,91,91,Austin,3,154,Wednesday,91
2026-08-05,92,92,Foster,3,158,Wednesday,92
2026-08-05,93,93,California/Dodge,3,118,Wednesday,93
2026-08-05,94,94,California,3,168,Wednesday,94
2026-08-05,95,95,95th,3,258,Wednesday,95
2026-08-05,96,96,Lunt,3,66,Wednesday,96
2026-08-05,97,97,Skokie,3,108,Wednesday,97
2026-08-05,Blue,,Blue Line,1,412,Wednesday,Blue Line
2026-08-05,Brn,,Brown Line,1,180,Wednesday,Brown Line
2026-08-05,G,,Green Line,1,256,Wednesday,Green Line
2026-08-05,J14,J14,Jeffery Jump,3,242,Wednesday,J14
2026-08-05,N5,N5,South Shore Night Bus,3,20,Wednesday,N5
2026-08-05,Org,,Orange Line,1,144,Wednesday,Orange Line
2026-08-05,P,,Purple Line,1,188,Wednesday,Purple Line
2026-08-05,Pink,,Pink Line,1,122,Wednesday,Pink Line
2026-08-05,Red,,Red Line,1,424,Wednesday,Red Line
2026-08-05,X4,X4,Cottage Grove Express,3,69,Wednesday,X4
2026-08-05,X49,X49,Western Express,3,87,Wednesday,X49
2026-08-05,X9,X9,Ashland Express,3,102,Wednesday,X9
2026-08-05,Y,,Yellow Line,1,160,Wednesday,Yellow Line
2026-08-06,1,1,Bronzeville/Union Station,3,59,Thursday,1
2026-08-06,10,10,Obama Presidential Center/Museum of Science & Industry Express ,3,36,Thursday,10
2026-08-06,100,100,Jeffery Manor Express,3,52,Thursday,100
2026-08-06,103,103,West 103rd,3,128,Thursday,103
2026-08-06,106,106,East 103rd,3,133,Thursday,106
2026-08-06,108,108,Halsted/95th,3,71,Thursday,108
2026-08-06,11,11,Lincoln,3,84,Thursday,11
2026-08-06,111,111,111th/King Drive,3,140,Thursday,111
2026-08-06,111A,111A,Pullman Shuttle,3,82,Thursday,111A
2026-08-06,112,112,Vincennes/111th,3,132,Thursday,112
2026-08-06,115,115,Pullman/115th,3,143,Thursday,115
2026-08-06,119,119,Michigan/119th,3,189,Thursday,119
2026-08-06,12,12,Roosevelt,3,253,Thursday,12
2026-08-06,120,120,Ogilvie/Streeterville Express,3,73,Thursday,120
2026-08-06,121,121,Union/Streeterville Express,3,76,Thursday,121
2026-08-06,124,124,Navy Pier,3,109,Thursday,124
2026-08-06,125,125,Water Tower Express,3,51,Thursday,125
2026-08-06,126,126,Jackson,3,154,Thursday,126
2026-08-06,130,130,Museum Campus,3,63,Thursday,130
2026-08-06,134,134,Stockton/LaSalle Express,3,49,Thursday,134
2026-08-06,135,135,Clarendon/LaSalle Express,3,50,Thursday,135
2026-08-06,136,136,Sheridan/LaSalle Express,3,36,Thursday,136
2026-08-06,143,143,Stockton/Michigan Express,3,36,Thursday,143
2026-08-06,146,146,Inner Lake Shore/Michigan Express,3,222,Thursday,146
2026-08-06,147,147,Outer DuSable Lake Shore Express,3,205,Thursday,147
2026-08-06,148,148,Clarendon/Michigan Express,3,45,Thursday,148
2026-08-06,15,15,Jeffery Local,3,153,Thursday,15
2026-08-06,151,151,Sheridan,3,211,Thursday,151
2026-08-06,152,152,Addison,3,189,Thursday,152
2026-08-06,155,155,Devon,3,204,Thursday,155
2026-08-06,156,156,LaSalle,3,136,Thursday,156
2026-08-06,157,157,Streeterville/Taylor,3,125,Thursday,157
2026-08-06,165,165,West 65th,3,19,Thursday,165
2026-08-06,169,169,69th/UPS Express,3,10,Thursday,169
2026-08-06,171,171,U. of Chicago/Hyde Park,3,23,Thursday,171
2026-08-06,172,172,U. of Chicago/Kenwood,3,34,Thursday,172
2026-08-06,18,18,16th/18th,3,126,Thursday,18
2026-08-06,192,192,University of Chicago Hospitals Express,3,19,Thursday,192
2026-08-06,2,2,Hyde Park Express,3,60,Thursday,2
2026-08-06,20,20,Madison,3,346,Thursday,20
2026-08-06,201,201,Central/Ridge,3,76,Thursday,201
2026-08-06,206,206,Evanston Circulator,3,19,Thursday,206
2026-08-06,21,21,Cermak,3,175,Thursday,21
2026-08-06,22,22,Clark,3,239,Thursday,22
2026-08-06,24,24,Wentworth,3,98,Thursday,24
2026-08-06,26,26,South Shore Express,3,86,Thursday,26
2026-08-06,28,28,Stony Island,3,158,Thursday,28
2026-08-06,29,29,State,3,162,Thursday,29
2026-08-06,3,3,King Drive,3,236,Thursday,3
2026-08-06,30,30,South Chicago,3,112,Thursday,30
2026-08-06,31,31,31st,3,55,Thursday,31
2026-08-06,34,34,South Michigan,3,232,Thursday,34
2026-08-06,35,35,31st/35th,3,145,Thursday,35
2026-08-06,36,36,Broadway,3,166,Thursday,36
2026-08-06,37,37,Sedgwick,3,100,Thursday,37
2026-08-06,39,39,Pershing,3,94,Thursday,39
2026-08-06,4,4,Cottage Grove,3,248,Thursday,4
2026-08-06,43,43,43rd,3,112,Thursday,43
2026-08-06,44,44,Wallace/Racine,3,133,Thursday,44
2026-08-06,47,47,47th,3,251,Thursday,47
2026-08-06,48,48,South Damen,3,63,Thursday,48
2026-08-06,49,49,Western,3,269,Thursday,49
2026-08-06,49B,49B,North Western,3,221,Thursday,49B
2026-08-06,50,50,Damen,3,166,Thursday,50
2026-08-06,51,51,51st,3,98,Thursday,51
2026-08-06,52,52,Kedzie,3,190,Thursday,52
2026-08-06,52A,52A,South Kedzie,3,142,Thursday,52A
2026-08-06,53,53,Pulaski,3,304,Thursday,53
2026-08-06,53A,53A,South Pulaski,3,170,Thursday,53A
2026-08-06,54,54,Cicero,3,259,Thursday,54
2026-08-06,54A,54A,North Cicero/Skokie Blvd.,3,43,Thursday,54A
2026-08-06,54B,54B,South Cicero,3,110,Thursday,54B
2026-08-06,55,55,Garfield,3,276,Thursday,55
2026-08-06,55A,55A,55th/Austin,3,38,Thursday,55A
2026-08-06,55N,55N,55th/Narragansett,3,80,Thursday,55N
2026-08-06,56,56,Milwaukee,3,166,Thursday,56
2026-08-06,57,57,Laramie,3,126,Thursday,57
2026-08-06,59,59,59th/61st,3,113,Thursday,59
2026-08-06,6,6,Jackson Park Express,3,189,Thursday,6
2026-08-06,60,60,Blue Island/26th,3,249,Thursday,60
2026-08-06,62,62,Archer,3,187,Thursday,62
2026-08-06,62H,62H,Archer/Harlem,3,76,Thursday,62H
2026-08-06,63,63,63rd,3,302,Thursday,63
2026-08-06,63W,63W,West 63rd,3,117,Thursday,63W
2026-08-06,65,65,Grand,3,170,Thursday,65
2026-08-06,66,66,Chicago,3,398,Thursday,66
2026-08-06,67,67,67th/69th/71st,3,217,Thursday,67
2026-08-06,68,68,Northwest Highway,3,96,Thursday,68
2026-08-06,7,7,Harrison,3,140,Thursday,7
2026-08-06,70,70,Division,3,211,Thursday,70
2026-08-06,71,71,71st/South Shore,3,199,Thursday,71
2026-08-06,72,72,North,3,296,Thursday,72
2026-08-06,73,73,Armitage,3,185,Thursday,73
2026-08-06,74,74,Fullerton,3,248,Thursday,74
2026-08-06,75,75,74th/75th,3,168,Thursday,75
2026-08-06,76,76,Diversey,3,209,Thursday,76
2026-08-06,77,77,Belmont,3,329,Thursday,77
2026-08-06,78,78,Montrose,3,162,Thursday,78
2026-08-06,79,79,79th,3,457,Thursday,79
2026-08-06,8,8,Halsted,3,257,Thursday,8
2026-08-06,80,80,Irving Park,3,204,Thursday,80
2026-08-06,81,81,Lawrence,3,262,Thursday,81
2026-08-06,81W,81W,West Lawrence,3,88,Thursday,81W
2026-08-06,82,82,Kimball/Homan,3,300,Thursday,82
2026-08-06,84,84,Peterson,3,134,Thursday,84
2026-08-06,85,85,Central,3,182,Thursday,85
2026-08-06,85A,85A,North Central,3,94,Thursday,85A
2026-08-06,86,86,Narragansett/Ridgeland,3,100,Thursday,86
2026-08-06,87,87,87th,3,271,Thursday,87
2026-08-06,88,88,Higgins,3,100,Thursday,88
2026-08-06,8A,8A,South Halsted,3,132,Thursday,8A
2026-08-06,9,9,Ashland,3,335,Thursday,9
2026-08-06,90,90,Harlem,3,132,Thursday,90
2026-08-06,91,91,Austin,3,154,Thursday,91
2026-08-06,92,92,Foster,3,158,Thursday,92
2026-08-06,93,93,California/Dodge,3,118,Thursday,93
2026-08-06,94,94,California,3,168,Thursday,94
2026-08-06,95,95,95th,3,258,Thursday,95
2026-08-06,96,96,Lunt,3,66,Thursday,96
2026-08-06,97,97,Skokie,3,108,Thursday,97
2026-08-06,Blue,,Blue Line,1,412,Thursday,Blue Line
2026-08-06,Brn,,Brown Line,1,180,Thursday,Brown Line
2026-08-06,G,,Green Line,1,256,Thursday,Green Line
2026-08-06,J14,J14,Jeffery Jump,3,242,Thursday,J14
2026-08-06,N5,N5,South Shore Night Bus,3,20,Thursday,N5
2026-08-06,Org,,Orange Line,1,144,Thursday,Orange Line
2026-08-06,P,,Purple Line,1,188,Thursday,Purple Line
2026-08-06,Pink,,Pink Line,1,122,Thursday,Pink Line
2026-08-06,Red,,Red Line,1,424,Thursday,Red Line
2026-08-06,X4,X4,Cottage Grove Express,3,69,Thursday,X4
2026-08-06,X49,X49,Western Express,3,87,Thursday,X49
2026-08-06,X9,X9,Ashland Express,3,102,Thursday,X9
2026-08-06,Y,,Yellow Line,1,160,Thursday,Yellow Line
2026-08-07,1,1,Bronzeville/Union Station,3,59,Friday,1
2026-08-07,10,10,Obama Presidential Center/Museum of Science & Industry Express ,3,36,Friday,10
2026-08-07,100,100,Jeffery Manor Express,3,52,Friday,100
2026-08-07,103,103,West 103rd,3,128,Friday,103
2026-08-07,106,106,East 103rd,3,133,Friday,106
2026-08-07,108,108,Halsted/95th,3,71,Friday,108
2026-08-07,11,11,Lincoln,3,84,Friday,11
2026-08-07,111,111,111th/King Drive,3,140,Friday,111
2026-08-07,111A,111A,Pullman Shuttle,3,82,Friday,111A
2026-08-07,112,112,Vincennes/111th,3,132,Friday,112
2026-08-07,115,115,Pullman/115th,3,143,Friday,115
2026-08-07,119,119,Michigan/119th,3,189,Friday,119
2026-08-07,12,12,Roosevelt,3,253,Friday,12
2026-08-07,120,120,Ogilvie/Streeterville Express,3,73,Friday,120
2026-08-07,121,121,Union/Streeterville Express,3,76,Friday,121
2026-08-07,124,124,Navy Pier,3,109,Friday,124
2026-08-07,125,125,Water Tower Express,3,51,Friday,125
2026-08-07,126,126,Jackson,3,154,Friday,126
2026-08-07,130,130,Museum Campus,3,63,Friday,130
2026-08-07,134,134,Stockton/LaSalle Express,3,49,Friday,134
2026-08-07,135,135,Clarendon/LaSalle Express,3,50,Friday,135
2026-08-07,136,136,Sheridan/LaSalle Express,3,36,Friday,136
2026-08-07,143,143,Stockton/Michigan Express,3,36,Friday,143
2026-08-07,146,146,Inner Lake Shore/Michigan Express,3,222,Friday,146
2026-08-07,147,147,Outer DuSable Lake Shore Express,3,205,Friday,147
2026-08-07,148,148,Clarendon/Michigan Express,3,45,Friday,148
2026-08-07,15,15,Jeffery Local,3,153,Friday,15
2026-08-07,151,151,Sheridan,3,211,Friday,151
2026-08-07,152,152,Addison,3,189,Friday,152
2026-08-07,155,155,Devon,3,204,Friday,155
2026-08-07,156,156,LaSalle,3,136,Friday,156
2026-08-07,157,157,Streeterville/Taylor,3,125,Friday,157
2026-08-07,165,165,West 65th,3,19,Friday,165
2026-08-07,169,169,69th/UPS Express,3,10,Friday,169
2026-08-07,171,171,U. of Chicago/Hyde Park,3,23,Friday,171
2026-08-07,172,172,U. of Chicago/Kenwood,3,34,Friday,172
2026-08-07,18,18,16th/18th,3,126,Friday,18
2026-08-07,192,192,University of Chicago Hospitals Express,3,19,Friday,192
2026-08-07,2,2,Hyde Park Express,3,60,Friday,2
2026-08-07,20,20,Madison,3,346,Friday,20
2026-08-07,201,201,Central/Ridge,3,76,Friday,201
2026-08-07,206,206,Evanston Circulator,3,19,Friday,206
2026-08-07,21,21,Cermak,3,175,Friday,21
2026-08-07,22,22,Clark,3,239,Friday,22
2026-08-07,24,24,Wentworth,3,98,Friday,24
2026-08-07,26,26,South Shore Express,3,86,Friday,26
2026-08-07,28,28,Stony Island,3,158,Friday,28
2026-08-07,29,29,State,3,162,Friday,29
2026-08-07,3,3,King Drive,3,236,Friday,3
2026-08-07,30,30,South Chicago,3,112,Friday,30
2026-08-07,31,31,31st,3,55,Friday,31
2026-08-07,34,34,South Michigan,3,232,Friday,34
2026-08-07,35,35,31st/35th,3,145,Friday,35
2026-08-07,36,36,Broadway,3,166,Friday,36
2026-08-07,37,37,Sedgwick,3,100,Friday,37
2026-08-07,39,39,Pershing,3,94,Friday,39
2026-08-07,4,4,Cottage Grove,3,248,Friday,4
2026-08-07,43,43,43rd,3,112,Friday,43
2026-08-07,44,44,Wallace/Racine,3,133,Friday,44
2026-08-07,47,47,47th,3,251,Friday,47
2026-08-07,48,48,South Damen,3,63,Friday,48
2026-08-07,49,49,Western,3,269,Friday,49
2026-08-07,49B,49B,North Western,3,221,Friday,49B
2026-08-07,50,50,Damen,3,166,Friday,50
2026-08-07,51,51,51st,3,98,Friday,51
2026-08-07,52,52,Kedzie,3,190,Friday,52
2026-08-07,52A,52A,South Kedzie,3,142,Friday,52A
2026-08-07,53,53,Pulaski,3,304,Friday,53
2026-08-07,53A,53A,South Pulaski,3,170,Friday,53A
2026-08-07,54,54,Cicero,3,259,Friday,54
2026-08-07,54A,54A,North Cicero/Skokie Blvd.,3,43,Friday,54A
2026-08-07,54B,54B,South Cicero,3,110,Friday,54B
2026-08-07,55,55,Garfield,3,276,Friday,55
2026-08-07,55A,55A,55th/Austin,3,38,Friday,55A
2026-08-07,55N,55N,55th/Narragansett,3,80,Friday,55N
2026-08-07,56,56,Milwaukee,3,166,Friday,56
2026-08-07,57,57,Laramie,3,126,Friday,57
2026-08-07,59,59,59th/61st,3,113,Friday,59
2026-08-07,6,6,Jackson Park Express,3,189,Friday,6
2026-08-07,60,60,Blue Island/26th,3,249,Friday,60
2026-08-07,62,62,Archer,3,187,Friday,62
2026-08-07,62H,62H,Archer/Harlem,3,76,Friday,62H
2026-08-07,63,63,63rd,3,302,Friday,63
2026-08-07,63W,63W,West 63rd,3,117,Friday,63W
2026-08-07,65,65,Grand,3,170,Friday,65
2026-08-07,66,66,Chicago,3,398,Friday,66
2026-08-07,67,67,67th/69th/71st,3,217,Friday,67
2026-08-07,68,68,Northwest Highway,3,96,Friday,68
2026-08-07,7,7,Harrison,3,140,Friday,7
2026-08-07,70,70,Division,3,211,Friday,70
2026-08-07,71,71,71st/South Shore,3,199,Friday,71
2026-08-07,72,72,North,3,296,Friday,72
2026-08-07,73,73,Armitage,3,185,Friday,73
2026-08-07,74,74,Fullerton,3,248,Friday,74
2026-08-07,75,75,74th/75th,3,168,Friday,75
2026-08-07,76,76,Diversey,3,209,Friday,76
2026-08-07,77,77,Belmont,3,329,Friday,77
2026-08-07,78,78,Montrose,3,162,Friday,78
2026-08-07,79,79,79th,3,457,Friday,79
2026-08-07,8,8,Halsted,3,257,Friday,8
2026-08-07,80,80,Irving Park,3,204,Friday,80
2026-08-07,81,81,Lawrence,3,262,Friday,81
2026-08-07,81W,81W,West Lawrence,3,88,Friday,81W
2026-08-07,82,82,Kimball/Homan,3,300,Friday,82
2026-08-07,84,84,Peterson,3,134,Friday,84
2026-08-07,85,85,Central,3,182,Friday,85
2026-08-07,85A,85A,North Central,3,94,Friday,85A
2026-08-07,86,86,Narragansett/Ridgeland,3,100,Friday,86
2026-08-07,87,87,87th,3,271,Friday,87
2026-08-07,88,88,Higgins,3,100,Friday,88
2026-08-07,8A,8A,South Halsted,3,132,Friday,8A
2026-08-07,9,9,Ashland,3,335,Friday,9
2026-08-07,90,90,Harlem,3,132,Friday,90
2026-08-07,91,91,Austin,3,154,Friday,91
2026-08-07,92,92,Foster,3,158,Friday,92
2026-08-07,93,93,California/Dodge,3,118,Friday,93
2026-08-07,94,94,California,3,168,Friday,94
2026-08-07,95,95,95th,3,258,Friday,95
2026-08-07,96,96,Lunt,3,66,Friday,96
2026-08-07,97,97,Skokie,3,108,Friday,97
2026-08-07,Blue,,Blue Line,1,412,Friday,Blue Line
2026-08-07,Brn,,Brown Line,1,180,Friday,Brown Line
2026-08-07,G,,Green Line,1,256,Friday,Green Line
2026-08-07,J14,J14,Jeffery Jump,3,242,Friday,J14
2026-08-07,N5,N5,South Shore Night Bus,3,20,Friday,N5
2026-08-07,Org,,Orange Line,1,144,Friday,Orange Line
2026-08-07,P,,Purple Line,1,188,Friday,Purple Line
2026-08-07,Pink,,Pink Line,1,122,Friday,Pink Line
2026-08-07,Red,,Red Line,1,424,Friday,Red Line
2026-08-07,X4,X4,Cottage Grove Express,3,69,Friday,X4
2026-08-07,X49,X49,Western Express,3,87,Friday,X49
2026-08-07,X9,X9,Ashland Express,3,102,Friday,X9
2026-08-07,Y,,Yellow Line,1,160,Friday,Yellow Line
2026-08-08,10,10,Obama Presidential Center/Museum of Science & Industry Express ,3,36,Saturday,10
2026-08-08,103,103,West 103rd,3,107,Saturday,103
2026-08-08,106,106,East 103rd,3,78,Saturday,106
2026-08-08,11,11,Lincoln,3,68,Saturday,11
2026-08-08,111,111,111th/King Drive,3,120,Saturday,111
2026-08-08,111A,111A,Pullman Shuttle,3,82,Saturday,111A
2026-08-08,112,112,Vincennes/111th,3,90,Saturday,112
2026-08-08,115,115,Pullman/115th,3,123,Saturday,115
2026-08-08,119,119,Michigan/119th,3,141,Saturday,119
2026-08-08,12,12,Roosevelt,3,234,Saturday,12
2026-08-08,124,124,Navy Pier,3,103,Saturday,124
2026-08-08,126,126,Jackson,3,128,Saturday,126
2026-08-08,130,130,Museum Campus,3,63,Saturday,130
2026-08-08,146,146,Inner Lake Shore/Michigan Express,3,192,Saturday,146
2026-08-08,147,147,Outer DuSable Lake Shore Express,3,216,Saturday,147
2026-08-08,15,15,Jeffery Local,3,138,Saturday,15
2026-08-08,151,151,Sheridan,3,225,Saturday,151
2026-08-08,152,152,Addison,3,124,Saturday,152
2026-08-08,155,155,Devon,3,182,Saturday,155
2026-08-08,169,169,69th/UPS Express,3,1,Saturday,169
2026-08-08,18,18,16th/18th,3,120,Saturday,18
2026-08-08,20,20,Madison,3,251,Saturday,20
2026-08-08,201,201,Central/Ridge,3,63,Saturday,201
2026-08-08,21,21,Cermak,3,150,Saturday,21
2026-08-08,22,22,Clark,3,224,Saturday,22
2026-08-08,28,28,Stony Island,3,130,Saturday,28
2026-08-08,29,29,State,3,165,Saturday,29
2026-08-08,3,3,King Drive,3,195,Saturday,3
2026-08-08,30,30,South Chicago,3,106,Saturday,30
2026-08-08,34,34,South Michigan,3,210,Saturday,34
2026-08-08,35,35,31st/35th,3,121,Saturday,35
2026-08-08,36,36,Broadway,3,175,Saturday,36
2026-08-08,39,39,Pershing,3,42,Saturday,39
2026-08-08,4,4,Cottage Grove,3,254,Saturday,4
2026-08-08,43,43,43rd,3,58,Saturday,43
2026-08-08,44,44,Wallace/Racine,3,80,Saturday,44
2026-08-08,47,47,47th,3,219,Saturday,47
2026-08-08,49,49,Western,3,256,Saturday,49
2026-08-08,49B,49B,North Western,3,176,Saturday,49B
2026-08-08,50,50,Damen,3,150,Saturday,50
2026-08-08,51,51,51st,3,90,Saturday,51
2026-08-08,52,52,Kedzie,3,148,Saturday,52
2026-08-08,52A,52A,South Kedzie,3,84,Saturday,52A
2026-08-08,53,53,Pulaski,3,294,Saturday,53
2026-08-08,53A,53A,South Pulaski,3,122,Saturday,53A
2026-08-08,54,54,Cicero,3,240,Saturday,54
2026-08-08,54B,54B,South Cicero,3,106,Saturday,54B
2026-08-08,55,55,Garfield,3,237,Saturday,55
2026-08-08,55N,55N,55th/Narragansett,3,56,Saturday,55N
2026-08-08,56,56,Milwaukee,3,116,Saturday,56
2026-08-08,57,57,Laramie,3,77,Saturday,57
2026-08-08,59,59,59th/61st,3,85,Saturday,59
2026-08-08,6,6,Jackson Park Express,3,205,Saturday,6
2026-08-08,60,60,Blue Island/26th,3,220,Saturday,60
2026-08-08,62,62,Archer,3,172,Saturday,62
2026-08-08,62H,62H,Archer/Harlem,3,58,Saturday,62H
2026-08-08,63,63,63rd,3,272,Saturday,63
2026-08-08,63W,63W,West 63rd,3,80,Saturday,63W
2026-08-08,65,65,Grand,3,156,Saturday,65
2026-08-08,66,66,Chicago,3,382,Saturday,66
2026-08-08,67,67,67th/69th/71st,3,207,Saturday,67
2026-08-08,68,68,Northwest Highway,3,70,Saturday,68
2026-08-08,70,70,Division,3,146,Saturday,70
2026-08-08,71,71,71st/South Shore,3,187,Saturday,71
2026-08-08,72,72,North,3,252,Saturday,72
2026-08-08,73,73,Armitage,3,116,Saturday,73
2026-08-08,74,74,Fullerton,3,211,Saturday,74
2026-08-08,75,75,74th/75th,3,136,Saturday,75
2026-08-08,76,76,Diversey,3,140,Saturday,76
2026-08-08,77,77,Belmont,3,249,Saturday,77
2026-08-08,78,78,Montrose,3,134,Saturday,78
2026-08-08,79,79,79th,3,374,Saturday,79
2026-08-08,8,8,Halsted,3,187,Saturday,8
2026-08-08,80,80,Irving Park,3,177,Saturday,80
2026-08-08,81,81,Lawrence,3,234,Saturday,81
2026-08-08,81W,81W,West Lawrence,3,90,Saturday,81W
2026-08-08,82,82,Kimball/Homan,3,284,Saturday,82
2026-08-08,84,84,Peterson,3,88,Saturday,84
2026-08-08,85,85,Central,3,150,Saturday,85
2026-08-08,85A,85A,North Central,3,56,Saturday,85A
2026-08-08,87,87,87th,3,218,Saturday,87
2026-08-08,88,88,Higgins,3,68,Saturday,88
2026-08-08,8A,8A,South Halsted,3,122,Saturday,8A
2026-08-08,9,9,Ashland,3,315,Saturday,9
2026-08-08,90,90,Harlem,3,108,Saturday,90
2026-08-08,91,91,Austin,3,102,Saturday,91
2026-08-08,92,92,Foster,3,120,Saturday,92
2026-08-08,93,93,California/Dodge,3,78,Saturday,93
2026-08-08,94,94,California,3,116,Saturday,94
2026-08-08,95,95,95th,3,235,Saturday,95
2026-08-08,97,97,Skokie,3,91,Saturday,97
2026-08-08,Blue,,Blue Line,1,380,Saturday,Blue Line
2026-08-08,Brn,,Brown Line,1,130,Saturday,Brown Line
2026-08-08,G,,Green Line,1,228,Saturday,Green Line
2026-08-08,J14,J14,Jeffery Jump,3,187,Saturday,J14
2026-08-08,N5,N5,South Shore Night Bus,3,20,Saturday,N5
2026-08-08,Org,,Orange Line,1,120,Saturday,Orange Line
2026-08-08,P,,Purple Line,1,202,Saturday,Purple Line
2026-08-08,Pink,,Pink Line,1,108,Saturday,Pink Line
2026-08-08,Red,,Red Line,1,349,Saturday,Red Line
2026-08-08,Y,,Yellow Line,1,136,Saturday,Yellow Line
2026-08-09,10,10,Obama Presidential Center/Museum of Science & Industry Express ,3,36,Sunday,10
2026-08-09,103,103,West 103rd,3,105,Sunday,103
2026-08-09,106,106,East 103rd,3,82,Sunday,106
2026-08-09,11,11,Lincoln,3,50,Sunday,11
2026-08-09,111,111,111th/King Drive,3,104,Sunday,111
2026-08-09,111A,111A,Pullman Shuttle,3,82,Sunday,111A
2026-08-09,112,112,Vincennes/111th,3,72,Sunday,112
2026-08-09,115,115,Pullman/115th,3,118,Sunday,115
2026-08-09,119,119,Michigan/119th,3,111,Sunday,119
2026-08-09,12,12,Roosevelt,3,219,Sunday,12
2026-08-09,124,124,Navy Pier,3,97,Sunday,124
2026-08-09,126,126,Jackson,3,114,Sunday,126
2026-08-09,130,130,Museum Campus,3,65,Sunday,130
2026-08-09,146,146,Inner Lake Shore/Michigan Express,3,169,Sunday,146
2026-08-09,147,147,Outer DuSable Lake Shore Express,3,166,Sunday,147
2026-08-09,15,15,Jeffery Local,3,110,Sunday,15
2026-08-09,151,151,Sheridan,3,185,Sunday,151
2026-08-09,152,152,Addison,3,101,Sunday,152
2026-08-09,155,155,Devon,3,146,Sunday,155
2026-08-09,18,18,16th/18th,3,100,Sunday,18
2026-08-09,20,20,Madison,3,248,Sunday,20
2026-08-09,21,21,Cermak,3,129,Sunday,21
2026-08-09,22,22,Clark,3,193,Sunday,22
2026-08-09,28,28,Stony Island,3,116,Sunday,28
2026-08-09,29,29,State,3,137,Sunday,29
2026-08-09,3,3,King Drive,3,148,Sunday,3
2026-08-09,30,30,South Chicago,3,82,Sunday,30
2026-08-09,34,34,South Michigan,3,205,Sunday,34
2026-08-09,35,35,31st/35th,3,123,Sunday,35
2026-08-09,36,36,Broadway,3,163,Sunday,36
2026-08-09,39,39,Pershing,3,42,Sunday,39
2026-08-09,4,4,Cottage Grove,3,229,Sunday,4
2026-08-09,43,43,43rd,3,60,Sunday,43
2026-08-09,44,44,Wallace/Racine,3,68,Sunday,44
2026-08-09,47,47,47th,3,217,Sunday,47
2026-08-09,49,49,Western,3,227,Sunday,49
2026-08-09,49B,49B,North Western,3,156,Sunday,49B
2026-08-09,50,50,Damen,3,128,Sunday,50
2026-08-09,51,51,51st,3,80,Sunday,51
2026-08-09,52,52,Kedzie,3,117,Sunday,52
2026-08-09,52A,52A,South Kedzie,3,64,Sunday,52A
2026-08-09,53,53,Pulaski,3,274,Sunday,53
2026-08-09,53A,53A,South Pulaski,3,102,Sunday,53A
2026-08-09,54,54,Cicero,3,229,Sunday,54
2026-08-09,54B,54B,South Cicero,3,78,Sunday,54B
2026-08-09,55,55,Garfield,3,227,Sunday,55
2026-08-09,56,56,Milwaukee,3,110,Sunday,56
2026-08-09,57,57,Laramie,3,54,Sunday,57
2026-08-09,6,6,Jackson Park Express,3,168,Sunday,6
2026-08-09,60,60,Blue Island/26th,3,220,Sunday,60
2026-08-09,62,62,Archer,3,148,Sunday,62
2026-08-09,63,63,63rd,3,262,Sunday,63
2026-08-09,63W,63W,West 63rd,3,62,Sunday,63W
2026-08-09,65,65,Grand,3,125,Sunday,65
2026-08-09,66,66,Chicago,3,305,Sunday,66
2026-08-09,67,67,67th/69th/71st,3,168,Sunday,67
2026-08-09,68,68,Northwest Highway,3,56,Sunday,68
2026-08-09,70,70,Division,3,131,Sunday,70
2026-08-09,71,71,71st/South Shore,3,155,Sunday,71
2026-08-09,72,72,North,3,238,Sunday,72
2026-08-09,73,73,Armitage,3,98,Sunday,73
2026-08-09,74,74,Fullerton,3,154,Sunday,74
2026-08-09,75,75,74th/75th,3,116,Sunday,75
2026-08-09,76,76,Diversey,3,94,Sunday,76
2026-08-09,77,77,Belmont,3,229,Sunday,77
2026-08-09,78,78,Montrose,3,112,Sunday,78
2026-08-09,79,79,79th,3,280,Sunday,79
2026-08-09,8,8,Halsted,3,145,Sunday,8
2026-08-09,80,80,Irving Park,3,144,Sunday,80
2026-08-09,81,81,Lawrence,3,220,Sunday,81
2026-08-09,81W,81W,West Lawrence,3,56,Sunday,81W
2026-08-09,82,82,Kimball/Homan,3,265,Sunday,82
2026-08-09,84,84,Peterson,3,72,Sunday,84
2026-08-09,85,85,Central,3,136,Sunday,85
2026-08-09,87,87,87th,3,176,Sunday,87
2026-08-09,88,88,Higgins,3,64,Sunday,88
2026-08-09,8A,8A,South Halsted,3,102,Sunday,8A
2026-08-09,9,9,Ashland,3,275,Sunday,9
2026-08-09,90,90,Harlem,3,86,Sunday,90
2026-08-09,91,91,Austin,3,90,Sunday,91
2026-08-09,92,92,Foster,3,108,Sunday,92
2026-08-09,93,93,California/Dodge,3,74,Sunday,93
2026-08-09,94,94,California,3,103,Sunday,94
2026-08-09,95,95,95th,3,222,Sunday,95
2026-08-09,97,97,Skokie,3,65,Sunday,97
2026-08-09,Blue,,Blue Line,1,330,Sunday,Blue Line
2026-08-09,Brn,,Brown Line,1,112,Sunday,Brown Line
2026-08-09,G,,Green Line,1,224,Sunday,Green Line
2026-08-09,J14,J14,Jeffery Jump,3,177,Sunday,J14
2026-08-09,N5,N5,South Shore Night Bus,3,22,Sunday,N5
2026-08-09,Org,,Orange Line,1,114,Sunday,Orange Line
2026-08-09,P,,Purple Line,1,183,Sunday,Purple Line
2026-08-09,Pink,,Pink Line,1,102,Sunday,Pink Line
2026-08-09,Red,,Red Line,1,317,Sunday,Red Line
2026-08-09,Y,,Yellow Line,1,136,Sunday,Yellow Line
2026-08-10,1,1,Bronzeville/Union Station,3,59,Monday,1
2026-08-10,10,10,Obama Presidential Center/Museum of Science & Industry Express ,3,36,Monday,10
2026-08-10,100,100,Jeffery Manor Express,3,52,Monday,100
2026-08-10,103,103,West 103rd,3,128,Monday,103
2026-08-10,106,106,East 103rd,3,133,Monday,106
2026-08-10,108,108,Halsted/95th,3,71,Monday,108
2026-08-10,11,11,Lincoln,3,84,Monday,11
2026-08-10,111,111,111th/King Drive,3,140,Monday,111
2026-08-10,111A,111A,Pullman Shuttle,3,82,Monday,111A
2026-08-10,112,112,Vincennes/111th,3,132,Monday,112
2026-08-10,115,115,Pullman/115th,3,143,Monday,115
2026-08-10,119,119,Michigan/119th,3,187,Monday,119
2026-08-10,12,12,Roosevelt,3,253,Monday,12
2026-08-10,120,120,Ogilvie/Streeterville Express,3,73,Monday,120
2026-08-10,121,121,Union/Streeterville Express,3,76,Monday,121
2026-08-10,124,124,Navy Pier,3,109,Monday,124
2026-08-10,125,125,Water Tower Express,3,51,Monday,125
2026-08-10,126,126,Jackson,3,154,Monday,126
2026-08-10,130,130,Museum Campus,3,63,Monday,130
2026-08-10,134,134,Stockton/LaSalle Express,3,49,Monday,134
2026-08-10,135,135,Clarendon/LaSalle Express,3,50,Monday,135
2026-08-10,136,136,Sheridan/LaSalle Express,3,36,Monday,136
2026-08-10,143,143,Stockton/Michigan Express,3,36,Monday,143
2026-08-10,146,146,Inner Lake Shore/Michigan Express,3,222,Monday,146
2026-08-10,147,147,Outer DuSable Lake Shore Express,3,205,Monday,147
2026-08-10,148,148,Clarendon/Michigan Express,3,45,Monday,148
2026-08-10,15,15,Jeffery Local,3,153,Monday,15
2026-08-10,151,151,Sheridan,3,209,Monday,151
2026-08-10,152,152,Addison,3,189,Monday,152
2026-08-10,155,155,Devon,3,204,Monday,155
2026-08-10,156,156,LaSalle,3,136,Monday,156
2026-08-10,157,157,Streeterville/Taylor,3,125,Monday,157
2026-08-10,165,165,West 65th,3,19,Monday,165
2026-08-10,169,169,69th/UPS Express,3,9,Monday,169
2026-08-10,171,171,U. of Chicago/Hyde Park,3,23,Monday,171
2026-08-10,172,172,U. of Chicago/Kenwood,3,34,Monday,172
2026-08-10,18,18,16th/18th,3,126,Monday,18
2026-08-10,192,192,University of Chicago Hospitals Express,3,19,Monday,192
2026-08-10,2,2,Hyde Park Express,3,60,Monday,2
2026-08-10,20,20,Madison,3,350,Monday,20
2026-08-10,201,201,Central/Ridge,3,76,Monday,201
2026-08-10,206,206,Evanston Circulator,3,19,Monday,206
2026-08-10,21,21,Cermak,3,175,Monday,21
2026-08-10,22,22,Clark,3,240,Monday,22
2026-08-10,24,24,Wentworth,3,98,Monday,24
2026-08-10,26,26,South Shore Express,3,86,Monday,26
2026-08-10,28,28,Stony Island,3,160,Monday,28
2026-08-10,29,29,State,3,162,Monday,29
2026-08-10,3,3,King Drive,3,235,Monday,3
2026-08-10,30,30,South Chicago,3,112,Monday,30
2026-08-10,31,31,31st,3,55,Monday,31
2026-08-10,34,34,South Michigan,3,230,Monday,34
2026-08-10,35,35,31st/35th,3,145,Monday,35
2026-08-10,36,36,Broadway,3,166,Monday,36
2026-08-10,37,37,Sedgwick,3,100,Monday,37
2026-08-10,39,39,Pershing,3,94,Monday,39
2026-08-10,4,4,Cottage Grove,3,248,Monday,4
2026-08-10,43,43,43rd,3,112,Monday,43
2026-08-10,44,44,Wallace/Racine,3,133,Monday,44
2026-08-10,47,47,47th,3,251,Monday,47
2026-08-10,48,48,South Damen,3,63,Monday,48
2026-08-10,49,49,Western,3,269,Monday,49
2026-08-10,49B,49B,North Western,3,221,Monday,49B
2026-08-10,50,50,Damen,3,166,Monday,50
2026-08-10,51,51,51st,3,98,Monday,51
2026-08-10,52,52,Kedzie,3,190,Monday,52
2026-08-10,52A,52A,South Kedzie,3,142,Monday,52A
2026-08-10,53,53,Pulaski,3,304,Monday,53
2026-08-10,53A,53A,South Pulaski,3,168,Monday,53A
2026-08-10,54,54,Cicero,3,257,Monday,54
2026-08-10,54A,54A,North Cicero/Skokie Blvd.,3,43,Monday,54A
2026-08-10,54B,54B,South Cicero,3,110,Monday,54B
2026-08-10,55,55,Garfield,3,275,Monday,55
2026-08-10,55A,55A,55th/Austin,3,38,Monday,55A
2026-08-10,55N,55N,55th/Narragansett,3,80,Monday,55N
2026-08-10,56,56,Milwaukee,3,166,Monday,56
2026-08-10,57,57,Laramie,3,126,Monday,57
2026-08-10,59,59,59th/61st,3,113,Monday,59
2026-08-10,6,6,Jackson Park Express,3,190,Monday,6
2026-08-10,60,60,Blue Island/26th,3,249,Monday,60
2026-08-10,62,62,Archer,3,187,Monday,62
2026-08-10,62H,62H,Archer/Harlem,3,76,Monday,62H
2026-08-10,63,63,63rd,3,305,Monday,63
2026-08-10,63W,63W,West 63rd,3,117,Monday,63W
2026-08-10,65,65,Grand,3,168,Monday,65
2026-08-10,66,66,Chicago,3,404,Monday,66
2026-08-10,67,67,67th/69th/71st,3,220,Monday,67
2026-08-10,68,68,Northwest Highway,3,96,Monday,68
2026-08-10,7,7,Harrison,3,140,Monday,7
2026-08-10,70,70,Division,3,210,Monday,70
2026-08-10,71,71,71st/South Shore,3,195,Monday,71
2026-08-10,72,72,North,3,293,Monday,72
2026-08-10,73,73,Armitage,3,185,Monday,73
2026-08-10,74,74,Fullerton,3,246,Monday,74
2026-08-10,75,75,74th/75th,3,168,Monday,75
2026-08-10,76,76,Diversey,3,208,Monday,76
2026-08-10,77,77,Belmont,3,329,Monday,77
2026-08-10,78,78,Montrose,3,162,Monday,78
2026-08-10,79,79,79th,3,447,Monday,79
2026-08-10,8,8,Halsted,3,257,Monday,8
2026-08-10,80,80,Irving Park,3,203,Monday,80
2026-08-10,81,81,Lawrence,3,260,Monday,81
2026-08-10,81W,81W,West Lawrence,3,88,Monday,81W
2026-08-10,82,82,Kimball/Homan,3,299,Monday,82
2026-08-10,84,84,Peterson,3,134,Monday,84
2026-08-10,85,85,Central,3,182,Monday,85
2026-08-10,85A,85A,North Central,3,94,Monday,85A
2026-08-10,86,86,Narragansett/Ridgeland,3,100,Monday,86
2026-08-10,87,87,87th,3,268,Monday,87
2026-08-10,88,88,Higgins,3,100,Monday,88
2026-08-10,8A,8A,South Halsted,3,132,Monday,8A
2026-08-10,9,9,Ashland,3,336,Monday,9
2026-08-10,90,90,Harlem,3,132,Monday,90
2026-08-10,91,91,Austin,3,154,Monday,91
2026-08-10,92,92,Foster,3,158,Monday,92
2026-08-10,93,93,California/Dodge,3,118,Monday,93
2026-08-10,94,94,California,3,168,Monday,94
2026-08-10,95,95,95th,3,258,Monday,95
2026-08-10,96,96,Lunt,3,66,Monday,96
2026-08-10,97,97,Skokie,3,108,Monday,97
2026-08-10,Blue,,Blue Line,1,354,Monday,Blue Line
2026-08-10,Brn,,Brown Line,1,178,Monday,Brown Line
2026-08-10,G,,Green Line,1,256,Monday,Green Line
2026-08-10,J14,J14,Jeffery Jump,3,242,Monday,J14
2026-08-10,N5,N5,South Shore Night Bus,3,20,Monday,N5
2026-08-10,Org,,Orange Line,1,144,Monday,Orange Line
2026-08-10,P,,Purple Line,1,189,Monday,Purple Line
2026-08-10,Pink,,Pink Line,1,122,Monday,Pink Line
2026-08-10,Red,,Red Line,1,422,Monday,Red Line
2026-08-10,X4,X4,Cottage Grove Express,3,69,Monday,X4
2026-08-10,X49,X49,Western Express,3,87,Monday,X49
2026-08-10,X9,X9,Ashland Express,3,102,Monday,X9
2026-08-10,Y,,Yellow Line,1,160,Monday,Yellow Line
2026-08-11,1,1,Bronzeville/Union Station,3,59,Tuesday,1
2026-08-11,10,10,Obama Presidential Center/Museum of Science & Industry Express ,3,36,Tuesday,10
2026-08-11,100,100,Jeffery Manor Express,3,52,Tuesday,100
2026-08-11,103,103,West 103rd,3,128,Tuesday,103
2026-08-11,106,106,East 103rd,3,133,Tuesday,106
2026-08-11,108,108,Halsted/95th,3,71,Tuesday,108
2026-08-11,11,11,Lincoln,3,84,Tuesday,11
2026-08-11,111,111,111th/King Drive,3,140,Tuesday,111
2026-08-11,111A,111A,Pullman Shuttle,3,82,Tuesday,111A
2026-08-11,112,112,Vincennes/111th,3,132,Tuesday,112
2026-08-11,115,115,Pullman/115th,3,143,Tuesday,115
2026-08-11,119,119,Michigan/119th,3,189,Tuesday,119
2026-08-11,12,12,Roosevelt,3,253,Tuesday,12
2026-08-11,120,120,Ogilvie/Streeterville Express,3,73,Tuesday,120
2026-08-11,121,121,Union/Streeterville Express,3,76,Tuesday,121
2026-08-11,124,124,Navy Pier,3,109,Tuesday,124
2026-08-11,125,125,Water Tower Express,3,51,Tuesday,125
2026-08-11,126,126,Jackson,3,154,Tuesday,126
2026-08-11,130,130,Museum Campus,3,63,Tuesday,130
2026-08-11,134,134,Stockton/LaSalle Express,3,49,Tuesday,134
2026-08-11,135,135,Clarendon/LaSalle Express,3,50,Tuesday,135
2026-08-11,136,136,Sheridan/LaSalle Express,3,36,Tuesday,136
2026-08-11,143,143,Stockton/Michigan Express,3,36,Tuesday,143
2026-08-11,146,146,Inner Lake Shore/Michigan Express,3,222,Tuesday,146
2026-08-11,147,147,Outer DuSable Lake Shore Express,3,205,Tuesday,147
2026-08-11,148,148,Clarendon/Michigan Express,3,45,Tuesday,148
2026-08-11,15,15,Jeffery Local,3,153,Tuesday,15
2026-08-11,151,151,Sheridan,3,211,Tuesday,151
2026-08-11,152,152,Addison,3,189,Tuesday,152
2026-08-11,155,155,Devon,3,204,Tuesday,155
2026-08-11,156,156,LaSalle,3,136,Tuesday,156
2026-08-11,157,157,Streeterville/Taylor,3,125,Tuesday,157
2026-08-11,165,165,West 65th,3,19,Tuesday,165
2026-08-11,169,169,69th/UPS Express,3,10,Tuesday,169
2026-08-11,171,171,U. of Chicago/Hyde Park,3,23,Tuesday,171
2026-08-11,172,172,U. of Chicago/Kenwood,3,34,Tuesday,172
2026-08-11,18,18,16th/18th,3,126,Tuesday,18
2026-08-11,192,192,University of Chicago Hospitals Express,3,19,Tuesday,192
2026-08-11,2,2,Hyde Park Express,3,60,Tuesday,2
2026-08-11,20,20,Madison,3,346,Tuesday,20
2026-08-11,201,201,Central/Ridge,3,76,Tuesday,201
2026-08-11,206,206,Evanston Circulator,3,19,Tuesday,206
2026-08-11,21,21,Cermak,3,175,Tuesday,21
2026-08-11,22,22,Clark,3,239,Tuesday,22
2026-08-11,24,24,Wentworth,3,98,Tuesday,24
2026-08-11,26,26,South Shore Express,3,86,Tuesday,26
2026-08-11,28,28,Stony Island,3,158,Tuesday,28
2026-08-11,29,29,State,3,162,Tuesday,29
2026-08-11,3,3,King Drive,3,236,Tuesday,3
2026-08-11,30,30,South Chicago,3,112,Tuesday,30
2026-08-11,31,31,31st,3,55,Tuesday,31
2026-08-11,34,34,South Michigan,3,232,Tuesday,34
2026-08-11,35,35,31st/35th,3,145,Tuesday,35
2026-08-11,36,36,Broadway,3,166,Tuesday,36
2026-08-11,37,37,Sedgwick,3,100,Tuesday,37
2026-08-11,39,39,Pershing,3,94,Tuesday,39
2026-08-11,4,4,Cottage Grove,3,248,Tuesday,4
2026-08-11,43,43,43rd,3,112,Tuesday,43
2026-08-11,44,44,Wallace/Racine,3,133,Tuesday,44
2026-08-11,47,47,47th,3,251,Tuesday,47
2026-08-11,48,48,South Damen,3,63,Tuesday,48
2026-08-11,49,49,Western,3,269,Tuesday,49
2026-08-11,49B,49B,North Western,3,221,Tuesday,49B
2026-08-11,50,50,Damen,3,166,Tuesday,50
2026-08-11,51,51,51st,3,98,Tuesday,51
2026-08-11,52,52,Kedzie,3,190,Tuesday,52
2026-08-11,52A,52A,South Kedzie,3,142,Tuesday,52A
2026-08-11,53,53,Pulaski,3,304,Tuesday,53
2026-08-11,53A,53A,South Pulaski,3,170,Tuesday,53A
2026-08-11,54,54,Cicero,3,259,Tuesday,54
2026-08-11,54A,54A,North Cicero/Skokie Blvd.,3,43,Tuesday,54A
2026-08-11,54B,54B,South Cicero,3,110,Tuesday,54B
2026-08-11,55,55,Garfield,3,276,Tuesday,55
2026-08-11,55A,55A,55th/Austin,3,38,Tuesday,55A
2026-08-11,55N,55N,55th/Narragansett,3,80,Tuesday,55N
2026-08-11,56,56,Milwaukee,3,166,Tuesday,56
2026-08-11,57,57,Laramie,3,126,Tuesday,57
2026-08-11,59,59,59th/61st,3,113,Tuesday,59
2026-08-11,6,6,Jackson Park Express,3,189,Tuesday,6
2026-08-11,60,60,Blue Island/26th,3,249,Tuesday,60
2026-08-11,62,62,Archer,3,187,Tuesday,62
2026-08-11,62H,62H,Archer/Harlem,3,76,Tuesday,62H
2026-08-11,63,63,63rd,3,302,Tuesday,63
2026-08-11,63W,63W,West 63rd,3,117,Tuesday,63W
2026-08-11,65,65,Grand,3,170,Tuesday,65
2026-08-11,66,66,Chicago,3,398,Tuesday,66
2026-08-11,67,67,67th/69th/71st,3,217,Tuesday,67
2026-08-11,68,68,Northwest Highway,3,96,Tuesday,68
2026-08-11,7,7,Harrison,3,140,Tuesday,7
2026-08-11,70,70,Division,3,211,Tuesday,70
2026-08-11,71,71,71st/South Shore,3,199,Tuesday,71
2026-08-11,72,72,North,3,296,Tuesday,72
2026-08-11,73,73,Armitage,3,185,Tuesday,73
2026-08-11,74,74,Fullerton,3,248,Tuesday,74
2026-08-11,75,75,74th/75th,3,168,Tuesday,75
2026-08-11,76,76,Diversey,3,209,Tuesday,76
2026-08-11,77,77,Belmont,3,329,Tuesday,77
2026-08-11,78,78,Montrose,3,162,Tuesday,78
2026-08-11,79,79,79th,3,457,Tuesday,79
2026-08-11,8,8,Halsted,3,257,Tuesday,8
2026-08-11,80,80,Irving Park,3,204,Tuesday,80
2026-08-11,81,81,Lawrence,3,262,Tuesday,81
2026-08-11,81W,81W,West Lawrence,3,88,Tuesday,81W
2026-08-11,82,82,Kimball/Homan,3,300,Tuesday,82
2026-08-11,84,84,Peterson,3,134,Tuesday,84
2026-08-11,85,85,Central,3,182,Tuesday,85
2026-08-11,85A,85A,North Central,3,94,Tuesday,85A
2026-08-11,86,86,Narragansett/Ridgeland,3,100,Tuesday,86
2026-08-11,87,87,87th,3,271,Tuesday,87
2026-08-11,88,88,Higgins,3,100,Tuesday,88
2026-08-11,8A,8A,South Halsted,3,132,Tuesday,8A
2026-08-11,9,9,Ashland,3,335,Tuesday,9
2026-08-11,90,90,Harlem,3,132,Tuesday,90
2026-08-11,91,91,Austin,3,154,Tuesday,91
2026-08-11,92,92,Foster,3,158,Tuesday,92
2026-08-11,93,93,California/Dodge,3,118,Tuesday,93
2026-08-11,94,94,California,3,168,Tuesday,94
2026-08-11,95,95,95th,3,258,Tuesday,95
2026-08-11,96,96,Lunt,3,66,Tuesday,96
2026-08-11,97,97,Skokie,3,108,Tuesday,97
2026-08-11,Blue,,Blue Line,1,356,Tuesday,Blue Line
2026-08-11,Brn,,Brown Line,1,180,Tuesday,Brown Line
2026-08-11,G,,Green Line,1,256,Tuesday,Green Line
2026-08-11,J14,J14,Jeffery Jump,3,242,Tuesday,J14
2026-08-11,N5,N5,South Shore Night Bus,3,20,Tuesday,N5
2026-08-11,Org,,Orange Line,1,144,Tuesday,Orange Line
2026-08-11,P,,Purple Line,1,188,Tuesday,Purple Line
2026-08-11,Pink,,Pink Line,1,122,Tuesday,Pink Line
2026-08-11,Red,,Red Line,1,424,Tuesday,Red Line
2026-08-11,X4,X4,Cottage Grove Express,3,69,Tuesday,X4
2026-08-11,X49,X49,Western Express,3,87,Tuesday,X49
2026-08-11,X9,X9,Ashland Express,3,102,Tuesday,X9
2026-08-11,Y,,Yellow Line,1,160,Tuesday,Yellow Line
2026-08-12,1,1,Bronzeville/Union Station,3,59,Wednesday,1
2026-08-12,10,10,Obama Presidential Center/Museum of Science & Industry Express ,3,36,Wednesday,10
2026-08-12,100,100,Jeffery Manor Express,3,52,Wednesday,100
2026-08-12,103,103,West 103rd,3,128,Wednesday,103
2026-08-12,106,106,East 103rd,3,133,Wednesday,106
2026-08-12,108,108,Halsted/95th,3,71,Wednesday,108
2026-08-12,11,11,Lincoln,3,84,Wednesday,11
2026-08-12,111,111,111th/King Drive,3,140,Wednesday,111
2026-08-12,111A,111A,Pullman Shuttle,3,82,Wednesday,111A
2026-08-12,112,112,Vincennes/111th,3,132,Wednesday,112
2026-08-12,115,115,Pullman/115th,3,143,Wednesday,115
2026-08-12,119,119,Michigan/119th,3,189,Wednesday,119
2026-08-12,12,12,Roosevelt,3,253,Wednesday,12
2026-08-12,120,120,Ogilvie/Streeterville Express,3,73,Wednesday,120
2026-08-12,121,121,Union/Streeterville Express,3,76,Wednesday,121
2026-08-12,124,124,Navy Pier,3,109,Wednesday,124
2026-08-12,125,125,Water Tower Express,3,51,Wednesday,125
2026-08-12,126,126,Jackson,3,154,Wednesday,126
2026-08-12,130,130,Museum Campus,3,63,Wednesday,130
2026-08-12,134,134,Stockton/LaSalle Express,3,49,Wednesday,134
2026-08-12,135,135,Clarendon/LaSalle Express,3,50,Wednesday,135
2026-08-12,136,136,Sheridan/LaSalle Express,3,36,Wednesday,136
2026-08-12,143,143,Stockton/Michigan Express,3,36,Wednesday,143
2026-08-12,146,146,Inner Lake Shore/Michigan Express,3,222,Wednesday,146
2026-08-12,147,147,Outer DuSable Lake Shore Express,3,205,Wednesday,147
2026-08-12,148,148,Clarendon/Michigan Express,3,45,Wednesday,148
2026-08-12,15,15,Jeffery Local,3,153,Wednesday,15
2026-08-12,151,151,Sheridan,3,211,Wednesday,151
2026-08-12,152,152,Addison,3,189,Wednesday,152
2026-08-12,155,155,Devon,3,204,Wednesday,155
2026-08-12,156,156,LaSalle,3,136,Wednesday,156
2026-08-12,157,157,Streeterville/Taylor,3,125,Wednesday,157
2026-08-12,165,165,West 65th,3,19,Wednesday,165
2026-08-12,169,169,69th/UPS Express,3,10,Wednesday,169
2026-08-12,171,171,U. of Chicago/Hyde Park,3,23,Wednesday,171
2026-08-12,172,172,U. of Chicago/Kenwood,3,34,Wednesday,172
2026-08-12,18,18,16th/18th,3,126,Wednesday,18
2026-08-12,192,192,University of Chicago Hospitals Express,3,19,Wednesday,192
2026-08-12,2,2,Hyde Park Express,3,60,Wednesday,2
2026-08-12,20,20,Madison,3,346,Wednesday,20
2026-08-12,201,201,Central/Ridge,3,76,Wednesday,201
2026-08-12,206,206,Evanston Circulator,3,19,Wednesday,206
2026-08-12,21,21,Cermak,3,175,Wednesday,21
2026-08-12,22,22,Clark,3,239,Wednesday,22
2026-08-12,24,24,Wentworth,3,98,Wednesday,24
2026-08-12,26,26,South Shore Express,3,86,Wednesday,26
2026-08-12,28,28,Stony Island,3,158,Wednesday,28
2026-08-12,29,29,State,3,162,Wednesday,29
2026-08-12,3,3,King Drive,3,236,Wednesday,3
2026-08-12,30,30,South Chicago,3,112,Wednesday,30
2026-08-12,31,31,31st,3,55,Wednesday,31
2026-08-12,34,34,South Michigan,3,232,Wednesday,34
2026-08-12,35,35,31st/35th,3,145,Wednesday,35
2026-08-12,36,36,Broadway,3,166,Wednesday,36
2026-08-12,37,37,Sedgwick,3,100,Wednesday,37
2026-08-12,39,39,Pershing,3,94,Wednesday,39
2026-08-12,4,4,Cottage Grove,3,248,Wednesday,4
2026-08-12,43,43,43rd,3,112,Wednesday,43
2026-08-12,44,44,Wallace/Racine,3,133,Wednesday,44
2026-08-12,47,47,47th,3,251,Wednesday,47
2026-08-12,48,48,South Damen,3,63,Wednesday,48
2026-08-12,49,49,Western,3,269,Wednesday,49
2026-08-12,49B,49B,North Western,3,221,Wednesday,49B
2026-08-12,50,50,Damen,3,166,Wednesday,50
2026-08-12,51,51,51st,3,98,Wednesday,51
2026-08-12,52,52,Kedzie,3,190,Wednesday,52
2026-08-12,52A,52A,South Kedzie,3,142,Wednesday,52A
2026-08-12,53,53,Pulaski,3,304,Wednesday,53
2026-08-12,53A,53A,South Pulaski,3,170,Wednesday,53A
2026-08-12,54,54,Cicero,3,259,Wednesday,54
2026-08-12,54A,54A,North Cicero/Skokie Blvd.,3,43,Wednesday,54A
2026-08-12,54B,54B,South Cicero,3,110,Wednesday,54B
2026-08-12,55,55,Garfield,3,276,Wednesday,55
2026-08-12,55A,55A,55th/Austin,3,38,Wednesday,55A
2026-08-12,55N,55N,55th/Narragansett,3,80,Wednesday,55N
2026-08-12,56,56,Milwaukee,3,166,Wednesday,56
2026-08-12,57,57,Laramie,3,126,Wednesday,57
2026-08-12,59,59,59th/61st,3,113,Wednesday,59
2026-08-12,6,6,Jackson Park Express,3,189,Wednesday,6
2026-08-12,60,60,Blue Island/26th,3,249,Wednesday,60
2026-08-12,62,62,Archer,3,187,Wednesday,62
2026-08-12,62H,62H,Archer/Harlem,3,76,Wednesday,62H
2026-08-12,63,63,63rd,3,302,Wednesday,63
2026-08-12,63W,63W,West 63rd,3,117,Wednesday,63W
2026-08-12,65,65,Grand,3,170,Wednesday,65
2026-08-12,66,66,Chicago,3,398,Wednesday,66
2026-08-12,67,67,67th/69th/71st,3,217,Wednesday,67
2026-08-12,68,68,Northwest Highway,3,96,Wednesday,68
2026-08-12,7,7,Harrison,3,140,Wednesday,7
2026-08-12,70,70,Division,3,211,Wednesday,70
2026-08-12,71,71,71st/South Shore,3,199,Wednesday,71
2026-08-12,72,72,North,3,296,Wednesday,72
2026-08-12,73,73,Armitage,3,185,Wednesday,73
2026-08-12,74,74,Fullerton,3,248,Wednesday,74
2026-08-12,75,75,74th/75th,3,168,Wednesday,75
2026-08-12,76,76,Diversey,3,209,Wednesday,76
2026-08-12,77,77,Belmont,3,329,Wednesday,77
2026-08-12,78,78,Montrose,3,162,Wednesday,78
2026-08-12,79,79,79th,3,457,Wednesday,79
2026-08-12,8,8,Halsted,3,257,Wednesday,8
2026-08-12,80,80,Irving Park,3,204,Wednesday,80
2026-08-12,81,81,Lawrence,3,262,Wednesday,81
2026-08-12,81W,81W,West Lawrence,3,88,Wednesday,81W
2026-08-12,82,82,Kimball/Homan,3,300,Wednesday,82
2026-08-12,84,84,Peterson,3,134,Wednesday,84
2026-08-12,85,85,Central,3,182,Wednesday,85
2026-08-12,85A,85A,North Central,3,94,Wednesday,85A
2026-08-12,86,86,Narragansett/Ridgeland,3,100,Wednesday,86
2026-08-12,87,87,87th,3,271,Wednesday,87
2026-08-12,88,88,Higgins,3,100,Wednesday,88
2026-08-12,8A,8A,South Halsted,3,132,Wednesday,8A
2026-08-12,9,9,Ashland,3,335,Wednesday,9
2026-08-12,90,90,Harlem,3,132,Wednesday,90
2026-08-12,91,91,Austin,3,154,Wednesday,91
2026-08-12,92,92,Foster,3,158,Wednesday,92
2026-08-12,93,93,California/Dodge,3,118,Wednesday,93
2026-08-12,94,94,California,3,168,Wednesday,94
2026-08-12,95,95,95th,3,258,Wednesday,95
2026-08-12,96,96,Lunt,3,66,Wednesday,96
2026-08-12,97,97,Skokie,3,108,Wednesday,97
2026-08-12,Blue,,Blue Line,1,356,Wednesday,Blue Line
2026-08-12,Brn,,Brown Line,1,180,Wednesday,Brown Line
2026-08-12,G,,Green Line,1,256,Wednesday,Green Line
2026-08-12,J14,J14,Jeffery Jump,3,242,Wednesday,J14
2026-08-12,N5,N5,South Shore Night Bus,3,20,Wednesday,N5
2026-08-12,Org,,Orange Line,1,144,Wednesday,Orange Line
2026-08-12,P,,Purple Line,1,188,Wednesday,Purple Line
2026-08-12,Pink,,Pink Line,1,122,Wednesday,Pink Line
2026-08-12,Red,,Red Line,1,424,Wednesday,Red Line
2026-08-12,X4,X4,Cottage Grove Express,3,69,Wednesday,X4
2026-08-12,X49,X49,Western Express,3,87,Wednesday,X49
2026-08-12,X9,X9,Ashland Express,3,102,Wednesday,X9
2026-08-12,Y,,Yellow Line,1,160,Wednesday,Yellow Line
2026-08-13,1,1,Bronzeville/Union Station,3,59,Thursday,1
2026-08-13,10,10,Obama Presidential Center/Museum of Science & Industry Express ,3,36,Thursday,10
2026-08-13,100,100,Jeffery Manor Express,3,52,Thursday,100
2026-08-13,103,103,West 103rd,3,128,Thursday,103
2026-08-13,106,106,East 103rd,3,133,Thursday,106
2026-08-13,108,108,Halsted/95th,3,71,Thursday,108
2026-08-13,11,11,Lincoln,3,84,Thursday,11
2026-08-13,111,111,111th/King Drive,3,140,Thursday,111
2026-08-13,111A,111A,Pullman Shuttle,3,82,Thursday,111A
2026-08-13,112,112,Vincennes/111th,3,132,Thursday,112
2026-08-13,115,115,Pullman/115th,3,143,Thursday,115
2026-08-13,119,119,Michigan/119th,3,189,Thursday,119
2026-08-13,12,12,Roosevelt,3,253,Thursday,12
2026-08-13,120,120,Ogilvie/Streeterville Express,3,73,Thursday,120
2026-08-13,121,121,Union/Streeterville Express,3,76,Thursday,121
2026-08-13,124,124,Navy Pier,3,109,Thursday,124
2026-08-13,125,125,Water Tower Express,3,51,Thursday,125
2026-08-13,126,126,Jackson,3,154,Thursday,126
2026-08-13,130,130,Museum Campus,3,63,Thursday,130
2026-08-13,134,134,Stockton/LaSalle Express,3,49,Thursday,134
2026-08-13,135,135,Clarendon/LaSalle Express,3,50,Thursday,135
2026-08-13,136,136,Sheridan/LaSalle Express,3,36,Thursday,136
2026-08-13,143,143,Stockton/Michigan Express,3,36,Thursday,143
2026-08-13,146,146,Inner Lake Shore/Michigan Express,3,222,Thursday,146
2026-08-13,147,147,Outer DuSable Lake Shore Express,3,205,Thursday,147
2026-08-13,148,148,Clarendon/Michigan Express,3,45,Thursday,148
2026-08-13,15,15,Jeffery Local,3,153,Thursday,15
2026-08-13,151,151,Sheridan,3,211,Thursday,151
2026-08-13,152,152,Addison,3,189,Thursday,152
2026-08-13,155,155,Devon,3,204,Thursday,155
2026-08-13,156,156,LaSalle,3,136,Thursday,156
2026-08-13,157,157,Streeterville/Taylor,3,125,Thursday,157
2026-08-13,165,165,West 65th,3,19,Thursday,165
2026-08-13,169,169,69th/UPS Express,3,10,Thursday,169
2026-08-13,171,171,U. of Chicago/Hyde Park,3,23,Thursday,171
2026-08-13,172,172,U. of Chicago/Kenwood,3,34,Thursday,172
2026-08-13,18,18,16th/18th,3,126,Thursday,18
2026-08-13,192,192,University of Chicago Hospitals Express,3,19,Thursday,192
2026-08-13,2,2,Hyde Park Express,3,60,Thursday,2
2026-08-13,20,20,Madison,3,346,Thursday,20
2026-08-13,201,201,Central/Ridge,3,76,Thursday,201
2026-08-13,206,206,Evanston Circulator,3,19,Thursday,206
2026-08-13,21,21,Cermak,3,175,Thursday,21
2026-08-13,22,22,Clark,3,239,Thursday,22
2026-08-13,24,24,Wentworth,3,98,Thursday,24
2026-08-13,26,26,South Shore Express,3,86,Thursday,26
2026-08-13,28,28,Stony Island,3,158,Thursday,28
2026-08-13,29,29,State,3,162,Thursday,29
2026-08-13,3,3,King Drive,3,236,Thursday,3
2026-08-13,30,30,South Chicago,3,112,Thursday,30
2026-08-13,31,31,31st,3,55,Thursday,31
2026-08-13,34,34,South Michigan,3,232,Thursday,34
2026-08-13,35,35,31st/35th,3,145,Thursday,35
2026-08-13,36,36,Broadway,3,166,Thursday,36
2026-08-13,37,37,Sedgwick,3,100,Thursday,37
2026-08-13,39,39,Pershing,3,94,Thursday,39
2026-08-13,4,4,Cottage Grove,3,248,Thursday,4
2026-08-13,43,43,43rd,3,112,Thursday,43
2026-08-13,44,44,Wallace/Racine,3,133,Thursday,44
2026-08-13,47,47,47th,3,251,Thursday,47
2026-08-13,48,48,South Damen,3,63,Thursday,48
2026-08-13,49,49,Western,3,269,Thursday,49
2026-08-13,49B,49B,North Western,3,221,Thursday,49B
2026-08-13,50,50,Damen,3,166,Thursday,50
2026-08-13,51,51,51st,3,98,Thursday,51
2026-08-13,52,52,Kedzie,3,190,Thursday,52
2026-08-13,52A,52A,South Kedzie,3,142,Thursday,52A
2026-08-13,53,53,Pulaski,3,304,Thursday,53
2026-08-13,53A,53A,South Pulaski,3,170,Thursday,53A
2026-08-13,54,54,Cicero,3,259,Thursday,54
2026-08-13,54A,54A,North Cicero/Skokie Blvd.,3,43,Thursday,54A
2026-08-13,54B,54B,South Cicero,3,110,Thursday,54B
2026-08-13,55,55,Garfield,3,276,Thursday,55
2026-08-13,55A,55A,55th/Austin,3,38,Thursday,55A
2026-08-13,55N,55N,55th/Narragansett,3,80,Thursday,55N
2026-08-13,56,56,Milwaukee,3,166,Thursday,56
2026-08-13,57,57,Laramie,3,126,Thursday,57
2026-08-13,59,59,59th/61st,3,113,Thursday,59
2026-08-13,6,6,Jackson Park Express,3,189,Thursday,6
2026-08-13,60,60,Blue Island/26th,3,249,Thursday,60
2026-08-13,62,62,Archer,3,187,Thursday,62
2026-08-13,62H,62H,Archer/Harlem,3,76,Thursday,62H
2026-08-13,63,63,63rd,3,302,Thursday,63
2026-08-13,63W,63W,West 63rd,3,117,Thursday,63W
2026-08-13,65,65,Grand,3,170,Thursday,65
2026-08-13,66,66,Chicago,3,398,Thursday,66
2026-08-13,67,67,67th/69th/71st,3,217,Thursday,67
2026-08-13,68,68,Northwest Highway,3,96,Thursday,68
2026-08-13,7,7,Harrison,3,140,Thursday,7
2026-08-13,70,70,Division,3,211,Thursday,70
2026-08-13,71,71,71st/South Shore,3,199,Thursday,71
2026-08-13,72,72,North,3,296,Thursday,72
2026-08-13,73,73,Armitage,3,185,Thursday,73
2026-08-13,74,74,Fullerton,3,248,Thursday,74
2026-08-13,75,75,74th/75th,3,168,Thursday,75
2026-08-13,76,76,Diversey,3,209,Thursday,76
2026-08-13,77,77,Belmont,3,329,Thursday,77
2026-08-13,78,78,Montrose,3,162,Thursday,78
2026-08-13,79,79,79th,3,457,Thursday,79
2026-08-13,8,8,Halsted,3,257,Thursday,8
2026-08-13,80,80,Irving Park,3,204,Thursday,80
2026-08-13,81,81,Lawrence,3,262,Thursday,81
2026-08-13,81W,81W,West Lawrence,3,88,Thursday,81W
2026-08-13,82,82,Kimball/Homan,3,300,Thursday,82
2026-08-13,84,84,Peterson,3,134,Thursday,84
2026-08-13,85,85,Central,3,182,Thursday,85
2026-08-13,85A,85A,North Central,3,94,Thursday,85A
2026-08-13,86,86,Narragansett/Ridgeland,3,100,Thursday,86
2026-08-13,87,87,87th,3,271,Thursday,87
2026-08-13,88,88,Higgins,3,100,Thursday,88
2026-08-13,8A,8A,South Halsted,3,132,Thursday,8A
2026-08-13,9,9,Ashland,3,335,Thursday,9
2026-08-13,90,90,Harlem,3,132,Thursday,90
2026-08-13,91,91,Austin,3,154,Thursday,91
2026-08-13,92,92,Foster,3,158,Thursday,92
2026-08-13,93,93,California/Dodge,3,118,Thursday,93
2026-08-13,94,94,California,3,168,Thursday,94
2026-08-13,95,95,95th,3,258,Thursday,95
2026-08-13,96,96,Lunt,3,66,Thursday,96
2026-08-13,97,97,Skokie,3,108,Thursday,97
2026-08-13,Blue,,Blue Line,1,356,Thursday,Blue Line
2026-08-13,Brn,,Brown Line,1,180,Thursday,Brown Line
2026-08-13,G,,Green Line,1,256,Thursday,Green Line
2026-08-13,J14,J14,Jeffery Jump,3,242,Thursday,J14
2026-08-13,N5,N5,South Shore Night Bus,3,20,Thursday,N5
2026-08-13,Org,,Orange Line,1,144,Thursday,Orange Line
2026-08-13,P,,Purple Line,1,188,Thursday,Purple Line
2026-08-13,Pink,,Pink Line,1,122,Thursday,Pink Line
2026-08-13,Red,,Red Line,1,424,Thursday,Red Line
2026-08-13,X4,X4,Cottage Grove Express,3,69,Thursday,X4
2026-08-13,X49,X49,Western Express,3,87,Thursday,X49
2026-08-13,X9,X9,Ashland Express,3,102,Thursday,X9
2026-08-13,Y,,Yellow Line,1,160,Thursday,Yellow Line
2026-08-14,1,1,Bronzeville/Union Station,3,59,Friday,1
2026-08-14,10,10,Obama Presidential Center/Museum of Science & Industry Express ,3,36,Friday,10
2026-08-14,100,100,Jeffery Manor Express,3,52,Friday,100
2026-08-14,103,103,West 103rd,3,128,Friday,103
2026-08-14,106,106,East 103rd,3,133,Friday,106
2026-08-14,108,108,Halsted/95th,3,71,Friday,108
2026-08-14,11,11,Lincoln,3,84,Friday,11
2026-08-14,111,111,111th/King Drive,3,140,Friday,111
2026-08-14,111A,111A,Pullman Shuttle,3,82,Friday,111A
2026-08-14,112,112,Vincennes/111th,3,132,Friday,112
2026-08-14,115,115,Pullman/115th,3,143,Friday,115
2026-08-14,119,119,Michigan/119th,3,189,Friday,119
2026-08-14,12,12,Roosevelt,3,253,Friday,12
2026-08-14,120,120,Ogilvie/Streeterville Express,3,73,Friday,120
2026-08-14,121,121,Union/Streeterville Express,3,76,Friday,121
2026-08-14,124,124,Navy Pier,3,109,Friday,124
2026-08-14,125,125,Water Tower Express,3,51,Friday,125
2026-08-14,126,126,Jackson,3,154,Friday,126
2026-08-14,130,130,Museum Campus,3,63,Friday,130
2026-08-14,134,134,Stockton/LaSalle Express,3,49,Friday,134
2026-08-14,135,135,Clarendon/LaSalle Express,3,50,Friday,135
2026-08-14,136,136,Sheridan/LaSalle Express,3,36,Friday,136
2026-08-14,143,143,Stockton/Michigan Express,3,36,Friday,143
2026-08-14,146,146,Inner Lake Shore/Michigan Express,3,222,Friday,146
2026-08-14,147,147,Outer DuSable Lake Shore Express,3,205,Friday,147
2026-08-14,148,148,Clarendon/Michigan Express,3,45,Friday,148
2026-08-14,15,15,Jeffery Local,3,153,Friday,15
2026-08-14,151,151,Sheridan,3,211,Friday,151
2026-08-14,152,152,Addison,3,189,Friday,152
2026-08-14,155,155,Devon,3,204,Friday,155
2026-08-14,156,156,LaSalle,3,136,Friday,156
2026-08-14,157,157,Streeterville/Taylor,3,125,Friday,157
2026-08-14,165,165,West 65th,3,19,Friday,165
2026-08-14,169,169,69th/UPS Express,3,10,Friday,169
2026-08-14,171,171,U. of Chicago/Hyde Park,3,23,Friday,171
2026-08-14,172,172,U. of Chicago/Kenwood,3,34,Friday,172
2026-08-14,18,18,16th/18th,3,126,Friday,18
2026-08-14,192,192,University of Chicago Hospitals Express,3,19,Friday,192
2026-08-14,2,2,Hyde Park Express,3,60,Friday,2
2026-08-14,20,20,Madison,3,346,Friday,20
2026-08-14,201,201,Central/Ridge,3,76,Friday,201
2026-08-14,206,206,Evanston Circulator,3,19,Friday,206
2026-08-14,21,21,Cermak,3,175,Friday,21
2026-08-14,22,22,Clark,3,239,Friday,22
2026-08-14,24,24,Wentworth,3,98,Friday,24
2026-08-14,26,26,South Shore Express,3,86,Friday,26
2026-08-14,28,28,Stony Island,3,158,Friday,28
2026-08-14,29,29,State,3,162,Friday,29
2026-08-14,3,3,King Drive,3,236,Friday,3
2026-08-14,30,30,South Chicago,3,112,Friday,30
2026-08-14,31,31,31st,3,55,Friday,31
2026-08-14,34,34,South Michigan,3,232,Friday,34
2026-08-14,35,35,31st/35th,3,145,Friday,35
2026-08-14,36,36,Broadway,3,166,Friday,36
2026-08-14,37,37,Sedgwick,3,100,Friday,37
2026-08-14,39,39,Pershing,3,94,Friday,39
2026-08-14,4,4,Cottage Grove,3,248,Friday,4
2026-08-14,43,43,43rd,3,112,Friday,43
2026-08-14,44,44,Wallace/Racine,3,133,Friday,44
2026-08-14,47,47,47th,3,251,Friday,47
2026-08-14,48,48,South Damen,3,63,Friday,48
2026-08-14,49,49,Western,3,269,Friday,49
2026-08-14,49B,49B,North Western,3,221,Friday,49B
2026-08-14,50,50,Damen,3,166,Friday,50
2026-08-14,51,51,51st,3,98,Friday,51
2026-08-14,52,52,Kedzie,3,190,Friday,52
2026-08-14,52A,52A,South Kedzie,3,142,Friday,52A
2026-08-14,53,53,Pulaski,3,304,Friday,53
2026-08-14,53A,53A,South Pulaski,3,170,Friday,53A
2026-08-14,54,54,Cicero,3,259,Friday,54
2026-08-14,54A,54A,North Cicero/Skokie Blvd.,3,43,Friday,54A
2026-08-14,54B,54B,South Cicero,3,110,Friday,54B
2026-08-14,55,55,Garfield,3,276,Friday,55
2026-08-14,55A,55A,55th/Austin,3,38,Friday,55A
2026-08-14,55N,55N,55th/Narragansett,3,80,Friday,55N
2026-08-14,56,56,Milwaukee,3,166,Friday,56
2026-08-14,57,57,Laramie,3,126,Friday,57
2026-08-14,59,59,59th/61st,3,113,Friday,59
2026-08-14,6,6,Jackson Park Express,3,189,Friday,6
2026-08-14,60,60,Blue Island/26th,3,249,Friday,60
2026-08-14,62,62,Archer,3,187,Friday,62
2026-08-14,62H,62H,Archer/Harlem,3,76,Friday,62H
2026-08-14,63,63,63rd,3,302,Friday,63
2026-08-14,63W,63W,West 63rd,3,117,Friday,63W
2026-08-14,65,65,Grand,3,170,Friday,65
2026-08-14,66,66,Chicago,3,398,Friday,66
2026-08-14,67,67,67th/69th/71st,3,217,Friday,67
2026-08-14,68,68,Northwest Highway,3,96,Friday,68
2026-08-14,7,7,Harrison,3,140,Friday,7
2026-08-14,70,70,Division,3,211,Friday,70
2026-08-14,71,71,71st/South Shore,3,199,Friday,71
2026-08-14,72,72,North,3,296,Friday,72
2026-08-14,73,73,Armitage,3,185,Friday,73
2026-08-14,74,74,Fullerton,3,248,Friday,74
2026-08-14,75,75,74th/75th,3,168,Friday,75
2026-08-14,76,76,Diversey,3,209,Friday,76
2026-08-14,77,77,Belmont,3,329,Friday,77
2026-08-14,78,78,Montrose,3,162,Friday,78
2026-08-14,79,79,79th,3,457,Friday,79
2026-08-14,8,8,Halsted,3,257,Friday,8
2026-08-14,80,80,Irving Park,3,204,Friday,80
2026-08-14,81,81,Lawrence,3,262,Friday,81
2026-08-14,81W,81W,West Lawrence,3,88,Friday,81W
2026-08-14,82,82,Kimball/Homan,3,300,Friday,82
2026-08-14,84,84,Peterson,3,134,Friday,84
2026-08-14,85,85,Central,3,182,Friday,85
2026-08-14,85A,85A,North Central,3,94,Friday,85A
2026-08-14,86,86,Narragansett/Ridgeland,3,100,Friday,86
2026-08-14,87,87,87th,3,271,Friday,87
2026-08-14,88,88,Higgins,3,100,Friday,88
2026-08-14,8A,8A,South Halsted,3,132,Friday,8A
2026-08-14,9,9,Ashland,3,335,Friday,9
2026-08-14,90,90,Harlem,3,132,Friday,90
2026-08-14,91,91,Austin,3,154,Friday,91
2026-08-14,92,92,Foster,3,158,Friday,92
2026-08-14,93,93,California/Dodge,3,118,Friday,93
2026-08-14,94,94,California,3,168,Friday,94
2026-08-14,95,95,95th,3,258,Friday,95
2026-08-14,96,96,Lunt,3,66,Friday,96
2026-08-14,97,97,Skokie,3,108,Friday,97
2026-08-14,Blue,,Blue Line,1,356,Friday,Blue Line
2026-08-14,Brn,,Brown Line,1,180,Friday,Brown Line
2026-08-14,G,,Green Line,1,256,Friday,Green Line
2026-08-14,J14,J14,Jeffery Jump,3,242,Friday,J14
2026-08-14,N5,N5,South Shore Night Bus,3,20,Friday,N5
2026-08-14,Org,,Orange Line,1,144,Friday,Orange Line
2026-08-14,P,,Purple Line,1,188,Friday,Purple Line
2026-08-14,Pink,,Pink Line,1,122,Friday,Pink Line
2026-08-14,Red,,Red Line,1,424,Friday,Red Line
2026-08-14,X4,X4,Cottage Grove Express,3,69,Friday,X4
2026-08-14,X49,X49,Western Express,3,87,Friday,X49
2026-08-14,X9,X9,Ashland Express,3,102,Friday,X9
2026-08-14,Y,,Yellow Line,1,160,Friday,Yellow Line
2026-08-15,10,10,Obama Presidential Center/Museum of Science & Industry Express ,3,36,Saturday,10
2026-08-15,103,103,West 103rd,3,107,Saturday,103
2026-08-15,106,106,East 103rd,3,78,Saturday,106
2026-08-15,11,11,Lincoln,3,68,Saturday,11
2026-08-15,111,111,111th/King Drive,3,120,Saturday,111
2026-08-15,111A,111A,Pullman Shuttle,3,82,Saturday,111A
2026-08-15,112,112,Vincennes/111th,3,90,Saturday,112
2026-08-15,115,115,Pullman/115th,3,123,Saturday,115
2026-08-15,119,119,Michigan/119th,3,141,Saturday,119
2026-08-15,12,12,Roosevelt,3,234,Saturday,12
2026-08-15,124,124,Navy Pier,3,103,Saturday,124
2026-08-15,126,126,Jackson,3,128,Saturday,126
2026-08-15,130,130,Museum Campus,3,63,Saturday,130
2026-08-15,146,146,Inner Lake Shore/Michigan Express,3,192,Saturday,146
2026-08-15,147,147,Outer DuSable Lake Shore Express,3,216,Saturday,147
2026-08-15,15,15,Jeffery Local,3,138,Saturday,15
2026-08-15,151,151,Sheridan,3,225,Saturday,151
2026-08-15,152,152,Addison,3,124,Saturday,152
2026-08-15,155,155,Devon,3,182,Saturday,155
2026-08-15,169,169,69th/UPS Express,3,1,Saturday,169
2026-08-15,18,18,16th/18th,3,120,Saturday,18
2026-08-15,20,20,Madison,3,251,Saturday,20
2026-08-15,201,201,Central/Ridge,3,63,Saturday,201
2026-08-15,21,21,Cermak,3,150,Saturday,21
2026-08-15,22,22,Clark,3,224,Saturday,22
2026-08-15,28,28,Stony Island,3,130,Saturday,28
2026-08-15,29,29,State,3,165,Saturday,29
2026-08-15,3,3,King Drive,3,195,Saturday,3
2026-08-15,30,30,South Chicago,3,106,Saturday,30
2026-08-15,34,34,South Michigan,3,210,Saturday,34
2026-08-15,35,35,31st/35th,3,121,Saturday,35
2026-08-15,36,36,Broadway,3,175,Saturday,36
2026-08-15,39,39,Pershing,3,42,Saturday,39
2026-08-15,4,4,Cottage Grove,3,254,Saturday,4
2026-08-15,43,43,43rd,3,58,Saturday,43
2026-08-15,44,44,Wallace/Racine,3,80,Saturday,44
2026-08-15,47,47,47th,3,219,Saturday,47
2026-08-15,49,49,Western,3,256,Saturday,49
2026-08-15,49B,49B,North Western,3,176,Saturday,49B
2026-08-15,50,50,Damen,3,150,Saturday,50
2026-08-15,51,51,51st,3,90,Saturday,51
2026-08-15,52,52,Kedzie,3,148,Saturday,52
2026-08-15,52A,52A,South Kedzie,3,84,Saturday,52A
2026-08-15,53,53,Pulaski,3,294,Saturday,53
2026-08-15,53A,53A,South Pulaski,3,122,Saturday,53A
2026-08-15,54,54,Cicero,3,240,Saturday,54
2026-08-15,54B,54B,South Cicero,3,106,Saturday,54B
2026-08-15,55,55,Garfield,3,237,Saturday,55
2026-08-15,55N,55N,55th/Narragansett,3,56,Saturday,55N
2026-08-15,56,56,Milwaukee,3,116,Saturday,56
2026-08-15,57,57,Laramie,3,77,Saturday,57
2026-08-15,59,59,59th/61st,3,85,Saturday,59
2026-08-15,6,6,Jackson Park Express,3,205,Saturday,6
2026-08-15,60,60,Blue Island/26th,3,220,Saturday,60
2026-08-15,62,62,Archer,3,172,Saturday,62
2026-08-15,62H,62H,Archer/Harlem,3,58,Saturday,62H
2026-08-15,63,63,63rd,3,272,Saturday,63
2026-08-15,63W,63W,West 63rd,3,80,Saturday,63W
2026-08-15,65,65,Grand,3,156,Saturday,65
2026-08-15,66,66,Chicago,3,382,Saturday,66
2026-08-15,67,67,67th/69th/71st,3,207,Saturday,67
2026-08-15,68,68,Northwest Highway,3,70,Saturday,68
2026-08-15,70,70,Division,3,146,Saturday,70
2026-08-15,71,71,71st/South Shore,3,187,Saturday,71
2026-08-15,72,72,North,3,252,Saturday,72
2026-08-15,73,73,Armitage,3,116,Saturday,73
2026-08-15,74,74,Fullerton,3,211,Saturday,74
2026-08-15,75,75,74th/75th,3,136,Saturday,75
2026-08-15,76,76,Diversey,3,140,Saturday,76
2026-08-15,77,77,Belmont,3,249,Saturday,77
2026-08-15,78,78,Montrose,3,134,Saturday,78
2026-08-15,79,79,79th,3,374,Saturday,79
2026-08-15,8,8,Halsted,3,187,Saturday,8
2026-08-15,80,80,Irving Park,3,177,Saturday,80
2026-08-15,81,81,Lawrence,3,234,Saturday,81
2026-08-15,81W,81W,West Lawrence,3,90,Saturday,81W
2026-08-15,82,82,Kimball/Homan,3,284,Saturday,82
2026-08-15,84,84,Peterson,3,88,Saturday,84
2026-08-15,85,85,Central,3,150,Saturday,85
2026-08-15,85A,85A,North Central,3,56,Saturday,85A
2026-08-15,87,87,87th,3,218,Saturday,87
2026-08-15,88,88,Higgins,3,68,Saturday,88
2026-08-15,8A,8A,South Halsted,3,122,Saturday,8A
2026-08-15,9,9,Ashland,3,315,Saturday,9
2026-08-15,90,90,Harlem,3,108,Saturday,90
2026-08-15,91,91,Austin,3,102,Saturday,91
2026-08-15,92,92,Foster,3,120,Saturday,92
2026-08-15,93,93,California/Dodge,3,78,Saturday,93
2026-08-15,94,94,California,3,116,Saturday,94
2026-08-15,95,95,95th,3,235,Saturday,95
2026-08-15,97,97,Skokie,3,91,Saturday,97
2026-08-15,Blue,,Blue Line,1,284,Saturday,Blue Line
2026-08-15,Brn,,Brown Line,1,130,Saturday,Brown Line
2026-08-15,G,,Green Line,1,228,Saturday,Green Line
2026-08-15,J14,J14,Jeffery Jump,3,187,Saturday,J14
2026-08-15,N5,N5,South Shore Night Bus,3,20,Saturday,N5
2026-08-15,Org,,Orange Line,1,120,Saturday,Orange Line
2026-08-15,P,,Purple Line,1,202,Saturday,Purple Line
2026-08-15,Pink,,Pink Line,1,108,Saturday,Pink Line
2026-08-15,Red,,Red Line,1,349,Saturday,Red Line
2026-08-15,Y,,Yellow Line,1,136,Saturday,Yellow Line
2026-08-16,10,10,Obama Presidential Center/Museum of Science & Industry Express ,3,36,Sunday,10
2026-08-16,103,103,West 103rd,3,105,Sunday,103
2026-08-16,106,106,East 103rd,3,82,Sunday,106
2026-08-16,11,11,Lincoln,3,50,Sunday,11
2026-08-16,111,111,111th/King Drive,3,104,Sunday,111
2026-08-16,111A,111A,Pullman Shuttle,3,82,Sunday,111A
2026-08-16,112,112,Vincennes/111th,3,72,Sunday,112
2026-08-16,115,115,Pullman/115th,3,118,Sunday,115
2026-08-16,119,119,Michigan/119th,3,111,Sunday,119
2026-08-16,12,12,Roosevelt,3,219,Sunday,12
2026-08-16,124,124,Navy Pier,3,97,Sunday,124
2026-08-16,126,126,Jackson,3,114,Sunday,126
2026-08-16,130,130,Museum Campus,3,65,Sunday,130
2026-08-16,146,146,Inner Lake Shore/Michigan Express,3,169,Sunday,146
2026-08-16,147,147,Outer DuSable Lake Shore Express,3,166,Sunday,147
2026-08-16,15,15,Jeffery Local,3,110,Sunday,15
2026-08-16,151,151,Sheridan,3,185,Sunday,151
2026-08-16,152,152,Addison,3,101,Sunday,152
2026-08-16,155,155,Devon,3,146,Sunday,155
2026-08-16,18,18,16th/18th,3,100,Sunday,18
2026-08-16,20,20,Madison,3,248,Sunday,20
2026-08-16,21,21,Cermak,3,129,Sunday,21
2026-08-16,22,22,Clark,3,193,Sunday,22
2026-08-16,28,28,Stony Island,3,116,Sunday,28
2026-08-16,29,29,State,3,137,Sunday,29
2026-08-16,3,3,King Drive,3,148,Sunday,3
2026-08-16,30,30,South Chicago,3,82,Sunday,30
2026-08-16,34,34,South Michigan,3,205,Sunday,34
2026-08-16,35,35,31st/35th,3,123,Sunday,35
2026-08-16,36,36,Broadway,3,163,Sunday,36
2026-08-16,39,39,Pershing,3,42,Sunday,39
2026-08-16,4,4,Cottage Grove,3,229,Sunday,4
2026-08-16,43,43,43rd,3,60,Sunday,43
2026-08-16,44,44,Wallace/Racine,3,68,Sunday,44
2026-08-16,47,47,47th,3,217,Sunday,47
2026-08-16,49,49,Western,3,227,Sunday,49
2026-08-16,49B,49B,North Western,3,156,Sunday,49B
2026-08-16,50,50,Damen,3,128,Sunday,50
2026-08-16,51,51,51st,3,80,Sunday,51
2026-08-16,52,52,Kedzie,3,117,Sunday,52
2026-08-16,52A,52A,South Kedzie,3,64,Sunday,52A
2026-08-16,53,53,Pulaski,3,274,Sunday,53
2026-08-16,53A,53A,South Pulaski,3,102,Sunday,53A
2026-08-16,54,54,Cicero,3,229,Sunday,54
2026-08-16,54B,54B,South Cicero,3,78,Sunday,54B
2026-08-16,55,55,Garfield,3,227,Sunday,55
2026-08-16,56,56,Milwaukee,3,110,Sunday,56
2026-08-16,57,57,Laramie,3,54,Sunday,57
2026-08-16,6,6,Jackson Park Express,3,168,Sunday,6
2026-08-16,60,60,Blue Island/26th,3,220,Sunday,60
2026-08-16,62,62,Archer,3,148,Sunday,62
2026-08-16,63,63,63rd,3,262,Sunday,63
2026-08-16,63W,63W,West 63rd,3,62,Sunday,63W
2026-08-16,65,65,Grand,3,125,Sunday,65
2026-08-16,66,66,Chicago,3,305,Sunday,66
2026-08-16,67,67,67th/69th/71st,3,168,Sunday,67
2026-08-16,68,68,Northwest Highway,3,56,Sunday,68
2026-08-16,70,70,Division,3,131,Sunday,70
2026-08-16,71,71,71st/South Shore,3,155,Sunday,71
2026-08-16,72,72,North,3,238,Sunday,72
2026-08-16,73,73,Armitage,3,98,Sunday,73
2026-08-16,74,74,Fullerton,3,154,Sunday,74
2026-08-16,75,75,74th/75th,3,116,Sunday,75
2026-08-16,76,76,Diversey,3,94,Sunday,76
2026-08-16,77,77,Belmont,3,229,Sunday,77
2026-08-16,78,78,Montrose,3,112,Sunday,78
2026-08-16,79,79,79th,3,280,Sunday,79
2026-08-16,8,8,Halsted,3,145,Sunday,8
2026-08-16,80,80,Irving Park,3,144,Sunday,80
2026-08-16,81,81,Lawrence,3,220,Sunday,81
2026-08-16,81W,81W,West Lawrence,3,56,Sunday,81W
2026-08-16,82,82,Kimball/Homan,3,265,Sunday,82
2026-08-16,84,84,Peterson,3,72,Sunday,84
2026-08-16,85,85,Central,3,136,Sunday,85
2026-08-16,87,87,87th,3,176,Sunday,87
2026-08-16,88,88,Higgins,3,64,Sunday,88
2026-08-16,8A,8A,South Halsted,3,102,Sunday,8A
2026-08-16,9,9,Ashland,3,275,Sunday,9
2026-08-16,90,90,Harlem,3,86,Sunday,90
2026-08-16,91,91,Austin,3,90,Sunday,91
2026-08-16,92,92,Foster,3,108,Sunday,92
2026-08-16,93,93,California/Dodge,3,74,Sunday,93
2026-08-16,94,94,California,3,103,Sunday,94
2026-08-16,95,95,95th,3,222,Sunday,95
2026-08-16,97,97,Skokie,3,65,Sunday,97
2026-08-16,Blue,,Blue Line,1,258,Sunday,Blue Line
2026-08-16,Brn,,Brown Line,1,112,Sunday,Brown Line
2026-08-16,G,,Green Line,1,224,Sunday,Green Line
2026-08-16,J14,J14,Jeffery Jump,3,177,Sunday,J14
2026-08-16,N5,N5,South Shore Night Bus,3,22,Sunday,N5
2026-08-16,Org,,Orange Line,1,114,Sunday,Orange Line
2026-08-16,P,,Purple Line,1,183,Sunday,Purple Line
2026-08-16,Pink,,Pink Line,1,102,Sunday,Pink Line
2026-08-16,Red,,Red Line,1,317,Sunday,Red Line
2026-08-16,Y,,Yellow Line,1,136,Sunday,Yellow Line
2026-08-17,1,1,Bronzeville/Union Station,3,59,Monday,1
2026-08-17,10,10,Obama Presidential Center/Museum of Science & Industry Express ,3,36,Monday,10
2026-08-17,100,100,Jeffery Manor Express,3,52,Monday,100
2026-08-17,103,103,West 103rd,3,128,Monday,103
2026-08-17,106,106,East 103rd,3,133,Monday,106
2026-08-17,108,108,Halsted/95th,3,71,Monday,108
2026-08-17,11,11,Lincoln,3,84,Monday,11
2026-08-17,111,111,111th/King Drive,3,140,Monday,111
2026-08-17,111A,111A,Pullman Shuttle,3,82,Monday,111A
2026-08-17,112,112,Vincennes/111th,3,132,Monday,112
2026-08-17,115,115,Pullman/115th,3,143,Monday,115
2026-08-17,119,119,Michigan/119th,3,187,Monday,119
2026-08-17,12,12,Roosevelt,3,253,Monday,12
2026-08-17,120,120,Ogilvie/Streeterville Express,3,73,Monday,120
2026-08-17,121,121,Union/Streeterville Express,3,76,Monday,121
2026-08-17,124,124,Navy Pier,3,109,Monday,124
2026-08-17,125,125,Water Tower Express,3,51,Monday,125
2026-08-17,126,126,Jackson,3,154,Monday,126
2026-08-17,130,130,Museum Campus,3,63,Monday,130
2026-08-17,134,134,Stockton/LaSalle Express,3,49,Monday,134
2026-08-17,135,135,Clarendon/LaSalle Express,3,50,Monday,135
2026-08-17,136,136,Sheridan/LaSalle Express,3,36,Monday,136
2026-08-17,143,143,Stockton/Michigan Express,3,36,Monday,143
2026-08-17,146,146,Inner Lake Shore/Michigan Express,3,222,Monday,146
2026-08-17,147,147,Outer DuSable Lake Shore Express,3,205,Monday,147
2026-08-17,148,148,Clarendon/Michigan Express,3,45,Monday,148
2026-08-17,15,15,Jeffery Local,3,153,Monday,15
2026-08-17,151,151,Sheridan,3,209,Monday,151
2026-08-17,152,152,Addison,3,189,Monday,152
2026-08-17,155,155,Devon,3,204,Monday,155
2026-08-17,156,156,LaSalle,3,136,Monday,156
2026-08-17,157,157,Streeterville/Taylor,3,125,Monday,157
2026-08-17,165,165,West 65th,3,19,Monday,165
2026-08-17,169,169,69th/UPS Express,3,9,Monday,169
2026-08-17,171,171,U. of Chicago/Hyde Park,3,23,Monday,171
2026-08-17,172,172,U. of Chicago/Kenwood,3,34,Monday,172
2026-08-17,18,18,16th/18th,3,126,Monday,18
2026-08-17,192,192,University of Chicago Hospitals Express,3,19,Monday,192
2026-08-17,2,2,Hyde Park Express,3,60,Monday,2
2026-08-17,20,20,Madison,3,350,Monday,20
2026-08-17,201,201,Central/Ridge,3,76,Monday,201
2026-08-17,206,206,Evanston Circulator,3,19,Monday,206
2026-08-17,21,21,Cermak,3,175,Monday,21
2026-08-17,22,22,Clark,3,240,Monday,22
2026-08-17,24,24,Wentworth,3,98,Monday,24
2026-08-17,26,26,South Shore Express,3,86,Monday,26
2026-08-17,28,28,Stony Island,3,160,Monday,28
2026-08-17,29,29,State,3,162,Monday,29
2026-08-17,3,3,King Drive,3,235,Monday,3
2026-08-17,30,30,South Chicago,3,112,Monday,30
2026-08-17,31,31,31st,3,55,Monday,31
2026-08-17,34,34,South Michigan,3,230,Monday,34
2026-08-17,35,35,31st/35th,3,145,Monday,35
2026-08-17,36,36,Broadway,3,166,Monday,36
2026-08-17,37,37,Sedgwick,3,100,Monday,37
2026-08-17,39,39,Pershing,3,94,Monday,39
2026-08-17,4,4,Cottage Grove,3,248,Monday,4
2026-08-17,43,43,43rd,3,112,Monday,43
2026-08-17,44,44,Wallace/Racine,3,133,Monday,44
2026-08-17,47,47,47th,3,251,Monday,47
2026-08-17,48,48,South Damen,3,63,Monday,48
2026-08-17,49,49,Western,3,269,Monday,49
2026-08-17,49B,49B,North Western,3,221,Monday,49B
2026-08-17,50,50,Damen,3,166,Monday,50
2026-08-17,51,51,51st,3,98,Monday,51
2026-08-17,52,52,Kedzie,3,190,Monday,52
2026-08-17,52A,52A,South Kedzie,3,142,Monday,52A
2026-08-17,53,53,Pulaski,3,304,Monday,53
2026-08-17,53A,53A,South Pulaski,3,168,Monday,53A
2026-08-17,54,54,Cicero,3,257,Monday,54
2026-08-17,54A,54A,North Cicero/Skokie Blvd.,3,43,Monday,54A
2026-08-17,54B,54B,South Cicero,3,110,Monday,54B
2026-08-17,55,55,Garfield,3,275,Monday,55
2026-08-17,55A,55A,55th/Austin,3,38,Monday,55A
2026-08-17,55N,55N,55th/Narragansett,3,80,Monday,55N
2026-08-17,56,56,Milwaukee,3,166,Monday,56
2026-08-17,57,57,Laramie,3,126,Monday,57
2026-08-17,59,59,59th/61st,3,113,Monday,59
2026-08-17,6,6,Jackson Park Express,3,190,Monday,6
2026-08-17,60,60,Blue Island/26th,3,249,Monday,60
2026-08-17,62,62,Archer,3,187,Monday,62
2026-08-17,62H,62H,Archer/Harlem,3,76,Monday,62H
2026-08-17,63,63,63rd,3,305,Monday,63
2026-08-17,63W,63W,West 63rd,3,117,Monday,63W
2026-08-17,65,65,Grand,3,168,Monday,65
2026-08-17,66,66,Chicago,3,404,Monday,66
2026-08-17,67,67,67th/69th/71st,3,220,Monday,67
2026-08-17,68,68,Northwest Highway,3,96,Monday,68
2026-08-17,7,7,Harrison,3,140,Monday,7
2026-08-17,70,70,Division,3,210,Monday,70
2026-08-17,71,71,71st/South Shore,3,195,Monday,71
2026-08-17,72,72,North,3,293,Monday,72
2026-08-17,73,73,Armitage,3,185,Monday,73
2026-08-17,74,74,Fullerton,3,246,Monday,74
2026-08-17,75,75,74th/75th,3,168,Monday,75
2026-08-17,76,76,Diversey,3,208,Monday,76
2026-08-17,77,77,Belmont,3,329,Monday,77
2026-08-17,78,78,Montrose,3,162,Monday,78
2026-08-17,79,79,79th,3,447,Monday,79
2026-08-17,8,8,Halsted,3,257,Monday,8
2026-08-17,80,80,Irving Park,3,203,Monday,80
2026-08-17,81,81,Lawrence,3,260,Monday,81
2026-08-17,81W,81W,West Lawrence,3,88,Monday,81W
2026-08-17,82,82,Kimball/Homan,3,299,Monday,82
2026-08-17,84,84,Peterson,3,134,Monday,84
2026-08-17,85,85,Central,3,182,Monday,85
2026-08-17,85A,85A,North Central,3,94,Monday,85A
2026-08-17,86,86,Narragansett/Ridgeland,3,100,Monday,86
2026-08-17,87,87,87th,3,268,Monday,87
2026-08-17,88,88,Higgins,3,100,Monday,88
2026-08-17,8A,8A,South Halsted,3,132,Monday,8A
2026-08-17,9,9,Ashland,3,336,Monday,9
2026-08-17,90,90,Harlem,3,132,Monday,90
2026-08-17,91,91,Austin,3,154,Monday,91
2026-08-17,92,92,Foster,3,158,Monday,92
2026-08-17,93,93,California/Dodge,3,118,Monday,93
2026-08-17,94,94,California,3,168,Monday,94
2026-08-17,95,95,95th,3,258,Monday,95
2026-08-17,96,96,Lunt,3,66,Monday,96
2026-08-17,97,97,Skokie,3,108,Monday,97
2026-08-17,Blue,,Blue Line,1,354,Monday,Blue Line
2026-08-17,Brn,,Brown Line,1,178,Monday,Brown Line
2026-08-17,G,,Green Line,1,256,Monday,Green Line
2026-08-17,J14,J14,Jeffery Jump,3,242,Monday,J14
2026-08-17,N5,N5,South Shore Night Bus,3,20,Monday,N5
2026-08-17,Org,,Orange Line,1,144,Monday,Orange Line
2026-08-17,P,,Purple Line,1,189,Monday,Purple Line
2026-08-17,Pink,,Pink Line,1,122,Monday,Pink Line
2026-08-17,Red,,Red Line,1,422,Monday,Red Line
2026-08-17,X4,X4,Cottage Grove Express,3,69,Monday,X4
2026-08-17,X49,X49,Western Express,3,87,Monday,X49
2026-08-17,X9,X9,Ashland Express,3,102,Monday,X9
2026-08-17,Y,,Yellow Line,1,160,Monday,Yellow Line
2026-08-18,1,1,Bronzeville/Union Station,3,59,Tuesday,1
2026-08-18,10,10,Obama Presidential Center/Museum of Science & Industry Express ,3,36,Tuesday,10
2026-08-18,100,100,Jeffery Manor Express,3,52,Tuesday,100
2026-08-18,103,103,West 103rd,3,128,Tuesday,103
2026-08-18,106,106,East 103rd,3,133,Tuesday,106
2026-08-18,108,108,Halsted/95th,3,71,Tuesday,108
2026-08-18,11,11,Lincoln,3,84,Tuesday,11
2026-08-18,111,111,111th/King Drive,3,140,Tuesday,111
2026-08-18,111A,111A,Pullman Shuttle,3,82,Tuesday,111A
2026-08-18,112,112,Vincennes/111th,3,132,Tuesday,112
2026-08-18,115,115,Pullman/115th,3,143,Tuesday,115
2026-08-18,119,119,Michigan/119th,3,189,Tuesday,119
2026-08-18,12,12,Roosevelt,3,253,Tuesday,12
2026-08-18,120,120,Ogilvie/Streeterville Express,3,73,Tuesday,120
2026-08-18,121,121,Union/Streeterville Express,3,76,Tuesday,121
2026-08-18,124,124,Navy Pier,3,109,Tuesday,124
2026-08-18,125,125,Water Tower Express,3,51,Tuesday,125
2026-08-18,126,126,Jackson,3,154,Tuesday,126
2026-08-18,130,130,Museum Campus,3,63,Tuesday,130
2026-08-18,134,134,Stockton/LaSalle Express,3,49,Tuesday,134
2026-08-18,135,135,Clarendon/LaSalle Express,3,50,Tuesday,135
2026-08-18,136,136,Sheridan/LaSalle Express,3,36,Tuesday,136
2026-08-18,143,143,Stockton/Michigan Express,3,36,Tuesday,143
2026-08-18,146,146,Inner Lake Shore/Michigan Express,3,222,Tuesday,146
2026-08-18,147,147,Outer DuSable Lake Shore Express,3,205,Tuesday,147
2026-08-18,148,148,Clarendon/Michigan Express,3,45,Tuesday,148
2026-08-18,15,15,Jeffery Local,3,153,Tuesday,15
2026-08-18,151,151,Sheridan,3,211,Tuesday,151
2026-08-18,152,152,Addison,3,189,Tuesday,152
2026-08-18,155,155,Devon,3,204,Tuesday,155
2026-08-18,156,156,LaSalle,3,136,Tuesday,156
2026-08-18,157,157,Streeterville/Taylor,3,125,Tuesday,157
2026-08-18,165,165,West 65th,3,19,Tuesday,165
2026-08-18,169,169,69th/UPS Express,3,10,Tuesday,169
2026-08-18,171,171,U. of Chicago/Hyde Park,3,23,Tuesday,171
2026-08-18,172,172,U. of Chicago/Kenwood,3,34,Tuesday,172
2026-08-18,18,18,16th/18th,3,126,Tuesday,18
2026-08-18,192,192,University of Chicago Hospitals Express,3,19,Tuesday,192
2026-08-18,2,2,Hyde Park Express,3,60,Tuesday,2
2026-08-18,20,20,Madison,3,346,Tuesday,20
2026-08-18,201,201,Central/Ridge,3,76,Tuesday,201
2026-08-18,206,206,Evanston Circulator,3,19,Tuesday,206
2026-08-18,21,21,Cermak,3,175,Tuesday,21
2026-08-18,22,22,Clark,3,239,Tuesday,22
2026-08-18,24,24,Wentworth,3,98,Tuesday,24
2026-08-18,26,26,South Shore Express,3,86,Tuesday,26
2026-08-18,28,28,Stony Island,3,158,Tuesday,28
2026-08-18,29,29,State,3,162,Tuesday,29
2026-08-18,3,3,King Drive,3,236,Tuesday,3
2026-08-18,30,30,South Chicago,3,112,Tuesday,30
2026-08-18,31,31,31st,3,55,Tuesday,31
2026-08-18,34,34,South Michigan,3,232,Tuesday,34
2026-08-18,35,35,31st/35th,3,145,Tuesday,35
2026-08-18,36,36,Broadway,3,166,Tuesday,36
2026-08-18,37,37,Sedgwick,3,100,Tuesday,37
2026-08-18,39,39,Pershing,3,94,Tuesday,39
2026-08-18,4,4,Cottage Grove,3,248,Tuesday,4
2026-08-18,43,43,43rd,3,112,Tuesday,43
2026-08-18,44,44,Wallace/Racine,3,133,Tuesday,44
2026-08-18,47,47,47th,3,251,Tuesday,47
2026-08-18,48,48,South Damen,3,63,Tuesday,48
2026-08-18,49,49,Western,3,269,Tuesday,49
2026-08-18,49B,49B,North Western,3,221,Tuesday,49B
2026-08-18,50,50,Damen,3,166,Tuesday,50
2026-08-18,51,51,51st,3,98,Tuesday,51
2026-08-18,52,52,Kedzie,3,190,Tuesday,52
2026-08-18,52A,52A,South Kedzie,3,142,Tuesday,52A
2026-08-18,53,53,Pulaski,3,304,Tuesday,53
2026-08-18,53A,53A,South Pulaski,3,170,Tuesday,53A
2026-08-18,54,54,Cicero,3,259,Tuesday,54
2026-08-18,54A,54A,North Cicero/Skokie Blvd.,3,43,Tuesday,54A
2026-08-18,54B,54B,South Cicero,3,110,Tuesday,54B
2026-08-18,55,55,Garfield,3,276,Tuesday,55
2026-08-18,55A,55A,55th/Austin,3,38,Tuesday,55A
2026-08-18,55N,55N,55th/Narragansett,3,80,Tuesday,55N
2026-08-18,56,56,Milwaukee,3,166,Tuesday,56
2026-08-18,57,57,Laramie,3,126,Tuesday,57
2026-08-18,59,59,59th/61st,3,113,Tuesday,59
2026-08-18,6,6,Jackson Park Express,3,189,Tuesday,6
2026-08-18,60,60,Blue Island/26th,3,249,Tuesday,60
2026-08-18,62,62,Archer,3,187,Tuesday,62
2026-08-18,62H,62H,Archer/Harlem,3,76,Tuesday,62H
2026-08-18,63,63,63rd,3,302,Tuesday,63
2026-08-18,63W,63W,West 63rd,3,117,Tuesday,63W
2026-08-18,65,65,Grand,3,170,Tuesday,65
2026-08-18,66,66,Chicago,3,398,Tuesday,66
2026-08-18,67,67,67th/69th/71st,3,217,Tuesday,67
2026-08-18,68,68,Northwest Highway,3,96,Tuesday,68
2026-08-18,7,7,Harrison,3,140,Tuesday,7
2026-08-18,70,70,Division,3,211,Tuesday,70
2026-08-18,71,71,71st/South Shore,3,199,Tuesday,71
2026-08-18,72,72,North,3,296,Tuesday,72
2026-08-18,73,73,Armitage,3,185,Tuesday,73
2026-08-18,74,74,Fullerton,3,248,Tuesday,74
2026-08-18,75,75,74th/75th,3,168,Tuesday,75
2026-08-18,76,76,Diversey,3,209,Tuesday,76
2026-08-18,77,77,Belmont,3,329,Tuesday,77
2026-08-18,78,78,Montrose,3,162,Tuesday,78
2026-08-18,79,79,79th,3,457,Tuesday,79
2026-08-18,8,8,Halsted,3,257,Tuesday,8
2026-08-18,80,80,Irving Park,3,204,Tuesday,80
2026-08-18,81,81,Lawrence,3,262,Tuesday,81
2026-08-18,81W,81W,West Lawrence,3,88,Tuesday,81W
2026-08-18,82,82,Kimball/Homan,3,300,Tuesday,82
2026-08-18,84,84,Peterson,3,134,Tuesday,84
2026-08-18,85,85,Central,3,182,Tuesday,85
2026-08-18,85A,85A,North Central,3,94,Tuesday,85A
2026-08-18,86,86,Narragansett/Ridgeland,3,100,Tuesday,86
2026-08-18,87,87,87th,3,271,Tuesday,87
2026-08-18,88,88,Higgins,3,100,Tuesday,88
2026-08-18,8A,8A,South Halsted,3,132,Tuesday,8A
2026-08-18,9,9,Ashland,3,335,Tuesday,9
2026-08-18,90,90,Harlem,3,132,Tuesday,90
2026-08-18,91,91,Austin,3,154,Tuesday,91
2026-08-18,92,92,Foster,3,158,Tuesday,92
2026-08-18,93,93,California/Dodge,3,118,Tuesday,93
2026-08-18,94,94,California,3,168,Tuesday,94
2026-08-18,95,95,95th,3,258,Tuesday,95
2026-08-18,96,96,Lunt,3,66,Tuesday,96
2026-08-18,97,97,Skokie,3,108,Tuesday,97
2026-08-18,Blue,,Blue Line,1,356,Tuesday,Blue Line
2026-08-18,Brn,,Brown Line,1,180,Tuesday,Brown Line
2026-08-18,G,,Green Line,1,256,Tuesday,Green Line
2026-08-18,J14,J14,Jeffery Jump,3,242,Tuesday,J14
2026-08-18,N5,N5,South Shore Night Bus,3,20,Tuesday,N5
2026-08-18,Org,,Orange Line,1,144,Tuesday,Orange Line
2026-08-18,P,,Purple Line,1,188,Tuesday,Purple Line
2026-08-18,Pink,,Pink Line,1,122,Tuesday,Pink Line
2026-08-18,Red,,Red Line,1,424,Tuesday,Red Line
2026-08-18,X4,X4,Cottage Grove Express,3,69,Tuesday,X4
2026-08-18,X49,X49,Western Express,3,87,Tuesday,X49
2026-08-18,X9,X9,Ashland Express,3,102,Tuesday,X9
2026-08-18,Y,,Yellow Line,1,160,Tuesday,Yellow Line
2026-08-19,1,1,Bronzeville/Union Station,3,59,Wednesday,1
2026-08-19,10,10,Obama Presidential Center/Museum of Science & Industry Express ,3,36,Wednesday,10
2026-08-19,100,100,Jeffery Manor Express,3,52,Wednesday,100
2026-08-19,103,103,West 103rd,3,128,Wednesday,103
2026-08-19,106,106,East 103rd,3,133,Wednesday,106
2026-08-19,108,108,Halsted/95th,3,71,Wednesday,108
2026-08-19,11,11,Lincoln,3,84,Wednesday,11
2026-08-19,111,111,111th/King Drive,3,140,Wednesday,111
2026-08-19,111A,111A,Pullman Shuttle,3,82,Wednesday,111A
2026-08-19,112,112,Vincennes/111th,3,132,Wednesday,112
2026-08-19,115,115,Pullman/115th,3,143,Wednesday,115
2026-08-19,119,119,Michigan/119th,3,189,Wednesday,119
2026-08-19,12,12,Roosevelt,3,253,Wednesday,12
2026-08-19,120,120,Ogilvie/Streeterville Express,3,73,Wednesday,120
2026-08-19,121,121,Union/Streeterville Express,3,76,Wednesday,121
2026-08-19,124,124,Navy Pier,3,109,Wednesday,124
2026-08-19,125,125,Water Tower Express,3,51,Wednesday,125
2026-08-19,126,126,Jackson,3,154,Wednesday,126
2026-08-19,130,130,Museum Campus,3,63,Wednesday,130
2026-08-19,134,134,Stockton/LaSalle Express,3,49,Wednesday,134
2026-08-19,135,135,Clarendon/LaSalle Express,3,50,Wednesday,135
2026-08-19,136,136,Sheridan/LaSalle Express,3,36,Wednesday,136
2026-08-19,143,143,Stockton/Michigan Express,3,36,Wednesday,143
2026-08-19,146,146,Inner Lake Shore/Michigan Express,3,222,Wednesday,146
2026-08-19,147,147,Outer DuSable Lake Shore Express,3,205,Wednesday,147
2026-08-19,148,148,Clarendon/Michigan Express,3,45,Wednesday,148
2026-08-19,15,15,Jeffery Local,3,153,Wednesday,15
2026-08-19,151,151,Sheridan,3,211,Wednesday,151
2026-08-19,152,152,Addison,3,189,Wednesday,152
2026-08-19,155,155,Devon,3,204,Wednesday,155
2026-08-19,156,156,LaSalle,3,136,Wednesday,156
2026-08-19,157,157,Streeterville/Taylor,3,125,Wednesday,157
2026-08-19,165,165,West 65th,3,19,Wednesday,165
2026-08-19,169,169,69th/UPS Express,3,10,Wednesday,169
2026-08-19,171,171,U. of Chicago/Hyde Park,3,23,Wednesday,171
2026-08-19,172,172,U. of Chicago/Kenwood,3,34,Wednesday,172
2026-08-19,18,18,16th/18th,3,126,Wednesday,18
2026-08-19,192,192,University of Chicago Hospitals Express,3,19,Wednesday,192
2026-08-19,2,2,Hyde Park Express,3,60,Wednesday,2
2026-08-19,20,20,Madison,3,346,Wednesday,20
2026-08-19,201,201,Central/Ridge,3,76,Wednesday,201
2026-08-19,206,206,Evanston Circulator,3,19,Wednesday,206
2026-08-19,21,21,Cermak,3,175,Wednesday,21
2026-08-19,22,22,Clark,3,239,Wednesday,22
2026-08-19,24,24,Wentworth,3,98,Wednesday,24
2026-08-19,26,26,South Shore Express,3,86,Wednesday,26
2026-08-19,28,28,Stony Island,3,158,Wednesday,28
2026-08-19,29,29,State,3,162,Wednesday,29
2026-08-19,3,3,King Drive,3,236,Wednesday,3
2026-08-19,30,30,South Chicago,3,112,Wednesday,30
2026-08-19,31,31,31st,3,55,Wednesday,31
2026-08-19,34,34,South Michigan,3,232,Wednesday,34
2026-08-19,35,35,31st/35th,3,145,Wednesday,35
2026-08-19,36,36,Broadway,3,166,Wednesday,36
2026-08-19,37,37,Sedgwick,3,100,Wednesday,37
2026-08-19,39,39,Pershing,3,94,Wednesday,39
2026-08-19,4,4,Cottage Grove,3,248,Wednesday,4
2026-08-19,43,43,43rd,3,112,Wednesday,43
2026-08-19,44,44,Wallace/Racine,3,133,Wednesday,44
2026-08-19,47,47,47th,3,251,Wednesday,47
2026-08-19,48,48,South Damen,3,63,Wednesday,48
2026-08-19,49,49,Western,3,269,Wednesday,49
2026-08-19,49B,49B,North Western,3,221,Wednesday,49B
2026-08-19,50,50,Damen,3,166,Wednesday,50
2026-08-19,51,51,51st,3,98,Wednesday,51
2026-08-19,52,52,Kedzie,3,190,Wednesday,52
2026-08-19,52A,52A,South Kedzie,3,142,Wednesday,52A
2026-08-19,53,53,Pulaski,3,304,Wednesday,53
2026-08-19,53A,53A,South Pulaski,3,170,Wednesday,53A
2026-08-19,54,54,Cicero,3,259,Wednesday,54
2026-08-19,54A,54A,North Cicero/Skokie Blvd.,3,43,Wednesday,54A
2026-08-19,54B,54B,South Cicero,3,110,Wednesday,54B
2026-08-19,55,55,Garfield,3,276,Wednesday,55
2026-08-19,55A,55A,55th/Austin,3,38,Wednesday,55A
2026-08-19,55N,55N,55th/Narragansett,3,80,Wednesday,55N
2026-08-19,56,56,Milwaukee,3,166,Wednesday,56
2026-08-19,57,57,Laramie,3,126,Wednesday,57
2026-08-19,59,59,59th/61st,3,113,Wednesday,59
2026-08-19,6,6,Jackson Park Express,3,189,Wednesday,6
2026-08-19,60,60,Blue Island/26th,3,249,Wednesday,60
2026-08-19,62,62,Archer,3,187,Wednesday,62
2026-08-19,62H,62H,Archer/Harlem,3,76,Wednesday,62H
2026-08-19,63,63,63rd,3,302,Wednesday,63
2026-08-19,63W,63W,West 63rd,3,117,Wednesday,63W
2026-08-19,65,65,Grand,3,170,Wednesday,65
2026-08-19,66,66,Chicago,3,398,Wednesday,66
2026-08-19,67,67,67th/69th/71st,3,217,Wednesday,67
2026-08-19,68,68,Northwest Highway,3,96,Wednesday,68
2026-08-19,7,7,Harrison,3,140,Wednesday,7
2026-08-19,70,70,Division,3,211,Wednesday,70
2026-08-19,71,71,71st/South Shore,3,199,Wednesday,71
2026-08-19,72,72,North,3,296,Wednesday,72
2026-08-19,73,73,Armitage,3,185,Wednesday,73
2026-08-19,74,74,Fullerton,3,248,Wednesday,74
2026-08-19,75,75,74th/75th,3,168,Wednesday,75
2026-08-19,76,76,Diversey,3,209,Wednesday,76
2026-08-19,77,77,Belmont,3,329,Wednesday,77
2026-08-19,78,78,Montrose,3,162,Wednesday,78
2026-08-19,79,79,79th,3,457,Wednesday,79
2026-08-19,8,8,Halsted,3,257,Wednesday,8
2026-08-19,80,80,Irving Park,3,204,Wednesday,80
2026-08-19,81,81,Lawrence,3,262,Wednesday,81
2026-08-19,81W,81W,West Lawrence,3,88,Wednesday,81W
2026-08-19,82,82,Kimball/Homan,3,300,Wednesday,82
2026-08-19,84,84,Peterson,3,134,Wednesday,84
2026-08-19,85,85,Central,3,182,Wednesday,85
2026-08-19,85A,85A,North Central,3,94,Wednesday,85A
2026-08-19,86,86,Narragansett/Ridgeland,3,100,Wednesday,86
2026-08-19,87,87,87th,3,271,Wednesday,87
2026-08-19,88,88,Higgins,3,100,Wednesday,88
2026-08-19,8A,8A,South Halsted,3,132,Wednesday,8A
2026-08-19,9,9,Ashland,3,335,Wednesday,9
2026-08-19,90,90,Harlem,3,132,Wednesday,90
2026-08-19,91,91,Austin,3,154,Wednesday,91
2026-08-19,92,92,Foster,3,158,Wednesday,92
2026-08-19,93,93,California/Dodge,3,118,Wednesday,93
2026-08-19,94,94,California,3,168,Wednesday,94
2026-08-19,95,95,95th,3,258,Wednesday,95
2026-08-19,96,96,Lunt,3,66,Wednesday,96
2026-08-19,97,97,Skokie,3,108,Wednesday,97
2026-08-19,Blue,,Blue Line,1,356,Wednesday,Blue Line
2026-08-19,Brn,,Brown Line,1,180,Wednesday,Brown Line
2026-08-19,G,,Green Line,1,256,Wednesday,Green Line
2026-08-19,J14,J14,Jeffery Jump,3,242,Wednesday,J14
2026-08-19,N5,N5,South Shore Night Bus,3,20,Wednesday,N5
2026-08-19,Org,,Orange Line,1,144,Wednesday,Orange Line
2026-08-19,P,,Purple Line,1,188,Wednesday,Purple Line
2026-08-19,Pink,,Pink Line,1,122,Wednesday,Pink Line
2026-08-19,Red,,Red Line,1,424,Wednesday,Red Line
2026-08-19,X4,X4,Cottage Grove Express,3,69,Wednesday,X4
2026-08-19,X49,X49,Western Express,3,87,Wednesday,X49
2026-08-19,X9,X9,Ashland Express,3,102,Wednesday,X9
2026-08-19,Y,,Yellow Line,1,160,Wednesday,Yellow Line
2026-08-20,1,1,Bronzeville/Union Station,3,59,Thursday,1
2026-08-20,10,10,Obama Presidential Center/Museum of Science & Industry Express ,3,36,Thursday,10
2026-08-20,100,100,Jeffery Manor Express,3,52,Thursday,100
2026-08-20,103,103,West 103rd,3,128,Thursday,103
2026-08-20,106,106,East 103rd,3,133,Thursday,106
2026-08-20,108,108,Halsted/95th,3,71,Thursday,108
2026-08-20,11,11,Lincoln,3,84,Thursday,11
2026-08-20,111,111,111th/King Drive,3,140,Thursday,111
2026-08-20,111A,111A,Pullman Shuttle,3,82,Thursday,111A
2026-08-20,112,112,Vincennes/111th,3,132,Thursday,112
2026-08-20,115,115,Pullman/115th,3,143,Thursday,115
2026-08-20,119,119,Michigan/119th,3,189,Thursday,119
2026-08-20,12,12,Roosevelt,3,253,Thursday,12
2026-08-20,120,120,Ogilvie/Streeterville Express,3,73,Thursday,120
2026-08-20,121,121,Union/Streeterville Express,3,76,Thursday,121
2026-08-20,124,124,Navy Pier,3,109,Thursday,124
2026-08-20,125,125,Water Tower Express,3,51,Thursday,125
2026-08-20,126,126,Jackson,3,154,Thursday,126
2026-08-20,130,130,Museum Campus,3,63,Thursday,130
2026-08-20,134,134,Stockton/LaSalle Express,3,49,Thursday,134
2026-08-20,135,135,Clarendon/LaSalle Express,3,50,Thursday,135
2026-08-20,136,136,Sheridan/LaSalle Express,3,36,Thursday,136
2026-08-20,143,143,Stockton/Michigan Express,3,36,Thursday,143
2026-08-20,146,146,Inner Lake Shore/Michigan Express,3,222,Thursday,146
2026-08-20,147,147,Outer DuSable Lake Shore Express,3,205,Thursday,147
2026-08-20,148,148,Clarendon/Michigan Express,3,45,Thursday,148
2026-08-20,15,15,Jeffery Local,3,153,Thursday,15
2026-08-20,151,151,Sheridan,3,211,Thursday,151
2026-08-20,152,152,Addison,3,189,Thursday,152
2026-08-20,155,155,Devon,3,204,Thursday,155
2026-08-20,156,156,LaSalle,3,136,Thursday,156
2026-08-20,157,157,Streeterville/Taylor,3,125,Thursday,157
2026-08-20,165,165,West 65th,3,19,Thursday,165
2026-08-20,169,169,69th/UPS Express,3,10,Thursday,169
2026-08-20,171,171,U. of Chicago/Hyde Park,3,23,Thursday,171
2026-08-20,172,172,U. of Chicago/Kenwood,3,34,Thursday,172
2026-08-20,18,18,16th/18th,3,126,Thursday,18
2026-08-20,192,192,University of Chicago Hospitals Express,3,19,Thursday,192
2026-08-20,2,2,Hyde Park Express,3,60,Thursday,2
2026-08-20,20,20,Madison,3,346,Thursday,20
2026-08-20,201,201,Central/Ridge,3,76,Thursday,201
2026-08-20,206,206,Evanston Circulator,3,19,Thursday,206
2026-08-20,21,21,Cermak,3,175,Thursday,21
2026-08-20,22,22,Clark,3,239,Thursday,22
2026-08-20,24,24,Wentworth,3,98,Thursday,24
2026-08-20,26,26,South Shore Express,3,86,Thursday,26
2026-08-20,28,28,Stony Island,3,158,Thursday,28
2026-08-20,29,29,State,3,162,Thursday,29
2026-08-20,3,3,King Drive,3,236,Thursday,3
2026-08-20,30,30,South Chicago,3,112,Thursday,30
2026-08-20,31,31,31st,3,55,Thursday,31
2026-08-20,34,34,South Michigan,3,232,Thursday,34
2026-08-20,35,35,31st/35th,3,145,Thursday,35
2026-08-20,36,36,Broadway,3,166,Thursday,36
2026-08-20,37,37,Sedgwick,3,100,Thursday,37
2026-08-20,39,39,Pershing,3,94,Thursday,39
2026-08-20,4,4,Cottage Grove,3,248,Thursday,4
2026-08-20,43,43,43rd,3,112,Thursday,43
2026-08-20,44,44,Wallace/Racine,3,133,Thursday,44
2026-08-20,47,47,47th,3,251,Thursday,47
2026-08-20,48,48,South Damen,3,63,Thursday,48
2026-08-20,49,49,Western,3,269,Thursday,49
2026-08-20,49B,49B,North Western,3,221,Thursday,49B
2026-08-20,50,50,Damen,3,166,Thursday,50
2026-08-20,51,51,51st,3,98,Thursday,51
2026-08-20,52,52,Kedzie,3,190,Thursday,52
2026-08-20,52A,52A,South Kedzie,3,142,Thursday,52A
2026-08-20,53,53,Pulaski,3,304,Thursday,53
2026-08-20,53A,53A,South Pulaski,3,170,Thursday,53A
2026-08-20,54,54,Cicero,3,259,Thursday,54
2026-08-20,54A,54A,North Cicero/Skokie Blvd.,3,43,Thursday,54A
2026-08-20,54B,54B,South Cicero,3,110,Thursday,54B
2026-08-20,55,55,Garfield,3,276,Thursday,55
2026-08-20,55A,55A,55th/Austin,3,38,Thursday,55A
2026-08-20,55N,55N,55th/Narragansett,3,80,Thursday,55N
2026-08-20,56,56,Milwaukee,3,166,Thursday,56
2026-08-20,57,57,Laramie,3,126,Thursday,57
2026-08-20,59,59,59th/61st,3,113,Thursday,59
2026-08-20,6,6,Jackson Park Express,3,189,Thursday,6
2026-08-20,60,60,Blue Island/26th,3,249,Thursday,60
2026-08-20,62,62,Archer,3,187,Thursday,62
2026-08-20,62H,62H,Archer/Harlem,3,76,Thursday,62H
2026-08-20,63,63,63rd,3,302,Thursday,63
2026-08-20,63W,63W,West 63rd,3,117,Thursday,63W
2026-08-20,65,65,Grand,3,170,Thursday,65
2026-08-20,66,66,Chicago,3,398,Thursday,66
2026-08-20,67,67,67th/69th/71st,3,217,Thursday,67
2026-08-20,68,68,Northwest Highway,3,96,Thursday,68
2026-08-20,7,7,Harrison,3,140,Thursday,7
2026-08-20,70,70,Division,3,211,Thursday,70
2026-08-20,71,71,71st/South Shore,3,199,Thursday,71
2026-08-20,72,72,North,3,296,Thursday,72
2026-08-20,73,73,Armitage,3,185,Thursday,73
2026-08-20,74,74,Fullerton,3,248,Thursday,74
2026-08-20,75,75,74th/75th,3,168,Thursday,75
2026-08-20,76,76,Diversey,3,209,Thursday,76
2026-08-20,77,77,Belmont,3,329,Thursday,77
2026-08-20,78,78,Montrose,3,162,Thursday,78
2026-08-20,79,79,79th,3,457,Thursday,79
2026-08-20,8,8,Halsted,3,257,Thursday,8
2026-08-20,80,80,Irving Park,3,204,Thursday,80
2026-08-20,81,81,Lawrence,3,262,Thursday,81
2026-08-20,81W,81W,West Lawrence,3,88,Thursday,81W
2026-08-20,82,82,Kimball/Homan,3,300,Thursday,82
2026-08-20,84,84,Peterson,3,134,Thursday,84
2026-08-20,85,85,Central,3,182,Thursday,85
2026-08-20,85A,85A,North Central,3,94,Thursday,85A
2026-08-20,86,86,Narragansett/Ridgeland,3,100,Thursday,86
2026-08-20,87,87,87th,3,271,Thursday,87
2026-08-20,88,88,Higgins,3,100,Thursday,88
2026-08-20,8A,8A,South Halsted,3,132,Thursday,8A
2026-08-20,9,9,Ashland,3,335,Thursday,9
2026-08-20,90,90,Harlem,3,132,Thursday,90
2026-08-20,91,91,Austin,3,154,Thursday,91
2026-08-20,92,92,Foster,3,158,Thursday,92
2026-08-20,93,93,California/Dodge,3,118,Thursday,93
2026-08-20,94,94,California,3,168,Thursday,94
2026-08-20,95,95,95th,3,258,Thursday,95
2026-08-20,96,96,Lunt,3,66,Thursday,96
2026-08-20,97,97,Skokie,3,108,Thursday,97
2026-08-20,Blue,,Blue Line,1,356,Thursday,Blue Line
2026-08-20,Brn,,Brown Line,1,180,Thursday,Brown Line
2026-08-20,G,,Green Line,1,256,Thursday,Green Line
2026-08-20,J14,J14,Jeffery Jump,3,242,Thursday,J14
2026-08-20,N5,N5,South Shore Night Bus,3,20,Thursday,N5
2026-08-20,Org,,Orange Line,1,144,Thursday,Orange Line
2026-08-20,P,,Purple Line,1,188,Thursday,Purple Line
2026-08-20,Pink,,Pink Line,1,122,Thursday,Pink Line
2026-08-20,Red,,Red Line,1,424,Thursday,Red Line
2026-08-20,X4,X4,Cottage Grove Express,3,69,Thursday,X4
2026-08-20,X49,X49,Western Express,3,87,Thursday,X49
2026-08-20,X9,X9,Ashland Express,3,102,Thursday,X9
2026-08-20,Y,,Yellow Line,1,160,Thursday,Yellow Line
2026-08-21,1,1,Bronzeville/Union Station,3,59,Friday,1
2026-08-21,10,10,Obama Presidential Center/Museum of Science & Industry Express ,3,36,Friday,10
2026-08-21,100,100,Jeffery Manor Express,3,52,Friday,100
2026-08-21,103,103,West 103rd,3,128,Friday,103
2026-08-21,106,106,East 103rd,3,133,Friday,106
2026-08-21,108,108,Halsted/95th,3,71,Friday,108
2026-08-21,11,11,Lincoln,3,84,Friday,11
2026-08-21,111,111,111th/King Drive,3,140,Friday,111
2026-08-21,111A,111A,Pullman Shuttle,3,82,Friday,111A
2026-08-21,112,112,Vincennes/111th,3,132,Friday,112
2026-08-21,115,115,Pullman/115th,3,143,Friday,115
2026-08-21,119,119,Michigan/119th,3,189,Friday,119
2026-08-21,12,12,Roosevelt,3,253,Friday,12
2026-08-21,120,120,Ogilvie/Streeterville Express,3,73,Friday,120
2026-08-21,121,121,Union/Streeterville Express,3,76,Friday,121
2026-08-21,124,124,Navy Pier,3,109,Friday,124
2026-08-21,125,125,Water Tower Express,3,51,Friday,125
2026-08-21,126,126,Jackson,3,154,Friday,126
2026-08-21,130,130,Museum Campus,3,63,Friday,130
2026-08-21,134,134,Stockton/LaSalle Express,3,49,Friday,134
2026-08-21,135,135,Clarendon/LaSalle Express,3,50,Friday,135
2026-08-21,136,136,Sheridan/LaSalle Express,3,36,Friday,136
2026-08-21,143,143,Stockton/Michigan Express,3,36,Friday,143
2026-08-21,146,146,Inner Lake Shore/Michigan Express,3,222,Friday,146
2026-08-21,147,147,Outer DuSable Lake Shore Express,3,205,Friday,147
2026-08-21,148,148,Clarendon/Michigan Express,3,45,Friday,148
2026-08-21,15,15,Jeffery Local,3,153,Friday,15
2026-08-21,151,151,Sheridan,3,211,Friday,151
2026-08-21,152,152,Addison,3,189,Friday,152
2026-08-21,155,155,Devon,3,204,Friday,155
2026-08-21,156,156,LaSalle,3,136,Friday,156
2026-08-21,157,157,Streeterville/Taylor,3,125,Friday,157
2026-08-21,165,165,West 65th,3,19,Friday,165
2026-08-21,169,169,69th/UPS Express,3,10,Friday,169
2026-08-21,171,171,U. of Chicago/Hyde Park,3,23,Friday,171
2026-08-21,172,172,U. of Chicago/Kenwood,3,34,Friday,172
2026-08-21,18,18,16th/18th,3,126,Friday,18
2026-08-21,192,192,University of Chicago Hospitals Express,3,19,Friday,192
2026-08-21,2,2,Hyde Park Express,3,60,Friday,2
2026-08-21,20,20,Madison,3,346,Friday,20
2026-08-21,201,201,Central/Ridge,3,76,Friday,201
2026-08-21,206,206,Evanston Circulator,3,19,Friday,206
2026-08-21,21,21,Cermak,3,175,Friday,21
2026-08-21,22,22,Clark,3,239,Friday,22
2026-08-21,24,24,Wentworth,3,98,Friday,24
2026-08-21,26,26,South Shore Express,3,86,Friday,26
2026-08-21,28,28,Stony Island,3,158,Friday,28
2026-08-21,29,29,State,3,162,Friday,29
2026-08-21,3,3,King Drive,3,236,Friday,3
2026-08-21,30,30,South Chicago,3,112,Friday,30
2026-08-21,31,31,31st,3,55,Friday,31
2026-08-21,34,34,South Michigan,3,232,Friday,34
2026-08-21,35,35,31st/35th,3,145,Friday,35
2026-08-21,36,36,Broadway,3,166,Friday,36
2026-08-21,37,37,Sedgwick,3,100,Friday,37
2026-08-21,39,39,Pershing,3,94,Friday,39
2026-08-21,4,4,Cottage Grove,3,248,Friday,4
2026-08-21,43,43,43rd,3,112,Friday,43
2026-08-21,44,44,Wallace/Racine,3,133,Friday,44
2026-08-21,47,47,47th,3,251,Friday,47
2026-08-21,48,48,South Damen,3,63,Friday,48
2026-08-21,49,49,Western,3,269,Friday,49
2026-08-21,49B,49B,North Western,3,221,Friday,49B
2026-08-21,50,50,Damen,3,166,Friday,50
2026-08-21,51,51,51st,3,98,Friday,51
2026-08-21,52,52,Kedzie,3,190,Friday,52
2026-08-21,52A,52A,South Kedzie,3,142,Friday,52A
2026-08-21,53,53,Pulaski,3,304,Friday,53
2026-08-21,53A,53A,South Pulaski,3,170,Friday,53A
2026-08-21,54,54,Cicero,3,259,Friday,54
2026-08-21,54A,54A,North Cicero/Skokie Blvd.,3,43,Friday,54A
2026-08-21,54B,54B,South Cicero,3,110,Friday,54B
2026-08-21,55,55,Garfield,3,276,Friday,55
2026-08-21,55A,55A,55th/Austin,3,38,Friday,55A
2026-08-21,55N,55N,55th/Narragansett,3,80,Friday,55N
2026-08-21,56,56,Milwaukee,3,166,Friday,56
2026-08-21,57,57,Laramie,3,126,Friday,57
2026-08-21,59,59,59th/61st,3,113,Friday,59
2026-08-21,6,6,Jackson Park Express,3,189,Friday,6
2026-08-21,60,60,Blue Island/26th,3,249,Friday,60
2026-08-21,62,62,Archer,3,187,Friday,62
2026-08-21,62H,62H,Archer/Harlem,3,76,Friday,62H
2026-08-21,63,63,63rd,3,302,Friday,63
2026-08-21,63W,63W,West 63rd,3,117,Friday,63W
2026-08-21,65,65,Grand,3,170,Friday,65
2026-08-21,66,66,Chicago,3,398,Friday,66
2026-08-21,67,67,67th/69th/71st,3,217,Friday,67
2026-08-21,68,68,Northwest Highway,3,96,Friday,68
2026-08-21,7,7,Harrison,3,140,Friday,7
2026-08-21,70,70,Division,3,211,Friday,70
2026-08-21,71,71,71st/South Shore,3,199,Friday,71
2026-08-21,72,72,North,3,296,Friday,72
2026-08-21,73,73,Armitage,3,185,Friday,73
2026-08-21,74,74,Fullerton,3,248,Friday,74
2026-08-21,75,75,74th/75th,3,168,Friday,75
2026-08-21,76,76,Diversey,3,209,Friday,76
2026-08-21,77,77,Belmont,3,329,Friday,77
2026-08-21,78,78,Montrose,3,162,Friday,78
2026-08-21,79,79,79th,3,457,Friday,79
2026-08-21,8,8,Halsted,3,257,Friday,8
2026-08-21,80,80,Irving Park,3,204,Friday,80
2026-08-21,81,81,Lawrence,3,262,Friday,81
2026-08-21,81W,81W,West Lawrence,3,88,Friday,81W
2026-08-21,82,82,Kimball/Homan,3,300,Friday,82
2026-08-21,84,84,Peterson,3,134,Friday,84
2026-08-21,85,85,Central,3,182,Friday,85
2026-08-21,85A,85A,North Central,3,94,Friday,85A
2026-08-21,86,86,Narragansett/Ridgeland,3,100,Friday,86
2026-08-21,87,87,87th,3,271,Friday,87
2026-08-21,88,88,Higgins,3,100,Friday,88
2026-08-21,8A,8A,South Halsted,3,132,Friday,8A
2026-08-21,9,9,Ashland,3,335,Friday,9
2026-08-21,90,90,Harlem,3,132,Friday,90
2026-08-21,91,91,Austin,3,154,Friday,91
2026-08-21,92,92,Foster,3,158,Friday,92
2026-08-21,93,93,California/Dodge,3,118,Friday,93
2026-08-21,94,94,California,3,168,Friday,94
2026-08-21,95,95,95th,3,258,Friday,95
2026-08-21,96,96,Lunt,3,66,Friday,96
2026-08-21,97,97,Skokie,3,108,Friday,97
2026-08-21,Blue,,Blue Line,1,356,Friday,Blue Line
2026-08-21,Brn,,Brown Line,1,180,Friday,Brown Line
2026-08-21,G,,Green Line,1,256,Friday,Green Line
2026-08-21,J14,J14,Jeffery Jump,3,242,Friday,J14
2026-08-21,N5,N5,South Shore Night Bus,3,20,Friday,N5
2026-08-21,Org,,Orange Line,1,144,Friday,Orange Line
2026-08-21,P,,Purple Line,1,188,Friday,Purple Line
2026-08-21,Pink,,Pink Line,1,122,Friday,Pink Line
2026-08-21,Red,,Red Line,1,424,Friday,Red Line
2026-08-21,X4,X4,Cottage Grove Express,3,69,Friday,X4
2026-08-21,X49,X49,Western Express,3,87,Friday,X49
2026-08-21,X9,X9,Ashland Express,3,102,Friday,X9
2026-08-21,Y,,Yellow Line,1,160,Friday,Yellow Line
2026-08-22,10,10,Obama Presidential Center/Museum of Science & Industry Express ,3,36,Saturday,10
2026-08-22,103,103,West 103rd,3,107,Saturday,103
2026-08-22,106,106,East 103rd,3,78,Saturday,106
2026-08-22,11,11,Lincoln,3,68,Saturday,11
2026-08-22,111,111,111th/King Drive,3,120,Saturday,111
2026-08-22,111A,111A,Pullman Shuttle,3,82,Saturday,111A
2026-08-22,112,112,Vincennes/111th,3,90,Saturday,112
2026-08-22,115,115,Pullman/115th,3,123,Saturday,115
2026-08-22,119,119,Michigan/119th,3,141,Saturday,119
2026-08-22,12,12,Roosevelt,3,234,Saturday,12
2026-08-22,124,124,Navy Pier,3,103,Saturday,124
2026-08-22,126,126,Jackson,3,128,Saturday,126
2026-08-22,130,130,Museum Campus,3,63,Saturday,130
2026-08-22,146,146,Inner Lake Shore/Michigan Express,3,192,Saturday,146
2026-08-22,147,147,Outer DuSable Lake Shore Express,3,216,Saturday,147
2026-08-22,15,15,Jeffery Local,3,138,Saturday,15
2026-08-22,151,151,Sheridan,3,225,Saturday,151
2026-08-22,152,152,Addison,3,124,Saturday,152
2026-08-22,155,155,Devon,3,182,Saturday,155
2026-08-22,169,169,69th/UPS Express,3,1,Saturday,169
2026-08-22,18,18,16th/18th,3,120,Saturday,18
2026-08-22,20,20,Madison,3,251,Saturday,20
2026-08-22,201,201,Central/Ridge,3,63,Saturday,201
2026-08-22,21,21,Cermak,3,150,Saturday,21
2026-08-22,22,22,Clark,3,224,Saturday,22
2026-08-22,28,28,Stony Island,3,130,Saturday,28
2026-08-22,29,29,State,3,165,Saturday,29
2026-08-22,3,3,King Drive,3,195,Saturday,3
2026-08-22,30,30,South Chicago,3,106,Saturday,30
2026-08-22,34,34,South Michigan,3,210,Saturday,34
2026-08-22,35,35,31st/35th,3,121,Saturday,35
2026-08-22,36,36,Broadway,3,175,Saturday,36
2026-08-22,39,39,Pershing,3,42,Saturday,39
2026-08-22,4,4,Cottage Grove,3,254,Saturday,4
2026-08-22,43,43,43rd,3,58,Saturday,43
2026-08-22,44,44,Wallace/Racine,3,80,Saturday,44
2026-08-22,47,47,47th,3,219,Saturday,47
2026-08-22,49,49,Western,3,256,Saturday,49
2026-08-22,49B,49B,North Western,3,176,Saturday,49B
2026-08-22,50,50,Damen,3,150,Saturday,50
2026-08-22,51,51,51st,3,90,Saturday,51
2026-08-22,52,52,Kedzie,3,148,Saturday,52
2026-08-22,52A,52A,South Kedzie,3,84,Saturday,52A
2026-08-22,53,53,Pulaski,3,294,Saturday,53
2026-08-22,53A,53A,South Pulaski,3,122,Saturday,53A
2026-08-22,54,54,Cicero,3,240,Saturday,54
2026-08-22,54B,54B,South Cicero,3,106,Saturday,54B
2026-08-22,55,55,Garfield,3,237,Saturday,55
2026-08-22,55N,55N,55th/Narragansett,3,56,Saturday,55N
2026-08-22,56,56,Milwaukee,3,116,Saturday,56
2026-08-22,57,57,Laramie,3,77,Saturday,57
2026-08-22,59,59,59th/61st,3,85,Saturday,59
2026-08-22,6,6,Jackson Park Express,3,205,Saturday,6
2026-08-22,60,60,Blue Island/26th,3,220,Saturday,60
2026-08-22,62,62,Archer,3,172,Saturday,62
2026-08-22,62H,62H,Archer/Harlem,3,58,Saturday,62H
2026-08-22,63,63,63rd,3,272,Saturday,63
2026-08-22,63W,63W,West 63rd,3,80,Saturday,63W
2026-08-22,65,65,Grand,3,156,Saturday,65
2026-08-22,66,66,Chicago,3,382,Saturday,66
2026-08-22,67,67,67th/69th/71st,3,207,Saturday,67
2026-08-22,68,68,Northwest Highway,3,70,Saturday,68
2026-08-22,70,70,Division,3,146,Saturday,70
2026-08-22,71,71,71st/South Shore,3,187,Saturday,71
2026-08-22,72,72,North,3,252,Saturday,72
2026-08-22,73,73,Armitage,3,116,Saturday,73
2026-08-22,74,74,Fullerton,3,211,Saturday,74
2026-08-22,75,75,74th/75th,3,136,Saturday,75
2026-08-22,76,76,Diversey,3,140,Saturday,76
2026-08-22,77,77,Belmont,3,249,Saturday,77
2026-08-22,78,78,Montrose,3,134,Saturday,78
2026-08-22,79,79,79th,3,374,Saturday,79
2026-08-22,8,8,Halsted,3,187,Saturday,8
2026-08-22,80,80,Irving Park,3,177,Saturday,80
2026-08-22,81,81,Lawrence,3,234,Saturday,81
2026-08-22,81W,81W,West Lawrence,3,90,Saturday,81W
2026-08-22,82,82,Kimball/Homan,3,284,Saturday,82
2026-08-22,84,84,Peterson,3,88,Saturday,84
2026-08-22,85,85,Central,3,150,Saturday,85
2026-08-22,85A,85A,North Central,3,56,Saturday,85A
2026-08-22,87,87,87th,3,218,Saturday,87
2026-08-22,88,88,Higgins,3,68,Saturday,88
2026-08-22,8A,8A,South Halsted,3,122,Saturday,8A
2026-08-22,9,9,Ashland,3,315,Saturday,9
2026-08-22,90,90,Harlem,3,108,Saturday,90
2026-08-22,91,91,Austin,3,102,Saturday,91
2026-08-22,92,92,Foster,3,120,Saturday,92
2026-08-22,93,93,California/Dodge,3,78,Saturday,93
2026-08-22,94,94,California,3,116,Saturday,94
2026-08-22,95,95,95th,3,235,Saturday,95
2026-08-22,97,97,Skokie,3,91,Saturday,97
2026-08-22,Blue,,Blue Line,1,284,Saturday,Blue Line
2026-08-22,Brn,,Brown Line,1,130,Saturday,Brown Line
2026-08-22,G,,Green Line,1,228,Saturday,Green Line
2026-08-22,J14,J14,Jeffery Jump,3,187,Saturday,J14
2026-08-22,N5,N5,South Shore Night Bus,3,20,Saturday,N5
2026-08-22,Org,,Orange Line,1,120,Saturday,Orange Line
2026-08-22,P,,Purple Line,1,202,Saturday,Purple Line
2026-08-22,Pink,,Pink Line,1,108,Saturday,Pink Line
2026-08-22,Red,,Red Line,1,349,Saturday,Red Line
2026-08-22,Y,,Yellow Line,1,136,Saturday,Yellow Line
2026-08-23,10,10,Obama Presidential Center/Museum of Science & Industry Express ,3,36,Sunday,10
2026-08-23,103,103,West 103rd,3,105,Sunday,103
2026-08-23,106,106,East 103rd,3,82,Sunday,106
2026-08-23,11,11,Lincoln,3,50,Sunday,11
2026-08-23,111,111,111th/King Drive,3,104,Sunday,111
2026-08-23,111A,111A,Pullman Shuttle,3,82,Sunday,111A
2026-08-23,112,112,Vincennes/111th,3,72,Sunday,112
2026-08-23,115,115,Pullman/115th,3,118,Sunday,115
2026-08-23,119,119,Michigan/119th,3,111,Sunday,119
2026-08-23,12,12,Roosevelt,3,219,Sunday,12
2026-08-23,124,124,Navy Pier,3,66,Sunday,124
2026-08-23,126,126,Jackson,3,113,Sunday,126
2026-08-23,130,130,Museum Campus,3,65,Sunday,130
2026-08-23,146,146,Inner Lake Shore/Michigan Express,3,169,Sunday,146
2026-08-23,147,147,Outer DuSable Lake Shore Express,3,168,Sunday,147
2026-08-23,15,15,Jeffery Local,3,110,Sunday,15
2026-08-23,151,151,Sheridan,3,185,Sunday,151
2026-08-23,152,152,Addison,3,97,Sunday,152
2026-08-23,155,155,Devon,3,146,Sunday,155
2026-08-23,172,172,U. of Chicago/Kenwood,3,42,Sunday,172
2026-08-23,18,18,16th/18th,3,98,Sunday,18
2026-08-23,20,20,Madison,3,243,Sunday,20
2026-08-23,21,21,Cermak,3,128,Sunday,21
2026-08-23,22,22,Clark,3,193,Sunday,22
2026-08-23,28,28,Stony Island,3,116,Sunday,28
2026-08-23,29,29,State,3,137,Sunday,29
2026-08-23,3,3,King Drive,3,150,Sunday,3
2026-08-23,30,30,South Chicago,3,82,Sunday,30
2026-08-23,34,34,South Michigan,3,205,Sunday,34
2026-08-23,35,35,31st/35th,3,202,Sunday,35
2026-08-23,36,36,Broadway,3,163,Sunday,36
2026-08-23,39,39,Pershing,3,42,Sunday,39
2026-08-23,4,4,Cottage Grove,3,229,Sunday,4
2026-08-23,43,43,43rd,3,60,Sunday,43
2026-08-23,44,44,Wallace/Racine,3,75,Sunday,44
2026-08-23,47,47,47th,3,217,Sunday,47
2026-08-23,49,49,Western,3,227,Sunday,49
2026-08-23,49B,49B,North Western,3,156,Sunday,49B
2026-08-23,50,50,Damen,3,128,Sunday,50
2026-08-23,51,51,51st,3,80,Sunday,51
2026-08-23,52,52,Kedzie,3,117,Sunday,52
2026-08-23,52A,52A,South Kedzie,3,64,Sunday,52A
2026-08-23,53,53,Pulaski,3,248,Sunday,53
2026-08-23,53A,53A,South Pulaski,3,102,Sunday,53A
2026-08-23,54,54,Cicero,3,223,Sunday,54
2026-08-23,54B,54B,South Cicero,3,78,Sunday,54B
2026-08-23,55,55,Garfield,3,227,Sunday,55
2026-08-23,56,56,Milwaukee,3,110,Sunday,56
2026-08-23,57,57,Laramie,3,57,Sunday,57
2026-08-23,6,6,Jackson Park Express,3,168,Sunday,6
2026-08-23,60,60,Blue Island/26th,3,220,Sunday,60
2026-08-23,62,62,Archer,3,148,Sunday,62
2026-08-23,63,63,63rd,3,264,Sunday,63
2026-08-23,63W,63W,West 63rd,3,62,Sunday,63W
2026-08-23,65,65,Grand,3,122,Sunday,65
2026-08-23,66,66,Chicago,3,280,Sunday,66
2026-08-23,67,67,67th/69th/71st,3,167,Sunday,67
2026-08-23,68,68,Northwest Highway,3,56,Sunday,68
2026-08-23,70,70,Division,3,134,Sunday,70
2026-08-23,71,71,71st/South Shore,3,155,Sunday,71
2026-08-23,72,72,North,3,234,Sunday,72
2026-08-23,73,73,Armitage,3,105,Sunday,73
2026-08-23,74,74,Fullerton,3,229,Sunday,74
2026-08-23,75,75,74th/75th,3,116,Sunday,75
2026-08-23,76,76,Diversey,3,98,Sunday,76
2026-08-23,77,77,Belmont,3,229,Sunday,77
2026-08-23,78,78,Montrose,3,107,Sunday,78
2026-08-23,79,79,79th,3,283,Sunday,79
2026-08-23,8,8,Halsted,3,145,Sunday,8
2026-08-23,80,80,Irving Park,3,144,Sunday,80
2026-08-23,81,81,Lawrence,3,220,Sunday,81
2026-08-23,81W,81W,West Lawrence,3,56,Sunday,81W
2026-08-23,82,82,Kimball/Homan,3,266,Sunday,82
2026-08-23,84,84,Peterson,3,72,Sunday,84
2026-08-23,85,85,Central,3,209,Sunday,85
2026-08-23,87,87,87th,3,176,Sunday,87
2026-08-23,88,88,Higgins,3,64,Sunday,88
2026-08-23,8A,8A,South Halsted,3,102,Sunday,8A
2026-08-23,9,9,Ashland,3,276,Sunday,9
2026-08-23,90,90,Harlem,3,86,Sunday,90
2026-08-23,91,91,Austin,3,92,Sunday,91
2026-08-23,92,92,Foster,3,108,Sunday,92
2026-08-23,93,93,California/Dodge,3,77,Sunday,93
2026-08-23,94,94,California,3,103,Sunday,94
2026-08-23,95,95,95th,3,224,Sunday,95
2026-08-23,97,97,Skokie,3,65,Sunday,97
2026-08-23,Blue,,Blue Line,1,258,Sunday,Blue Line
2026-08-23,Brn,,Brown Line,1,112,Sunday,Brown Line
2026-08-23,G,,Green Line,1,224,Sunday,Green Line
2026-08-23,J14,J14,Jeffery Jump,3,178,Sunday,J14
2026-08-23,N5,N5,South Shore Night Bus,3,22,Sunday,N5
2026-08-23,Org,,Orange Line,1,114,Sunday,Orange Line
2026-08-23,P,,Purple Line,1,183,Sunday,Purple Line
2026-08-23,Pink,,Pink Line,1,102,Sunday,Pink Line
2026-08-23,Red,,Red Line,1,317,Sunday,Red Line
2026-08-23,Y,,Yellow Line,1,136,Sunday,Yellow Line
2026-08-24,1,1,Bronzeville/Union Station,3,59,Monday,1
2026-08-24,10,10,Obama Presidential Center/Museum of Science & Industry Express ,3,36,Monday,10
2026-08-24,100,100,Jeffery Manor Express,3,53,Monday,100
2026-08-24,103,103,West 103rd,3,129,Monday,103
2026-08-24,106,106,East 103rd,3,135,Monday,106
2026-08-24,108,108,Halsted/95th,3,72,Monday,108
2026-08-24,11,11,Lincoln,3,84,Monday,11
2026-08-24,111,111,111th/King Drive,3,140,Monday,111
2026-08-24,111A,111A,Pullman Shuttle,3,82,Monday,111A
2026-08-24,112,112,Vincennes/111th,3,134,Monday,112
2026-08-24,115,115,Pullman/115th,3,143,Monday,115
2026-08-24,119,119,Michigan/119th,3,187,Monday,119
2026-08-24,12,12,Roosevelt,3,254,Monday,12
2026-08-24,120,120,Ogilvie/Streeterville Express,3,73,Monday,120
2026-08-24,121,121,Union/Streeterville Express,3,76,Monday,121
2026-08-24,124,124,Navy Pier,3,75,Monday,124
2026-08-24,125,125,Water Tower Express,3,51,Monday,125
2026-08-24,126,126,Jackson,3,146,Monday,126
2026-08-24,130,130,Museum Campus,3,63,Monday,130
2026-08-24,134,134,Stockton/LaSalle Express,3,49,Monday,134
2026-08-24,135,135,Clarendon/LaSalle Express,3,50,Monday,135
2026-08-24,136,136,Sheridan/LaSalle Express,3,36,Monday,136
2026-08-24,143,143,Stockton/Michigan Express,3,36,Monday,143
2026-08-24,146,146,Inner Lake Shore/Michigan Express,3,222,Monday,146
2026-08-24,147,147,Outer DuSable Lake Shore Express,3,208,Monday,147
2026-08-24,148,148,Clarendon/Michigan Express,3,45,Monday,148
2026-08-24,15,15,Jeffery Local,3,159,Monday,15
2026-08-24,151,151,Sheridan,3,209,Monday,151
2026-08-24,152,152,Addison,3,212,Monday,152
2026-08-24,155,155,Devon,3,204,Monday,155
2026-08-24,156,156,LaSalle,3,136,Monday,156
2026-08-24,157,157,Streeterville/Taylor,3,131,Monday,157
2026-08-24,165,165,West 65th,3,19,Monday,165
2026-08-24,169,169,69th/UPS Express,3,9,Monday,169
2026-08-24,171,171,U. of Chicago/Hyde Park,3,83,Monday,171
2026-08-24,172,172,U. of Chicago/Kenwood,3,126,Monday,172
2026-08-24,18,18,16th/18th,3,130,Monday,18
2026-08-24,192,192,University of Chicago Hospitals Express,3,19,Monday,192
2026-08-24,2,2,Hyde Park Express,3,60,Monday,2
2026-08-24,20,20,Madison,3,338,Monday,20
2026-08-24,201,201,Central/Ridge,3,76,Monday,201
2026-08-24,206,206,Evanston Circulator,3,25,Monday,206
2026-08-24,21,21,Cermak,3,176,Monday,21
2026-08-24,22,22,Clark,3,240,Monday,22
2026-08-24,24,24,Wentworth,3,101,Monday,24
2026-08-24,26,26,South Shore Express,3,86,Monday,26
2026-08-24,28,28,Stony Island,3,164,Monday,28
2026-08-24,29,29,State,3,162,Monday,29
2026-08-24,3,3,King Drive,3,242,Monday,3
2026-08-24,30,30,South Chicago,3,114,Monday,30
2026-08-24,31,31,31st,3,55,Monday,31
2026-08-24,34,34,South Michigan,3,234,Monday,34
2026-08-24,35,35,31st/35th,3,221,Monday,35
2026-08-24,36,36,Broadway,3,166,Monday,36
2026-08-24,37,37,Sedgwick,3,100,Monday,37
2026-08-24,39,39,Pershing,3,94,Monday,39
2026-08-24,4,4,Cottage Grove,3,250,Monday,4
2026-08-24,43,43,43rd,3,112,Monday,43
2026-08-24,44,44,Wallace/Racine,3,141,Monday,44
2026-08-24,47,47,47th,3,251,Monday,47
2026-08-24,48,48,South Damen,3,69,Monday,48
2026-08-24,49,49,Western,3,271,Monday,49
2026-08-24,49B,49B,North Western,3,220,Monday,49B
2026-08-24,50,50,Damen,3,173,Monday,50
2026-08-24,51,51,51st,3,98,Monday,51
2026-08-24,52,52,Kedzie,3,190,Monday,52
2026-08-24,52A,52A,South Kedzie,3,142,Monday,52A
2026-08-24,53,53,Pulaski,3,340,Monday,53
2026-08-24,53A,53A,South Pulaski,3,171,Monday,53A
2026-08-24,54,54,Cicero,3,270,Monday,54
2026-08-24,54A,54A,North Cicero/Skokie Blvd.,3,38,Monday,54A
2026-08-24,54B,54B,South Cicero,3,110,Monday,54B
2026-08-24,55,55,Garfield,3,264,Monday,55
2026-08-24,55A,55A,55th/Austin,3,38,Monday,55A
2026-08-24,55N,55N,55th/Narragansett,3,80,Monday,55N
2026-08-24,56,56,Milwaukee,3,167,Monday,56
2026-08-24,57,57,Laramie,3,130,Monday,57
2026-08-24,59,59,59th/61st,3,114,Monday,59
2026-08-24,6,6,Jackson Park Express,3,190,Monday,6
2026-08-24,60,60,Blue Island/26th,3,252,Monday,60
2026-08-24,62,62,Archer,3,193,Monday,62
2026-08-24,62H,62H,Archer/Harlem,3,76,Monday,62H
2026-08-24,63,63,63rd,3,306,Monday,63
2026-08-24,63W,63W,West 63rd,3,118,Monday,63W
2026-08-24,65,65,Grand,3,202,Monday,65
2026-08-24,66,66,Chicago,3,445,Monday,66
2026-08-24,67,67,67th/69th/71st,3,228,Monday,67
2026-08-24,68,68,Northwest Highway,3,99,Monday,68
2026-08-24,7,7,Harrison,3,132,Monday,7
2026-08-24,70,70,Division,3,212,Monday,70
2026-08-24,71,71,71st/South Shore,3,195,Monday,71
2026-08-24,72,72,North,3,295,Monday,72
2026-08-24,73,73,Armitage,3,186,Monday,73
2026-08-24,74,74,Fullerton,3,283,Monday,74
2026-08-24,75,75,74th/75th,3,168,Monday,75
2026-08-24,76,76,Diversey,3,208,Monday,76
2026-08-24,77,77,Belmont,3,328,Monday,77
2026-08-24,78,78,Montrose,3,167,Monday,78
2026-08-24,79,79,79th,3,446,Monday,79
2026-08-24,8,8,Halsted,3,257,Monday,8
2026-08-24,80,80,Irving Park,3,207,Monday,80
2026-08-24,81,81,Lawrence,3,260,Monday,81
2026-08-24,81W,81W,West Lawrence,3,88,Monday,81W
2026-08-24,82,82,Kimball/Homan,3,281,Monday,82
2026-08-24,84,84,Peterson,3,142,Monday,84
2026-08-24,85,85,Central,3,244,Monday,85
2026-08-24,85A,85A,North Central,3,94,Monday,85A
2026-08-24,86,86,Narragansett/Ridgeland,3,106,Monday,86
2026-08-24,87,87,87th,3,260,Monday,87
2026-08-24,88,88,Higgins,3,100,Monday,88
2026-08-24,8A,8A,South Halsted,3,134,Monday,8A
2026-08-24,9,9,Ashland,3,363,Monday,9
2026-08-24,90,90,Harlem,3,132,Monday,90
2026-08-24,91,91,Austin,3,155,Monday,91
2026-08-24,92,92,Foster,3,162,Monday,92
2026-08-24,93,93,California/Dodge,3,125,Monday,93
2026-08-24,94,94,California,3,170,Monday,94
2026-08-24,95,95,95th,3,256,Monday,95
2026-08-24,96,96,Lunt,3,66,Monday,96
2026-08-24,97,97,Skokie,3,108,Monday,97
2026-08-24,Blue,,Blue Line,1,354,Monday,Blue Line
2026-08-24,Brn,,Brown Line,1,178,Monday,Brown Line
2026-08-24,G,,Green Line,1,256,Monday,Green Line
2026-08-24,J14,J14,Jeffery Jump,3,242,Monday,J14
2026-08-24,N5,N5,South Shore Night Bus,3,20,Monday,N5
2026-08-24,Org,,Orange Line,1,144,Monday,Orange Line
2026-08-24,P,,Purple Line,1,189,Monday,Purple Line
2026-08-24,Pink,,Pink Line,1,122,Monday,Pink Line
2026-08-24,Red,,Red Line,1,422,Monday,Red Line
2026-08-24,X4,X4,Cottage Grove Express,3,69,Monday,X4
2026-08-24,X49,X49,Western Express,3,87,Monday,X49
2026-08-24,X9,X9,Ashland Express,3,102,Monday,X9
2026-08-24,Y,,Yellow Line,1,160,Monday,Yellow Line
2026-08-25,1,1,Bronzeville/Union Station,3,59,Tuesday,1
2026-08-25,10,10,Obama Presidential Center/Museum of Science & Industry Express ,3,36,Tuesday,10
2026-08-25,100,100,Jeffery Manor Express,3,53,Tuesday,100
2026-08-25,103,103,West 103rd,3,129,Tuesday,103
2026-08-25,106,106,East 103rd,3,135,Tuesday,106
2026-08-25,108,108,Halsted/95th,3,72,Tuesday,108
2026-08-25,11,11,Lincoln,3,84,Tuesday,11
2026-08-25,111,111,111th/King Drive,3,140,Tuesday,111
2026-08-25,111A,111A,Pullman Shuttle,3,82,Tuesday,111A
2026-08-25,112,112,Vincennes/111th,3,134,Tuesday,112
2026-08-25,115,115,Pullman/115th,3,143,Tuesday,115
2026-08-25,119,119,Michigan/119th,3,189,Tuesday,119
2026-08-25,12,12,Roosevelt,3,254,Tuesday,12
2026-08-25,120,120,Ogilvie/Streeterville Express,3,73,Tuesday,120
2026-08-25,121,121,Union/Streeterville Express,3,76,Tuesday,121
2026-08-25,124,124,Navy Pier,3,75,Tuesday,124
2026-08-25,125,125,Water Tower Express,3,51,Tuesday,125
2026-08-25,126,126,Jackson,3,146,Tuesday,126
2026-08-25,130,130,Museum Campus,3,63,Tuesday,130
2026-08-25,134,134,Stockton/LaSalle Express,3,49,Tuesday,134
2026-08-25,135,135,Clarendon/LaSalle Express,3,50,Tuesday,135
2026-08-25,136,136,Sheridan/LaSalle Express,3,36,Tuesday,136
2026-08-25,143,143,Stockton/Michigan Express,3,36,Tuesday,143
2026-08-25,146,146,Inner Lake Shore/Michigan Express,3,222,Tuesday,146
2026-08-25,147,147,Outer DuSable Lake Shore Express,3,208,Tuesday,147
2026-08-25,148,148,Clarendon/Michigan Express,3,45,Tuesday,148
2026-08-25,15,15,Jeffery Local,3,159,Tuesday,15
2026-08-25,151,151,Sheridan,3,211,Tuesday,151
2026-08-25,152,152,Addison,3,212,Tuesday,152
2026-08-25,155,155,Devon,3,204,Tuesday,155
2026-08-25,156,156,LaSalle,3,136,Tuesday,156
2026-08-25,157,157,Streeterville/Taylor,3,131,Tuesday,157
2026-08-25,165,165,West 65th,3,19,Tuesday,165
2026-08-25,169,169,69th/UPS Express,3,10,Tuesday,169
2026-08-25,171,171,U. of Chicago/Hyde Park,3,83,Tuesday,171
2026-08-25,172,172,U. of Chicago/Kenwood,3,126,Tuesday,172
2026-08-25,18,18,16th/18th,3,130,Tuesday,18
2026-08-25,192,192,University of Chicago Hospitals Express,3,19,Tuesday,192
2026-08-25,2,2,Hyde Park Express,3,60,Tuesday,2
2026-08-25,20,20,Madison,3,338,Tuesday,20
2026-08-25,201,201,Central/Ridge,3,76,Tuesday,201
2026-08-25,206,206,Evanston Circulator,3,25,Tuesday,206
2026-08-25,21,21,Cermak,3,176,Tuesday,21
2026-08-25,22,22,Clark,3,239,Tuesday,22
2026-08-25,24,24,Wentworth,3,101,Tuesday,24
2026-08-25,26,26,South Shore Express,3,86,Tuesday,26
2026-08-25,28,28,Stony Island,3,162,Tuesday,28
2026-08-25,29,29,State,3,162,Tuesday,29
2026-08-25,3,3,King Drive,3,243,Tuesday,3
2026-08-25,30,30,South Chicago,3,114,Tuesday,30
2026-08-25,31,31,31st,3,55,Tuesday,31
2026-08-25,34,34,South Michigan,3,236,Tuesday,34
2026-08-25,35,35,31st/35th,3,221,Tuesday,35
2026-08-25,36,36,Broadway,3,166,Tuesday,36
2026-08-25,37,37,Sedgwick,3,100,Tuesday,37
2026-08-25,39,39,Pershing,3,94,Tuesday,39
2026-08-25,4,4,Cottage Grove,3,250,Tuesday,4
2026-08-25,43,43,43rd,3,112,Tuesday,43
2026-08-25,44,44,Wallace/Racine,3,141,Tuesday,44
2026-08-25,47,47,47th,3,251,Tuesday,47
2026-08-25,48,48,South Damen,3,69,Tuesday,48
2026-08-25,49,49,Western,3,271,Tuesday,49
2026-08-25,49B,49B,North Western,3,221,Tuesday,49B
2026-08-25,50,50,Damen,3,173,Tuesday,50
2026-08-25,51,51,51st,3,98,Tuesday,51
2026-08-25,52,52,Kedzie,3,190,Tuesday,52
2026-08-25,52A,52A,South Kedzie,3,142,Tuesday,52A
2026-08-25,53,53,Pulaski,3,339,Tuesday,53
2026-08-25,53A,53A,South Pulaski,3,173,Tuesday,53A
2026-08-25,54,54,Cicero,3,272,Tuesday,54
2026-08-25,54A,54A,North Cicero/Skokie Blvd.,3,38,Tuesday,54A
2026-08-25,54B,54B,South Cicero,3,110,Tuesday,54B
2026-08-25,55,55,Garfield,3,264,Tuesday,55
2026-08-25,55A,55A,55th/Austin,3,38,Tuesday,55A
2026-08-25,55N,55N,55th/Narragansett,3,80,Tuesday,55N
2026-08-25,56,56,Milwaukee,3,167,Tuesday,56
2026-08-25,57,57,Laramie,3,130,Tuesday,57
2026-08-25,59,59,59th/61st,3,114,Tuesday,59
2026-08-25,6,6,Jackson Park Express,3,189,Tuesday,6
2026-08-25,60,60,Blue Island/26th,3,252,Tuesday,60
2026-08-25,62,62,Archer,3,193,Tuesday,62
2026-08-25,62H,62H,Archer/Harlem,3,76,Tuesday,62H
2026-08-25,63,63,63rd,3,304,Tuesday,63
2026-08-25,63W,63W,West 63rd,3,118,Tuesday,63W
2026-08-25,65,65,Grand,3,204,Tuesday,65
2026-08-25,66,66,Chicago,3,450,Tuesday,66
2026-08-25,67,67,67th/69th/71st,3,225,Tuesday,67
2026-08-25,68,68,Northwest Highway,3,99,Tuesday,68
2026-08-25,7,7,Harrison,3,132,Tuesday,7
2026-08-25,70,70,Division,3,213,Tuesday,70
2026-08-25,71,71,71st/South Shore,3,199,Tuesday,71
2026-08-25,72,72,North,3,299,Tuesday,72
2026-08-25,73,73,Armitage,3,186,Tuesday,73
2026-08-25,74,74,Fullerton,3,282,Tuesday,74
2026-08-25,75,75,74th/75th,3,168,Tuesday,75
2026-08-25,76,76,Diversey,3,209,Tuesday,76
2026-08-25,77,77,Belmont,3,328,Tuesday,77
2026-08-25,78,78,Montrose,3,167,Tuesday,78
2026-08-25,79,79,79th,3,450,Tuesday,79
2026-08-25,8,8,Halsted,3,257,Tuesday,8
2026-08-25,80,80,Irving Park,3,208,Tuesday,80
2026-08-25,81,81,Lawrence,3,262,Tuesday,81
2026-08-25,81W,81W,West Lawrence,3,88,Tuesday,81W
2026-08-25,82,82,Kimball/Homan,3,280,Tuesday,82
2026-08-25,84,84,Peterson,3,142,Tuesday,84
2026-08-25,85,85,Central,3,244,Tuesday,85
2026-08-25,85A,85A,North Central,3,94,Tuesday,85A
2026-08-25,86,86,Narragansett/Ridgeland,3,106,Tuesday,86
2026-08-25,87,87,87th,3,263,Tuesday,87
2026-08-25,88,88,Higgins,3,100,Tuesday,88
2026-08-25,8A,8A,South Halsted,3,134,Tuesday,8A
2026-08-25,9,9,Ashland,3,365,Tuesday,9
2026-08-25,90,90,Harlem,3,132,Tuesday,90
2026-08-25,91,91,Austin,3,155,Tuesday,91
2026-08-25,92,92,Foster,3,162,Tuesday,92
2026-08-25,93,93,California/Dodge,3,125,Tuesday,93
2026-08-25,94,94,California,3,170,Tuesday,94
2026-08-25,95,95,95th,3,256,Tuesday,95
2026-08-25,96,96,Lunt,3,66,Tuesday,96
2026-08-25,97,97,Skokie,3,108,Tuesday,97
2026-08-25,Blue,,Blue Line,1,356,Tuesday,Blue Line
2026-08-25,Brn,,Brown Line,1,180,Tuesday,Brown Line
2026-08-25,G,,Green Line,1,256,Tuesday,Green Line
2026-08-25,J14,J14,Jeffery Jump,3,242,Tuesday,J14
2026-08-25,N5,N5,South Shore Night Bus,3,20,Tuesday,N5
2026-08-25,Org,,Orange Line,1,144,Tuesday,Orange Line
2026-08-25,P,,Purple Line,1,188,Tuesday,Purple Line
2026-08-25,Pink,,Pink Line,1,122,Tuesday,Pink Line
2026-08-25,Red,,Red Line,1,424,Tuesday,Red Line
2026-08-25,X4,X4,Cottage Grove Express,3,69,Tuesday,X4
2026-08-25,X49,X49,Western Express,3,87,Tuesday,X49
2026-08-25,X9,X9,Ashland Express,3,102,Tuesday,X9
2026-08-25,Y,,Yellow Line,1,160,Tuesday,Yellow Line
2026-08-26,1,1,Bronzeville/Union Station,3,59,Wednesday,1
2026-08-26,10,10,Obama Presidential Center/Museum of Science & Industry Express ,3,36,Wednesday,10
2026-08-26,100,100,Jeffery Manor Express,3,53,Wednesday,100
2026-08-26,103,103,West 103rd,3,129,Wednesday,103
2026-08-26,106,106,East 103rd,3,135,Wednesday,106
2026-08-26,108,108,Halsted/95th,3,72,Wednesday,108
2026-08-26,11,11,Lincoln,3,84,Wednesday,11
2026-08-26,111,111,111th/King Drive,3,140,Wednesday,111
2026-08-26,111A,111A,Pullman Shuttle,3,82,Wednesday,111A
2026-08-26,112,112,Vincennes/111th,3,134,Wednesday,112
2026-08-26,115,115,Pullman/115th,3,143,Wednesday,115
2026-08-26,119,119,Michigan/119th,3,189,Wednesday,119
2026-08-26,12,12,Roosevelt,3,254,Wednesday,12
2026-08-26,120,120,Ogilvie/Streeterville Express,3,73,Wednesday,120
2026-08-26,121,121,Union/Streeterville Express,3,76,Wednesday,121
2026-08-26,124,124,Navy Pier,3,75,Wednesday,124
2026-08-26,125,125,Water Tower Express,3,51,Wednesday,125
2026-08-26,126,126,Jackson,3,146,Wednesday,126
2026-08-26,130,130,Museum Campus,3,63,Wednesday,130
2026-08-26,134,134,Stockton/LaSalle Express,3,49,Wednesday,134
2026-08-26,135,135,Clarendon/LaSalle Express,3,50,Wednesday,135
2026-08-26,136,136,Sheridan/LaSalle Express,3,36,Wednesday,136
2026-08-26,143,143,Stockton/Michigan Express,3,36,Wednesday,143
2026-08-26,146,146,Inner Lake Shore/Michigan Express,3,222,Wednesday,146
2026-08-26,147,147,Outer DuSable Lake Shore Express,3,208,Wednesday,147
2026-08-26,148,148,Clarendon/Michigan Express,3,45,Wednesday,148
2026-08-26,15,15,Jeffery Local,3,159,Wednesday,15
2026-08-26,151,151,Sheridan,3,211,Wednesday,151
2026-08-26,152,152,Addison,3,212,Wednesday,152
2026-08-26,155,155,Devon,3,204,Wednesday,155
2026-08-26,156,156,LaSalle,3,136,Wednesday,156
2026-08-26,157,157,Streeterville/Taylor,3,131,Wednesday,157
2026-08-26,165,165,West 65th,3,19,Wednesday,165
2026-08-26,169,169,69th/UPS Express,3,10,Wednesday,169
2026-08-26,171,171,U. of Chicago/Hyde Park,3,83,Wednesday,171
2026-08-26,172,172,U. of Chicago/Kenwood,3,126,Wednesday,172
2026-08-26,18,18,16th/18th,3,130,Wednesday,18
2026-08-26,192,192,University of Chicago Hospitals Express,3,19,Wednesday,192
2026-08-26,2,2,Hyde Park Express,3,60,Wednesday,2
2026-08-26,20,20,Madison,3,338,Wednesday,20
2026-08-26,201,201,Central/Ridge,3,76,Wednesday,201
2026-08-26,206,206,Evanston Circulator,3,25,Wednesday,206
2026-08-26,21,21,Cermak,3,176,Wednesday,21
2026-08-26,22,22,Clark,3,239,Wednesday,22
2026-08-26,24,24,Wentworth,3,101,Wednesday,24
2026-08-26,26,26,South Shore Express,3,86,Wednesday,26
2026-08-26,28,28,Stony Island,3,162,Wednesday,28
2026-08-26,29,29,State,3,162,Wednesday,29
2026-08-26,3,3,King Drive,3,243,Wednesday,3
2026-08-26,30,30,South Chicago,3,114,Wednesday,30
2026-08-26,31,31,31st,3,55,Wednesday,31
2026-08-26,34,34,South Michigan,3,236,Wednesday,34
2026-08-26,35,35,31st/35th,3,221,Wednesday,35
2026-08-26,36,36,Broadway,3,166,Wednesday,36
2026-08-26,37,37,Sedgwick,3,100,Wednesday,37
2026-08-26,39,39,Pershing,3,94,Wednesday,39
2026-08-26,4,4,Cottage Grove,3,250,Wednesday,4
2026-08-26,43,43,43rd,3,112,Wednesday,43
2026-08-26,44,44,Wallace/Racine,3,141,Wednesday,44
2026-08-26,47,47,47th,3,251,Wednesday,47
2026-08-26,48,48,South Damen,3,69,Wednesday,48
2026-08-26,49,49,Western,3,271,Wednesday,49
2026-08-26,49B,49B,North Western,3,221,Wednesday,49B
2026-08-26,50,50,Damen,3,173,Wednesday,50
2026-08-26,51,51,51st,3,98,Wednesday,51
2026-08-26,52,52,Kedzie,3,190,Wednesday,52
2026-08-26,52A,52A,South Kedzie,3,142,Wednesday,52A
2026-08-26,53,53,Pulaski,3,339,Wednesday,53
2026-08-26,53A,53A,South Pulaski,3,173,Wednesday,53A
2026-08-26,54,54,Cicero,3,272,Wednesday,54
2026-08-26,54A,54A,North Cicero/Skokie Blvd.,3,38,Wednesday,54A
2026-08-26,54B,54B,South Cicero,3,110,Wednesday,54B
2026-08-26,55,55,Garfield,3,264,Wednesday,55
2026-08-26,55A,55A,55th/Austin,3,38,Wednesday,55A
2026-08-26,55N,55N,55th/Narragansett,3,80,Wednesday,55N
2026-08-26,56,56,Milwaukee,3,167,Wednesday,56
2026-08-26,57,57,Laramie,3,130,Wednesday,57
2026-08-26,59,59,59th/61st,3,114,Wednesday,59
2026-08-26,6,6,Jackson Park Express,3,189,Wednesday,6
2026-08-26,60,60,Blue Island/26th,3,252,Wednesday,60
2026-08-26,62,62,Archer,3,193,Wednesday,62
2026-08-26,62H,62H,Archer/Harlem,3,76,Wednesday,62H
2026-08-26,63,63,63rd,3,304,Wednesday,63
2026-08-26,63W,63W,West 63rd,3,118,Wednesday,63W
2026-08-26,65,65,Grand,3,204,Wednesday,65
2026-08-26,66,66,Chicago,3,450,Wednesday,66
2026-08-26,67,67,67th/69th/71st,3,227,Wednesday,67
2026-08-26,68,68,Northwest Highway,3,99,Wednesday,68
2026-08-26,7,7,Harrison,3,132,Wednesday,7
2026-08-26,70,70,Division,3,214,Wednesday,70
2026-08-26,71,71,71st/South Shore,3,199,Wednesday,71
2026-08-26,72,72,North,3,299,Wednesday,72
2026-08-26,73,73,Armitage,3,186,Wednesday,73
2026-08-26,74,74,Fullerton,3,282,Wednesday,74
2026-08-26,75,75,74th/75th,3,168,Wednesday,75
2026-08-26,76,76,Diversey,3,209,Wednesday,76
2026-08-26,77,77,Belmont,3,328,Wednesday,77
2026-08-26,78,78,Montrose,3,167,Wednesday,78
2026-08-26,79,79,79th,3,450,Wednesday,79
2026-08-26,8,8,Halsted,3,257,Wednesday,8
2026-08-26,80,80,Irving Park,3,208,Wednesday,80
2026-08-26,81,81,Lawrence,3,262,Wednesday,81
2026-08-26,81W,81W,West Lawrence,3,88,Wednesday,81W
2026-08-26,82,82,Kimball/Homan,3,280,Wednesday,82
2026-08-26,84,84,Peterson,3,142,Wednesday,84
2026-08-26,85,85,Central,3,244,Wednesday,85
2026-08-26,85A,85A,North Central,3,94,Wednesday,85A
2026-08-26,86,86,Narragansett/Ridgeland,3,106,Wednesday,86
2026-08-26,87,87,87th,3,263,Wednesday,87
2026-08-26,88,88,Higgins,3,100,Wednesday,88
2026-08-26,8A,8A,South Halsted,3,134,Wednesday,8A
2026-08-26,9,9,Ashland,3,365,Wednesday,9
2026-08-26,90,90,Harlem,3,132,Wednesday,90
2026-08-26,91,91,Austin,3,155,Wednesday,91
2026-08-26,92,92,Foster,3,162,Wednesday,92
2026-08-26,93,93,California/Dodge,3,125,Wednesday,93
2026-08-26,94,94,California,3,170,Wednesday,94
2026-08-26,95,95,95th,3,256,Wednesday,95
2026-08-26,96,96,Lunt,3,66,Wednesday,96
2026-08-26,97,97,Skokie,3,108,Wednesday,97
2026-08-26,Blue,,Blue Line,1,356,Wednesday,Blue Line
2026-08-26,Brn,,Brown Line,1,180,Wednesday,Brown Line
2026-08-26,G,,Green Line,1,256,Wednesday,Green Line
2026-08-26,J14,J14,Jeffery Jump,3,242,Wednesday,J14
2026-08-26,N5,N5,South Shore Night Bus,3,20,Wednesday,N5
2026-08-26,Org,,Orange Line,1,144,Wednesday,Orange Line
2026-08-26,P,,Purple Line,1,188,Wednesday,Purple Line
2026-08-26,Pink,,Pink Line,1,122,Wednesday,Pink Line
2026-08-26,Red,,Red Line,1,424,Wednesday,Red Line
2026-08-26,X4,X4,Cottage Grove Express,3,69,Wednesday,X4
2026-08-26,X49,X49,Western Express,3,87,Wednesday,X49
2026-08-26,X9,X9,Ashland Express,3,102,Wednesday,X9
2026-08-26,Y,,Yellow Line,1,160,Wednesday,Yellow Line
2026-08-27,1,1,Bronzeville/Union Station,3,59,Thursday,1
2026-08-27,10,10,Obama Presidential Center/Museum of Science & Industry Express ,3,36,Thursday,10
2026-08-27,100,100,Jeffery Manor Express,3,53,Thursday,100
2026-08-27,103,103,West 103rd,3,129,Thursday,103
2026-08-27,106,106,East 103rd,3,135,Thursday,106
2026-08-27,108,108,Halsted/95th,3,72,Thursday,108
2026-08-27,11,11,Lincoln,3,84,Thursday,11
2026-08-27,111,111,111th/King Drive,3,140,Thursday,111
2026-08-27,111A,111A,Pullman Shuttle,3,82,Thursday,111A
2026-08-27,112,112,Vincennes/111th,3,134,Thursday,112
2026-08-27,115,115,Pullman/115th,3,143,Thursday,115
2026-08-27,119,119,Michigan/119th,3,189,Thursday,119
2026-08-27,12,12,Roosevelt,3,254,Thursday,12
2026-08-27,120,120,Ogilvie/Streeterville Express,3,73,Thursday,120
2026-08-27,121,121,Union/Streeterville Express,3,76,Thursday,121
2026-08-27,124,124,Navy Pier,3,75,Thursday,124
2026-08-27,125,125,Water Tower Express,3,51,Thursday,125
2026-08-27,126,126,Jackson,3,146,Thursday,126
2026-08-27,130,130,Museum Campus,3,63,Thursday,130
2026-08-27,134,134,Stockton/LaSalle Express,3,49,Thursday,134
2026-08-27,135,135,Clarendon/LaSalle Express,3,50,Thursday,135
2026-08-27,136,136,Sheridan/LaSalle Express,3,36,Thursday,136
2026-08-27,143,143,Stockton/Michigan Express,3,36,Thursday,143
2026-08-27,146,146,Inner Lake Shore/Michigan Express,3,222,Thursday,146
2026-08-27,147,147,Outer DuSable Lake Shore Express,3,208,Thursday,147
2026-08-27,148,148,Clarendon/Michigan Express,3,45,Thursday,148
2026-08-27,15,15,Jeffery Local,3,159,Thursday,15
2026-08-27,151,151,Sheridan,3,211,Thursday,151
2026-08-27,152,152,Addison,3,212,Thursday,152
2026-08-27,155,155,Devon,3,204,Thursday,155
2026-08-27,156,156,LaSalle,3,136,Thursday,156
2026-08-27,157,157,Streeterville/Taylor,3,131,Thursday,157
2026-08-27,165,165,West 65th,3,19,Thursday,165
2026-08-27,169,169,69th/UPS Express,3,10,Thursday,169
2026-08-27,171,171,U. of Chicago/Hyde Park,3,83,Thursday,171
2026-08-27,172,172,U. of Chicago/Kenwood,3,126,Thursday,172
2026-08-27,18,18,16th/18th,3,130,Thursday,18
2026-08-27,192,192,University of Chicago Hospitals Express,3,19,Thursday,192
2026-08-27,2,2,Hyde Park Express,3,60,Thursday,2
2026-08-27,20,20,Madison,3,338,Thursday,20
2026-08-27,201,201,Central/Ridge,3,76,Thursday,201
2026-08-27,206,206,Evanston Circulator,3,25,Thursday,206
2026-08-27,21,21,Cermak,3,176,Thursday,21
2026-08-27,22,22,Clark,3,239,Thursday,22
2026-08-27,24,24,Wentworth,3,101,Thursday,24
2026-08-27,26,26,South Shore Express,3,86,Thursday,26
2026-08-27,28,28,Stony Island,3,162,Thursday,28
2026-08-27,29,29,State,3,162,Thursday,29
2026-08-27,3,3,King Drive,3,243,Thursday,3
2026-08-27,30,30,South Chicago,3,114,Thursday,30
2026-08-27,31,31,31st,3,55,Thursday,31
2026-08-27,34,34,South Michigan,3,236,Thursday,34
2026-08-27,35,35,31st/35th,3,221,Thursday,35
2026-08-27,36,36,Broadway,3,166,Thursday,36
2026-08-27,37,37,Sedgwick,3,100,Thursday,37
2026-08-27,39,39,Pershing,3,94,Thursday,39
2026-08-27,4,4,Cottage Grove,3,250,Thursday,4
2026-08-27,43,43,43rd,3,112,Thursday,43
2026-08-27,44,44,Wallace/Racine,3,141,Thursday,44
2026-08-27,47,47,47th,3,251,Thursday,47
2026-08-27,48,48,South Damen,3,69,Thursday,48
2026-08-27,49,49,Western,3,271,Thursday,49
2026-08-27,49B,49B,North Western,3,221,Thursday,49B
2026-08-27,50,50,Damen,3,173,Thursday,50
2026-08-27,51,51,51st,3,98,Thursday,51
2026-08-27,52,52,Kedzie,3,190,Thursday,52
2026-08-27,52A,52A,South Kedzie,3,142,Thursday,52A
2026-08-27,53,53,Pulaski,3,339,Thursday,53
2026-08-27,53A,53A,South Pulaski,3,173,Thursday,53A
2026-08-27,54,54,Cicero,3,272,Thursday,54
2026-08-27,54A,54A,North Cicero/Skokie Blvd.,3,38,Thursday,54A
2026-08-27,54B,54B,South Cicero,3,110,Thursday,54B
2026-08-27,55,55,Garfield,3,264,Thursday,55
2026-08-27,55A,55A,55th/Austin,3,38,Thursday,55A
2026-08-27,55N,55N,55th/Narragansett,3,80,Thursday,55N
2026-08-27,56,56,Milwaukee,3,167,Thursday,56
2026-08-27,57,57,Laramie,3,130,Thursday,57
2026-08-27,59,59,59th/61st,3,114,Thursday,59
2026-08-27,6,6,Jackson Park Express,3,189,Thursday,6
2026-08-27,60,60,Blue Island/26th,3,252,Thursday,60
2026-08-27,62,62,Archer,3,193,Thursday,62
2026-08-27,62H,62H,Archer/Harlem,3,76,Thursday,62H
2026-08-27,63,63,63rd,3,304,Thursday,63
2026-08-27,63W,63W,West 63rd,3,118,Thursday,63W
2026-08-27,65,65,Grand,3,204,Thursday,65
2026-08-27,66,66,Chicago,3,450,Thursday,66
2026-08-27,67,67,67th/69th/71st,3,225,Thursday,67
2026-08-27,68,68,Northwest Highway,3,99,Thursday,68
2026-08-27,7,7,Harrison,3,132,Thursday,7
2026-08-27,70,70,Division,3,213,Thursday,70
2026-08-27,71,71,71st/South Shore,3,199,Thursday,71
2026-08-27,72,72,North,3,299,Thursday,72
2026-08-27,73,73,Armitage,3,186,Thursday,73
2026-08-27,74,74,Fullerton,3,282,Thursday,74
2026-08-27,75,75,74th/75th,3,168,Thursday,75
2026-08-27,76,76,Diversey,3,209,Thursday,76
2026-08-27,77,77,Belmont,3,328,Thursday,77
2026-08-27,78,78,Montrose,3,167,Thursday,78
2026-08-27,79,79,79th,3,450,Thursday,79
2026-08-27,8,8,Halsted,3,257,Thursday,8
2026-08-27,80,80,Irving Park,3,208,Thursday,80
2026-08-27,81,81,Lawrence,3,262,Thursday,81
2026-08-27,81W,81W,West Lawrence,3,88,Thursday,81W
2026-08-27,82,82,Kimball/Homan,3,280,Thursday,82
2026-08-27,84,84,Peterson,3,142,Thursday,84
2026-08-27,85,85,Central,3,244,Thursday,85
2026-08-27,85A,85A,North Central,3,94,Thursday,85A
2026-08-27,86,86,Narragansett/Ridgeland,3,106,Thursday,86
2026-08-27,87,87,87th,3,263,Thursday,87
2026-08-27,88,88,Higgins,3,100,Thursday,88
2026-08-27,8A,8A,South Halsted,3,134,Thursday,8A
2026-08-27,9,9,Ashland,3,365,Thursday,9
2026-08-27,90,90,Harlem,3,132,Thursday,90
2026-08-27,91,91,Austin,3,155,Thursday,91
2026-08-27,92,92,Foster,3,162,Thursday,92
2026-08-27,93,93,California/Dodge,3,125,Thursday,93
2026-08-27,94,94,California,3,170,Thursday,94
2026-08-27,95,95,95th,3,256,Thursday,95
2026-08-27,96,96,Lunt,3,66,Thursday,96
2026-08-27,97,97,Skokie,3,108,Thursday,97
2026-08-27,Blue,,Blue Line,1,356,Thursday,Blue Line
2026-08-27,Brn,,Brown Line,1,180,Thursday,Brown Line
2026-08-27,G,,Green Line,1,256,Thursday,Green Line
2026-08-27,J14,J14,Jeffery Jump,3,242,Thursday,J14
2026-08-27,N5,N5,South Shore Night Bus,3,20,Thursday,N5
2026-08-27,Org,,Orange Line,1,144,Thursday,Orange Line
2026-08-27,P,,Purple Line,1,188,Thursday,Purple Line
2026-08-27,Pink,,Pink Line,1,122,Thursday,Pink Line
2026-08-27,Red,,Red Line,1,424,Thursday,Red Line
2026-08-27,X4,X4,Cottage Grove Express,3,69,Thursday,X4
2026-08-27,X49,X49,Western Express,3,87,Thursday,X49
2026-08-27,X9,X9,Ashland Express,3,102,Thursday,X9
2026-08-27,Y,,Yellow Line,1,160,Thursday,Yellow Line
2026-08-28,1,1,Bronzeville/Union Station,3,59,Friday,1
2026-08-28,10,10,Obama Presidential Center/Museum of Science & Industry Express ,3,36,Friday,10
2026-08-28,100,100,Jeffery Manor Express,3,53,Friday,100
2026-08-28,103,103,West 103rd,3,129,Friday,103
2026-08-28,106,106,East 103rd,3,134,Friday,106
2026-08-28,108,108,Halsted/95th,3,71,Friday,108
2026-08-28,11,11,Lincoln,3,84,Friday,11
2026-08-28,111,111,111th/King Drive,3,140,Friday,111
2026-08-28,111A,111A,Pullman Shuttle,3,82,Friday,111A
2026-08-28,112,112,Vincennes/111th,3,134,Friday,112
2026-08-28,115,115,Pullman/115th,3,143,Friday,115
2026-08-28,119,119,Michigan/119th,3,189,Friday,119
2026-08-28,12,12,Roosevelt,3,254,Friday,12
2026-08-28,120,120,Ogilvie/Streeterville Express,3,73,Friday,120
2026-08-28,121,121,Union/Streeterville Express,3,76,Friday,121
2026-08-28,124,124,Navy Pier,3,75,Friday,124
2026-08-28,125,125,Water Tower Express,3,51,Friday,125
2026-08-28,126,126,Jackson,3,146,Friday,126
2026-08-28,130,130,Museum Campus,3,63,Friday,130
2026-08-28,134,134,Stockton/LaSalle Express,3,49,Friday,134
2026-08-28,135,135,Clarendon/LaSalle Express,3,50,Friday,135
2026-08-28,136,136,Sheridan/LaSalle Express,3,36,Friday,136
2026-08-28,143,143,Stockton/Michigan Express,3,36,Friday,143
2026-08-28,146,146,Inner Lake Shore/Michigan Express,3,222,Friday,146
2026-08-28,147,147,Outer DuSable Lake Shore Express,3,208,Friday,147
2026-08-28,148,148,Clarendon/Michigan Express,3,45,Friday,148
2026-08-28,15,15,Jeffery Local,3,159,Friday,15
2026-08-28,151,151,Sheridan,3,211,Friday,151
2026-08-28,152,152,Addison,3,214,Friday,152
2026-08-28,155,155,Devon,3,204,Friday,155
2026-08-28,156,156,LaSalle,3,136,Friday,156
2026-08-28,157,157,Streeterville/Taylor,3,131,Friday,157
2026-08-28,165,165,West 65th,3,19,Friday,165
2026-08-28,169,169,69th/UPS Express,3,10,Friday,169
2026-08-28,171,171,U. of Chicago/Hyde Park,3,83,Friday,171
2026-08-28,172,172,U. of Chicago/Kenwood,3,126,Friday,172
2026-08-28,18,18,16th/18th,3,130,Friday,18
2026-08-28,192,192,University of Chicago Hospitals Express,3,19,Friday,192
2026-08-28,2,2,Hyde Park Express,3,60,Friday,2
2026-08-28,20,20,Madison,3,338,Friday,20
2026-08-28,201,201,Central/Ridge,3,76,Friday,201
2026-08-28,206,206,Evanston Circulator,3,25,Friday,206
2026-08-28,21,21,Cermak,3,176,Friday,21
2026-08-28,22,22,Clark,3,239,Friday,22
2026-08-28,24,24,Wentworth,3,101,Friday,24
2026-08-28,26,26,South Shore Express,3,86,Friday,26
2026-08-28,28,28,Stony Island,3,162,Friday,28
2026-08-28,29,29,State,3,162,Friday,29
2026-08-28,3,3,King Drive,3,243,Friday,3
2026-08-28,30,30,South Chicago,3,114,Friday,30
2026-08-28,31,31,31st,3,55,Friday,31
2026-08-28,34,34,South Michigan,3,236,Friday,34
2026-08-28,35,35,31st/35th,3,221,Friday,35
2026-08-28,36,36,Broadway,3,166,Friday,36
2026-08-28,37,37,Sedgwick,3,100,Friday,37
2026-08-28,39,39,Pershing,3,94,Friday,39
2026-08-28,4,4,Cottage Grove,3,250,Friday,4
2026-08-28,43,43,43rd,3,112,Friday,43
2026-08-28,44,44,Wallace/Racine,3,141,Friday,44
2026-08-28,47,47,47th,3,251,Friday,47
2026-08-28,48,48,South Damen,3,69,Friday,48
2026-08-28,49,49,Western,3,271,Friday,49
2026-08-28,49B,49B,North Western,3,221,Friday,49B
2026-08-28,50,50,Damen,3,173,Friday,50
2026-08-28,51,51,51st,3,98,Friday,51
2026-08-28,52,52,Kedzie,3,190,Friday,52
2026-08-28,52A,52A,South Kedzie,3,142,Friday,52A
2026-08-28,53,53,Pulaski,3,339,Friday,53
2026-08-28,53A,53A,South Pulaski,3,173,Friday,53A
2026-08-28,54,54,Cicero,3,272,Friday,54
2026-08-28,54A,54A,North Cicero/Skokie Blvd.,3,38,Friday,54A
2026-08-28,54B,54B,South Cicero,3,110,Friday,54B
2026-08-28,55,55,Garfield,3,264,Friday,55
2026-08-28,55A,55A,55th/Austin,3,38,Friday,55A
2026-08-28,55N,55N,55th/Narragansett,3,80,Friday,55N
2026-08-28,56,56,Milwaukee,3,167,Friday,56
2026-08-28,57,57,Laramie,3,130,Friday,57
2026-08-28,59,59,59th/61st,3,114,Friday,59
2026-08-28,6,6,Jackson Park Express,3,189,Friday,6
2026-08-28,60,60,Blue Island/26th,3,252,Friday,60
2026-08-28,62,62,Archer,3,193,Friday,62
2026-08-28,62H,62H,Archer/Harlem,3,76,Friday,62H
2026-08-28,63,63,63rd,3,304,Friday,63
2026-08-28,63W,63W,West 63rd,3,118,Friday,63W
2026-08-28,65,65,Grand,3,204,Friday,65
2026-08-28,66,66,Chicago,3,450,Friday,66
2026-08-28,67,67,67th/69th/71st,3,225,Friday,67
2026-08-28,68,68,Northwest Highway,3,99,Friday,68
2026-08-28,7,7,Harrison,3,132,Friday,7
2026-08-28,70,70,Division,3,213,Friday,70
2026-08-28,71,71,71st/South Shore,3,199,Friday,71
2026-08-28,72,72,North,3,299,Friday,72
2026-08-28,73,73,Armitage,3,187,Friday,73
2026-08-28,74,74,Fullerton,3,282,Friday,74
2026-08-28,75,75,74th/75th,3,168,Friday,75
2026-08-28,76,76,Diversey,3,209,Friday,76
2026-08-28,77,77,Belmont,3,328,Friday,77
2026-08-28,78,78,Montrose,3,167,Friday,78
2026-08-28,79,79,79th,3,450,Friday,79
2026-08-28,8,8,Halsted,3,257,Friday,8
2026-08-28,80,80,Irving Park,3,208,Friday,80
2026-08-28,81,81,Lawrence,3,262,Friday,81
2026-08-28,81W,81W,West Lawrence,3,88,Friday,81W
2026-08-28,82,82,Kimball/Homan,3,280,Friday,82
2026-08-28,84,84,Peterson,3,142,Friday,84
2026-08-28,85,85,Central,3,244,Friday,85
2026-08-28,85A,85A,North Central,3,94,Friday,85A
2026-08-28,86,86,Narragansett/Ridgeland,3,106,Friday,86
2026-08-28,87,87,87th,3,263,Friday,87
2026-08-28,88,88,Higgins,3,100,Friday,88
2026-08-28,8A,8A,South Halsted,3,134,Friday,8A
2026-08-28,9,9,Ashland,3,365,Friday,9
2026-08-28,90,90,Harlem,3,132,Friday,90
2026-08-28,91,91,Austin,3,155,Friday,91
2026-08-28,92,92,Foster,3,162,Friday,92
2026-08-28,93,93,California/Dodge,3,125,Friday,93
2026-08-28,94,94,California,3,170,Friday,94
2026-08-28,95,95,95th,3,256,Friday,95
2026-08-28,96,96,Lunt,3,66,Friday,96
2026-08-28,97,97,Skokie,3,108,Friday,97
2026-08-28,Blue,,Blue Line,1,356,Friday,Blue Line
2026-08-28,Brn,,Brown Line,1,180,Friday,Brown Line
2026-08-28,G,,Green Line,1,256,Friday,Green Line
2026-08-28,J14,J14,Jeffery Jump,3,242,Friday,J14
2026-08-28,N5,N5,South Shore Night Bus,3,20,Friday,N5
2026-08-28,Org,,Orange Line,1,144,Friday,Orange Line
2026-08-28,P,,Purple Line,1,188,Friday,Purple Line
2026-08-28,Pink,,Pink Line,1,122,Friday,Pink Line
2026-08-28,Red,,Red Line,1,424,Friday,Red Line
2026-08-28,X4,X4,Cottage Grove Express,3,69,Friday,X4
2026-08-28,X49,X49,Western Express,3,87,Friday,X49
2026-08-28,X9,X9,Ashland Express,3,102,Friday,X9
2026-08-28,Y,,Yellow Line,1,160,Friday,Yellow Line
2026-08-29,10,10,Obama Presidential Center/Museum of Science & Industry Express ,3,36,Saturday,10
2026-08-29,103,103,West 103rd,3,107,Saturday,103
2026-08-29,106,106,East 103rd,3,78,Saturday,106
2026-08-29,11,11,Lincoln,3,68,Saturday,11
2026-08-29,111,111,111th/King Drive,3,120,Saturday,111
2026-08-29,111A,111A,Pullman Shuttle,3,82,Saturday,111A
2026-08-29,112,112,Vincennes/111th,3,90,Saturday,112
2026-08-29,115,115,Pullman/115th,3,123,Saturday,115
2026-08-29,119,119,Michigan/119th,3,141,Saturday,119
2026-08-29,12,12,Roosevelt,3,215,Saturday,12
2026-08-29,124,124,Navy Pier,3,86,Saturday,124
2026-08-29,126,126,Jackson,3,119,Saturday,126
2026-08-29,130,130,Museum Campus,3,63,Saturday,130
2026-08-29,146,146,Inner Lake Shore/Michigan Express,3,192,Saturday,146
2026-08-29,147,147,Outer DuSable Lake Shore Express,3,219,Saturday,147
2026-08-29,15,15,Jeffery Local,3,138,Saturday,15
2026-08-29,151,151,Sheridan,3,225,Saturday,151
2026-08-29,152,152,Addison,3,121,Saturday,152
2026-08-29,155,155,Devon,3,182,Saturday,155
2026-08-29,169,169,69th/UPS Express,3,1,Saturday,169
2026-08-29,171,171,U. of Chicago/Hyde Park,3,42,Saturday,171
2026-08-29,172,172,U. of Chicago/Kenwood,3,42,Saturday,172
2026-08-29,18,18,16th/18th,3,121,Saturday,18
2026-08-29,20,20,Madison,3,255,Saturday,20
2026-08-29,201,201,Central/Ridge,3,63,Saturday,201
2026-08-29,21,21,Cermak,3,148,Saturday,21
2026-08-29,22,22,Clark,3,224,Saturday,22
2026-08-29,28,28,Stony Island,3,130,Saturday,28
2026-08-29,29,29,State,3,165,Saturday,29
2026-08-29,3,3,King Drive,3,195,Saturday,3
2026-08-29,30,30,South Chicago,3,106,Saturday,30
2026-08-29,34,34,South Michigan,3,210,Saturday,34
2026-08-29,35,35,31st/35th,3,205,Saturday,35
2026-08-29,36,36,Broadway,3,175,Saturday,36
2026-08-29,39,39,Pershing,3,42,Saturday,39
2026-08-29,4,4,Cottage Grove,3,254,Saturday,4
2026-08-29,43,43,43rd,3,58,Saturday,43
2026-08-29,44,44,Wallace/Racine,3,77,Saturday,44
2026-08-29,47,47,47th,3,219,Saturday,47
2026-08-29,49,49,Western,3,256,Saturday,49
2026-08-29,49B,49B,North Western,3,177,Saturday,49B
2026-08-29,50,50,Damen,3,150,Saturday,50
2026-08-29,51,51,51st,3,90,Saturday,51
2026-08-29,52,52,Kedzie,3,148,Saturday,52
2026-08-29,52A,52A,South Kedzie,3,84,Saturday,52A
2026-08-29,53,53,Pulaski,3,272,Saturday,53
2026-08-29,53A,53A,South Pulaski,3,122,Saturday,53A
2026-08-29,54,54,Cicero,3,238,Saturday,54
2026-08-29,54B,54B,South Cicero,3,106,Saturday,54B
2026-08-29,55,55,Garfield,3,240,Saturday,55
2026-08-29,55N,55N,55th/Narragansett,3,56,Saturday,55N
2026-08-29,56,56,Milwaukee,3,116,Saturday,56
2026-08-29,57,57,Laramie,3,77,Saturday,57
2026-08-29,59,59,59th/61st,3,85,Saturday,59
2026-08-29,6,6,Jackson Park Express,3,205,Saturday,6
2026-08-29,60,60,Blue Island/26th,3,220,Saturday,60
2026-08-29,62,62,Archer,3,172,Saturday,62
2026-08-29,62H,62H,Archer/Harlem,3,58,Saturday,62H
2026-08-29,63,63,63rd,3,262,Saturday,63
2026-08-29,63W,63W,West 63rd,3,80,Saturday,63W
2026-08-29,65,65,Grand,3,161,Saturday,65
2026-08-29,66,66,Chicago,3,373,Saturday,66
2026-08-29,67,67,67th/69th/71st,3,208,Saturday,67
2026-08-29,68,68,Northwest Highway,3,70,Saturday,68
2026-08-29,70,70,Division,3,149,Saturday,70
2026-08-29,71,71,71st/South Shore,3,187,Saturday,71
2026-08-29,72,72,North,3,247,Saturday,72
2026-08-29,73,73,Armitage,3,114,Saturday,73
2026-08-29,74,74,Fullerton,3,237,Saturday,74
2026-08-29,75,75,74th/75th,3,136,Saturday,75
2026-08-29,76,76,Diversey,3,142,Saturday,76
2026-08-29,77,77,Belmont,3,249,Saturday,77
2026-08-29,78,78,Montrose,3,132,Saturday,78
2026-08-29,79,79,79th,3,381,Saturday,79
2026-08-29,8,8,Halsted,3,187,Saturday,8
2026-08-29,80,80,Irving Park,3,177,Saturday,80
2026-08-29,81,81,Lawrence,3,234,Saturday,81
2026-08-29,81W,81W,West Lawrence,3,90,Saturday,81W
2026-08-29,82,82,Kimball/Homan,3,246,Saturday,82
2026-08-29,84,84,Peterson,3,88,Saturday,84
2026-08-29,85,85,Central,3,213,Saturday,85
2026-08-29,85A,85A,North Central,3,56,Saturday,85A
2026-08-29,87,87,87th,3,213,Saturday,87
2026-08-29,88,88,Higgins,3,68,Saturday,88
2026-08-29,8A,8A,South Halsted,3,122,Saturday,8A
2026-08-29,9,9,Ashland,3,305,Saturday,9
2026-08-29,90,90,Harlem,3,108,Saturday,90
2026-08-29,91,91,Austin,3,104,Saturday,91
2026-08-29,92,92,Foster,3,120,Saturday,92
2026-08-29,93,93,California/Dodge,3,78,Saturday,93
2026-08-29,94,94,California,3,116,Saturday,94
2026-08-29,95,95,95th,3,233,Saturday,95
2026-08-29,97,97,Skokie,3,91,Saturday,97
2026-08-29,Blue,,Blue Line,1,284,Saturday,Blue Line
2026-08-29,Brn,,Brown Line,1,130,Saturday,Brown Line
2026-08-29,G,,Green Line,1,228,Saturday,Green Line
2026-08-29,J14,J14,Jeffery Jump,3,187,Saturday,J14
2026-08-29,N5,N5,South Shore Night Bus,3,20,Saturday,N5
2026-08-29,Org,,Orange Line,1,120,Saturday,Orange Line
2026-08-29,P,,Purple Line,1,202,Saturday,Purple Line
2026-08-29,Pink,,Pink Line,1,108,Saturday,Pink Line
2026-08-29,Red,,Red Line,1,349,Saturday,Red Line
2026-08-29,Y,,Yellow Line,1,136,Saturday,Yellow Line
2026-08-30,10,10,Obama Presidential Center/Museum of Science & Industry Express ,3,36,Sunday,10
2026-08-30,103,103,West 103rd,3,105,Sunday,103
2026-08-30,106,106,East 103rd,3,82,Sunday,106
2026-08-30,11,11,Lincoln,3,50,Sunday,11
2026-08-30,111,111,111th/King Drive,3,104,Sunday,111
2026-08-30,111A,111A,Pullman Shuttle,3,82,Sunday,111A
2026-08-30,112,112,Vincennes/111th,3,72,Sunday,112
2026-08-30,115,115,Pullman/115th,3,118,Sunday,115
2026-08-30,119,119,Michigan/119th,3,111,Sunday,119
2026-08-30,12,12,Roosevelt,3,219,Sunday,12
2026-08-30,124,124,Navy Pier,3,66,Sunday,124
2026-08-30,126,126,Jackson,3,113,Sunday,126
2026-08-30,130,130,Museum Campus,3,65,Sunday,130
2026-08-30,146,146,Inner Lake Shore/Michigan Express,3,169,Sunday,146
2026-08-30,147,147,Outer DuSable Lake Shore Express,3,168,Sunday,147
2026-08-30,15,15,Jeffery Local,3,110,Sunday,15
2026-08-30,151,151,Sheridan,3,185,Sunday,151
2026-08-30,152,152,Addison,3,97,Sunday,152
2026-08-30,155,155,Devon,3,146,Sunday,155
2026-08-30,172,172,U. of Chicago/Kenwood,3,42,Sunday,172
2026-08-30,18,18,16th/18th,3,98,Sunday,18
2026-08-30,20,20,Madison,3,243,Sunday,20
2026-08-30,21,21,Cermak,3,128,Sunday,21
2026-08-30,22,22,Clark,3,193,Sunday,22
2026-08-30,28,28,Stony Island,3,116,Sunday,28
2026-08-30,29,29,State,3,137,Sunday,29
2026-08-30,3,3,King Drive,3,150,Sunday,3
2026-08-30,30,30,South Chicago,3,82,Sunday,30
2026-08-30,34,34,South Michigan,3,205,Sunday,34
2026-08-30,35,35,31st/35th,3,202,Sunday,35
2026-08-30,36,36,Broadway,3,163,Sunday,36
2026-08-30,39,39,Pershing,3,42,Sunday,39
2026-08-30,4,4,Cottage Grove,3,229,Sunday,4
2026-08-30,43,43,43rd,3,60,Sunday,43
2026-08-30,44,44,Wallace/Racine,3,75,Sunday,44
2026-08-30,47,47,47th,3,217,Sunday,47
2026-08-30,49,49,Western,3,227,Sunday,49
2026-08-30,49B,49B,North Western,3,156,Sunday,49B
2026-08-30,50,50,Damen,3,128,Sunday,50
2026-08-30,51,51,51st,3,80,Sunday,51
2026-08-30,52,52,Kedzie,3,117,Sunday,52
2026-08-30,52A,52A,South Kedzie,3,64,Sunday,52A
2026-08-30,53,53,Pulaski,3,248,Sunday,53
2026-08-30,53A,53A,South Pulaski,3,102,Sunday,53A
2026-08-30,54,54,Cicero,3,223,Sunday,54
2026-08-30,54B,54B,South Cicero,3,78,Sunday,54B
2026-08-30,55,55,Garfield,3,227,Sunday,55
2026-08-30,56,56,Milwaukee,3,110,Sunday,56
2026-08-30,57,57,Laramie,3,57,Sunday,57
2026-08-30,6,6,Jackson Park Express,3,168,Sunday,6
2026-08-30,60,60,Blue Island/26th,3,220,Sunday,60
2026-08-30,62,62,Archer,3,148,Sunday,62
2026-08-30,63,63,63rd,3,264,Sunday,63
2026-08-30,63W,63W,West 63rd,3,62,Sunday,63W
2026-08-30,65,65,Grand,3,122,Sunday,65
2026-08-30,66,66,Chicago,3,280,Sunday,66
2026-08-30,67,67,67th/69th/71st,3,167,Sunday,67
2026-08-30,68,68,Northwest Highway,3,56,Sunday,68
2026-08-30,70,70,Division,3,134,Sunday,70
2026-08-30,71,71,71st/South Shore,3,155,Sunday,71
2026-08-30,72,72,North,3,234,Sunday,72
2026-08-30,73,73,Armitage,3,105,Sunday,73
2026-08-30,74,74,Fullerton,3,229,Sunday,74
2026-08-30,75,75,74th/75th,3,116,Sunday,75
2026-08-30,76,76,Diversey,3,98,Sunday,76
2026-08-30,77,77,Belmont,3,229,Sunday,77
2026-08-30,78,78,Montrose,3,107,Sunday,78
2026-08-30,79,79,79th,3,283,Sunday,79
2026-08-30,8,8,Halsted,3,145,Sunday,8
2026-08-30,80,80,Irving Park,3,144,Sunday,80
2026-08-30,81,81,Lawrence,3,220,Sunday,81
2026-08-30,81W,81W,West Lawrence,3,56,Sunday,81W
2026-08-30,82,82,Kimball/Homan,3,266,Sunday,82
2026-08-30,84,84,Peterson,3,72,Sunday,84
2026-08-30,85,85,Central,3,209,Sunday,85
2026-08-30,87,87,87th,3,176,Sunday,87
2026-08-30,88,88,Higgins,3,64,Sunday,88
2026-08-30,8A,8A,South Halsted,3,102,Sunday,8A
2026-08-30,9,9,Ashland,3,276,Sunday,9
2026-08-30,90,90,Harlem,3,86,Sunday,90
2026-08-30,91,91,Austin,3,92,Sunday,91
2026-08-30,92,92,Foster,3,108,Sunday,92
2026-08-30,93,93,California/Dodge,3,77,Sunday,93
2026-08-30,94,94,California,3,103,Sunday,94
2026-08-30,95,95,95th,3,224,Sunday,95
2026-08-30,97,97,Skokie,3,65,Sunday,97
2026-08-30,Blue,,Blue Line,1,258,Sunday,Blue Line
2026-08-30,Brn,,Brown Line,1,112,Sunday,Brown Line
2026-08-30,G,,Green Line,1,224,Sunday,Green Line
2026-08-30,J14,J14,Jeffery Jump,3,178,Sunday,J14
2026-08-30,N5,N5,South Shore Night Bus,3,22,Sunday,N5
2026-08-30,Org,,Orange Line,1,114,Sunday,Orange Line
2026-08-30,P,,Purple Line,1,183,Sunday,Purple Line
2026-08-30,Pink,,Pink Line,1,102,Sunday,Pink Line
2026-08-30,Red,,Red Line,1,317,Sunday,Red Line
2026-08-30,Y,,Yellow Line,1,136,Sunday,Yellow Line
2026-08-31,1,1,Bronzeville/Union Station,3,59,Monday,1
2026-08-31,10,10,Obama Presidential Center/Museum of Science & Industry Express ,3,36,Monday,10
2026-08-31,100,100,Jeffery Manor Express,3,53,Monday,100
2026-08-31,103,103,West 103rd,3,129,Monday,103
2026-08-31,106,106,East 103rd,3,135,Monday,106
2026-08-31,108,108,Halsted/95th,3,72,Monday,108
2026-08-31,11,11,Lincoln,3,84,Monday,11
2026-08-31,111,111,111th/King Drive,3,140,Monday,111
2026-08-31,111A,111A,Pullman Shuttle,3,82,Monday,111A
2026-08-31,112,112,Vincennes/111th,3,134,Monday,112
2026-08-31,115,115,Pullman/115th,3,143,Monday,115
2026-08-31,119,119,Michigan/119th,3,187,Monday,119
2026-08-31,12,12,Roosevelt,3,254,Monday,12
2026-08-31,120,120,Ogilvie/Streeterville Express,3,73,Monday,120
2026-08-31,121,121,Union/Streeterville Express,3,76,Monday,121
2026-08-31,124,124,Navy Pier,3,75,Monday,124
2026-08-31,125,125,Water Tower Express,3,51,Monday,125
2026-08-31,126,126,Jackson,3,146,Monday,126
2026-08-31,130,130,Museum Campus,3,63,Monday,130
2026-08-31,134,134,Stockton/LaSalle Express,3,49,Monday,134
2026-08-31,135,135,Clarendon/LaSalle Express,3,50,Monday,135
2026-08-31,136,136,Sheridan/LaSalle Express,3,36,Monday,136
2026-08-31,143,143,Stockton/Michigan Express,3,36,Monday,143
2026-08-31,146,146,Inner Lake Shore/Michigan Express,3,222,Monday,146
2026-08-31,147,147,Outer DuSable Lake Shore Express,3,208,Monday,147
2026-08-31,148,148,Clarendon/Michigan Express,3,45,Monday,148
2026-08-31,15,15,Jeffery Local,3,159,Monday,15
2026-08-31,151,151,Sheridan,3,209,Monday,151
2026-08-31,152,152,Addison,3,212,Monday,152
2026-08-31,155,155,Devon,3,204,Monday,155
2026-08-31,156,156,LaSalle,3,136,Monday,156
2026-08-31,157,157,Streeterville/Taylor,3,131,Monday,157
2026-08-31,165,165,West 65th,3,19,Monday,165
2026-08-31,169,169,69th/UPS Express,3,9,Monday,169
2026-08-31,171,171,U. of Chicago/Hyde Park,3,83,Monday,171
2026-08-31,172,172,U. of Chicago/Kenwood,3,126,Monday,172
2026-08-31,18,18,16th/18th,3,130,Monday,18
2026-08-31,192,192,University of Chicago Hospitals Express,3,19,Monday,192
2026-08-31,2,2,Hyde Park Express,3,60,Monday,2
2026-08-31,20,20,Madison,3,338,Monday,20
2026-08-31,201,201,Central/Ridge,3,76,Monday,201
2026-08-31,206,206,Evanston Circulator,3,25,Monday,206
2026-08-31,21,21,Cermak,3,176,Monday,21
2026-08-31,22,22,Clark,3,240,Monday,22
2026-08-31,24,24,Wentworth,3,101,Monday,24
2026-08-31,26,26,South Shore Express,3,86,Monday,26
2026-08-31,28,28,Stony Island,3,164,Monday,28
2026-08-31,29,29,State,3,162,Monday,29
2026-08-31,3,3,King Drive,3,242,Monday,3
2026-08-31,30,30,South Chicago,3,114,Monday,30
2026-08-31,31,31,31st,3,55,Monday,31
2026-08-31,34,34,South Michigan,3,234,Monday,34
2026-08-31,35,35,31st/35th,3,221,Monday,35
2026-08-31,36,36,Broadway,3,166,Monday,36
2026-08-31,37,37,Sedgwick,3,100,Monday,37
2026-08-31,39,39,Pershing,3,94,Monday,39
2026-08-31,4,4,Cottage Grove,3,250,Monday,4
2026-08-31,43,43,43rd,3,112,Monday,43
2026-08-31,44,44,Wallace/Racine,3,141,Monday,44
2026-08-31,47,47,47th,3,251,Monday,47
2026-08-31,48,48,South Damen,3,69,Monday,48
2026-08-31,49,49,Western,3,271,Monday,49
2026-08-31,49B,49B,North Western,3,220,Monday,49B
2026-08-31,50,50,Damen,3,173,Monday,50
2026-08-31,51,51,51st,3,98,Monday,51
2026-08-31,52,52,Kedzie,3,190,Monday,52
2026-08-31,52A,52A,South Kedzie,3,142,Monday,52A
2026-08-31,53,53,Pulaski,3,340,Monday,53
2026-08-31,53A,53A,South Pulaski,3,171,Monday,53A
2026-08-31,54,54,Cicero,3,270,Monday,54
2026-08-31,54A,54A,North Cicero/Skokie Blvd.,3,38,Monday,54A
2026-08-31,54B,54B,South Cicero,3,110,Monday,54B
2026-08-31,55,55,Garfield,3,264,Monday,55
2026-08-31,55A,55A,55th/Austin,3,38,Monday,55A
2026-08-31,55N,55N,55th/Narragansett,3,80,Monday,55N
2026-08-31,56,56,Milwaukee,3,167,Monday,56
2026-08-31,57,57,Laramie,3,130,Monday,57
2026-08-31,59,59,59th/61st,3,114,Monday,59
2026-08-31,6,6,Jackson Park Express,3,190,Monday,6
2026-08-31,60,60,Blue Island/26th,3,252,Monday,60
2026-08-31,62,62,Archer,3,193,Monday,62
2026-08-31,62H,62H,Archer/Harlem,3,76,Monday,62H
2026-08-31,63,63,63rd,3,306,Monday,63
2026-08-31,63W,63W,West 63rd,3,118,Monday,63W
2026-08-31,65,65,Grand,3,202,Monday,65
2026-08-31,66,66,Chicago,3,445,Monday,66
2026-08-31,67,67,67th/69th/71st,3,228,Monday,67
2026-08-31,68,68,Northwest Highway,3,99,Monday,68
2026-08-31,7,7,Harrison,3,132,Monday,7
2026-08-31,70,70,Division,3,212,Monday,70
2026-08-31,71,71,71st/South Shore,3,195,Monday,71
2026-08-31,72,72,North,3,295,Monday,72
2026-08-31,73,73,Armitage,3,186,Monday,73
2026-08-31,74,74,Fullerton,3,283,Monday,74
2026-08-31,75,75,74th/75th,3,168,Monday,75
2026-08-31,76,76,Diversey,3,208,Monday,76
2026-08-31,77,77,Belmont,3,328,Monday,77
2026-08-31,78,78,Montrose,3,167,Monday,78
2026-08-31,79,79,79th,3,446,Monday,79
2026-08-31,8,8,Halsted,3,257,Monday,8
2026-08-31,80,80,Irving Park,3,207,Monday,80
2026-08-31,81,81,Lawrence,3,260,Monday,81
2026-08-31,81W,81W,West Lawrence,3,88,Monday,81W
2026-08-31,82,82,Kimball/Homan,3,281,Monday,82
2026-08-31,84,84,Peterson,3,142,Monday,84
2026-08-31,85,85,Central,3,244,Monday,85
2026-08-31,85A,85A,North Central,3,94,Monday,85A
2026-08-31,86,86,Narragansett/Ridgeland,3,106,Monday,86
2026-08-31,87,87,87th,3,260,Monday,87
2026-08-31,88,88,Higgins,3,100,Monday,88
2026-08-31,8A,8A,South Halsted,3,134,Monday,8A
2026-08-31,9,9,Ashland,3,363,Monday,9
2026-08-31,90,90,Harlem,3,132,Monday,90
2026-08-31,91,91,Austin,3,155,Monday,91
2026-08-31,92,92,Foster,3,162,Monday,92
2026-08-31,93,93,California/Dodge,3,125,Monday,93
2026-08-31,94,94,California,3,170,Monday,94
2026-08-31,95,95,95th,3,256,Monday,95
2026-08-31,96,96,Lunt,3,66,Monday,96
2026-08-31,97,97,Skokie,3,108,Monday,97
2026-08-31,Blue,,Blue Line,1,354,Monday,Blue Line
2026-08-31,Brn,,Brown Line,1,178,Monday,Brown Line
2026-08-31,G,,Green Line,1,256,Monday,Green Line
2026-08-31,J14,J14,Jeffery Jump,3,242,Monday,J14
2026-08-31,N5,N5,South Shore Night Bus,3,20,Monday,N5
2026-08-31,Org,,Orange Line,1,144,Monday,Orange Line
2026-08-31,P,,Purple Line,1,189,Monday,Purple Line
2026-08-31,Pink,,Pink Line,1,122,Monday,Pink Line
2026-08-31,Red,,Red Line,1,422,Monday,Red Line
2026-08-31,X4,X4,Cottage Grove Express,3,69,Monday,X4
2026-08-31,X49,X49,Western Express,3,87,Monday,X49
2026-08-31,X9,X9,Ashland Express,3,102,Monday,X9
2026-08-31,Y,,Yellow Line,1,160,Monday,Yellow Line
2026-09-01,1,1,Bronzeville/Union Station,3,59,Tuesday,1
2026-09-01,10,10,Obama Presidential Center/Museum of Science & Industry Express ,3,36,Tuesday,10
2026-09-01,100,100,Jeffery Manor Express,3,53,Tuesday,100
2026-09-01,103,103,West 103rd,3,129,Tuesday,103
2026-09-01,106,106,East 103rd,3,135,Tuesday,106
2026-09-01,108,108,Halsted/95th,3,72,Tuesday,108
2026-09-01,11,11,Lincoln,3,84,Tuesday,11
2026-09-01,111,111,111th/King Drive,3,140,Tuesday,111
2026-09-01,111A,111A,Pullman Shuttle,3,82,Tuesday,111A
2026-09-01,112,112,Vincennes/111th,3,134,Tuesday,112
2026-09-01,115,115,Pullman/115th,3,143,Tuesday,115
2026-09-01,119,119,Michigan/119th,3,189,Tuesday,119
2026-09-01,12,12,Roosevelt,3,254,Tuesday,12
2026-09-01,120,120,Ogilvie/Streeterville Express,3,73,Tuesday,120
2026-09-01,121,121,Union/Streeterville Express,3,76,Tuesday,121
2026-09-01,124,124,Navy Pier,3,75,Tuesday,124
2026-09-01,125,125,Water Tower Express,3,51,Tuesday,125
2026-09-01,126,126,Jackson,3,146,Tuesday,126
2026-09-01,130,130,Museum Campus,3,63,Tuesday,130
2026-09-01,134,134,Stockton/LaSalle Express,3,49,Tuesday,134
2026-09-01,135,135,Clarendon/LaSalle Express,3,50,Tuesday,135
2026-09-01,136,136,Sheridan/LaSalle Express,3,36,Tuesday,136
2026-09-01,143,143,Stockton/Michigan Express,3,36,Tuesday,143
2026-09-01,146,146,Inner Lake Shore/Michigan Express,3,222,Tuesday,146
2026-09-01,147,147,Outer DuSable Lake Shore Express,3,208,Tuesday,147
2026-09-01,148,148,Clarendon/Michigan Express,3,45,Tuesday,148
2026-09-01,15,15,Jeffery Local,3,159,Tuesday,15
2026-09-01,151,151,Sheridan,3,211,Tuesday,151
2026-09-01,152,152,Addison,3,212,Tuesday,152
2026-09-01,155,155,Devon,3,204,Tuesday,155
2026-09-01,156,156,LaSalle,3,136,Tuesday,156
2026-09-01,157,157,Streeterville/Taylor,3,131,Tuesday,157
2026-09-01,165,165,West 65th,3,19,Tuesday,165
2026-09-01,169,169,69th/UPS Express,3,10,Tuesday,169
2026-09-01,171,171,U. of Chicago/Hyde Park,3,83,Tuesday,171
2026-09-01,172,172,U. of Chicago/Kenwood,3,126,Tuesday,172
2026-09-01,18,18,16th/18th,3,130,Tuesday,18
2026-09-01,192,192,University of Chicago Hospitals Express,3,19,Tuesday,192
2026-09-01,2,2,Hyde Park Express,3,60,Tuesday,2
2026-09-01,20,20,Madison,3,338,Tuesday,20
2026-09-01,201,201,Central/Ridge,3,76,Tuesday,201
2026-09-01,206,206,Evanston Circulator,3,25,Tuesday,206
2026-09-01,21,21,Cermak,3,176,Tuesday,21
2026-09-01,22,22,Clark,3,239,Tuesday,22
2026-09-01,24,24,Wentworth,3,101,Tuesday,24
2026-09-01,26,26,South Shore Express,3,86,Tuesday,26
2026-09-01,28,28,Stony Island,3,162,Tuesday,28
2026-09-01,29,29,State,3,162,Tuesday,29
2026-09-01,3,3,King Drive,3,243,Tuesday,3
2026-09-01,30,30,South Chicago,3,114,Tuesday,30
2026-09-01,31,31,31st,3,55,Tuesday,31
2026-09-01,34,34,South Michigan,3,236,Tuesday,34
2026-09-01,35,35,31st/35th,3,221,Tuesday,35
2026-09-01,36,36,Broadway,3,166,Tuesday,36
2026-09-01,37,37,Sedgwick,3,100,Tuesday,37
2026-09-01,39,39,Pershing,3,94,Tuesday,39
2026-09-01,4,4,Cottage Grove,3,250,Tuesday,4
2026-09-01,43,43,43rd,3,112,Tuesday,43
2026-09-01,44,44,Wallace/Racine,3,141,Tuesday,44
2026-09-01,47,47,47th,3,251,Tuesday,47
2026-09-01,48,48,South Damen,3,69,Tuesday,48
2026-09-01,49,49,Western,3,271,Tuesday,49
2026-09-01,49B,49B,North Western,3,221,Tuesday,49B
2026-09-01,50,50,Damen,3,173,Tuesday,50
2026-09-01,51,51,51st,3,98,Tuesday,51
2026-09-01,52,52,Kedzie,3,190,Tuesday,52
2026-09-01,52A,52A,South Kedzie,3,142,Tuesday,52A
2026-09-01,53,53,Pulaski,3,339,Tuesday,53
2026-09-01,53A,53A,South Pulaski,3,173,Tuesday,53A
2026-09-01,54,54,Cicero,3,272,Tuesday,54
2026-09-01,54A,54A,North Cicero/Skokie Blvd.,3,38,Tuesday,54A
2026-09-01,54B,54B,South Cicero,3,110,Tuesday,54B
2026-09-01,55,55,Garfield,3,264,Tuesday,55
2026-09-01,55A,55A,55th/Austin,3,38,Tuesday,55A
2026-09-01,55N,55N,55th/Narragansett,3,80,Tuesday,55N
2026-09-01,56,56,Milwaukee,3,167,Tuesday,56
2026-09-01,57,57,Laramie,3,130,Tuesday,57
2026-09-01,59,59,59th/61st,3,114,Tuesday,59
2026-09-01,6,6,Jackson Park Express,3,189,Tuesday,6
2026-09-01,60,60,Blue Island/26th,3,252,Tuesday,60
2026-09-01,62,62,Archer,3,193,Tuesday,62
2026-09-01,62H,62H,Archer/Harlem,3,76,Tuesday,62H
2026-09-01,63,63,63rd,3,304,Tuesday,63
2026-09-01,63W,63W,West 63rd,3,118,Tuesday,63W
2026-09-01,65,65,Grand,3,204,Tuesday,65
2026-09-01,66,66,Chicago,3,450,Tuesday,66
2026-09-01,67,67,67th/69th/71st,3,225,Tuesday,67
2026-09-01,68,68,Northwest Highway,3,99,Tuesday,68
2026-09-01,7,7,Harrison,3,132,Tuesday,7
2026-09-01,70,70,Division,3,213,Tuesday,70
2026-09-01,71,71,71st/South Shore,3,199,Tuesday,71
2026-09-01,72,72,North,3,299,Tuesday,72
2026-09-01,73,73,Armitage,3,186,Tuesday,73
2026-09-01,74,74,Fullerton,3,282,Tuesday,74
2026-09-01,75,75,74th/75th,3,168,Tuesday,75
2026-09-01,76,76,Diversey,3,209,Tuesday,76
2026-09-01,77,77,Belmont,3,328,Tuesday,77
2026-09-01,78,78,Montrose,3,167,Tuesday,78
2026-09-01,79,79,79th,3,450,Tuesday,79
2026-09-01,8,8,Halsted,3,257,Tuesday,8
2026-09-01,80,80,Irving Park,3,208,Tuesday,80
2026-09-01,81,81,Lawrence,3,262,Tuesday,81
2026-09-01,81W,81W,West Lawrence,3,88,Tuesday,81W
2026-09-01,82,82,Kimball/Homan,3,280,Tuesday,82
2026-09-01,84,84,Peterson,3,142,Tuesday,84
2026-09-01,85,85,Central,3,244,Tuesday,85
2026-09-01,85A,85A,North Central,3,94,Tuesday,85A
2026-09-01,86,86,Narragansett/Ridgeland,3,106,Tuesday,86
2026-09-01,87,87,87th,3,263,Tuesday,87
2026-09-01,88,88,Higgins,3,100,Tuesday,88
2026-09-01,8A,8A,South Halsted,3,134,Tuesday,8A
2026-09-01,9,9,Ashland,3,365,Tuesday,9
2026-09-01,90,90,Harlem,3,132,Tuesday,90
2026-09-01,91,91,Austin,3,155,Tuesday,91
2026-09-01,92,92,Foster,3,162,Tuesday,92
2026-09-01,93,93,California/Dodge,3,125,Tuesday,93
2026-09-01,94,94,California,3,170,Tuesday,94
2026-09-01,95,95,95th,3,256,Tuesday,95
2026-09-01,96,96,Lunt,3,66,Tuesday,96
2026-09-01,97,97,Skokie,3,108,Tuesday,97
2026-09-01,Blue,,Blue Line,1,356,Tuesday,Blue Line
2026-09-01,Brn,,Brown Line,1,180,Tuesday,Brown Line
2026-09-01,G,,Green Line,1,256,Tuesday,Green Line
2026-09-01,J14,J14,Jeffery Jump,3,242,Tuesday,J14
2026-09-01,N5,N5,South Shore Night Bus,3,20,Tuesday,N5
2026-09-01,Org,,Orange Line,1,144,Tuesday,Orange Line
2026-09-01,P,,Purple Line,1,188,Tuesday,Purple Line
2026-09-01,Pink,,Pink Line,1,122,Tuesday,Pink Line
2026-09-01,Red,,Red Line,1,424,Tuesday,Red Line
2026-09-01,X4,X4,Cottage Grove Express,3,69,Tuesday,X4
2026-09-01,X49,X49,Western Express,3,87,Tuesday,X49
2026-09-01,X9,X9,Ashland Express,3,102,Tuesday,X9
2026-09-01,Y,,Yellow Line,1,160,Tuesday,Yellow Line
2026-09-02,1,1,Bronzeville/Union Station,3,59,Wednesday,1
2026-09-02,10,10,Obama Presidential Center/Museum of Science & Industry Express ,3,36,Wednesday,10
2026-09-02,100,100,Jeffery Manor Express,3,53,Wednesday,100
2026-09-02,103,103,West 103rd,3,129,Wednesday,103
2026-09-02,106,106,East 103rd,3,135,Wednesday,106
2026-09-02,108,108,Halsted/95th,3,72,Wednesday,108
2026-09-02,11,11,Lincoln,3,84,Wednesday,11
2026-09-02,111,111,111th/King Drive,3,140,Wednesday,111
2026-09-02,111A,111A,Pullman Shuttle,3,82,Wednesday,111A
2026-09-02,112,112,Vincennes/111th,3,134,Wednesday,112
2026-09-02,115,115,Pullman/115th,3,143,Wednesday,115
2026-09-02,119,119,Michigan/119th,3,189,Wednesday,119
2026-09-02,12,12,Roosevelt,3,254,Wednesday,12
2026-09-02,120,120,Ogilvie/Streeterville Express,3,73,Wednesday,120
2026-09-02,121,121,Union/Streeterville Express,3,76,Wednesday,121
2026-09-02,124,124,Navy Pier,3,75,Wednesday,124
2026-09-02,125,125,Water Tower Express,3,51,Wednesday,125
2026-09-02,126,126,Jackson,3,146,Wednesday,126
2026-09-02,130,130,Museum Campus,3,63,Wednesday,130
2026-09-02,134,134,Stockton/LaSalle Express,3,49,Wednesday,134
2026-09-02,135,135,Clarendon/LaSalle Express,3,50,Wednesday,135
2026-09-02,136,136,Sheridan/LaSalle Express,3,36,Wednesday,136
2026-09-02,143,143,Stockton/Michigan Express,3,36,Wednesday,143
2026-09-02,146,146,Inner Lake Shore/Michigan Express,3,222,Wednesday,146
2026-09-02,147,147,Outer DuSable Lake Shore Express,3,208,Wednesday,147
2026-09-02,148,148,Clarendon/Michigan Express,3,45,Wednesday,148
2026-09-02,15,15,Jeffery Local,3,159,Wednesday,15
2026-09-02,151,151,Sheridan,3,211,Wednesday,151
2026-09-02,152,152,Addison,3,212,Wednesday,152
2026-09-02,155,155,Devon,3,204,Wednesday,155
2026-09-02,156,156,LaSalle,3,136,Wednesday,156
2026-09-02,157,157,Streeterville/Taylor,3,131,Wednesday,157
2026-09-02,165,165,West 65th,3,19,Wednesday,165
2026-09-02,169,169,69th/UPS Express,3,10,Wednesday,169
2026-09-02,171,171,U. of Chicago/Hyde Park,3,83,Wednesday,171
2026-09-02,172,172,U. of Chicago/Kenwood,3,126,Wednesday,172
2026-09-02,18,18,16th/18th,3,130,Wednesday,18
2026-09-02,192,192,University of Chicago Hospitals Express,3,19,Wednesday,192
2026-09-02,2,2,Hyde Park Express,3,60,Wednesday,2
2026-09-02,20,20,Madison,3,338,Wednesday,20
2026-09-02,201,201,Central/Ridge,3,76,Wednesday,201
2026-09-02,206,206,Evanston Circulator,3,25,Wednesday,206
2026-09-02,21,21,Cermak,3,176,Wednesday,21
2026-09-02,22,22,Clark,3,239,Wednesday,22
2026-09-02,24,24,Wentworth,3,101,Wednesday,24
2026-09-02,26,26,South Shore Express,3,86,Wednesday,26
2026-09-02,28,28,Stony Island,3,162,Wednesday,28
2026-09-02,29,29,State,3,162,Wednesday,29
2026-09-02,3,3,King Drive,3,243,Wednesday,3
2026-09-02,30,30,South Chicago,3,114,Wednesday,30
2026-09-02,31,31,31st,3,55,Wednesday,31
2026-09-02,34,34,South Michigan,3,236,Wednesday,34
2026-09-02,35,35,31st/35th,3,221,Wednesday,35
2026-09-02,36,36,Broadway,3,166,Wednesday,36
2026-09-02,37,37,Sedgwick,3,100,Wednesday,37
2026-09-02,39,39,Pershing,3,94,Wednesday,39
2026-09-02,4,4,Cottage Grove,3,250,Wednesday,4
2026-09-02,43,43,43rd,3,112,Wednesday,43
2026-09-02,44,44,Wallace/Racine,3,141,Wednesday,44
2026-09-02,47,47,47th,3,251,Wednesday,47
2026-09-02,48,48,South Damen,3,69,Wednesday,48
2026-09-02,49,49,Western,3,271,Wednesday,49
2026-09-02,49B,49B,North Western,3,221,Wednesday,49B
2026-09-02,50,50,Damen,3,173,Wednesday,50
2026-09-02,51,51,51st,3,98,Wednesday,51
2026-09-02,52,52,Kedzie,3,190,Wednesday,52
2026-09-02,52A,52A,South Kedzie,3,142,Wednesday,52A
2026-09-02,53,53,Pulaski,3,339,Wednesday,53
2026-09-02,53A,53A,South Pulaski,3,173,Wednesday,53A
2026-09-02,54,54,Cicero,3,272,Wednesday,54
2026-09-02,54A,54A,North Cicero/Skokie Blvd.,3,38,Wednesday,54A
2026-09-02,54B,54B,South Cicero,3,110,Wednesday,54B
2026-09-02,55,55,Garfield,3,264,Wednesday,55
2026-09-02,55A,55A,55th/Austin,3,38,Wednesday,55A
2026-09-02,55N,55N,55th/Narragansett,3,80,Wednesday,55N
2026-09-02,56,56,Milwaukee,3,167,Wednesday,56
2026-09-02,57,57,Laramie,3,130,Wednesday,57
2026-09-02,59,59,59th/61st,3,114,Wednesday,59
2026-09-02,6,6,Jackson Park Express,3,189,Wednesday,6
2026-09-02,60,60,Blue Island/26th,3,252,Wednesday,60
2026-09-02,62,62,Archer,3,193,Wednesday,62
2026-09-02,62H,62H,Archer/Harlem,3,76,Wednesday,62H
2026-09-02,63,63,63rd,3,304,Wednesday,63
2026-09-02,63W,63W,West 63rd,3,118,Wednesday,63W
2026-09-02,65,65,Grand,3,204,Wednesday,65
2026-09-02,66,66,Chicago,3,450,Wednesday,66
2026-09-02,67,67,67th/69th/71st,3,227,Wednesday,67
2026-09-02,68,68,Northwest Highway,3,99,Wednesday,68
2026-09-02,7,7,Harrison,3,132,Wednesday,7
2026-09-02,70,70,Division,3,214,Wednesday,70
2026-09-02,71,71,71st/South Shore,3,199,Wednesday,71
2026-09-02,72,72,North,3,299,Wednesday,72
2026-09-02,73,73,Armitage,3,186,Wednesday,73
2026-09-02,74,74,Fullerton,3,282,Wednesday,74
2026-09-02,75,75,74th/75th,3,168,Wednesday,75
2026-09-02,76,76,Diversey,3,209,Wednesday,76
2026-09-02,77,77,Belmont,3,328,Wednesday,77
2026-09-02,78,78,Montrose,3,167,Wednesday,78
2026-09-02,79,79,79th,3,450,Wednesday,79
2026-09-02,8,8,Halsted,3,257,Wednesday,8
2026-09-02,80,80,Irving Park,3,208,Wednesday,80
2026-09-02,81,81,Lawrence,3,262,Wednesday,81
2026-09-02,81W,81W,West Lawrence,3,88,Wednesday,81W
2026-09-02,82,82,Kimball/Homan,3,280,Wednesday,82
2026-09-02,84,84,Peterson,3,142,Wednesday,84
2026-09-02,85,85,Central,3,244,Wednesday,85
2026-09-02,85A,85A,North Central,3,94,Wednesday,85A
2026-09-02,86,86,Narragansett/Ridgeland,3,106,Wednesday,86
2026-09-02,87,87,87th,3,263,Wednesday,87
2026-09-02,88,88,Higgins,3,100,Wednesday,88
2026-09-02,8A,8A,South Halsted,3,134,Wednesday,8A
2026-09-02,9,9,Ashland,3,365,Wednesday,9
2026-09-02,90,90,Harlem,3,132,Wednesday,90
2026-09-02,91,91,Austin,3,155,Wednesday,91
2026-09-02,92,92,Foster,3,162,Wednesday,92
2026-09-02,93,93,California/Dodge,3,125,Wednesday,93
2026-09-02,94,94,California,3,170,Wednesday,94
2026-09-02,95,95,95th,3,256,Wednesday,95
2026-09-02,96,96,Lunt,3,66,Wednesday,96
2026-09-02,97,97,Skokie,3,108,Wednesday,97
2026-09-02,Blue,,Blue Line,1,356,Wednesday,Blue Line
2026-09-02,Brn,,Brown Line,1,180,Wednesday,Brown Line
2026-09-02,G,,Green Line,1,256,Wednesday,Green Line
2026-09-02,J14,J14,Jeffery Jump,3,242,Wednesday,J14
2026-09-02,N5,N5,South Shore Night Bus,3,20,Wednesday,N5
2026-09-02,Org,,Orange Line,1,144,Wednesday,Orange Line
2026-09-02,P,,Purple Line,1,188,Wednesday,Purple Line
2026-09-02,Pink,,Pink Line,1,122,Wednesday,Pink Line
2026-09-02,Red,,Red Line,1,424,Wednesday,Red Line
2026-09-02,X4,X4,Cottage Grove Express,3,69,Wednesday,X4
2026-09-02,X49,X49,Western Express,3,87,Wednesday,X49
2026-09-02,X9,X9,Ashland Express,3,102,Wednesday,X9
2026-09-02,Y,,Yellow Line,1,160,Wednesday,Yellow Line
2026-09-03,1,1,Bronzeville/Union Station,3,59,Thursday,1
2026-09-03,10,10,Obama Presidential Center/Museum of Science & Industry Express ,3,36,Thursday,10
2026-09-03,100,100,Jeffery Manor Express,3,53,Thursday,100
2026-09-03,103,103,West 103rd,3,129,Thursday,103
2026-09-03,106,106,East 103rd,3,135,Thursday,106
2026-09-03,108,108,Halsted/95th,3,72,Thursday,108
2026-09-03,11,11,Lincoln,3,84,Thursday,11
2026-09-03,111,111,111th/King Drive,3,140,Thursday,111
2026-09-03,111A,111A,Pullman Shuttle,3,82,Thursday,111A
2026-09-03,112,112,Vincennes/111th,3,134,Thursday,112
2026-09-03,115,115,Pullman/115th,3,143,Thursday,115
2026-09-03,119,119,Michigan/119th,3,189,Thursday,119
2026-09-03,12,12,Roosevelt,3,254,Thursday,12
2026-09-03,120,120,Ogilvie/Streeterville Express,3,73,Thursday,120
2026-09-03,121,121,Union/Streeterville Express,3,76,Thursday,121
2026-09-03,124,124,Navy Pier,3,75,Thursday,124
2026-09-03,125,125,Water Tower Express,3,51,Thursday,125
2026-09-03,126,126,Jackson,3,146,Thursday,126
2026-09-03,130,130,Museum Campus,3,63,Thursday,130
2026-09-03,134,134,Stockton/LaSalle Express,3,49,Thursday,134
2026-09-03,135,135,Clarendon/LaSalle Express,3,50,Thursday,135
2026-09-03,136,136,Sheridan/LaSalle Express,3,36,Thursday,136
2026-09-03,143,143,Stockton/Michigan Express,3,36,Thursday,143
2026-09-03,146,146,Inner Lake Shore/Michigan Express,3,222,Thursday,146
2026-09-03,147,147,Outer DuSable Lake Shore Express,3,208,Thursday,147
2026-09-03,148,148,Clarendon/Michigan Express,3,45,Thursday,148
2026-09-03,15,15,Jeffery Local,3,159,Thursday,15
2026-09-03,151,151,Sheridan,3,211,Thursday,151
2026-09-03,152,152,Addison,3,212,Thursday,152
2026-09-03,155,155,Devon,3,204,Thursday,155
2026-09-03,156,156,LaSalle,3,136,Thursday,156
2026-09-03,157,157,Streeterville/Taylor,3,131,Thursday,157
2026-09-03,165,165,West 65th,3,19,Thursday,165
2026-09-03,169,169,69th/UPS Express,3,10,Thursday,169
2026-09-03,171,171,U. of Chicago/Hyde Park,3,83,Thursday,171
2026-09-03,172,172,U. of Chicago/Kenwood,3,126,Thursday,172
2026-09-03,18,18,16th/18th,3,130,Thursday,18
2026-09-03,192,192,University of Chicago Hospitals Express,3,19,Thursday,192
2026-09-03,2,2,Hyde Park Express,3,60,Thursday,2
2026-09-03,20,20,Madison,3,338,Thursday,20
2026-09-03,201,201,Central/Ridge,3,76,Thursday,201
2026-09-03,206,206,Evanston Circulator,3,25,Thursday,206
2026-09-03,21,21,Cermak,3,176,Thursday,21
2026-09-03,22,22,Clark,3,239,Thursday,22
2026-09-03,24,24,Wentworth,3,101,Thursday,24
2026-09-03,26,26,South Shore Express,3,86,Thursday,26
2026-09-03,28,28,Stony Island,3,162,Thursday,28
2026-09-03,29,29,State,3,162,Thursday,29
2026-09-03,3,3,King Drive,3,243,Thursday,3
2026-09-03,30,30,South Chicago,3,114,Thursday,30
2026-09-03,31,31,31st,3,55,Thursday,31
2026-09-03,34,34,South Michigan,3,236,Thursday,34
2026-09-03,35,35,31st/35th,3,221,Thursday,35
2026-09-03,36,36,Broadway,3,166,Thursday,36
2026-09-03,37,37,Sedgwick,3,100,Thursday,37
2026-09-03,39,39,Pershing,3,94,Thursday,39
2026-09-03,4,4,Cottage Grove,3,250,Thursday,4
2026-09-03,43,43,43rd,3,112,Thursday,43
2026-09-03,44,44,Wallace/Racine,3,141,Thursday,44
2026-09-03,47,47,47th,3,251,Thursday,47
2026-09-03,48,48,South Damen,3,69,Thursday,48
2026-09-03,49,49,Western,3,271,Thursday,49
2026-09-03,49B,49B,North Western,3,221,Thursday,49B
2026-09-03,50,50,Damen,3,173,Thursday,50
2026-09-03,51,51,51st,3,98,Thursday,51
2026-09-03,52,52,Kedzie,3,190,Thursday,52
2026-09-03,52A,52A,South Kedzie,3,142,Thursday,52A
2026-09-03,53,53,Pulaski,3,339,Thursday,53
2026-09-03,53A,53A,South Pulaski,3,173,Thursday,53A
2026-09-03,54,54,Cicero,3,272,Thursday,54
2026-09-03,54A,54A,North Cicero/Skokie Blvd.,3,38,Thursday,54A
2026-09-03,54B,54B,South Cicero,3,110,Thursday,54B
2026-09-03,55,55,Garfield,3,264,Thursday,55
2026-09-03,55A,55A,55th/Austin,3,38,Thursday,55A
2026-09-03,55N,55N,55th/Narragansett,3,80,Thursday,55N
2026-09-03,56,56,Milwaukee,3,167,Thursday,56
2026-09-03,57,57,Laramie,3,130,Thursday,57
2026-09-03,59,59,59th/61st,3,114,Thursday,59
2026-09-03,6,6,Jackson Park Express,3,189,Thursday,6
2026-09-03,60,60,Blue Island/26th,3,252,Thursday,60
2026-09-03,62,62,Archer,3,193,Thursday,62
2026-09-03,62H,62H,Archer/Harlem,3,76,Thursday,62H
2026-09-03,63,63,63rd,3,304,Thursday,63
2026-09-03,63W,63W,West 63rd,3,118,Thursday,63W
2026-09-03,65,65,Grand,3,204,Thursday,65
2026-09-03,66,66,Chicago,3,450,Thursday,66
2026-09-03,67,67,67th/69th/71st,3,225,Thursday,67
2026-09-03,68,68,Northwest Highway,3,99,Thursday,68
2026-09-03,7,7,Harrison,3,132,Thursday,7
2026-09-03,70,70,Division,3,213,Thursday,70
2026-09-03,71,71,71st/South Shore,3,199,Thursday,71
2026-09-03,72,72,North,3,299,Thursday,72
2026-09-03,73,73,Armitage,3,186,Thursday,73
2026-09-03,74,74,Fullerton,3,282,Thursday,74
2026-09-03,75,75,74th/75th,3,168,Thursday,75
2026-09-03,76,76,Diversey,3,209,Thursday,76
2026-09-03,77,77,Belmont,3,328,Thursday,77
2026-09-03,78,78,Montrose,3,167,Thursday,78
2026-09-03,79,79,79th,3,450,Thursday,79
2026-09-03,8,8,Halsted,3,257,Thursday,8
2026-09-03,80,80,Irving Park,3,208,Thursday,80
2026-09-03,81,81,Lawrence,3,262,Thursday,81
2026-09-03,81W,81W,West Lawrence,3,88,Thursday,81W
2026-09-03,82,82,Kimball/Homan,3,280,Thursday,82
2026-09-03,84,84,Peterson,3,142,Thursday,84
2026-09-03,85,85,Central,3,244,Thursday,85
2026-09-03,85A,85A,North Central,3,94,Thursday,85A
2026-09-03,86,86,Narragansett/Ridgeland,3,106,Thursday,86
2026-09-03,87,87,87th,3,263,Thursday,87
2026-09-03,88,88,Higgins,3,100,Thursday,88
2026-09-03,8A,8A,South Halsted,3,134,Thursday,8A
2026-09-03,9,9,Ashland,3,365,Thursday,9
2026-09-03,90,90,Harlem,3,132,Thursday,90
2026-09-03,91,91,Austin,3,155,Thursday,91
2026-09-03,92,92,Foster,3,162,Thursday,92
2026-09-03,93,93,California/Dodge,3,125,Thursday,93
2026-09-03,94,94,California,3,170,Thursday,94
2026-09-03,95,95,95th,3,256,Thursday,95
2026-09-03,96,96,Lunt,3,66,Thursday,96
2026-09-03,97,97,Skokie,3,108,Thursday,97
2026-09-03,Blue,,Blue Line,1,356,Thursday,Blue Line
2026-09-03,Brn,,Brown Line,1,180,Thursday,Brown Line
2026-09-03,G,,Green Line,1,256,Thursday,Green Line
2026-09-03,J14,J14,Jeffery Jump,3,242,Thursday,J14
2026-09-03,N5,N5,South Shore Night Bus,3,20,Thursday,N5
2026-09-03,Org,,Orange Line,1,144,Thursday,Orange Line
2026-09-03,P,,Purple Line,1,188,Thursday,Purple Line
2026-09-03,Pink,,Pink Line,1,122,Thursday,Pink Line
2026-09-03,Red,,Red Line,1,424,Thursday,Red Line
2026-09-03,X4,X4,Cottage Grove Express,3,69,Thursday,X4
2026-09-03,X49,X49,Western Express,3,87,Thursday,X49
2026-09-03,X9,X9,Ashland Express,3,102,Thursday,X9
2026-09-03,Y,,Yellow Line,1,160,Thursday,Yellow Line
2026-09-04,1,1,Bronzeville/Union Station,3,59,Friday,1
2026-09-04,10,10,Obama Presidential Center/Museum of Science & Industry Express ,3,36,Friday,10
2026-09-04,100,100,Jeffery Manor Express,3,53,Friday,100
2026-09-04,103,103,West 103rd,3,129,Friday,103
2026-09-04,106,106,East 103rd,3,134,Friday,106
2026-09-04,108,108,Halsted/95th,3,71,Friday,108
2026-09-04,11,11,Lincoln,3,84,Friday,11
2026-09-04,111,111,111th/King Drive,3,140,Friday,111
2026-09-04,111A,111A,Pullman Shuttle,3,82,Friday,111A
2026-09-04,112,112,Vincennes/111th,3,134,Friday,112
2026-09-04,115,115,Pullman/115th,3,143,Friday,115
2026-09-04,119,119,Michigan/119th,3,189,Friday,119
2026-09-04,12,12,Roosevelt,3,254,Friday,12
2026-09-04,120,120,Ogilvie/Streeterville Express,3,73,Friday,120
2026-09-04,121,121,Union/Streeterville Express,3,76,Friday,121
2026-09-04,124,124,Navy Pier,3,75,Friday,124
2026-09-04,125,125,Water Tower Express,3,51,Friday,125
2026-09-04,126,126,Jackson,3,146,Friday,126
2026-09-04,130,130,Museum Campus,3,63,Friday,130
2026-09-04,134,134,Stockton/LaSalle Express,3,49,Friday,134
2026-09-04,135,135,Clarendon/LaSalle Express,3,50,Friday,135
2026-09-04,136,136,Sheridan/LaSalle Express,3,36,Friday,136
2026-09-04,143,143,Stockton/Michigan Express,3,36,Friday,143
2026-09-04,146,146,Inner Lake Shore/Michigan Express,3,222,Friday,146
2026-09-04,147,147,Outer DuSable Lake Shore Express,3,208,Friday,147
2026-09-04,148,148,Clarendon/Michigan Express,3,45,Friday,148
2026-09-04,15,15,Jeffery Local,3,159,Friday,15
2026-09-04,151,151,Sheridan,3,211,Friday,151
2026-09-04,152,152,Addison,3,214,Friday,152
2026-09-04,155,155,Devon,3,204,Friday,155
2026-09-04,156,156,LaSalle,3,136,Friday,156
2026-09-04,157,157,Streeterville/Taylor,3,131,Friday,157
2026-09-04,165,165,West 65th,3,19,Friday,165
2026-09-04,169,169,69th/UPS Express,3,10,Friday,169
2026-09-04,171,171,U. of Chicago/Hyde Park,3,83,Friday,171
2026-09-04,172,172,U. of Chicago/Kenwood,3,126,Friday,172
2026-09-04,18,18,16th/18th,3,130,Friday,18
2026-09-04,192,192,University of Chicago Hospitals Express,3,19,Friday,192
2026-09-04,2,2,Hyde Park Express,3,60,Friday,2
2026-09-04,20,20,Madison,3,338,Friday,20
2026-09-04,201,201,Central/Ridge,3,76,Friday,201
2026-09-04,206,206,Evanston Circulator,3,25,Friday,206
2026-09-04,21,21,Cermak,3,176,Friday,21
2026-09-04,22,22,Clark,3,239,Friday,22
2026-09-04,24,24,Wentworth,3,101,Friday,24
2026-09-04,26,26,South Shore Express,3,86,Friday,26
2026-09-04,28,28,Stony Island,3,162,Friday,28
2026-09-04,29,29,State,3,162,Friday,29
2026-09-04,3,3,King Drive,3,243,Friday,3
2026-09-04,30,30,South Chicago,3,114,Friday,30
2026-09-04,31,31,31st,3,55,Friday,31
2026-09-04,34,34,South Michigan,3,236,Friday,34
2026-09-04,35,35,31st/35th,3,221,Friday,35
2026-09-04,36,36,Broadway,3,166,Friday,36
2026-09-04,37,37,Sedgwick,3,100,Friday,37
2026-09-04,39,39,Pershing,3,94,Friday,39
2026-09-04,4,4,Cottage Grove,3,250,Friday,4
2026-09-04,43,43,43rd,3,112,Friday,43
2026-09-04,44,44,Wallace/Racine,3,141,Friday,44
2026-09-04,47,47,47th,3,251,Friday,47
2026-09-04,48,48,South Damen,3,69,Friday,48
2026-09-04,49,49,Western,3,271,Friday,49
2026-09-04,49B,49B,North Western,3,221,Friday,49B
2026-09-04,50,50,Damen,3,173,Friday,50
2026-09-04,51,51,51st,3,98,Friday,51
2026-09-04,52,52,Kedzie,3,190,Friday,52
2026-09-04,52A,52A,South Kedzie,3,142,Friday,52A
2026-09-04,53,53,Pulaski,3,339,Friday,53
2026-09-04,53A,53A,South Pulaski,3,173,Friday,53A
2026-09-04,54,54,Cicero,3,272,Friday,54
2026-09-04,54A,54A,North Cicero/Skokie Blvd.,3,38,Friday,54A
2026-09-04,54B,54B,South Cicero,3,110,Friday,54B
2026-09-04,55,55,Garfield,3,264,Friday,55
2026-09-04,55A,55A,55th/Austin,3,38,Friday,55A
2026-09-04,55N,55N,55th/Narragansett,3,80,Friday,55N
2026-09-04,56,56,Milwaukee,3,167,Friday,56
2026-09-04,57,57,Laramie,3,130,Friday,57
2026-09-04,59,59,59th/61st,3,114,Friday,59
2026-09-04,6,6,Jackson Park Express,3,189,Friday,6
2026-09-04,60,60,Blue Island/26th,3,252,Friday,60
2026-09-04,62,62,Archer,3,193,Friday,62
2026-09-04,62H,62H,Archer/Harlem,3,76,Friday,62H
2026-09-04,63,63,63rd,3,304,Friday,63
2026-09-04,63W,63W,West 63rd,3,118,Friday,63W
2026-09-04,65,65,Grand,3,204,Friday,65
2026-09-04,66,66,Chicago,3,450,Friday,66
2026-09-04,67,67,67th/69th/71st,3,225,Friday,67
2026-09-04,68,68,Northwest Highway,3,99,Friday,68
2026-09-04,7,7,Harrison,3,132,Friday,7
2026-09-04,70,70,Division,3,213,Friday,70
2026-09-04,71,71,71st/South Shore,3,199,Friday,71
2026-09-04,72,72,North,3,299,Friday,72
2026-09-04,73,73,Armitage,3,187,Friday,73
2026-09-04,74,74,Fullerton,3,282,Friday,74
2026-09-04,75,75,74th/75th,3,168,Friday,75
2026-09-04,76,76,Diversey,3,209,Friday,76
2026-09-04,77,77,Belmont,3,328,Friday,77
2026-09-04,78,78,Montrose,3,167,Friday,78
2026-09-04,79,79,79th,3,450,Friday,79
2026-09-04,8,8,Halsted,3,257,Friday,8
2026-09-04,80,80,Irving Park,3,208,Friday,80
2026-09-04,81,81,Lawrence,3,262,Friday,81
2026-09-04,81W,81W,West Lawrence,3,88,Friday,81W
2026-09-04,82,82,Kimball/Homan,3,280,Friday,82
2026-09-04,84,84,Peterson,3,142,Friday,84
2026-09-04,85,85,Central,3,244,Friday,85
2026-09-04,85A,85A,North Central,3,94,Friday,85A
2026-09-04,86,86,Narragansett/Ridgeland,3,106,Friday,86
2026-09-04,87,87,87th,3,263,Friday,87
2026-09-04,88,88,Higgins,3,100,Friday,88
2026-09-04,8A,8A,South Halsted,3,134,Friday,8A
2026-09-04,9,9,Ashland,3,365,Friday,9
2026-09-04,90,90,Harlem,3,132,Friday,90
2026-09-04,91,91,Austin,3,155,Friday,91
2026-09-04,92,92,Foster,3,162,Friday,92
2026-09-04,93,93,California/Dodge,3,125,Friday,93
2026-09-04,94,94,California,3,170,Friday,94
2026-09-04,95,95,95th,3,256,Friday,95
2026-09-04,96,96,Lunt,3,66,Friday,96
2026-09-04,97,97,Skokie,3,108,Friday,97
2026-09-04,Blue,,Blue Line,1,356,Friday,Blue Line
2026-09-04,Brn,,Brown Line,1,180,Friday,Brown Line
2026-09-04,G,,Green Line,1,256,Friday,Green Line
2026-09-04,J14,J14,Jeffery Jump,3,242,Friday,J14
2026-09-04,N5,N5,South Shore Night Bus,3,20,Friday,N5
2026-09-04,Org,,Orange Line,1,144,Friday,Orange Line
2026-09-04,P,,Purple Line,1,188,Friday,Purple Line
2026-09-04,Pink,,Pink Line,1,122,Friday,Pink Line
2026-09-04,Red,,Red Line,1,424,Friday,Red Line
2026-09-04,X4,X4,Cottage Grove Express,3,69,Friday,X4
2026-09-04,X49,X49,Western Express,3,87,Friday,X49
2026-09-04,X9,X9,Ashland Express,3,102,Friday,X9
2026-09-04,Y,,Yellow Line,1,160,Friday,Yellow Line
2026-09-05,10,10,Obama Presidential Center/Museum of Science & Industry Express ,3,36,Saturday,10
2026-09-05,103,103,West 103rd,3,107,Saturday,103
2026-09-05,106,106,East 103rd,3,78,Saturday,106
2026-09-05,11,11,Lincoln,3,68,Saturday,11
2026-09-05,111,111,111th/King Drive,3,120,Saturday,111
2026-09-05,111A,111A,Pullman Shuttle,3,82,Saturday,111A
2026-09-05,112,112,Vincennes/111th,3,90,Saturday,112
2026-09-05,115,115,Pullman/115th,3,123,Saturday,115
2026-09-05,119,119,Michigan/119th,3,141,Saturday,119
2026-09-05,12,12,Roosevelt,3,215,Saturday,12
2026-09-05,124,124,Navy Pier,3,86,Saturday,124
2026-09-05,126,126,Jackson,3,119,Saturday,126
2026-09-05,130,130,Museum Campus,3,63,Saturday,130
2026-09-05,146,146,Inner Lake Shore/Michigan Express,3,192,Saturday,146
2026-09-05,147,147,Outer DuSable Lake Shore Express,3,219,Saturday,147
2026-09-05,15,15,Jeffery Local,3,138,Saturday,15
2026-09-05,151,151,Sheridan,3,225,Saturday,151
2026-09-05,152,152,Addison,3,121,Saturday,152
2026-09-05,155,155,Devon,3,182,Saturday,155
2026-09-05,169,169,69th/UPS Express,3,1,Saturday,169
2026-09-05,171,171,U. of Chicago/Hyde Park,3,42,Saturday,171
2026-09-05,172,172,U. of Chicago/Kenwood,3,42,Saturday,172
2026-09-05,18,18,16th/18th,3,121,Saturday,18
2026-09-05,20,20,Madison,3,255,Saturday,20
2026-09-05,201,201,Central/Ridge,3,63,Saturday,201
2026-09-05,21,21,Cermak,3,148,Saturday,21
2026-09-05,22,22,Clark,3,224,Saturday,22
2026-09-05,28,28,Stony Island,3,130,Saturday,28
2026-09-05,29,29,State,3,165,Saturday,29
2026-09-05,3,3,King Drive,3,195,Saturday,3
2026-09-05,30,30,South Chicago,3,106,Saturday,30
2026-09-05,34,34,South Michigan,3,210,Saturday,34
2026-09-05,35,35,31st/35th,3,205,Saturday,35
2026-09-05,36,36,Broadway,3,175,Saturday,36
2026-09-05,39,39,Pershing,3,42,Saturday,39
2026-09-05,4,4,Cottage Grove,3,254,Saturday,4
2026-09-05,43,43,43rd,3,58,Saturday,43
2026-09-05,44,44,Wallace/Racine,3,77,Saturday,44
2026-09-05,47,47,47th,3,219,Saturday,47
2026-09-05,49,49,Western,3,256,Saturday,49
2026-09-05,49B,49B,North Western,3,177,Saturday,49B
2026-09-05,50,50,Damen,3,150,Saturday,50
2026-09-05,51,51,51st,3,90,Saturday,51
2026-09-05,52,52,Kedzie,3,148,Saturday,52
2026-09-05,52A,52A,South Kedzie,3,84,Saturday,52A
2026-09-05,53,53,Pulaski,3,272,Saturday,53
2026-09-05,53A,53A,South Pulaski,3,122,Saturday,53A
2026-09-05,54,54,Cicero,3,238,Saturday,54
2026-09-05,54B,54B,South Cicero,3,106,Saturday,54B
2026-09-05,55,55,Garfield,3,240,Saturday,55
2026-09-05,55N,55N,55th/Narragansett,3,56,Saturday,55N
2026-09-05,56,56,Milwaukee,3,116,Saturday,56
2026-09-05,57,57,Laramie,3,77,Saturday,57
2026-09-05,59,59,59th/61st,3,85,Saturday,59
2026-09-05,6,6,Jackson Park Express,3,205,Saturday,6
2026-09-05,60,60,Blue Island/26th,3,220,Saturday,60
2026-09-05,62,62,Archer,3,172,Saturday,62
2026-09-05,62H,62H,Archer/Harlem,3,58,Saturday,62H
2026-09-05,63,63,63rd,3,262,Saturday,63
2026-09-05,63W,63W,West 63rd,3,80,Saturday,63W
2026-09-05,65,65,Grand,3,161,Saturday,65
2026-09-05,66,66,Chicago,3,373,Saturday,66
2026-09-05,67,67,67th/69th/71st,3,208,Saturday,67
2026-09-05,68,68,Northwest Highway,3,70,Saturday,68
2026-09-05,70,70,Division,3,149,Saturday,70
2026-09-05,71,71,71st/South Shore,3,187,Saturday,71
2026-09-05,72,72,North,3,247,Saturday,72
2026-09-05,73,73,Armitage,3,114,Saturday,73
2026-09-05,74,74,Fullerton,3,237,Saturday,74
2026-09-05,75,75,74th/75th,3,136,Saturday,75
2026-09-05,76,76,Diversey,3,142,Saturday,76
2026-09-05,77,77,Belmont,3,249,Saturday,77
2026-09-05,78,78,Montrose,3,132,Saturday,78
2026-09-05,79,79,79th,3,381,Saturday,79
2026-09-05,8,8,Halsted,3,187,Saturday,8
2026-09-05,80,80,Irving Park,3,177,Saturday,80
2026-09-05,81,81,Lawrence,3,234,Saturday,81
2026-09-05,81W,81W,West Lawrence,3,90,Saturday,81W
2026-09-05,82,82,Kimball/Homan,3,246,Saturday,82
2026-09-05,84,84,Peterson,3,88,Saturday,84
2026-09-05,85,85,Central,3,213,Saturday,85
2026-09-05,85A,85A,North Central,3,56,Saturday,85A
2026-09-05,87,87,87th,3,213,Saturday,87
2026-09-05,88,88,Higgins,3,68,Saturday,88
2026-09-05,8A,8A,South Halsted,3,122,Saturday,8A
2026-09-05,9,9,Ashland,3,305,Saturday,9
2026-09-05,90,90,Harlem,3,108,Saturday,90
2026-09-05,91,91,Austin,3,104,Saturday,91
2026-09-05,92,92,Foster,3,120,Saturday,92
2026-09-05,93,93,California/Dodge,3,78,Saturday,93
2026-09-05,94,94,California,3,116,Saturday,94
2026-09-05,95,95,95th,3,233,Saturday,95
2026-09-05,97,97,Skokie,3,91,Saturday,97
2026-09-05,Blue,,Blue Line,1,284,Saturday,Blue Line
2026-09-05,Brn,,Brown Line,1,130,Saturday,Brown Line
2026-09-05,G,,Green Line,1,228,Saturday,Green Line
2026-09-05,J14,J14,Jeffery Jump,3,187,Saturday,J14
2026-09-05,N5,N5,South Shore Night Bus,3,20,Saturday,N5
2026-09-05,Org,,Orange Line,1,120,Saturday,Orange Line
2026-09-05,P,,Purple Line,1,202,Saturday,Purple Line
2026-09-05,Pink,,Pink Line,1,108,Saturday,Pink Line
2026-09-05,Red,,Red Line,1,349,Saturday,Red Line
2026-09-05,Y,,Yellow Line,1,136,Saturday,Yellow Line
2026-09-06,10,10,Obama Presidential Center/Museum of Science & Industry Express ,3,36,Sunday,10
2026-09-06,103,103,West 103rd,3,105,Sunday,103
2026-09-06,106,106,East 103rd,3,82,Sunday,106
2026-09-06,11,11,Lincoln,3,50,Sunday,11
2026-09-06,111,111,111th/King Drive,3,104,Sunday,111
2026-09-06,111A,111A,Pullman Shuttle,3,82,Sunday,111A
2026-09-06,112,112,Vincennes/111th,3,72,Sunday,112
2026-09-06,115,115,Pullman/115th,3,118,Sunday,115
2026-09-06,119,119,Michigan/119th,3,111,Sunday,119
2026-09-06,12,12,Roosevelt,3,219,Sunday,12
2026-09-06,124,124,Navy Pier,3,66,Sunday,124
2026-09-06,126,126,Jackson,3,113,Sunday,126
2026-09-06,130,130,Museum Campus,3,65,Sunday,130
2026-09-06,146,146,Inner Lake Shore/Michigan Express,3,169,Sunday,146
2026-09-06,147,147,Outer DuSable Lake Shore Express,3,168,Sunday,147
2026-09-06,15,15,Jeffery Local,3,110,Sunday,15
2026-09-06,151,151,Sheridan,3,185,Sunday,151
2026-09-06,152,152,Addison,3,97,Sunday,152
2026-09-06,155,155,Devon,3,146,Sunday,155
2026-09-06,172,172,U. of Chicago/Kenwood,3,42,Sunday,172
2026-09-06,18,18,16th/18th,3,98,Sunday,18
2026-09-06,20,20,Madison,3,243,Sunday,20
2026-09-06,21,21,Cermak,3,128,Sunday,21
2026-09-06,22,22,Clark,3,193,Sunday,22
2026-09-06,28,28,Stony Island,3,116,Sunday,28
2026-09-06,29,29,State,3,137,Sunday,29
2026-09-06,3,3,King Drive,3,150,Sunday,3
2026-09-06,30,30,South Chicago,3,82,Sunday,30
2026-09-06,34,34,South Michigan,3,205,Sunday,34
2026-09-06,35,35,31st/35th,3,202,Sunday,35
2026-09-06,36,36,Broadway,3,163,Sunday,36
2026-09-06,39,39,Pershing,3,42,Sunday,39
2026-09-06,4,4,Cottage Grove,3,229,Sunday,4
2026-09-06,43,43,43rd,3,60,Sunday,43
2026-09-06,44,44,Wallace/Racine,3,75,Sunday,44
2026-09-06,47,47,47th,3,217,Sunday,47
2026-09-06,49,49,Western,3,227,Sunday,49
2026-09-06,49B,49B,North Western,3,156,Sunday,49B
2026-09-06,50,50,Damen,3,128,Sunday,50
2026-09-06,51,51,51st,3,80,Sunday,51
2026-09-06,52,52,Kedzie,3,117,Sunday,52
2026-09-06,52A,52A,South Kedzie,3,64,Sunday,52A
2026-09-06,53,53,Pulaski,3,248,Sunday,53
2026-09-06,53A,53A,South Pulaski,3,102,Sunday,53A
2026-09-06,54,54,Cicero,3,223,Sunday,54
2026-09-06,54B,54B,South Cicero,3,78,Sunday,54B
2026-09-06,55,55,Garfield,3,227,Sunday,55
2026-09-06,56,56,Milwaukee,3,110,Sunday,56
2026-09-06,57,57,Laramie,3,57,Sunday,57
2026-09-06,6,6,Jackson Park Express,3,168,Sunday,6
2026-09-06,60,60,Blue Island/26th,3,220,Sunday,60
2026-09-06,62,62,Archer,3,148,Sunday,62
2026-09-06,63,63,63rd,3,264,Sunday,63
2026-09-06,63W,63W,West 63rd,3,62,Sunday,63W
2026-09-06,65,65,Grand,3,122,Sunday,65
2026-09-06,66,66,Chicago,3,280,Sunday,66
2026-09-06,67,67,67th/69th/71st,3,167,Sunday,67
2026-09-06,68,68,Northwest Highway,3,56,Sunday,68
2026-09-06,70,70,Division,3,134,Sunday,70
2026-09-06,71,71,71st/South Shore,3,155,Sunday,71
2026-09-06,72,72,North,3,234,Sunday,72
2026-09-06,73,73,Armitage,3,105,Sunday,73
2026-09-06,74,74,Fullerton,3,229,Sunday,74
2026-09-06,75,75,74th/75th,3,116,Sunday,75
2026-09-06,76,76,Diversey,3,98,Sunday,76
2026-09-06,77,77,Belmont,3,229,Sunday,77
2026-09-06,78,78,Montrose,3,107,Sunday,78
2026-09-06,79,79,79th,3,283,Sunday,79
2026-09-06,8,8,Halsted,3,145,Sunday,8
2026-09-06,80,80,Irving Park,3,144,Sunday,80
2026-09-06,81,81,Lawrence,3,220,Sunday,81
2026-09-06,81W,81W,West Lawrence,3,56,Sunday,81W
2026-09-06,82,82,Kimball/Homan,3,266,Sunday,82
2026-09-06,84,84,Peterson,3,72,Sunday,84
2026-09-06,85,85,Central,3,209,Sunday,85
2026-09-06,87,87,87th,3,176,Sunday,87
2026-09-06,88,88,Higgins,3,64,Sunday,88
2026-09-06,8A,8A,South Halsted,3,102,Sunday,8A
2026-09-06,9,9,Ashland,3,276,Sunday,9
2026-09-06,90,90,Harlem,3,86,Sunday,90
2026-09-06,91,91,Austin,3,92,Sunday,91
2026-09-06,92,92,Foster,3,108,Sunday,92
2026-09-06,93,93,California/Dodge,3,77,Sunday,93
2026-09-06,94,94,California,3,103,Sunday,94
2026-09-06,95,95,95th,3,224,Sunday,95
2026-09-06,97,97,Skokie,3,65,Sunday,97
2026-09-06,Blue,,Blue Line,1,258,Sunday,Blue Line
2026-09-06,Brn,,Brown Line,1,112,Sunday,Brown Line
2026-09-06,G,,Green Line,1,224,Sunday,Green Line
2026-09-06,J14,J14,Jeffery Jump,3,178,Sunday,J14
2026-09-06,N5,N5,South Shore Night Bus,3,22,Sunday,N5
2026-09-06,Org,,Orange Line,1,114,Sunday,Orange Line
2026-09-06,P,,Purple Line,1,183,Sunday,Purple Line
2026-09-06,Pink,,Pink Line,1,102,Sunday,Pink Line
2026-09-06,Red,,Red Line,1,317,Sunday,Red Line
2026-09-06,Y,,Yellow Line,1,136,Sunday,Yellow Line
2026-09-07,10,10,Obama Presidential Center/Museum of Science & Industry Express ,3,36,Monday,10
2026-09-07,103,103,West 103rd,3,105,Monday,103
2026-09-07,106,106,East 103rd,3,82,Monday,106
2026-09-07,11,11,Lincoln,3,50,Monday,11
2026-09-07,111,111,111th/King Drive,3,104,Monday,111
2026-09-07,111A,111A,Pullman Shuttle,3,82,Monday,111A
2026-09-07,112,112,Vincennes/111th,3,72,Monday,112
2026-09-07,115,115,Pullman/115th,3,118,Monday,115
2026-09-07,119,119,Michigan/119th,3,110,Monday,119
2026-09-07,12,12,Roosevelt,3,218,Monday,12
2026-09-07,124,124,Navy Pier,3,66,Monday,124
2026-09-07,126,126,Jackson,3,113,Monday,126
2026-09-07,130,130,Museum Campus,3,63,Monday,130
2026-09-07,146,146,Inner Lake Shore/Michigan Express,3,169,Monday,146
2026-09-07,147,147,Outer DuSable Lake Shore Express,3,168,Monday,147
2026-09-07,15,15,Jeffery Local,3,110,Monday,15
2026-09-07,151,151,Sheridan,3,182,Monday,151
2026-09-07,152,152,Addison,3,97,Monday,152
2026-09-07,155,155,Devon,3,146,Monday,155
2026-09-07,169,169,69th/UPS Express,3,1,Monday,169
2026-09-07,172,172,U. of Chicago/Kenwood,3,42,Monday,172
2026-09-07,18,18,16th/18th,3,98,Monday,18
2026-09-07,20,20,Madison,3,244,Monday,20
2026-09-07,21,21,Cermak,3,128,Monday,21
2026-09-07,22,22,Clark,3,194,Monday,22
2026-09-07,28,28,Stony Island,3,116,Monday,28
2026-09-07,29,29,State,3,137,Monday,29
2026-09-07,3,3,King Drive,3,150,Monday,3
2026-09-07,30,30,South Chicago,3,82,Monday,30
2026-09-07,34,34,South Michigan,3,202,Monday,34
2026-09-07,35,35,31st/35th,3,202,Monday,35
2026-09-07,36,36,Broadway,3,162,Monday,36
2026-09-07,39,39,Pershing,3,42,Monday,39
2026-09-07,4,4,Cottage Grove,3,229,Monday,4
2026-09-07,43,43,43rd,3,60,Monday,43
2026-09-07,44,44,Wallace/Racine,3,75,Monday,44
2026-09-07,47,47,47th,3,217,Monday,47
2026-09-07,49,49,Western,3,228,Monday,49
2026-09-07,49B,49B,North Western,3,155,Monday,49B
2026-09-07,50,50,Damen,3,128,Monday,50
2026-09-07,51,51,51st,3,80,Monday,51
2026-09-07,52,52,Kedzie,3,117,Monday,52
2026-09-07,52A,52A,South Kedzie,3,64,Monday,52A
2026-09-07,53,53,Pulaski,3,247,Monday,53
2026-09-07,53A,53A,South Pulaski,3,102,Monday,53A
2026-09-07,54,54,Cicero,3,222,Monday,54
2026-09-07,54B,54B,South Cicero,3,78,Monday,54B
2026-09-07,55,55,Garfield,3,226,Monday,55
2026-09-07,56,56,Milwaukee,3,110,Monday,56
2026-09-07,57,57,Laramie,3,57,Monday,57
2026-09-07,6,6,Jackson Park Express,3,168,Monday,6
2026-09-07,60,60,Blue Island/26th,3,219,Monday,60
2026-09-07,62,62,Archer,3,148,Monday,62
2026-09-07,63,63,63rd,3,263,Monday,63
2026-09-07,63W,63W,West 63rd,3,62,Monday,63W
2026-09-07,65,65,Grand,3,120,Monday,65
2026-09-07,66,66,Chicago,3,279,Monday,66
2026-09-07,67,67,67th/69th/71st,3,168,Monday,67
2026-09-07,68,68,Northwest Highway,3,56,Monday,68
2026-09-07,70,70,Division,3,133,Monday,70
2026-09-07,71,71,71st/South Shore,3,151,Monday,71
2026-09-07,72,72,North,3,231,Monday,72
2026-09-07,73,73,Armitage,3,105,Monday,73
2026-09-07,74,74,Fullerton,3,228,Monday,74
2026-09-07,75,75,74th/75th,3,116,Monday,75
2026-09-07,76,76,Diversey,3,98,Monday,76
2026-09-07,77,77,Belmont,3,227,Monday,77
2026-09-07,78,78,Montrose,3,107,Monday,78
2026-09-07,79,79,79th,3,280,Monday,79
2026-09-07,8,8,Halsted,3,145,Monday,8
2026-09-07,80,80,Irving Park,3,144,Monday,80
2026-09-07,81,81,Lawrence,3,218,Monday,81
2026-09-07,81W,81W,West Lawrence,3,56,Monday,81W
2026-09-07,82,82,Kimball/Homan,3,267,Monday,82
2026-09-07,84,84,Peterson,3,72,Monday,84
2026-09-07,85,85,Central,3,208,Monday,85
2026-09-07,87,87,87th,3,178,Monday,87
2026-09-07,88,88,Higgins,3,64,Monday,88
2026-09-07,8A,8A,South Halsted,3,102,Monday,8A
2026-09-07,9,9,Ashland,3,276,Monday,9
2026-09-07,90,90,Harlem,3,86,Monday,90
2026-09-07,91,91,Austin,3,92,Monday,91
2026-09-07,92,92,Foster,3,108,Monday,92
2026-09-07,93,93,California/Dodge,3,77,Monday,93
2026-09-07,94,94,California,3,103,Monday,94
2026-09-07,95,95,95th,3,224,Monday,95
2026-09-07,97,97,Skokie,3,65,Monday,97
2026-09-07,Blue,,Blue Line,1,256,Monday,Blue Line
2026-09-07,Brn,,Brown Line,1,110,Monday,Brown Line
2026-09-07,G,,Green Line,1,224,Monday,Green Line
2026-09-07,J14,J14,Jeffery Jump,3,178,Monday,J14
2026-09-07,N5,N5,South Shore Night Bus,3,22,Monday,N5
2026-09-07,Org,,Orange Line,1,114,Monday,Orange Line
2026-09-07,P,,Purple Line,1,178,Monday,Purple Line
2026-09-07,Pink,,Pink Line,1,102,Monday,Pink Line
2026-09-07,Red,,Red Line,1,316,Monday,Red Line
2026-09-07,Y,,Yellow Line,1,136,Monday,Yellow Line
2026-09-08,1,1,Bronzeville/Union Station,3,59,Tuesday,1
2026-09-08,10,10,Obama Presidential Center/Museum of Science & Industry Express ,3,36,Tuesday,10
2026-09-08,100,100,Jeffery Manor Express,3,53,Tuesday,100
2026-09-08,103,103,West 103rd,3,129,Tuesday,103
2026-09-08,106,106,East 103rd,3,135,Tuesday,106
2026-09-08,108,108,Halsted/95th,3,72,Tuesday,108
2026-09-08,11,11,Lincoln,3,84,Tuesday,11
2026-09-08,111,111,111th/King Drive,3,140,Tuesday,111
2026-09-08,111A,111A,Pullman Shuttle,3,82,Tuesday,111A
2026-09-08,112,112,Vincennes/111th,3,134,Tuesday,112
2026-09-08,115,115,Pullman/115th,3,143,Tuesday,115
2026-09-08,119,119,Michigan/119th,3,187,Tuesday,119
2026-09-08,12,12,Roosevelt,3,254,Tuesday,12
2026-09-08,120,120,Ogilvie/Streeterville Express,3,73,Tuesday,120
2026-09-08,121,121,Union/Streeterville Express,3,76,Tuesday,121
2026-09-08,124,124,Navy Pier,3,75,Tuesday,124
2026-09-08,125,125,Water Tower Express,3,51,Tuesday,125
2026-09-08,126,126,Jackson,3,146,Tuesday,126
2026-09-08,134,134,Stockton/LaSalle Express,3,49,Tuesday,134
2026-09-08,135,135,Clarendon/LaSalle Express,3,50,Tuesday,135
2026-09-08,136,136,Sheridan/LaSalle Express,3,36,Tuesday,136
2026-09-08,143,143,Stockton/Michigan Express,3,36,Tuesday,143
2026-09-08,146,146,Inner Lake Shore/Michigan Express,3,222,Tuesday,146
2026-09-08,147,147,Outer DuSable Lake Shore Express,3,208,Tuesday,147
2026-09-08,148,148,Clarendon/Michigan Express,3,45,Tuesday,148
2026-09-08,15,15,Jeffery Local,3,159,Tuesday,15
2026-09-08,151,151,Sheridan,3,209,Tuesday,151
2026-09-08,152,152,Addison,3,212,Tuesday,152
2026-09-08,155,155,Devon,3,204,Tuesday,155
2026-09-08,156,156,LaSalle,3,136,Tuesday,156
2026-09-08,157,157,Streeterville/Taylor,3,131,Tuesday,157
2026-09-08,165,165,West 65th,3,19,Tuesday,165
2026-09-08,169,169,69th/UPS Express,3,10,Tuesday,169
2026-09-08,171,171,U. of Chicago/Hyde Park,3,83,Tuesday,171
2026-09-08,172,172,U. of Chicago/Kenwood,3,126,Tuesday,172
2026-09-08,18,18,16th/18th,3,130,Tuesday,18
2026-09-08,192,192,University of Chicago Hospitals Express,3,19,Tuesday,192
2026-09-08,2,2,Hyde Park Express,3,60,Tuesday,2
2026-09-08,20,20,Madison,3,338,Tuesday,20
2026-09-08,201,201,Central/Ridge,3,76,Tuesday,201
2026-09-08,206,206,Evanston Circulator,3,25,Tuesday,206
2026-09-08,21,21,Cermak,3,176,Tuesday,21
2026-09-08,22,22,Clark,3,240,Tuesday,22
2026-09-08,24,24,Wentworth,3,101,Tuesday,24
2026-09-08,26,26,South Shore Express,3,86,Tuesday,26
2026-09-08,28,28,Stony Island,3,164,Tuesday,28
2026-09-08,29,29,State,3,162,Tuesday,29
2026-09-08,3,3,King Drive,3,242,Tuesday,3
2026-09-08,30,30,South Chicago,3,114,Tuesday,30
2026-09-08,31,31,31st,3,55,Tuesday,31
2026-09-08,34,34,South Michigan,3,234,Tuesday,34
2026-09-08,35,35,31st/35th,3,221,Tuesday,35
2026-09-08,36,36,Broadway,3,166,Tuesday,36
2026-09-08,37,37,Sedgwick,3,100,Tuesday,37
2026-09-08,39,39,Pershing,3,94,Tuesday,39
2026-09-08,4,4,Cottage Grove,3,250,Tuesday,4
2026-09-08,43,43,43rd,3,112,Tuesday,43
2026-09-08,44,44,Wallace/Racine,3,141,Tuesday,44
2026-09-08,47,47,47th,3,251,Tuesday,47
2026-09-08,48,48,South Damen,3,69,Tuesday,48
2026-09-08,49,49,Western,3,271,Tuesday,49
2026-09-08,49B,49B,North Western,3,220,Tuesday,49B
2026-09-08,50,50,Damen,3,173,Tuesday,50
2026-09-08,51,51,51st,3,98,Tuesday,51
2026-09-08,52,52,Kedzie,3,190,Tuesday,52
2026-09-08,52A,52A,South Kedzie,3,142,Tuesday,52A
2026-09-08,53,53,Pulaski,3,340,Tuesday,53
2026-09-08,53A,53A,South Pulaski,3,171,Tuesday,53A
2026-09-08,54,54,Cicero,3,270,Tuesday,54
2026-09-08,54A,54A,North Cicero/Skokie Blvd.,3,38,Tuesday,54A
2026-09-08,54B,54B,South Cicero,3,110,Tuesday,54B
2026-09-08,55,55,Garfield,3,264,Tuesday,55
2026-09-08,55A,55A,55th/Austin,3,38,Tuesday,55A
2026-09-08,55N,55N,55th/Narragansett,3,80,Tuesday,55N
2026-09-08,56,56,Milwaukee,3,167,Tuesday,56
2026-09-08,57,57,Laramie,3,130,Tuesday,57
2026-09-08,59,59,59th/61st,3,114,Tuesday,59
2026-09-08,6,6,Jackson Park Express,3,190,Tuesday,6
2026-09-08,60,60,Blue Island/26th,3,252,Tuesday,60
2026-09-08,62,62,Archer,3,193,Tuesday,62
2026-09-08,62H,62H,Archer/Harlem,3,76,Tuesday,62H
2026-09-08,63,63,63rd,3,306,Tuesday,63
2026-09-08,63W,63W,West 63rd,3,118,Tuesday,63W
2026-09-08,65,65,Grand,3,202,Tuesday,65
2026-09-08,66,66,Chicago,3,445,Tuesday,66
2026-09-08,67,67,67th/69th/71st,3,228,Tuesday,67
2026-09-08,68,68,Northwest Highway,3,99,Tuesday,68
2026-09-08,7,7,Harrison,3,132,Tuesday,7
2026-09-08,70,70,Division,3,212,Tuesday,70
2026-09-08,71,71,71st/South Shore,3,195,Tuesday,71
2026-09-08,72,72,North,3,295,Tuesday,72
2026-09-08,73,73,Armitage,3,186,Tuesday,73
2026-09-08,74,74,Fullerton,3,283,Tuesday,74
2026-09-08,75,75,74th/75th,3,168,Tuesday,75
2026-09-08,76,76,Diversey,3,208,Tuesday,76
2026-09-08,77,77,Belmont,3,328,Tuesday,77
2026-09-08,78,78,Montrose,3,167,Tuesday,78
2026-09-08,79,79,79th,3,446,Tuesday,79
2026-09-08,8,8,Halsted,3,257,Tuesday,8
2026-09-08,80,80,Irving Park,3,207,Tuesday,80
2026-09-08,81,81,Lawrence,3,260,Tuesday,81
2026-09-08,81W,81W,West Lawrence,3,88,Tuesday,81W
2026-09-08,82,82,Kimball/Homan,3,281,Tuesday,82
2026-09-08,84,84,Peterson,3,142,Tuesday,84
2026-09-08,85,85,Central,3,244,Tuesday,85
2026-09-08,85A,85A,North Central,3,94,Tuesday,85A
2026-09-08,86,86,Narragansett/Ridgeland,3,106,Tuesday,86
2026-09-08,87,87,87th,3,260,Tuesday,87
2026-09-08,88,88,Higgins,3,100,Tuesday,88
2026-09-08,8A,8A,South Halsted,3,134,Tuesday,8A
2026-09-08,9,9,Ashland,3,363,Tuesday,9
2026-09-08,90,90,Harlem,3,132,Tuesday,90
2026-09-08,91,91,Austin,3,155,Tuesday,91
2026-09-08,92,92,Foster,3,162,Tuesday,92
2026-09-08,93,93,California/Dodge,3,125,Tuesday,93
2026-09-08,94,94,California,3,170,Tuesday,94
2026-09-08,95,95,95th,3,256,Tuesday,95
2026-09-08,96,96,Lunt,3,66,Tuesday,96
2026-09-08,97,97,Skokie,3,108,Tuesday,97
2026-09-08,Blue,,Blue Line,1,354,Tuesday,Blue Line
2026-09-08,Brn,,Brown Line,1,178,Tuesday,Brown Line
2026-09-08,G,,Green Line,1,256,Tuesday,Green Line
2026-09-08,J14,J14,Jeffery Jump,3,242,Tuesday,J14
2026-09-08,N5,N5,South Shore Night Bus,3,20,Tuesday,N5
2026-09-08,Org,,Orange Line,1,144,Tuesday,Orange Line
2026-09-08,P,,Purple Line,1,189,Tuesday,Purple Line
2026-09-08,Pink,,Pink Line,1,122,Tuesday,Pink Line
2026-09-08,Red,,Red Line,1,422,Tuesday,Red Line
2026-09-08,X4,X4,Cottage Grove Express,3,69,Tuesday,X4
2026-09-08,X49,X49,Western Express,3,87,Tuesday,X49
2026-09-08,X9,X9,Ashland Express,3,102,Tuesday,X9
2026-09-08,Y,,Yellow Line,1,160,Tuesday,Yellow Line
2026-09-09,1,1,Bronzeville/Union Station,3,59,Wednesday,1
2026-09-09,10,10,Obama Presidential Center/Museum of Science & Industry Express ,3,36,Wednesday,10
2026-09-09,100,100,Jeffery Manor Express,3,53,Wednesday,100
2026-09-09,103,103,West 103rd,3,129,Wednesday,103
2026-09-09,106,106,East 103rd,3,135,Wednesday,106
2026-09-09,108,108,Halsted/95th,3,72,Wednesday,108
2026-09-09,11,11,Lincoln,3,84,Wednesday,11
2026-09-09,111,111,111th/King Drive,3,140,Wednesday,111
2026-09-09,111A,111A,Pullman Shuttle,3,82,Wednesday,111A
2026-09-09,112,112,Vincennes/111th,3,134,Wednesday,112
2026-09-09,115,115,Pullman/115th,3,143,Wednesday,115
2026-09-09,119,119,Michigan/119th,3,189,Wednesday,119
2026-09-09,12,12,Roosevelt,3,254,Wednesday,12
2026-09-09,120,120,Ogilvie/Streeterville Express,3,73,Wednesday,120
2026-09-09,121,121,Union/Streeterville Express,3,76,Wednesday,121
2026-09-09,124,124,Navy Pier,3,75,Wednesday,124
2026-09-09,125,125,Water Tower Express,3,51,Wednesday,125
2026-09-09,126,126,Jackson,3,146,Wednesday,126
2026-09-09,134,134,Stockton/LaSalle Express,3,49,Wednesday,134
2026-09-09,135,135,Clarendon/LaSalle Express,3,50,Wednesday,135
2026-09-09,136,136,Sheridan/LaSalle Express,3,36,Wednesday,136
2026-09-09,143,143,Stockton/Michigan Express,3,36,Wednesday,143
2026-09-09,146,146,Inner Lake Shore/Michigan Express,3,222,Wednesday,146
2026-09-09,147,147,Outer DuSable Lake Shore Express,3,208,Wednesday,147
2026-09-09,148,148,Clarendon/Michigan Express,3,45,Wednesday,148
2026-09-09,15,15,Jeffery Local,3,159,Wednesday,15
2026-09-09,151,151,Sheridan,3,211,Wednesday,151
2026-09-09,152,152,Addison,3,212,Wednesday,152
2026-09-09,155,155,Devon,3,204,Wednesday,155
2026-09-09,156,156,LaSalle,3,136,Wednesday,156
2026-09-09,157,157,Streeterville/Taylor,3,131,Wednesday,157
2026-09-09,165,165,West 65th,3,19,Wednesday,165
2026-09-09,169,169,69th/UPS Express,3,10,Wednesday,169
2026-09-09,171,171,U. of Chicago/Hyde Park,3,83,Wednesday,171
2026-09-09,172,172,U. of Chicago/Kenwood,3,126,Wednesday,172
2026-09-09,18,18,16th/18th,3,130,Wednesday,18
2026-09-09,192,192,University of Chicago Hospitals Express,3,19,Wednesday,192
2026-09-09,2,2,Hyde Park Express,3,60,Wednesday,2
2026-09-09,20,20,Madison,3,338,Wednesday,20
2026-09-09,201,201,Central/Ridge,3,76,Wednesday,201
2026-09-09,206,206,Evanston Circulator,3,25,Wednesday,206
2026-09-09,21,21,Cermak,3,176,Wednesday,21
2026-09-09,22,22,Clark,3,239,Wednesday,22
2026-09-09,24,24,Wentworth,3,101,Wednesday,24
2026-09-09,26,26,South Shore Express,3,86,Wednesday,26
2026-09-09,28,28,Stony Island,3,162,Wednesday,28
2026-09-09,29,29,State,3,162,Wednesday,29
2026-09-09,3,3,King Drive,3,243,Wednesday,3
2026-09-09,30,30,South Chicago,3,114,Wednesday,30
2026-09-09,31,31,31st,3,55,Wednesday,31
2026-09-09,34,34,South Michigan,3,236,Wednesday,34
2026-09-09,35,35,31st/35th,3,221,Wednesday,35
2026-09-09,36,36,Broadway,3,166,Wednesday,36
2026-09-09,37,37,Sedgwick,3,100,Wednesday,37
2026-09-09,39,39,Pershing,3,94,Wednesday,39
2026-09-09,4,4,Cottage Grove,3,250,Wednesday,4
2026-09-09,43,43,43rd,3,112,Wednesday,43
2026-09-09,44,44,Wallace/Racine,3,141,Wednesday,44
2026-09-09,47,47,47th,3,251,Wednesday,47
2026-09-09,48,48,South Damen,3,69,Wednesday,48
2026-09-09,49,49,Western,3,271,Wednesday,49
2026-09-09,49B,49B,North Western,3,221,Wednesday,49B
2026-09-09,50,50,Damen,3,173,Wednesday,50
2026-09-09,51,51,51st,3,98,Wednesday,51
2026-09-09,52,52,Kedzie,3,190,Wednesday,52
2026-09-09,52A,52A,South Kedzie,3,142,Wednesday,52A
2026-09-09,53,53,Pulaski,3,339,Wednesday,53
2026-09-09,53A,53A,South Pulaski,3,173,Wednesday,53A
2026-09-09,54,54,Cicero,3,272,Wednesday,54
2026-09-09,54A,54A,North Cicero/Skokie Blvd.,3,38,Wednesday,54A
2026-09-09,54B,54B,South Cicero,3,110,Wednesday,54B
2026-09-09,55,55,Garfield,3,264,Wednesday,55
2026-09-09,55A,55A,55th/Austin,3,38,Wednesday,55A
2026-09-09,55N,55N,55th/Narragansett,3,80,Wednesday,55N
2026-09-09,56,56,Milwaukee,3,167,Wednesday,56
2026-09-09,57,57,Laramie,3,130,Wednesday,57
2026-09-09,59,59,59th/61st,3,114,Wednesday,59
2026-09-09,6,6,Jackson Park Express,3,189,Wednesday,6
2026-09-09,60,60,Blue Island/26th,3,252,Wednesday,60
2026-09-09,62,62,Archer,3,193,Wednesday,62
2026-09-09,62H,62H,Archer/Harlem,3,76,Wednesday,62H
2026-09-09,63,63,63rd,3,304,Wednesday,63
2026-09-09,63W,63W,West 63rd,3,118,Wednesday,63W
2026-09-09,65,65,Grand,3,204,Wednesday,65
2026-09-09,66,66,Chicago,3,450,Wednesday,66
2026-09-09,67,67,67th/69th/71st,3,227,Wednesday,67
2026-09-09,68,68,Northwest Highway,3,99,Wednesday,68
2026-09-09,7,7,Harrison,3,132,Wednesday,7
2026-09-09,70,70,Division,3,214,Wednesday,70
2026-09-09,71,71,71st/South Shore,3,199,Wednesday,71
2026-09-09,72,72,North,3,299,Wednesday,72
2026-09-09,73,73,Armitage,3,186,Wednesday,73
2026-09-09,74,74,Fullerton,3,282,Wednesday,74
2026-09-09,75,75,74th/75th,3,168,Wednesday,75
2026-09-09,76,76,Diversey,3,209,Wednesday,76
2026-09-09,77,77,Belmont,3,328,Wednesday,77
2026-09-09,78,78,Montrose,3,167,Wednesday,78
2026-09-09,79,79,79th,3,450,Wednesday,79
2026-09-09,8,8,Halsted,3,257,Wednesday,8
2026-09-09,80,80,Irving Park,3,208,Wednesday,80
2026-09-09,81,81,Lawrence,3,262,Wednesday,81
2026-09-09,81W,81W,West Lawrence,3,88,Wednesday,81W
2026-09-09,82,82,Kimball/Homan,3,280,Wednesday,82
2026-09-09,84,84,Peterson,3,142,Wednesday,84
2026-09-09,85,85,Central,3,244,Wednesday,85
2026-09-09,85A,85A,North Central,3,94,Wednesday,85A
2026-09-09,86,86,Narragansett/Ridgeland,3,106,Wednesday,86
2026-09-09,87,87,87th,3,263,Wednesday,87
2026-09-09,88,88,Higgins,3,100,Wednesday,88
2026-09-09,8A,8A,South Halsted,3,134,Wednesday,8A
2026-09-09,9,9,Ashland,3,365,Wednesday,9
2026-09-09,90,90,Harlem,3,132,Wednesday,90
2026-09-09,91,91,Austin,3,155,Wednesday,91
2026-09-09,92,92,Foster,3,162,Wednesday,92
2026-09-09,93,93,California/Dodge,3,125,Wednesday,93
2026-09-09,94,94,California,3,170,Wednesday,94
2026-09-09,95,95,95th,3,256,Wednesday,95
2026-09-09,96,96,Lunt,3,66,Wednesday,96
2026-09-09,97,97,Skokie,3,108,Wednesday,97
2026-09-09,Blue,,Blue Line,1,356,Wednesday,Blue Line
2026-09-09,Brn,,Brown Line,1,180,Wednesday,Brown Line
2026-09-09,G,,Green Line,1,256,Wednesday,Green Line
2026-09-09,J14,J14,Jeffery Jump,3,242,Wednesday,J14
2026-09-09,N5,N5,South Shore Night Bus,3,20,Wednesday,N5
2026-09-09,Org,,Orange Line,1,144,Wednesday,Orange Line
2026-09-09,P,,Purple Line,1,188,Wednesday,Purple Line
2026-09-09,Pink,,Pink Line,1,122,Wednesday,Pink Line
2026-09-09,Red,,Red Line,1,424,Wednesday,Red Line
2026-09-09,X4,X4,Cottage Grove Express,3,69,Wednesday,X4
2026-09-09,X49,X49,Western Express,3,87,Wednesday,X49
2026-09-09,X9,X9,Ashland Express,3,102,Wednesday,X9
2026-09-09,Y,,Yellow Line,1,160,Wednesday,Yellow Line
2026-09-10,1,1,Bronzeville/Union Station,3,59,Thursday,1
2026-09-10,10,10,Obama Presidential Center/Museum of Science & Industry Express ,3,36,Thursday,10
2026-09-10,100,100,Jeffery Manor Express,3,53,Thursday,100
2026-09-10,103,103,West 103rd,3,129,Thursday,103
2026-09-10,106,106,East 103rd,3,135,Thursday,106
2026-09-10,108,108,Halsted/95th,3,72,Thursday,108
2026-09-10,11,11,Lincoln,3,84,Thursday,11
2026-09-10,111,111,111th/King Drive,3,140,Thursday,111
2026-09-10,111A,111A,Pullman Shuttle,3,82,Thursday,111A
2026-09-10,112,112,Vincennes/111th,3,134,Thursday,112
2026-09-10,115,115,Pullman/115th,3,143,Thursday,115
2026-09-10,119,119,Michigan/119th,3,189,Thursday,119
2026-09-10,12,12,Roosevelt,3,254,Thursday,12
2026-09-10,120,120,Ogilvie/Streeterville Express,3,73,Thursday,120
2026-09-10,121,121,Union/Streeterville Express,3,76,Thursday,121
2026-09-10,124,124,Navy Pier,3,75,Thursday,124
2026-09-10,125,125,Water Tower Express,3,51,Thursday,125
2026-09-10,126,126,Jackson,3,146,Thursday,126
2026-09-10,134,134,Stockton/LaSalle Express,3,49,Thursday,134
2026-09-10,135,135,Clarendon/LaSalle Express,3,50,Thursday,135
2026-09-10,136,136,Sheridan/LaSalle Express,3,36,Thursday,136
2026-09-10,143,143,Stockton/Michigan Express,3,36,Thursday,143
2026-09-10,146,146,Inner Lake Shore/Michigan Express,3,222,Thursday,146
2026-09-10,147,147,Outer DuSable Lake Shore Express,3,208,Thursday,147
2026-09-10,148,148,Clarendon/Michigan Express,3,45,Thursday,148
2026-09-10,15,15,Jeffery Local,3,159,Thursday,15
2026-09-10,151,151,Sheridan,3,211,Thursday,151
2026-09-10,152,152,Addison,3,212,Thursday,152
2026-09-10,155,155,Devon,3,204,Thursday,155
2026-09-10,156,156,LaSalle,3,136,Thursday,156
2026-09-10,157,157,Streeterville/Taylor,3,131,Thursday,157
2026-09-10,165,165,West 65th,3,19,Thursday,165
2026-09-10,169,169,69th/UPS Express,3,10,Thursday,169
2026-09-10,171,171,U. of Chicago/Hyde Park,3,83,Thursday,171
2026-09-10,172,172,U. of Chicago/Kenwood,3,126,Thursday,172
2026-09-10,18,18,16th/18th,3,130,Thursday,18
2026-09-10,192,192,University of Chicago Hospitals Express,3,19,Thursday,192
2026-09-10,2,2,Hyde Park Express,3,60,Thursday,2
2026-09-10,20,20,Madison,3,338,Thursday,20
2026-09-10,201,201,Central/Ridge,3,76,Thursday,201
2026-09-10,206,206,Evanston Circulator,3,25,Thursday,206
2026-09-10,21,21,Cermak,3,176,Thursday,21
2026-09-10,22,22,Clark,3,239,Thursday,22
2026-09-10,24,24,Wentworth,3,101,Thursday,24
2026-09-10,26,26,South Shore Express,3,86,Thursday,26
2026-09-10,28,28,Stony Island,3,162,Thursday,28
2026-09-10,29,29,State,3,162,Thursday,29
2026-09-10,3,3,King Drive,3,243,Thursday,3
2026-09-10,30,30,South Chicago,3,114,Thursday,30
2026-09-10,31,31,31st,3,55,Thursday,31
2026-09-10,34,34,South Michigan,3,236,Thursday,34
2026-09-10,35,35,31st/35th,3,221,Thursday,35
2026-09-10,36,36,Broadway,3,166,Thursday,36
2026-09-10,37,37,Sedgwick,3,100,Thursday,37
2026-09-10,39,39,Pershing,3,94,Thursday,39
2026-09-10,4,4,Cottage Grove,3,250,Thursday,4
2026-09-10,43,43,43rd,3,112,Thursday,43
2026-09-10,44,44,Wallace/Racine,3,141,Thursday,44
2026-09-10,47,47,47th,3,251,Thursday,47
2026-09-10,48,48,South Damen,3,69,Thursday,48
2026-09-10,49,49,Western,3,271,Thursday,49
2026-09-10,49B,49B,North Western,3,221,Thursday,49B
2026-09-10,50,50,Damen,3,173,Thursday,50
2026-09-10,51,51,51st,3,98,Thursday,51
2026-09-10,52,52,Kedzie,3,190,Thursday,52
2026-09-10,52A,52A,South Kedzie,3,142,Thursday,52A
2026-09-10,53,53,Pulaski,3,339,Thursday,53
2026-09-10,53A,53A,South Pulaski,3,173,Thursday,53A
2026-09-10,54,54,Cicero,3,272,Thursday,54
2026-09-10,54A,54A,North Cicero/Skokie Blvd.,3,38,Thursday,54A
2026-09-10,54B,54B,South Cicero,3,110,Thursday,54B
2026-09-10,55,55,Garfield,3,264,Thursday,55
2026-09-10,55A,55A,55th/Austin,3,38,Thursday,55A
2026-09-10,55N,55N,55th/Narragansett,3,80,Thursday,55N
2026-09-10,56,56,Milwaukee,3,167,Thursday,56
2026-09-10,57,57,Laramie,3,130,Thursday,57
2026-09-10,59,59,59th/61st,3,114,Thursday,59
2026-09-10,6,6,Jackson Park Express,3,189,Thursday,6
2026-09-10,60,60,Blue Island/26th,3,252,Thursday,60
2026-09-10,62,62,Archer,3,193,Thursday,62
2026-09-10,62H,62H,Archer/Harlem,3,76,Thursday,62H
2026-09-10,63,63,63rd,3,304,Thursday,63
2026-09-10,63W,63W,West 63rd,3,118,Thursday,63W
2026-09-10,65,65,Grand,3,204,Thursday,65
2026-09-10,66,66,Chicago,3,450,Thursday,66
2026-09-10,67,67,67th/69th/71st,3,225,Thursday,67
2026-09-10,68,68,Northwest Highway,3,99,Thursday,68
2026-09-10,7,7,Harrison,3,132,Thursday,7
2026-09-10,70,70,Division,3,213,Thursday,70
2026-09-10,71,71,71st/South Shore,3,199,Thursday,71
2026-09-10,72,72,North,3,299,Thursday,72
2026-09-10,73,73,Armitage,3,186,Thursday,73
2026-09-10,74,74,Fullerton,3,282,Thursday,74
2026-09-10,75,75,74th/75th,3,168,Thursday,75
2026-09-10,76,76,Diversey,3,209,Thursday,76
2026-09-10,77,77,Belmont,3,328,Thursday,77
2026-09-10,78,78,Montrose,3,167,Thursday,78
2026-09-10,79,79,79th,3,450,Thursday,79
2026-09-10,8,8,Halsted,3,257,Thursday,8
2026-09-10,80,80,Irving Park,3,208,Thursday,80
2026-09-10,81,81,Lawrence,3,262,Thursday,81
2026-09-10,81W,81W,West Lawrence,3,88,Thursday,81W
2026-09-10,82,82,Kimball/Homan,3,280,Thursday,82
2026-09-10,84,84,Peterson,3,142,Thursday,84
2026-09-10,85,85,Central,3,244,Thursday,85
2026-09-10,85A,85A,North Central,3,94,Thursday,85A
2026-09-10,86,86,Narragansett/Ridgeland,3,106,Thursday,86
2026-09-10,87,87,87th,3,263,Thursday,87
2026-09-10,88,88,Higgins,3,100,Thursday,88
2026-09-10,8A,8A,South Halsted,3,134,Thursday,8A
2026-09-10,9,9,Ashland,3,365,Thursday,9
2026-09-10,90,90,Harlem,3,132,Thursday,90
2026-09-10,91,91,Austin,3,155,Thursday,91
2026-09-10,92,92,Foster,3,162,Thursday,92
2026-09-10,93,93,California/Dodge,3,125,Thursday,93
2026-09-10,94,94,California,3,170,Thursday,94
2026-09-10,95,95,95th,3,256,Thursday,95
2026-09-10,96,96,Lunt,3,66,Thursday,96
2026-09-10,97,97,Skokie,3,108,Thursday,97
2026-09-10,Blue,,Blue Line,1,356,Thursday,Blue Line
2026-09-10,Brn,,Brown Line,1,180,Thursday,Brown Line
2026-09-10,G,,Green Line,1,256,Thursday,Green Line
2026-09-10,J14,J14,Jeffery Jump,3,242,Thursday,J14
2026-09-10,N5,N5,South Shore Night Bus,3,20,Thursday,N5
2026-09-10,Org,,Orange Line,1,144,Thursday,Orange Line
2026-09-10,P,,Purple Line,1,188,Thursday,Purple Line
2026-09-10,Pink,,Pink Line,1,122,Thursday,Pink Line
2026-09-10,Red,,Red Line,1,424,Thursday,Red Line
2026-09-10,X4,X4,Cottage Grove Express,3,69,Thursday,X4
2026-09-10,X49,X49,Western Express,3,87,Thursday,X49
2026-09-10,X9,X9,Ashland Express,3,102,Thursday,X9
2026-09-10,Y,,Yellow Line,1,160,Thursday,Yellow Line
2026-09-11,1,1,Bronzeville/Union Station,3,59,Friday,1
2026-09-11,10,10,Obama Presidential Center/Museum of Science & Industry Express ,3,36,Friday,10
2026-09-11,100,100,Jeffery Manor Express,3,53,Friday,100
2026-09-11,103,103,West 103rd,3,129,Friday,103
2026-09-11,106,106,East 103rd,3,134,Friday,106
2026-09-11,108,108,Halsted/95th,3,71,Friday,108
2026-09-11,11,11,Lincoln,3,84,Friday,11
2026-09-11,111,111,111th/King Drive,3,140,Friday,111
2026-09-11,111A,111A,Pullman Shuttle,3,82,Friday,111A
2026-09-11,112,112,Vincennes/111th,3,134,Friday,112
2026-09-11,115,115,Pullman/115th,3,143,Friday,115
2026-09-11,119,119,Michigan/119th,3,189,Friday,119
2026-09-11,12,12,Roosevelt,3,254,Friday,12
2026-09-11,120,120,Ogilvie/Streeterville Express,3,73,Friday,120
2026-09-11,121,121,Union/Streeterville Express,3,76,Friday,121
2026-09-11,124,124,Navy Pier,3,75,Friday,124
2026-09-11,125,125,Water Tower Express,3,51,Friday,125
2026-09-11,126,126,Jackson,3,146,Friday,126
2026-09-11,134,134,Stockton/LaSalle Express,3,49,Friday,134
2026-09-11,135,135,Clarendon/LaSalle Express,3,50,Friday,135
2026-09-11,136,136,Sheridan/LaSalle Express,3,36,Friday,136
2026-09-11,143,143,Stockton/Michigan Express,3,36,Friday,143
2026-09-11,146,146,Inner Lake Shore/Michigan Express,3,222,Friday,146
2026-09-11,147,147,Outer DuSable Lake Shore Express,3,208,Friday,147
2026-09-11,148,148,Clarendon/Michigan Express,3,45,Friday,148
2026-09-11,15,15,Jeffery Local,3,159,Friday,15
2026-09-11,151,151,Sheridan,3,211,Friday,151
2026-09-11,152,152,Addison,3,214,Friday,152
2026-09-11,155,155,Devon,3,204,Friday,155
2026-09-11,156,156,LaSalle,3,136,Friday,156
2026-09-11,157,157,Streeterville/Taylor,3,131,Friday,157
2026-09-11,165,165,West 65th,3,19,Friday,165
2026-09-11,169,169,69th/UPS Express,3,10,Friday,169
2026-09-11,171,171,U. of Chicago/Hyde Park,3,83,Friday,171
2026-09-11,172,172,U. of Chicago/Kenwood,3,126,Friday,172
2026-09-11,18,18,16th/18th,3,130,Friday,18
2026-09-11,192,192,University of Chicago Hospitals Express,3,19,Friday,192
2026-09-11,2,2,Hyde Park Express,3,60,Friday,2
2026-09-11,20,20,Madison,3,338,Friday,20
2026-09-11,201,201,Central/Ridge,3,76,Friday,201
2026-09-11,206,206,Evanston Circulator,3,25,Friday,206
2026-09-11,21,21,Cermak,3,176,Friday,21
2026-09-11,22,22,Clark,3,239,Friday,22
2026-09-11,24,24,Wentworth,3,101,Friday,24
2026-09-11,26,26,South Shore Express,3,86,Friday,26
2026-09-11,28,28,Stony Island,3,162,Friday,28
2026-09-11,29,29,State,3,162,Friday,29
2026-09-11,3,3,King Drive,3,243,Friday,3
2026-09-11,30,30,South Chicago,3,114,Friday,30
2026-09-11,31,31,31st,3,55,Friday,31
2026-09-11,34,34,South Michigan,3,236,Friday,34
2026-09-11,35,35,31st/35th,3,221,Friday,35
2026-09-11,36,36,Broadway,3,166,Friday,36
2026-09-11,37,37,Sedgwick,3,100,Friday,37
2026-09-11,39,39,Pershing,3,94,Friday,39
2026-09-11,4,4,Cottage Grove,3,250,Friday,4
2026-09-11,43,43,43rd,3,112,Friday,43
2026-09-11,44,44,Wallace/Racine,3,141,Friday,44
2026-09-11,47,47,47th,3,251,Friday,47
2026-09-11,48,48,South Damen,3,69,Friday,48
2026-09-11,49,49,Western,3,271,Friday,49
2026-09-11,49B,49B,North Western,3,221,Friday,49B
2026-09-11,50,50,Damen,3,173,Friday,50
2026-09-11,51,51,51st,3,98,Friday,51
2026-09-11,52,52,Kedzie,3,190,Friday,52
2026-09-11,52A,52A,South Kedzie,3,142,Friday,52A
2026-09-11,53,53,Pulaski,3,339,Friday,53
2026-09-11,53A,53A,South Pulaski,3,173,Friday,53A
2026-09-11,54,54,Cicero,3,272,Friday,54
2026-09-11,54A,54A,North Cicero/Skokie Blvd.,3,38,Friday,54A
2026-09-11,54B,54B,South Cicero,3,110,Friday,54B
2026-09-11,55,55,Garfield,3,264,Friday,55
2026-09-11,55A,55A,55th/Austin,3,38,Friday,55A
2026-09-11,55N,55N,55th/Narragansett,3,80,Friday,55N
2026-09-11,56,56,Milwaukee,3,167,Friday,56
2026-09-11,57,57,Laramie,3,130,Friday,57
2026-09-11,59,59,59th/61st,3,114,Friday,59
2026-09-11,6,6,Jackson Park Express,3,189,Friday,6
2026-09-11,60,60,Blue Island/26th,3,252,Friday,60
2026-09-11,62,62,Archer,3,193,Friday,62
2026-09-11,62H,62H,Archer/Harlem,3,76,Friday,62H
2026-09-11,63,63,63rd,3,304,Friday,63
2026-09-11,63W,63W,West 63rd,3,118,Friday,63W
2026-09-11,65,65,Grand,3,204,Friday,65
2026-09-11,66,66,Chicago,3,450,Friday,66
2026-09-11,67,67,67th/69th/71st,3,225,Friday,67
2026-09-11,68,68,Northwest Highway,3,99,Friday,68
2026-09-11,7,7,Harrison,3,132,Friday,7
2026-09-11,70,70,Division,3,213,Friday,70
2026-09-11,71,71,71st/South Shore,3,199,Friday,71
2026-09-11,72,72,North,3,299,Friday,72
2026-09-11,73,73,Armitage,3,187,Friday,73
2026-09-11,74,74,Fullerton,3,282,Friday,74
2026-09-11,75,75,74th/75th,3,168,Friday,75
2026-09-11,76,76,Diversey,3,209,Friday,76
2026-09-11,77,77,Belmont,3,328,Friday,77
2026-09-11,78,78,Montrose,3,167,Friday,78
2026-09-11,79,79,79th,3,450,Friday,79
2026-09-11,8,8,Halsted,3,257,Friday,8
2026-09-11,80,80,Irving Park,3,208,Friday,80
2026-09-11,81,81,Lawrence,3,262,Friday,81
2026-09-11,81W,81W,West Lawrence,3,88,Friday,81W
2026-09-11,82,82,Kimball/Homan,3,280,Friday,82
2026-09-11,84,84,Peterson,3,142,Friday,84
2026-09-11,85,85,Central,3,244,Friday,85
2026-09-11,85A,85A,North Central,3,94,Friday,85A
2026-09-11,86,86,Narragansett/Ridgeland,3,106,Friday,86
2026-09-11,87,87,87th,3,263,Friday,87
2026-09-11,88,88,Higgins,3,100,Friday,88
2026-09-11,8A,8A,South Halsted,3,134,Friday,8A
2026-09-11,9,9,Ashland,3,365,Friday,9
2026-09-11,90,90,Harlem,3,132,Friday,90
2026-09-11,91,91,Austin,3,155,Friday,91
2026-09-11,92,92,Foster,3,162,Friday,92
2026-09-11,93,93,California/Dodge,3,125,Friday,93
2026-09-11,94,94,California,3,170,Friday,94
2026-09-11,95,95,95th,3,256,Friday,95
2026-09-11,96,96,Lunt,3,66,Friday,96
2026-09-11,97,97,Skokie,3,108,Friday,97
2026-09-11,Blue,,Blue Line,1,356,Friday,Blue Line
2026-09-11,Brn,,Brown Line,1,180,Friday,Brown Line
2026-09-11,G,,Green Line,1,256,Friday,Green Line
2026-09-11,J14,J14,Jeffery Jump,3,242,Friday,J14
2026-09-11,N5,N5,South Shore Night Bus,3,20,Friday,N5
2026-09-11,Org,,Orange Line,1,144,Friday,Orange Line
2026-09-11,P,,Purple Line,1,188,Friday,Purple Line
2026-09-11,Pink,,Pink Line,1,122,Friday,Pink Line
2026-09-11,Red,,Red Line,1,424,Friday,Red Line
2026-09-11,X4,X4,Cottage Grove Express,3,69,Friday,X4
2026-09-11,X49,X49,Western Express,3,87,Friday,X49
2026-09-11,X9,X9,Ashland Express,3,102,Friday,X9
2026-09-11,Y,,Yellow Line,1,160,Friday,Yellow Line
2026-09-12,10,10,Obama Presidential Center/Museum of Science & Industry Express ,3,36,Saturday,10
2026-09-12,103,103,West 103rd,3,107,Saturday,103
2026-09-12,106,106,East 103rd,3,78,Saturday,106
2026-09-12,11,11,Lincoln,3,68,Saturday,11
2026-09-12,111,111,111th/King Drive,3,120,Saturday,111
2026-09-12,111A,111A,Pullman Shuttle,3,82,Saturday,111A
2026-09-12,112,112,Vincennes/111th,3,90,Saturday,112
2026-09-12,115,115,Pullman/115th,3,123,Saturday,115
2026-09-12,119,119,Michigan/119th,3,141,Saturday,119
2026-09-12,12,12,Roosevelt,3,215,Saturday,12
2026-09-12,124,124,Navy Pier,3,86,Saturday,124
2026-09-12,126,126,Jackson,3,119,Saturday,126
2026-09-12,146,146,Inner Lake Shore/Michigan Express,3,192,Saturday,146
2026-09-12,147,147,Outer DuSable Lake Shore Express,3,219,Saturday,147
2026-09-12,15,15,Jeffery Local,3,138,Saturday,15
2026-09-12,151,151,Sheridan,3,225,Saturday,151
2026-09-12,152,152,Addison,3,121,Saturday,152
2026-09-12,155,155,Devon,3,182,Saturday,155
2026-09-12,169,169,69th/UPS Express,3,1,Saturday,169
2026-09-12,171,171,U. of Chicago/Hyde Park,3,42,Saturday,171
2026-09-12,172,172,U. of Chicago/Kenwood,3,42,Saturday,172
2026-09-12,18,18,16th/18th,3,121,Saturday,18
2026-09-12,20,20,Madison,3,255,Saturday,20
2026-09-12,201,201,Central/Ridge,3,63,Saturday,201
2026-09-12,21,21,Cermak,3,148,Saturday,21
2026-09-12,22,22,Clark,3,224,Saturday,22
2026-09-12,28,28,Stony Island,3,130,Saturday,28
2026-09-12,29,29,State,3,165,Saturday,29
2026-09-12,3,3,King Drive,3,195,Saturday,3
2026-09-12,30,30,South Chicago,3,106,Saturday,30
2026-09-12,34,34,South Michigan,3,210,Saturday,34
2026-09-12,35,35,31st/35th,3,205,Saturday,35
2026-09-12,36,36,Broadway,3,175,Saturday,36
2026-09-12,39,39,Pershing,3,42,Saturday,39
2026-09-12,4,4,Cottage Grove,3,254,Saturday,4
2026-09-12,43,43,43rd,3,58,Saturday,43
2026-09-12,44,44,Wallace/Racine,3,77,Saturday,44
2026-09-12,47,47,47th,3,219,Saturday,47
2026-09-12,49,49,Western,3,256,Saturday,49
2026-09-12,49B,49B,North Western,3,177,Saturday,49B
2026-09-12,50,50,Damen,3,150,Saturday,50
2026-09-12,51,51,51st,3,90,Saturday,51
2026-09-12,52,52,Kedzie,3,148,Saturday,52
2026-09-12,52A,52A,South Kedzie,3,84,Saturday,52A
2026-09-12,53,53,Pulaski,3,272,Saturday,53
2026-09-12,53A,53A,South Pulaski,3,122,Saturday,53A
2026-09-12,54,54,Cicero,3,238,Saturday,54
2026-09-12,54B,54B,South Cicero,3,106,Saturday,54B
2026-09-12,55,55,Garfield,3,240,Saturday,55
2026-09-12,55N,55N,55th/Narragansett,3,56,Saturday,55N
2026-09-12,56,56,Milwaukee,3,116,Saturday,56
2026-09-12,57,57,Laramie,3,77,Saturday,57
2026-09-12,59,59,59th/61st,3,85,Saturday,59
2026-09-12,6,6,Jackson Park Express,3,205,Saturday,6
2026-09-12,60,60,Blue Island/26th,3,220,Saturday,60
2026-09-12,62,62,Archer,3,172,Saturday,62
2026-09-12,62H,62H,Archer/Harlem,3,58,Saturday,62H
2026-09-12,63,63,63rd,3,262,Saturday,63
2026-09-12,63W,63W,West 63rd,3,80,Saturday,63W
2026-09-12,65,65,Grand,3,161,Saturday,65
2026-09-12,66,66,Chicago,3,373,Saturday,66
2026-09-12,67,67,67th/69th/71st,3,208,Saturday,67
2026-09-12,68,68,Northwest Highway,3,70,Saturday,68
2026-09-12,70,70,Division,3,149,Saturday,70
2026-09-12,71,71,71st/South Shore,3,187,Saturday,71
2026-09-12,72,72,North,3,247,Saturday,72
2026-09-12,73,73,Armitage,3,114,Saturday,73
2026-09-12,74,74,Fullerton,3,237,Saturday,74
2026-09-12,75,75,74th/75th,3,136,Saturday,75
2026-09-12,76,76,Diversey,3,142,Saturday,76
2026-09-12,77,77,Belmont,3,249,Saturday,77
2026-09-12,78,78,Montrose,3,132,Saturday,78
2026-09-12,79,79,79th,3,381,Saturday,79
2026-09-12,8,8,Halsted,3,187,Saturday,8
2026-09-12,80,80,Irving Park,3,177,Saturday,80
2026-09-12,81,81,Lawrence,3,234,Saturday,81
2026-09-12,81W,81W,West Lawrence,3,90,Saturday,81W
2026-09-12,82,82,Kimball/Homan,3,246,Saturday,82
2026-09-12,84,84,Peterson,3,88,Saturday,84
2026-09-12,85,85,Central,3,213,Saturday,85
2026-09-12,85A,85A,North Central,3,56,Saturday,85A
2026-09-12,87,87,87th,3,213,Saturday,87
2026-09-12,88,88,Higgins,3,68,Saturday,88
2026-09-12,8A,8A,South Halsted,3,122,Saturday,8A
2026-09-12,9,9,Ashland,3,305,Saturday,9
2026-09-12,90,90,Harlem,3,108,Saturday,90
2026-09-12,91,91,Austin,3,104,Saturday,91
2026-09-12,92,92,Foster,3,120,Saturday,92
2026-09-12,93,93,California/Dodge,3,78,Saturday,93
2026-09-12,94,94,California,3,116,Saturday,94
2026-09-12,95,95,95th,3,233,Saturday,95
2026-09-12,97,97,Skokie,3,91,Saturday,97
2026-09-12,Blue,,Blue Line,1,284,Saturday,Blue Line
2026-09-12,Brn,,Brown Line,1,130,Saturday,Brown Line
2026-09-12,G,,Green Line,1,228,Saturday,Green Line
2026-09-12,J14,J14,Jeffery Jump,3,187,Saturday,J14
2026-09-12,N5,N5,South Shore Night Bus,3,20,Saturday,N5
2026-09-12,Org,,Orange Line,1,120,Saturday,Orange Line
2026-09-12,P,,Purple Line,1,202,Saturday,Purple Line
2026-09-12,Pink,,Pink Line,1,108,Saturday,Pink Line
2026-09-12,Red,,Red Line,1,349,Saturday,Red Line
2026-09-12,Y,,Yellow Line,1,136,Saturday,Yellow Line
2026-09-13,10,10,Obama Presidential Center/Museum of Science & Industry Express ,3,36,Sunday,10
2026-09-13,103,103,West 103rd,3,105,Sunday,103
2026-09-13,106,106,East 103rd,3,82,Sunday,106
2026-09-13,11,11,Lincoln,3,50,Sunday,11
2026-09-13,111,111,111th/King Drive,3,104,Sunday,111
2026-09-13,111A,111A,Pullman Shuttle,3,82,Sunday,111A
2026-09-13,112,112,Vincennes/111th,3,72,Sunday,112
2026-09-13,115,115,Pullman/115th,3,118,Sunday,115
2026-09-13,119,119,Michigan/119th,3,111,Sunday,119
2026-09-13,12,12,Roosevelt,3,219,Sunday,12
2026-09-13,124,124,Navy Pier,3,66,Sunday,124
2026-09-13,126,126,Jackson,3,113,Sunday,126
2026-09-13,146,146,Inner Lake Shore/Michigan Express,3,169,Sunday,146
2026-09-13,147,147,Outer DuSable Lake Shore Express,3,168,Sunday,147
2026-09-13,15,15,Jeffery Local,3,110,Sunday,15
2026-09-13,151,151,Sheridan,3,185,Sunday,151
2026-09-13,152,152,Addison,3,97,Sunday,152
2026-09-13,155,155,Devon,3,146,Sunday,155
2026-09-13,172,172,U. of Chicago/Kenwood,3,42,Sunday,172
2026-09-13,18,18,16th/18th,3,98,Sunday,18
2026-09-13,20,20,Madison,3,243,Sunday,20
2026-09-13,21,21,Cermak,3,128,Sunday,21
2026-09-13,22,22,Clark,3,193,Sunday,22
2026-09-13,28,28,Stony Island,3,116,Sunday,28
2026-09-13,29,29,State,3,137,Sunday,29
2026-09-13,3,3,King Drive,3,150,Sunday,3
2026-09-13,30,30,South Chicago,3,82,Sunday,30
2026-09-13,34,34,South Michigan,3,205,Sunday,34
2026-09-13,35,35,31st/35th,3,202,Sunday,35
2026-09-13,36,36,Broadway,3,163,Sunday,36
2026-09-13,39,39,Pershing,3,42,Sunday,39
2026-09-13,4,4,Cottage Grove,3,229,Sunday,4
2026-09-13,43,43,43rd,3,60,Sunday,43
2026-09-13,44,44,Wallace/Racine,3,75,Sunday,44
2026-09-13,47,47,47th,3,217,Sunday,47
2026-09-13,49,49,Western,3,227,Sunday,49
2026-09-13,49B,49B,North Western,3,156,Sunday,49B
2026-09-13,50,50,Damen,3,128,Sunday,50
2026-09-13,51,51,51st,3,80,Sunday,51
2026-09-13,52,52,Kedzie,3,117,Sunday,52
2026-09-13,52A,52A,South Kedzie,3,64,Sunday,52A
2026-09-13,53,53,Pulaski,3,248,Sunday,53
2026-09-13,53A,53A,South Pulaski,3,102,Sunday,53A
2026-09-13,54,54,Cicero,3,223,Sunday,54
2026-09-13,54B,54B,South Cicero,3,78,Sunday,54B
2026-09-13,55,55,Garfield,3,227,Sunday,55
2026-09-13,56,56,Milwaukee,3,110,Sunday,56
2026-09-13,57,57,Laramie,3,57,Sunday,57
2026-09-13,6,6,Jackson Park Express,3,168,Sunday,6
2026-09-13,60,60,Blue Island/26th,3,220,Sunday,60
2026-09-13,62,62,Archer,3,148,Sunday,62
2026-09-13,63,63,63rd,3,264,Sunday,63
2026-09-13,63W,63W,West 63rd,3,62,Sunday,63W
2026-09-13,65,65,Grand,3,122,Sunday,65
2026-09-13,66,66,Chicago,3,280,Sunday,66
2026-09-13,67,67,67th/69th/71st,3,167,Sunday,67
2026-09-13,68,68,Northwest Highway,3,56,Sunday,68
2026-09-13,70,70,Division,3,134,Sunday,70
2026-09-13,71,71,71st/South Shore,3,155,Sunday,71
2026-09-13,72,72,North,3,234,Sunday,72
2026-09-13,73,73,Armitage,3,105,Sunday,73
2026-09-13,74,74,Fullerton,3,229,Sunday,74
2026-09-13,75,75,74th/75th,3,116,Sunday,75
2026-09-13,76,76,Diversey,3,98,Sunday,76
2026-09-13,77,77,Belmont,3,229,Sunday,77
2026-09-13,78,78,Montrose,3,107,Sunday,78
2026-09-13,79,79,79th,3,283,Sunday,79
2026-09-13,8,8,Halsted,3,145,Sunday,8
2026-09-13,80,80,Irving Park,3,144,Sunday,80
2026-09-13,81,81,Lawrence,3,220,Sunday,81
2026-09-13,81W,81W,West Lawrence,3,56,Sunday,81W
2026-09-13,82,82,Kimball/Homan,3,266,Sunday,82
2026-09-13,84,84,Peterson,3,72,Sunday,84
2026-09-13,85,85,Central,3,209,Sunday,85
2026-09-13,87,87,87th,3,176,Sunday,87
2026-09-13,88,88,Higgins,3,64,Sunday,88
2026-09-13,8A,8A,South Halsted,3,102,Sunday,8A
2026-09-13,9,9,Ashland,3,276,Sunday,9
2026-09-13,90,90,Harlem,3,86,Sunday,90
2026-09-13,91,91,Austin,3,92,Sunday,91
2026-09-13,92,92,Foster,3,108,Sunday,92
2026-09-13,93,93,California/Dodge,3,77,Sunday,93
2026-09-13,94,94,California,3,103,Sunday,94
2026-09-13,95,95,95th,3,224,Sunday,95
2026-09-13,97,97,Skokie,3,65,Sunday,97
2026-09-13,Blue,,Blue Line,1,258,Sunday,Blue Line
2026-09-13,Brn,,Brown Line,1,112,Sunday,Brown Line
2026-09-13,G,,Green Line,1,224,Sunday,Green Line
2026-09-13,J14,J14,Jeffery Jump,3,178,Sunday,J14
2026-09-13,N5,N5,South Shore Night Bus,3,22,Sunday,N5
2026-09-13,Org,,Orange Line,1,114,Sunday,Orange Line
2026-09-13,P,,Purple Line,1,183,Sunday,Purple Line
2026-09-13,Pink,,Pink Line,1,102,Sunday,Pink Line
2026-09-13,Red,,Red Line,1,317,Sunday,Red Line
2026-09-13,Y,,Yellow Line,1,136,Sunday,Yellow Line
2026-09-14,1,1,Bronzeville/Union Station,3,59,Monday,1
2026-09-14,10,10,Obama Presidential Center/Museum of Science & Industry Express ,3,36,Monday,10
2026-09-14,100,100,Jeffery Manor Express,3,53,Monday,100
2026-09-14,103,103,West 103rd,3,129,Monday,103
2026-09-14,106,106,East 103rd,3,135,Monday,106
2026-09-14,108,108,Halsted/95th,3,72,Monday,108
2026-09-14,11,11,Lincoln,3,84,Monday,11
2026-09-14,111,111,111th/King Drive,3,140,Monday,111
2026-09-14,111A,111A,Pullman Shuttle,3,82,Monday,111A
2026-09-14,112,112,Vincennes/111th,3,134,Monday,112
2026-09-14,115,115,Pullman/115th,3,143,Monday,115
2026-09-14,119,119,Michigan/119th,3,187,Monday,119
2026-09-14,12,12,Roosevelt,3,254,Monday,12
2026-09-14,120,120,Ogilvie/Streeterville Express,3,73,Monday,120
2026-09-14,121,121,Union/Streeterville Express,3,76,Monday,121
2026-09-14,124,124,Navy Pier,3,75,Monday,124
2026-09-14,125,125,Water Tower Express,3,51,Monday,125
2026-09-14,126,126,Jackson,3,146,Monday,126
2026-09-14,134,134,Stockton/LaSalle Express,3,49,Monday,134
2026-09-14,135,135,Clarendon/LaSalle Express,3,50,Monday,135
2026-09-14,136,136,Sheridan/LaSalle Express,3,36,Monday,136
2026-09-14,143,143,Stockton/Michigan Express,3,36,Monday,143
2026-09-14,146,146,Inner Lake Shore/Michigan Express,3,222,Monday,146
2026-09-14,147,147,Outer DuSable Lake Shore Express,3,208,Monday,147
2026-09-14,148,148,Clarendon/Michigan Express,3,45,Monday,148
2026-09-14,15,15,Jeffery Local,3,159,Monday,15
2026-09-14,151,151,Sheridan,3,209,Monday,151
2026-09-14,152,152,Addison,3,212,Monday,152
2026-09-14,155,155,Devon,3,204,Monday,155
2026-09-14,156,156,LaSalle,3,136,Monday,156
2026-09-14,157,157,Streeterville/Taylor,3,131,Monday,157
2026-09-14,165,165,West 65th,3,19,Monday,165
2026-09-14,169,169,69th/UPS Express,3,9,Monday,169
2026-09-14,171,171,U. of Chicago/Hyde Park,3,83,Monday,171
2026-09-14,172,172,U. of Chicago/Kenwood,3,126,Monday,172
2026-09-14,18,18,16th/18th,3,130,Monday,18
2026-09-14,192,192,University of Chicago Hospitals Express,3,19,Monday,192
2026-09-14,2,2,Hyde Park Express,3,60,Monday,2
2026-09-14,20,20,Madison,3,338,Monday,20
2026-09-14,201,201,Central/Ridge,3,76,Monday,201
2026-09-14,206,206,Evanston Circulator,3,25,Monday,206
2026-09-14,21,21,Cermak,3,176,Monday,21
2026-09-14,22,22,Clark,3,240,Monday,22
2026-09-14,24,24,Wentworth,3,101,Monday,24
2026-09-14,26,26,South Shore Express,3,86,Monday,26
2026-09-14,28,28,Stony Island,3,164,Monday,28
2026-09-14,29,29,State,3,162,Monday,29
2026-09-14,3,3,King Drive,3,242,Monday,3
2026-09-14,30,30,South Chicago,3,114,Monday,30
2026-09-14,31,31,31st,3,55,Monday,31
2026-09-14,34,34,South Michigan,3,234,Monday,34
2026-09-14,35,35,31st/35th,3,221,Monday,35
2026-09-14,36,36,Broadway,3,166,Monday,36
2026-09-14,37,37,Sedgwick,3,100,Monday,37
2026-09-14,39,39,Pershing,3,94,Monday,39
2026-09-14,4,4,Cottage Grove,3,250,Monday,4
2026-09-14,43,43,43rd,3,112,Monday,43
2026-09-14,44,44,Wallace/Racine,3,141,Monday,44
2026-09-14,47,47,47th,3,251,Monday,47
2026-09-14,48,48,South Damen,3,69,Monday,48
2026-09-14,49,49,Western,3,271,Monday,49
2026-09-14,49B,49B,North Western,3,220,Monday,49B
2026-09-14,50,50,Damen,3,173,Monday,50
2026-09-14,51,51,51st,3,98,Monday,51
2026-09-14,52,52,Kedzie,3,190,Monday,52
2026-09-14,52A,52A,South Kedzie,3,142,Monday,52A
2026-09-14,53,53,Pulaski,3,340,Monday,53
2026-09-14,53A,53A,South Pulaski,3,171,Monday,53A
2026-09-14,54,54,Cicero,3,270,Monday,54
2026-09-14,54A,54A,North Cicero/Skokie Blvd.,3,38,Monday,54A
2026-09-14,54B,54B,South Cicero,3,110,Monday,54B
2026-09-14,55,55,Garfield,3,264,Monday,55
2026-09-14,55A,55A,55th/Austin,3,38,Monday,55A
2026-09-14,55N,55N,55th/Narragansett,3,80,Monday,55N
2026-09-14,56,56,Milwaukee,3,167,Monday,56
2026-09-14,57,57,Laramie,3,130,Monday,57
2026-09-14,59,59,59th/61st,3,114,Monday,59
2026-09-14,6,6,Jackson Park Express,3,190,Monday,6
2026-09-14,60,60,Blue Island/26th,3,252,Monday,60
2026-09-14,62,62,Archer,3,193,Monday,62
2026-09-14,62H,62H,Archer/Harlem,3,76,Monday,62H
2026-09-14,63,63,63rd,3,306,Monday,63
2026-09-14,63W,63W,West 63rd,3,118,Monday,63W
2026-09-14,65,65,Grand,3,202,Monday,65
2026-09-14,66,66,Chicago,3,445,Monday,66
2026-09-14,67,67,67th/69th/71st,3,228,Monday,67
2026-09-14,68,68,Northwest Highway,3,99,Monday,68
2026-09-14,7,7,Harrison,3,132,Monday,7
2026-09-14,70,70,Division,3,212,Monday,70
2026-09-14,71,71,71st/South Shore,3,195,Monday,71
2026-09-14,72,72,North,3,295,Monday,72
2026-09-14,73,73,Armitage,3,186,Monday,73
2026-09-14,74,74,Fullerton,3,283,Monday,74
2026-09-14,75,75,74th/75th,3,168,Monday,75
2026-09-14,76,76,Diversey,3,208,Monday,76
2026-09-14,77,77,Belmont,3,328,Monday,77
2026-09-14,78,78,Montrose,3,167,Monday,78
2026-09-14,79,79,79th,3,446,Monday,79
2026-09-14,8,8,Halsted,3,257,Monday,8
2026-09-14,80,80,Irving Park,3,207,Monday,80
2026-09-14,81,81,Lawrence,3,260,Monday,81
2026-09-14,81W,81W,West Lawrence,3,88,Monday,81W
2026-09-14,82,82,Kimball/Homan,3,281,Monday,82
2026-09-14,84,84,Peterson,3,142,Monday,84
2026-09-14,85,85,Central,3,244,Monday,85
2026-09-14,85A,85A,North Central,3,94,Monday,85A
2026-09-14,86,86,Narragansett/Ridgeland,3,106,Monday,86
2026-09-14,87,87,87th,3,260,Monday,87
2026-09-14,88,88,Higgins,3,100,Monday,88
2026-09-14,8A,8A,South Halsted,3,134,Monday,8A
2026-09-14,9,9,Ashland,3,363,Monday,9
2026-09-14,90,90,Harlem,3,132,Monday,90
2026-09-14,91,91,Austin,3,155,Monday,91
2026-09-14,92,92,Foster,3,162,Monday,92
2026-09-14,93,93,California/Dodge,3,125,Monday,93
2026-09-14,94,94,California,3,170,Monday,94
2026-09-14,95,95,95th,3,256,Monday,95
2026-09-14,96,96,Lunt,3,66,Monday,96
2026-09-14,97,97,Skokie,3,108,Monday,97
2026-09-14,Blue,,Blue Line,1,354,Monday,Blue Line
2026-09-14,Brn,,Brown Line,1,178,Monday,Brown Line
2026-09-14,G,,Green Line,1,256,Monday,Green Line
2026-09-14,J14,J14,Jeffery Jump,3,242,Monday,J14
2026-09-14,N5,N5,South Shore Night Bus,3,20,Monday,N5
2026-09-14,Org,,Orange Line,1,144,Monday,Orange Line
2026-09-14,P,,Purple Line,1,189,Monday,Purple Line
2026-09-14,Pink,,Pink Line,1,122,Monday,Pink Line
2026-09-14,Red,,Red Line,1,422,Monday,Red Line
2026-09-14,X4,X4,Cottage Grove Express,3,69,Monday,X4
2026-09-14,X49,X49,Western Express,3,87,Monday,X49
2026-09-14,X9,X9,Ashland Express,3,102,Monday,X9
2026-09-14,Y,,Yellow Line,1,160,Monday,Yellow Line
2026-09-15,1,1,Bronzeville/Union Station,3,59,Tuesday,1
2026-09-15,10,10,Obama Presidential Center/Museum of Science & Industry Express ,3,36,Tuesday,10
2026-09-15,100,100,Jeffery Manor Express,3,53,Tuesday,100
2026-09-15,103,103,West 103rd,3,129,Tuesday,103
2026-09-15,106,106,East 103rd,3,135,Tuesday,106
2026-09-15,108,108,Halsted/95th,3,72,Tuesday,108
2026-09-15,11,11,Lincoln,3,84,Tuesday,11
2026-09-15,111,111,111th/King Drive,3,140,Tuesday,111
2026-09-15,111A,111A,Pullman Shuttle,3,82,Tuesday,111A
2026-09-15,112,112,Vincennes/111th,3,134,Tuesday,112
2026-09-15,115,115,Pullman/115th,3,143,Tuesday,115
2026-09-15,119,119,Michigan/119th,3,189,Tuesday,119
2026-09-15,12,12,Roosevelt,3,254,Tuesday,12
2026-09-15,120,120,Ogilvie/Streeterville Express,3,73,Tuesday,120
2026-09-15,121,121,Union/Streeterville Express,3,76,Tuesday,121
2026-09-15,124,124,Navy Pier,3,75,Tuesday,124
2026-09-15,125,125,Water Tower Express,3,51,Tuesday,125
2026-09-15,126,126,Jackson,3,146,Tuesday,126
2026-09-15,134,134,Stockton/LaSalle Express,3,49,Tuesday,134
2026-09-15,135,135,Clarendon/LaSalle Express,3,50,Tuesday,135
2026-09-15,136,136,Sheridan/LaSalle Express,3,36,Tuesday,136
2026-09-15,143,143,Stockton/Michigan Express,3,36,Tuesday,143
2026-09-15,146,146,Inner Lake Shore/Michigan Express,3,222,Tuesday,146
2026-09-15,147,147,Outer DuSable Lake Shore Express,3,208,Tuesday,147
2026-09-15,148,148,Clarendon/Michigan Express,3,45,Tuesday,148
2026-09-15,15,15,Jeffery Local,3,159,Tuesday,15
2026-09-15,151,151,Sheridan,3,211,Tuesday,151
2026-09-15,152,152,Addison,3,212,Tuesday,152
2026-09-15,155,155,Devon,3,204,Tuesday,155
2026-09-15,156,156,LaSalle,3,136,Tuesday,156
2026-09-15,157,157,Streeterville/Taylor,3,131,Tuesday,157
2026-09-15,165,165,West 65th,3,19,Tuesday,165
2026-09-15,169,169,69th/UPS Express,3,10,Tuesday,169
2026-09-15,171,171,U. of Chicago/Hyde Park,3,83,Tuesday,171
2026-09-15,172,172,U. of Chicago/Kenwood,3,126,Tuesday,172
2026-09-15,18,18,16th/18th,3,130,Tuesday,18
2026-09-15,192,192,University of Chicago Hospitals Express,3,19,Tuesday,192
2026-09-15,2,2,Hyde Park Express,3,60,Tuesday,2
2026-09-15,20,20,Madison,3,338,Tuesday,20
2026-09-15,201,201,Central/Ridge,3,76,Tuesday,201
2026-09-15,206,206,Evanston Circulator,3,25,Tuesday,206
2026-09-15,21,21,Cermak,3,176,Tuesday,21
2026-09-15,22,22,Clark,3,239,Tuesday,22
2026-09-15,24,24,Wentworth,3,101,Tuesday,24
2026-09-15,26,26,South Shore Express,3,86,Tuesday,26
2026-09-15,28,28,Stony Island,3,162,Tuesday,28
2026-09-15,29,29,State,3,162,Tuesday,29
2026-09-15,3,3,King Drive,3,243,Tuesday,3
2026-09-15,30,30,South Chicago,3,114,Tuesday,30
2026-09-15,31,31,31st,3,55,Tuesday,31
2026-09-15,34,34,South Michigan,3,236,Tuesday,34
2026-09-15,35,35,31st/35th,3,221,Tuesday,35
2026-09-15,36,36,Broadway,3,166,Tuesday,36
2026-09-15,37,37,Sedgwick,3,100,Tuesday,37
2026-09-15,39,39,Pershing,3,94,Tuesday,39
2026-09-15,4,4,Cottage Grove,3,250,Tuesday,4
2026-09-15,43,43,43rd,3,112,Tuesday,43
2026-09-15,44,44,Wallace/Racine,3,141,Tuesday,44
2026-09-15,47,47,47th,3,251,Tuesday,47
2026-09-15,48,48,South Damen,3,69,Tuesday,48
2026-09-15,49,49,Western,3,271,Tuesday,49
2026-09-15,49B,49B,North Western,3,221,Tuesday,49B
2026-09-15,50,50,Damen,3,173,Tuesday,50
2026-09-15,51,51,51st,3,98,Tuesday,51
2026-09-15,52,52,Kedzie,3,190,Tuesday,52
2026-09-15,52A,52A,South Kedzie,3,142,Tuesday,52A
2026-09-15,53,53,Pulaski,3,339,Tuesday,53
2026-09-15,53A,53A,South Pulaski,3,173,Tuesday,53A
2026-09-15,54,54,Cicero,3,272,Tuesday,54
2026-09-15,54A,54A,North Cicero/Skokie Blvd.,3,38,Tuesday,54A
2026-09-15,54B,54B,South Cicero,3,110,Tuesday,54B
2026-09-15,55,55,Garfield,3,264,Tuesday,55
2026-09-15,55A,55A,55th/Austin,3,38,Tuesday,55A
2026-09-15,55N,55N,55th/Narragansett,3,80,Tuesday,55N
2026-09-15,56,56,Milwaukee,3,167,Tuesday,56
2026-09-15,57,57,Laramie,3,130,Tuesday,57
2026-09-15,59,59,59th/61st,3,114,Tuesday,59
2026-09-15,6,6,Jackson Park Express,3,189,Tuesday,6
2026-09-15,60,60,Blue Island/26th,3,252,Tuesday,60
2026-09-15,62,62,Archer,3,193,Tuesday,62
2026-09-15,62H,62H,Archer/Harlem,3,76,Tuesday,62H
2026-09-15,63,63,63rd,3,304,Tuesday,63
2026-09-15,63W,63W,West 63rd,3,118,Tuesday,63W
2026-09-15,65,65,Grand,3,204,Tuesday,65
2026-09-15,66,66,Chicago,3,450,Tuesday,66
2026-09-15,67,67,67th/69th/71st,3,225,Tuesday,67
2026-09-15,68,68,Northwest Highway,3,99,Tuesday,68
2026-09-15,7,7,Harrison,3,132,Tuesday,7
2026-09-15,70,70,Division,3,213,Tuesday,70
2026-09-15,71,71,71st/South Shore,3,199,Tuesday,71
2026-09-15,72,72,North,3,299,Tuesday,72
2026-09-15,73,73,Armitage,3,186,Tuesday,73
2026-09-15,74,74,Fullerton,3,282,Tuesday,74
2026-09-15,75,75,74th/75th,3,168,Tuesday,75
2026-09-15,76,76,Diversey,3,209,Tuesday,76
2026-09-15,77,77,Belmont,3,328,Tuesday,77
2026-09-15,78,78,Montrose,3,167,Tuesday,78
2026-09-15,79,79,79th,3,450,Tuesday,79
2026-09-15,8,8,Halsted,3,257,Tuesday,8
2026-09-15,80,80,Irving Park,3,208,Tuesday,80
2026-09-15,81,81,Lawrence,3,262,Tuesday,81
2026-09-15,81W,81W,West Lawrence,3,88,Tuesday,81W
2026-09-15,82,82,Kimball/Homan,3,280,Tuesday,82
2026-09-15,84,84,Peterson,3,142,Tuesday,84
2026-09-15,85,85,Central,3,244,Tuesday,85
2026-09-15,85A,85A,North Central,3,94,Tuesday,85A
2026-09-15,86,86,Narragansett/Ridgeland,3,106,Tuesday,86
2026-09-15,87,87,87th,3,263,Tuesday,87
2026-09-15,88,88,Higgins,3,100,Tuesday,88
2026-09-15,8A,8A,South Halsted,3,134,Tuesday,8A
2026-09-15,9,9,Ashland,3,365,Tuesday,9
2026-09-15,90,90,Harlem,3,132,Tuesday,90
2026-09-15,91,91,Austin,3,155,Tuesday,91
2026-09-15,92,92,Foster,3,162,Tuesday,92
2026-09-15,93,93,California/Dodge,3,125,Tuesday,93
2026-09-15,94,94,California,3,170,Tuesday,94
2026-09-15,95,95,95th,3,256,Tuesday,95
2026-09-15,96,96,Lunt,3,66,Tuesday,96
2026-09-15,97,97,Skokie,3,108,Tuesday,97
2026-09-15,Blue,,Blue Line,1,356,Tuesday,Blue Line
2026-09-15,Brn,,Brown Line,1,180,Tuesday,Brown Line
2026-09-15,G,,Green Line,1,256,Tuesday,Green Line
2026-09-15,J14,J14,Jeffery Jump,3,242,Tuesday,J14
2026-09-15,N5,N5,South Shore Night Bus,3,20,Tuesday,N5
2026-09-15,Org,,Orange Line,1,144,Tuesday,Orange Line
2026-09-15,P,,Purple Line,1,188,Tuesday,Purple Line
2026-09-15,Pink,,Pink Line,1,122,Tuesday,Pink Line
2026-09-15,Red,,Red Line,1,424,Tuesday,Red Line
2026-09-15,X4,X4,Cottage Grove Express,3,69,Tuesday,X4
2026-09-15,X49,X49,Western Express,3,87,Tuesday,X49
2026-09-15,X9,X9,Ashland Express,3,102,Tuesday,X9
2026-09-15,Y,,Yellow Line,1,160,Tuesday,Yellow Line
2026-09-16,1,1,Bronzeville/Union Station,3,59,Wednesday,1
2026-09-16,10,10,Obama Presidential Center/Museum of Science & Industry Express ,3,36,Wednesday,10
2026-09-16,100,100,Jeffery Manor Express,3,53,Wednesday,100
2026-09-16,103,103,West 103rd,3,129,Wednesday,103
2026-09-16,106,106,East 103rd,3,135,Wednesday,106
2026-09-16,108,108,Halsted/95th,3,72,Wednesday,108
2026-09-16,11,11,Lincoln,3,84,Wednesday,11
2026-09-16,111,111,111th/King Drive,3,140,Wednesday,111
2026-09-16,111A,111A,Pullman Shuttle,3,82,Wednesday,111A
2026-09-16,112,112,Vincennes/111th,3,134,Wednesday,112
2026-09-16,115,115,Pullman/115th,3,143,Wednesday,115
2026-09-16,119,119,Michigan/119th,3,189,Wednesday,119
2026-09-16,12,12,Roosevelt,3,254,Wednesday,12
2026-09-16,120,120,Ogilvie/Streeterville Express,3,73,Wednesday,120
2026-09-16,121,121,Union/Streeterville Express,3,76,Wednesday,121
2026-09-16,124,124,Navy Pier,3,75,Wednesday,124
2026-09-16,125,125,Water Tower Express,3,51,Wednesday,125
2026-09-16,126,126,Jackson,3,146,Wednesday,126
2026-09-16,134,134,Stockton/LaSalle Express,3,49,Wednesday,134
2026-09-16,135,135,Clarendon/LaSalle Express,3,50,Wednesday,135
2026-09-16,136,136,Sheridan/LaSalle Express,3,36,Wednesday,136
2026-09-16,143,143,Stockton/Michigan Express,3,36,Wednesday,143
2026-09-16,146,146,Inner Lake Shore/Michigan Express,3,222,Wednesday,146
2026-09-16,147,147,Outer DuSable Lake Shore Express,3,208,Wednesday,147
2026-09-16,148,148,Clarendon/Michigan Express,3,45,Wednesday,148
2026-09-16,15,15,Jeffery Local,3,159,Wednesday,15
2026-09-16,151,151,Sheridan,3,211,Wednesday,151
2026-09-16,152,152,Addison,3,212,Wednesday,152
2026-09-16,155,155,Devon,3,204,Wednesday,155
2026-09-16,156,156,LaSalle,3,136,Wednesday,156
2026-09-16,157,157,Streeterville/Taylor,3,131,Wednesday,157
2026-09-16,165,165,West 65th,3,19,Wednesday,165
2026-09-16,169,169,69th/UPS Express,3,10,Wednesday,169
2026-09-16,171,171,U. of Chicago/Hyde Park,3,83,Wednesday,171
2026-09-16,172,172,U. of Chicago/Kenwood,3,126,Wednesday,172
2026-09-16,18,18,16th/18th,3,130,Wednesday,18
2026-09-16,192,192,University of Chicago Hospitals Express,3,19,Wednesday,192
2026-09-16,2,2,Hyde Park Express,3,60,Wednesday,2
2026-09-16,20,20,Madison,3,338,Wednesday,20
2026-09-16,201,201,Central/Ridge,3,76,Wednesday,201
2026-09-16,206,206,Evanston Circulator,3,25,Wednesday,206
2026-09-16,21,21,Cermak,3,176,Wednesday,21
2026-09-16,22,22,Clark,3,239,Wednesday,22
2026-09-16,24,24,Wentworth,3,101,Wednesday,24
2026-09-16,26,26,South Shore Express,3,86,Wednesday,26
2026-09-16,28,28,Stony Island,3,162,Wednesday,28
2026-09-16,29,29,State,3,162,Wednesday,29
2026-09-16,3,3,King Drive,3,243,Wednesday,3
2026-09-16,30,30,South Chicago,3,114,Wednesday,30
2026-09-16,31,31,31st,3,55,Wednesday,31
2026-09-16,34,34,South Michigan,3,236,Wednesday,34
2026-09-16,35,35,31st/35th,3,221,Wednesday,35
2026-09-16,36,36,Broadway,3,166,Wednesday,36
2026-09-16,37,37,Sedgwick,3,100,Wednesday,37
2026-09-16,39,39,Pershing,3,94,Wednesday,39
2026-09-16,4,4,Cottage Grove,3,250,Wednesday,4
2026-09-16,43,43,43rd,3,112,Wednesday,43
2026-09-16,44,44,Wallace/Racine,3,141,Wednesday,44
2026-09-16,47,47,47th,3,251,Wednesday,47
2026-09-16,48,48,South Damen,3,69,Wednesday,48
2026-09-16,49,49,Western,3,271,Wednesday,49
2026-09-16,49B,49B,North Western,3,221,Wednesday,49B
2026-09-16,50,50,Damen,3,173,Wednesday,50
2026-09-16,51,51,51st,3,98,Wednesday,51
2026-09-16,52,52,Kedzie,3,190,Wednesday,52
2026-09-16,52A,52A,South Kedzie,3,142,Wednesday,52A
2026-09-16,53,53,Pulaski,3,339,Wednesday,53
2026-09-16,53A,53A,South Pulaski,3,173,Wednesday,53A
2026-09-16,54,54,Cicero,3,272,Wednesday,54
2026-09-16,54A,54A,North Cicero/Skokie Blvd.,3,38,Wednesday,54A
2026-09-16,54B,54B,South Cicero,3,110,Wednesday,54B
2026-09-16,55,55,Garfield,3,264,Wednesday,55
2026-09-16,55A,55A,55th/Austin,3,38,Wednesday,55A
2026-09-16,55N,55N,55th/Narragansett,3,80,Wednesday,55N
2026-09-16,56,56,Milwaukee,3,167,Wednesday,56
2026-09-16,57,57,Laramie,3,130,Wednesday,57
2026-09-16,59,59,59th/61st,3,114,Wednesday,59
2026-09-16,6,6,Jackson Park Express,3,189,Wednesday,6
2026-09-16,60,60,Blue Island/26th,3,252,Wednesday,60
2026-09-16,62,62,Archer,3,193,Wednesday,62
2026-09-16,62H,62H,Archer/Harlem,3,76,Wednesday,62H
2026-09-16,63,63,63rd,3,304,Wednesday,63
2026-09-16,63W,63W,West 63rd,3,118,Wednesday,63W
2026-09-16,65,65,Grand,3,204,Wednesday,65
2026-09-16,66,66,Chicago,3,450,Wednesday,66
2026-09-16,67,67,67th/69th/71st,3,227,Wednesday,67
2026-09-16,68,68,Northwest Highway,3,99,Wednesday,68
2026-09-16,7,7,Harrison,3,132,Wednesday,7
2026-09-16,70,70,Division,3,214,Wednesday,70
2026-09-16,71,71,71st/South Shore,3,199,Wednesday,71
2026-09-16,72,72,North,3,299,Wednesday,72
2026-09-16,73,73,Armitage,3,186,Wednesday,73
2026-09-16,74,74,Fullerton,3,282,Wednesday,74
2026-09-16,75,75,74th/75th,3,168,Wednesday,75
2026-09-16,76,76,Diversey,3,209,Wednesday,76
2026-09-16,77,77,Belmont,3,328,Wednesday,77
2026-09-16,78,78,Montrose,3,167,Wednesday,78
2026-09-16,79,79,79th,3,450,Wednesday,79
2026-09-16,8,8,Halsted,3,257,Wednesday,8
2026-09-16,80,80,Irving Park,3,208,Wednesday,80
2026-09-16,81,81,Lawrence,3,262,Wednesday,81
2026-09-16,81W,81W,West Lawrence,3,88,Wednesday,81W
2026-09-16,82,82,Kimball/Homan,3,280,Wednesday,82
2026-09-16,84,84,Peterson,3,142,Wednesday,84
2026-09-16,85,85,Central,3,244,Wednesday,85
2026-09-16,85A,85A,North Central,3,94,Wednesday,85A
2026-09-16,86,86,Narragansett/Ridgeland,3,106,Wednesday,86
2026-09-16,87,87,87th,3,263,Wednesday,87
2026-09-16,88,88,Higgins,3,100,Wednesday,88
2026-09-16,8A,8A,South Halsted,3,134,Wednesday,8A
2026-09-16,9,9,Ashland,3,365,Wednesday,9
2026-09-16,90,90,Harlem,3,132,Wednesday,90
2026-09-16,91,91,Austin,3,155,Wednesday,91
2026-09-16,92,92,Foster,3,162,Wednesday,92
2026-09-16,93,93,California/Dodge,3,125,Wednesday,93
2026-09-16,94,94,California,3,170,Wednesday,94
2026-09-16,95,95,95th,3,256,Wednesday,95
2026-09-16,96,96,Lunt,3,66,Wednesday,96
2026-09-16,97,97,Skokie,3,108,Wednesday,97
2026-09-16,Blue,,Blue Line,1,356,Wednesday,Blue Line
2026-09-16,Brn,,Brown Line,1,180,Wednesday,Brown Line
2026-09-16,G,,Green Line,1,256,Wednesday,Green Line
2026-09-16,J14,J14,Jeffery Jump,3,242,Wednesday,J14
2026-09-16,N5,N5,South Shore Night Bus,3,20,Wednesday,N5
2026-09-16,Org,,Orange Line,1,144,Wednesday,Orange Line
2026-09-16,P,,Purple Line,1,188,Wednesday,Purple Line
2026-09-16,Pink,,Pink Line,1,122,Wednesday,Pink Line
2026-09-16,Red,,Red Line,1,424,Wednesday,Red Line
2026-09-16,X4,X4,Cottage Grove Express,3,69,Wednesday,X4
2026-09-16,X49,X49,Western Express,3,87,Wednesday,X49
2026-09-16,X9,X9,Ashland Express,3,102,Wednesday,X9
2026-09-16,Y,,Yellow Line,1,160,Wednesday,Yellow Line
2026-09-17,1,1,Bronzeville/Union Station,3,59,Thursday,1
2026-09-17,10,10,Obama Presidential Center/Museum of Science & Industry Express ,3,36,Thursday,10
2026-09-17,100,100,Jeffery Manor Express,3,53,Thursday,100
2026-09-17,103,103,West 103rd,3,129,Thursday,103
2026-09-17,106,106,East 103rd,3,135,Thursday,106
2026-09-17,108,108,Halsted/95th,3,72,Thursday,108
2026-09-17,11,11,Lincoln,3,84,Thursday,11
2026-09-17,111,111,111th/King Drive,3,140,Thursday,111
2026-09-17,111A,111A,Pullman Shuttle,3,82,Thursday,111A
2026-09-17,112,112,Vincennes/111th,3,134,Thursday,112
2026-09-17,115,115,Pullman/115th,3,143,Thursday,115
2026-09-17,119,119,Michigan/119th,3,189,Thursday,119
2026-09-17,12,12,Roosevelt,3,254,Thursday,12
2026-09-17,120,120,Ogilvie/Streeterville Express,3,73,Thursday,120
2026-09-17,121,121,Union/Streeterville Express,3,76,Thursday,121
2026-09-17,124,124,Navy Pier,3,75,Thursday,124
2026-09-17,125,125,Water Tower Express,3,51,Thursday,125
2026-09-17,126,126,Jackson,3,146,Thursday,126
2026-09-17,134,134,Stockton/LaSalle Express,3,49,Thursday,134
2026-09-17,135,135,Clarendon/LaSalle Express,3,50,Thursday,135
2026-09-17,136,136,Sheridan/LaSalle Express,3,36,Thursday,136
2026-09-17,143,143,Stockton/Michigan Express,3,36,Thursday,143
2026-09-17,146,146,Inner Lake Shore/Michigan Express,3,222,Thursday,146
2026-09-17,147,147,Outer DuSable Lake Shore Express,3,208,Thursday,147
2026-09-17,148,148,Clarendon/Michigan Express,3,45,Thursday,148
2026-09-17,15,15,Jeffery Local,3,159,Thursday,15
2026-09-17,151,151,Sheridan,3,211,Thursday,151
2026-09-17,152,152,Addison,3,212,Thursday,152
2026-09-17,155,155,Devon,3,204,Thursday,155
2026-09-17,156,156,LaSalle,3,136,Thursday,156
2026-09-17,157,157,Streeterville/Taylor,3,131,Thursday,157
2026-09-17,165,165,West 65th,3,19,Thursday,165
2026-09-17,169,169,69th/UPS Express,3,10,Thursday,169
2026-09-17,171,171,U. of Chicago/Hyde Park,3,83,Thursday,171
2026-09-17,172,172,U. of Chicago/Kenwood,3,126,Thursday,172
2026-09-17,18,18,16th/18th,3,130,Thursday,18
2026-09-17,192,192,University of Chicago Hospitals Express,3,19,Thursday,192
2026-09-17,2,2,Hyde Park Express,3,60,Thursday,2
2026-09-17,20,20,Madison,3,338,Thursday,20
2026-09-17,201,201,Central/Ridge,3,76,Thursday,201
2026-09-17,206,206,Evanston Circulator,3,25,Thursday,206
2026-09-17,21,21,Cermak,3,176,Thursday,21
2026-09-17,22,22,Clark,3,239,Thursday,22
2026-09-17,24,24,Wentworth,3,101,Thursday,24
2026-09-17,26,26,South Shore Express,3,86,Thursday,26
2026-09-17,28,28,Stony Island,3,162,Thursday,28
2026-09-17,29,29,State,3,162,Thursday,29
2026-09-17,3,3,King Drive,3,243,Thursday,3
2026-09-17,30,30,South Chicago,3,114,Thursday,30
2026-09-17,31,31,31st,3,55,Thursday,31
2026-09-17,34,34,South Michigan,3,236,Thursday,34
2026-09-17,35,35,31st/35th,3,221,Thursday,35
2026-09-17,36,36,Broadway,3,166,Thursday,36
2026-09-17,37,37,Sedgwick,3,100,Thursday,37
2026-09-17,39,39,Pershing,3,94,Thursday,39
2026-09-17,4,4,Cottage Grove,3,250,Thursday,4
2026-09-17,43,43,43rd,3,112,Thursday,43
2026-09-17,44,44,Wallace/Racine,3,141,Thursday,44
2026-09-17,47,47,47th,3,251,Thursday,47
2026-09-17,48,48,South Damen,3,69,Thursday,48
2026-09-17,49,49,Western,3,271,Thursday,49
2026-09-17,49B,49B,North Western,3,221,Thursday,49B
2026-09-17,50,50,Damen,3,173,Thursday,50
2026-09-17,51,51,51st,3,98,Thursday,51
2026-09-17,52,52,Kedzie,3,190,Thursday,52
2026-09-17,52A,52A,South Kedzie,3,142,Thursday,52A
2026-09-17,53,53,Pulaski,3,339,Thursday,53
2026-09-17,53A,53A,South Pulaski,3,173,Thursday,53A
2026-09-17,54,54,Cicero,3,272,Thursday,54
2026-09-17,54A,54A,North Cicero/Skokie Blvd.,3,38,Thursday,54A
2026-09-17,54B,54B,South Cicero,3,110,Thursday,54B
2026-09-17,55,55,Garfield,3,264,Thursday,55
2026-09-17,55A,55A,55th/Austin,3,38,Thursday,55A
2026-09-17,55N,55N,55th/Narragansett,3,80,Thursday,55N
2026-09-17,56,56,Milwaukee,3,167,Thursday,56
2026-09-17,57,57,Laramie,3,130,Thursday,57
2026-09-17,59,59,59th/61st,3,114,Thursday,59
2026-09-17,6,6,Jackson Park Express,3,189,Thursday,6
2026-09-17,60,60,Blue Island/26th,3,252,Thursday,60
2026-09-17,62,62,Archer,3,193,Thursday,62
2026-09-17,62H,62H,Archer/Harlem,3,76,Thursday,62H
2026-09-17,63,63,63rd,3,304,Thursday,63
2026-09-17,63W,63W,West 63rd,3,118,Thursday,63W
2026-09-17,65,65,Grand,3,204,Thursday,65
2026-09-17,66,66,Chicago,3,450,Thursday,66
2026-09-17,67,67,67th/69th/71st,3,225,Thursday,67
2026-09-17,68,68,Northwest Highway,3,99,Thursday,68
2026-09-17,7,7,Harrison,3,132,Thursday,7
2026-09-17,70,70,Division,3,213,Thursday,70
2026-09-17,71,71,71st/South Shore,3,199,Thursday,71
2026-09-17,72,72,North,3,299,Thursday,72
2026-09-17,73,73,Armitage,3,186,Thursday,73
2026-09-17,74,74,Fullerton,3,282,Thursday,74
2026-09-17,75,75,74th/75th,3,168,Thursday,75
2026-09-17,76,76,Diversey,3,209,Thursday,76
2026-09-17,77,77,Belmont,3,328,Thursday,77
2026-09-17,78,78,Montrose,3,167,Thursday,78
2026-09-17,79,79,79th,3,450,Thursday,79
2026-09-17,8,8,Halsted,3,257,Thursday,8
2026-09-17,80,80,Irving Park,3,208,Thursday,80
2026-09-17,81,81,Lawrence,3,262,Thursday,81
2026-09-17,81W,81W,West Lawrence,3,88,Thursday,81W
2026-09-17,82,82,Kimball/Homan,3,280,Thursday,82
2026-09-17,84,84,Peterson,3,142,Thursday,84
2026-09-17,85,85,Central,3,244,Thursday,85
2026-09-17,85A,85A,North Central,3,94,Thursday,85A
2026-09-17,86,86,Narragansett/Ridgeland,3,106,Thursday,86
2026-09-17,87,87,87th,3,263,Thursday,87
2026-09-17,88,88,Higgins,3,100,Thursday,88
2026-09-17,8A,8A,South Halsted,3,134,Thursday,8A
2026-09-17,9,9,Ashland,3,365,Thursday,9
2026-09-17,90,90,Harlem,3,132,Thursday,90
2026-09-17,91,91,Austin,3,155,Thursday,91
2026-09-17,92,92,Foster,3,162,Thursday,92
2026-09-17,93,93,California/Dodge,3,125,Thursday,93
2026-09-17,94,94,California,3,170,Thursday,94
2026-09-17,95,95,95th,3,256,Thursday,95
2026-09-17,96,96,Lunt,3,66,Thursday,96
2026-09-17,97,97,Skokie,3,108,Thursday,97
2026-09-17,Blue,,Blue Line,1,356,Thursday,Blue Line
2026-09-17,Brn,,Brown Line,1,180,Thursday,Brown Line
2026-09-17,G,,Green Line,1,256,Thursday,Green Line
2026-09-17,J14,J14,Jeffery Jump,3,242,Thursday,J14
2026-09-17,N5,N5,South Shore Night Bus,3,20,Thursday,N5
2026-09-17,Org,,Orange Line,1,144,Thursday,Orange Line
2026-09-17,P,,Purple Line,1,188,Thursday,Purple Line
2026-09-17,Pink,,Pink Line,1,122,Thursday,Pink Line
2026-09-17,Red,,Red Line,1,424,Thursday,Red Line
2026-09-17,X4,X4,Cottage Grove Express,3,69,Thursday,X4
2026-09-17,X49,X49,Western Express,3,87,Thursday,X49
2026-09-17,X9,X9,Ashland Express,3,102,Thursday,X9
2026-09-17,Y,,Yellow Line,1,160,Thursday,Yellow Line
2026-09-18,1,1,Bronzeville/Union Station,3,59,Friday,1
2026-09-18,10,10,Obama Presidential Center/Museum of Science & Industry Express ,3,36,Friday,10
2026-09-18,100,100,Jeffery Manor Express,3,53,Friday,100
2026-09-18,103,103,West 103rd,3,129,Friday,103
2026-09-18,106,106,East 103rd,3,134,Friday,106
2026-09-18,108,108,Halsted/95th,3,71,Friday,108
2026-09-18,11,11,Lincoln,3,84,Friday,11
2026-09-18,111,111,111th/King Drive,3,140,Friday,111
2026-09-18,111A,111A,Pullman Shuttle,3,82,Friday,111A
2026-09-18,112,112,Vincennes/111th,3,134,Friday,112
2026-09-18,115,115,Pullman/115th,3,143,Friday,115
2026-09-18,119,119,Michigan/119th,3,189,Friday,119
2026-09-18,12,12,Roosevelt,3,254,Friday,12
2026-09-18,120,120,Ogilvie/Streeterville Express,3,73,Friday,120
2026-09-18,121,121,Union/Streeterville Express,3,76,Friday,121
2026-09-18,124,124,Navy Pier,3,75,Friday,124
2026-09-18,125,125,Water Tower Express,3,51,Friday,125
2026-09-18,126,126,Jackson,3,146,Friday,126
2026-09-18,134,134,Stockton/LaSalle Express,3,49,Friday,134
2026-09-18,135,135,Clarendon/LaSalle Express,3,50,Friday,135
2026-09-18,136,136,Sheridan/LaSalle Express,3,36,Friday,136
2026-09-18,143,143,Stockton/Michigan Express,3,36,Friday,143
2026-09-18,146,146,Inner Lake Shore/Michigan Express,3,222,Friday,146
2026-09-18,147,147,Outer DuSable Lake Shore Express,3,208,Friday,147
2026-09-18,148,148,Clarendon/Michigan Express,3,45,Friday,148
2026-09-18,15,15,Jeffery Local,3,159,Friday,15
2026-09-18,151,151,Sheridan,3,211,Friday,151
2026-09-18,152,152,Addison,3,214,Friday,152
2026-09-18,155,155,Devon,3,204,Friday,155
2026-09-18,156,156,LaSalle,3,136,Friday,156
2026-09-18,157,157,Streeterville/Taylor,3,131,Friday,157
2026-09-18,165,165,West 65th,3,19,Friday,165
2026-09-18,169,169,69th/UPS Express,3,10,Friday,169
2026-09-18,171,171,U. of Chicago/Hyde Park,3,83,Friday,171
2026-09-18,172,172,U. of Chicago/Kenwood,3,126,Friday,172
2026-09-18,18,18,16th/18th,3,130,Friday,18
2026-09-18,192,192,University of Chicago Hospitals Express,3,19,Friday,192
2026-09-18,2,2,Hyde Park Express,3,60,Friday,2
2026-09-18,20,20,Madison,3,338,Friday,20
2026-09-18,201,201,Central/Ridge,3,76,Friday,201
2026-09-18,206,206,Evanston Circulator,3,25,Friday,206
2026-09-18,21,21,Cermak,3,176,Friday,21
2026-09-18,22,22,Clark,3,239,Friday,22
2026-09-18,24,24,Wentworth,3,101,Friday,24
2026-09-18,26,26,South Shore Express,3,86,Friday,26
2026-09-18,28,28,Stony Island,3,162,Friday,28
2026-09-18,29,29,State,3,162,Friday,29
2026-09-18,3,3,King Drive,3,243,Friday,3
2026-09-18,30,30,South Chicago,3,114,Friday,30
2026-09-18,31,31,31st,3,55,Friday,31
2026-09-18,34,34,South Michigan,3,236,Friday,34
2026-09-18,35,35,31st/35th,3,221,Friday,35
2026-09-18,36,36,Broadway,3,166,Friday,36
2026-09-18,37,37,Sedgwick,3,100,Friday,37
2026-09-18,39,39,Pershing,3,94,Friday,39
2026-09-18,4,4,Cottage Grove,3,250,Friday,4
2026-09-18,43,43,43rd,3,112,Friday,43
2026-09-18,44,44,Wallace/Racine,3,141,Friday,44
2026-09-18,47,47,47th,3,251,Friday,47
2026-09-18,48,48,South Damen,3,69,Friday,48
2026-09-18,49,49,Western,3,271,Friday,49
2026-09-18,49B,49B,North Western,3,221,Friday,49B
2026-09-18,50,50,Damen,3,173,Friday,50
2026-09-18,51,51,51st,3,98,Friday,51
2026-09-18,52,52,Kedzie,3,190,Friday,52
2026-09-18,52A,52A,South Kedzie,3,142,Friday,52A
2026-09-18,53,53,Pulaski,3,339,Friday,53
2026-09-18,53A,53A,South Pulaski,3,173,Friday,53A
2026-09-18,54,54,Cicero,3,272,Friday,54
2026-09-18,54A,54A,North Cicero/Skokie Blvd.,3,38,Friday,54A
2026-09-18,54B,54B,South Cicero,3,110,Friday,54B
2026-09-18,55,55,Garfield,3,264,Friday,55
2026-09-18,55A,55A,55th/Austin,3,38,Friday,55A
2026-09-18,55N,55N,55th/Narragansett,3,80,Friday,55N
2026-09-18,56,56,Milwaukee,3,167,Friday,56
2026-09-18,57,57,Laramie,3,130,Friday,57
2026-09-18,59,59,59th/61st,3,114,Friday,59
2026-09-18,6,6,Jackson Park Express,3,189,Friday,6
2026-09-18,60,60,Blue Island/26th,3,252,Friday,60
2026-09-18,62,62,Archer,3,193,Friday,62
2026-09-18,62H,62H,Archer/Harlem,3,76,Friday,62H
2026-09-18,63,63,63rd,3,304,Friday,63
2026-09-18,63W,63W,West 63rd,3,118,Friday,63W
2026-09-18,65,65,Grand,3,204,Friday,65
2026-09-18,66,66,Chicago,3,450,Friday,66
2026-09-18,67,67,67th/69th/71st,3,225,Friday,67
2026-09-18,68,68,Northwest Highway,3,99,Friday,68
2026-09-18,7,7,Harrison,3,132,Friday,7
2026-09-18,70,70,Division,3,213,Friday,70
2026-09-18,71,71,71st/South Shore,3,199,Friday,71
2026-09-18,72,72,North,3,299,Friday,72
2026-09-18,73,73,Armitage,3,187,Friday,73
2026-09-18,74,74,Fullerton,3,282,Friday,74
2026-09-18,75,75,74th/75th,3,168,Friday,75
2026-09-18,76,76,Diversey,3,209,Friday,76
2026-09-18,77,77,Belmont,3,328,Friday,77
2026-09-18,78,78,Montrose,3,167,Friday,78
2026-09-18,79,79,79th,3,450,Friday,79
2026-09-18,8,8,Halsted,3,257,Friday,8
2026-09-18,80,80,Irving Park,3,208,Friday,80
2026-09-18,81,81,Lawrence,3,262,Friday,81
2026-09-18,81W,81W,West Lawrence,3,88,Friday,81W
2026-09-18,82,82,Kimball/Homan,3,280,Friday,82
2026-09-18,84,84,Peterson,3,142,Friday,84
2026-09-18,85,85,Central,3,244,Friday,85
2026-09-18,85A,85A,North Central,3,94,Friday,85A
2026-09-18,86,86,Narragansett/Ridgeland,3,106,Friday,86
2026-09-18,87,87,87th,3,263,Friday,87
2026-09-18,88,88,Higgins,3,100,Friday,88
2026-09-18,8A,8A,South Halsted,3,134,Friday,8A
2026-09-18,9,9,Ashland,3,365,Friday,9
2026-09-18,90,90,Harlem,3,132,Friday,90
2026-09-18,91,91,Austin,3,155,Friday,91
2026-09-18,92,92,Foster,3,162,Friday,92
2026-09-18,93,93,California/Dodge,3,125,Friday,93
2026-09-18,94,94,California,3,170,Friday,94
2026-09-18,95,95,95th,3,256,Friday,95
2026-09-18,96,96,Lunt,3,66,Friday,96
2026-09-18,97,97,Skokie,3,108,Friday,97
2026-09-18,Blue,,Blue Line,1,356,Friday,Blue Line
2026-09-18,Brn,,Brown Line,1,180,Friday,Brown Line
2026-09-18,G,,Green Line,1,256,Friday,Green Line
2026-09-18,J14,J14,Jeffery Jump,3,242,Friday,J14
2026-09-18,N5,N5,South Shore Night Bus,3,20,Friday,N5
2026-09-18,Org,,Orange Line,1,144,Friday,Orange Line
2026-09-18,P,,Purple Line,1,188,Friday,Purple Line
2026-09-18,Pink,,Pink Line,1,122,Friday,Pink Line
2026-09-18,Red,,Red Line,1,424,Friday,Red Line
2026-09-18,X4,X4,Cottage Grove Express,3,69,Friday,X4
2026-09-18,X49,X49,Western Express,3,87,Friday,X49
2026-09-18,X9,X9,Ashland Express,3,102,Friday,X9
2026-09-18,Y,,Yellow Line,1,160,Friday,Yellow Line
2026-09-19,10,10,Obama Presidential Center/Museum of Science & Industry Express ,3,36,Saturday,10
2026-09-19,103,103,West 103rd,3,107,Saturday,103
2026-09-19,106,106,East 103rd,3,78,Saturday,106
2026-09-19,11,11,Lincoln,3,68,Saturday,11
2026-09-19,111,111,111th/King Drive,3,120,Saturday,111
2026-09-19,111A,111A,Pullman Shuttle,3,82,Saturday,111A
2026-09-19,112,112,Vincennes/111th,3,90,Saturday,112
2026-09-19,115,115,Pullman/115th,3,123,Saturday,115
2026-09-19,119,119,Michigan/119th,3,141,Saturday,119
2026-09-19,12,12,Roosevelt,3,215,Saturday,12
2026-09-19,124,124,Navy Pier,3,86,Saturday,124
2026-09-19,126,126,Jackson,3,119,Saturday,126
2026-09-19,146,146,Inner Lake Shore/Michigan Express,3,192,Saturday,146
2026-09-19,147,147,Outer DuSable Lake Shore Express,3,219,Saturday,147
2026-09-19,15,15,Jeffery Local,3,138,Saturday,15
2026-09-19,151,151,Sheridan,3,225,Saturday,151
2026-09-19,152,152,Addison,3,121,Saturday,152
2026-09-19,155,155,Devon,3,182,Saturday,155
2026-09-19,169,169,69th/UPS Express,3,1,Saturday,169
2026-09-19,171,171,U. of Chicago/Hyde Park,3,42,Saturday,171
2026-09-19,172,172,U. of Chicago/Kenwood,3,42,Saturday,172
2026-09-19,18,18,16th/18th,3,121,Saturday,18
2026-09-19,20,20,Madison,3,255,Saturday,20
2026-09-19,201,201,Central/Ridge,3,63,Saturday,201
2026-09-19,21,21,Cermak,3,148,Saturday,21
2026-09-19,22,22,Clark,3,224,Saturday,22
2026-09-19,28,28,Stony Island,3,130,Saturday,28
2026-09-19,29,29,State,3,165,Saturday,29
2026-09-19,3,3,King Drive,3,195,Saturday,3
2026-09-19,30,30,South Chicago,3,106,Saturday,30
2026-09-19,34,34,South Michigan,3,210,Saturday,34
2026-09-19,35,35,31st/35th,3,205,Saturday,35
2026-09-19,36,36,Broadway,3,175,Saturday,36
2026-09-19,39,39,Pershing,3,42,Saturday,39
2026-09-19,4,4,Cottage Grove,3,254,Saturday,4
2026-09-19,43,43,43rd,3,58,Saturday,43
2026-09-19,44,44,Wallace/Racine,3,77,Saturday,44
2026-09-19,47,47,47th,3,219,Saturday,47
2026-09-19,49,49,Western,3,256,Saturday,49
2026-09-19,49B,49B,North Western,3,177,Saturday,49B
2026-09-19,50,50,Damen,3,150,Saturday,50
2026-09-19,51,51,51st,3,90,Saturday,51
2026-09-19,52,52,Kedzie,3,148,Saturday,52
2026-09-19,52A,52A,South Kedzie,3,84,Saturday,52A
2026-09-19,53,53,Pulaski,3,272,Saturday,53
2026-09-19,53A,53A,South Pulaski,3,122,Saturday,53A
2026-09-19,54,54,Cicero,3,238,Saturday,54
2026-09-19,54B,54B,South Cicero,3,106,Saturday,54B
2026-09-19,55,55,Garfield,3,240,Saturday,55
2026-09-19,55N,55N,55th/Narragansett,3,56,Saturday,55N
2026-09-19,56,56,Milwaukee,3,116,Saturday,56
2026-09-19,57,57,Laramie,3,77,Saturday,57
2026-09-19,59,59,59th/61st,3,85,Saturday,59
2026-09-19,6,6,Jackson Park Express,3,205,Saturday,6
2026-09-19,60,60,Blue Island/26th,3,220,Saturday,60
2026-09-19,62,62,Archer,3,172,Saturday,62
2026-09-19,62H,62H,Archer/Harlem,3,58,Saturday,62H
2026-09-19,63,63,63rd,3,262,Saturday,63
2026-09-19,63W,63W,West 63rd,3,80,Saturday,63W
2026-09-19,65,65,Grand,3,161,Saturday,65
2026-09-19,66,66,Chicago,3,373,Saturday,66
2026-09-19,67,67,67th/69th/71st,3,208,Saturday,67
2026-09-19,68,68,Northwest Highway,3,70,Saturday,68
2026-09-19,70,70,Division,3,149,Saturday,70
2026-09-19,71,71,71st/South Shore,3,187,Saturday,71
2026-09-19,72,72,North,3,247,Saturday,72
2026-09-19,73,73,Armitage,3,114,Saturday,73
2026-09-19,74,74,Fullerton,3,237,Saturday,74
2026-09-19,75,75,74th/75th,3,136,Saturday,75
2026-09-19,76,76,Diversey,3,142,Saturday,76
2026-09-19,77,77,Belmont,3,249,Saturday,77
2026-09-19,78,78,Montrose,3,132,Saturday,78
2026-09-19,79,79,79th,3,381,Saturday,79
2026-09-19,8,8,Halsted,3,187,Saturday,8
2026-09-19,80,80,Irving Park,3,177,Saturday,80
2026-09-19,81,81,Lawrence,3,234,Saturday,81
2026-09-19,81W,81W,West Lawrence,3,90,Saturday,81W
2026-09-19,82,82,Kimball/Homan,3,246,Saturday,82
2026-09-19,84,84,Peterson,3,88,Saturday,84
2026-09-19,85,85,Central,3,213,Saturday,85
2026-09-19,85A,85A,North Central,3,56,Saturday,85A
2026-09-19,87,87,87th,3,213,Saturday,87
2026-09-19,88,88,Higgins,3,68,Saturday,88
2026-09-19,8A,8A,South Halsted,3,122,Saturday,8A
2026-09-19,9,9,Ashland,3,305,Saturday,9
2026-09-19,90,90,Harlem,3,108,Saturday,90
2026-09-19,91,91,Austin,3,104,Saturday,91
2026-09-19,92,92,Foster,3,120,Saturday,92
2026-09-19,93,93,California/Dodge,3,78,Saturday,93
2026-09-19,94,94,California,3,116,Saturday,94
2026-09-19,95,95,95th,3,233,Saturday,95
2026-09-19,97,97,Skokie,3,91,Saturday,97
2026-09-19,Blue,,Blue Line,1,284,Saturday,Blue Line
2026-09-19,Brn,,Brown Line,1,130,Saturday,Brown Line
2026-09-19,G,,Green Line,1,228,Saturday,Green Line
2026-09-19,J14,J14,Jeffery Jump,3,187,Saturday,J14
2026-09-19,N5,N5,South Shore Night Bus,3,20,Saturday,N5
2026-09-19,Org,,Orange Line,1,120,Saturday,Orange Line
2026-09-19,P,,Purple Line,1,202,Saturday,Purple Line
2026-09-19,Pink,,Pink Line,1,108,Saturday,Pink Line
2026-09-19,Red,,Red Line,1,349,Saturday,Red Line
2026-09-19,Y,,Yellow Line,1,136,Saturday,Yellow Line
2026-09-20,10,10,Obama Presidential Center/Museum of Science & Industry Express ,3,36,Sunday,10
2026-09-20,103,103,West 103rd,3,105,Sunday,103
2026-09-20,106,106,East 103rd,3,82,Sunday,106
2026-09-20,11,11,Lincoln,3,50,Sunday,11
2026-09-20,111,111,111th/King Drive,3,104,Sunday,111
2026-09-20,111A,111A,Pullman Shuttle,3,82,Sunday,111A
2026-09-20,112,112,Vincennes/111th,3,72,Sunday,112
2026-09-20,115,115,Pullman/115th,3,118,Sunday,115
2026-09-20,119,119,Michigan/119th,3,111,Sunday,119
2026-09-20,12,12,Roosevelt,3,219,Sunday,12
2026-09-20,124,124,Navy Pier,3,66,Sunday,124
2026-09-20,126,126,Jackson,3,113,Sunday,126
2026-09-20,146,146,Inner Lake Shore/Michigan Express,3,169,Sunday,146
2026-09-20,147,147,Outer DuSable Lake Shore Express,3,168,Sunday,147
2026-09-20,15,15,Jeffery Local,3,110,Sunday,15
2026-09-20,151,151,Sheridan,3,185,Sunday,151
2026-09-20,152,152,Addison,3,97,Sunday,152
2026-09-20,155,155,Devon,3,146,Sunday,155
2026-09-20,172,172,U. of Chicago/Kenwood,3,42,Sunday,172
2026-09-20,18,18,16th/18th,3,98,Sunday,18
2026-09-20,20,20,Madison,3,243,Sunday,20
2026-09-20,21,21,Cermak,3,128,Sunday,21
2026-09-20,22,22,Clark,3,193,Sunday,22
2026-09-20,28,28,Stony Island,3,116,Sunday,28
2026-09-20,29,29,State,3,137,Sunday,29
2026-09-20,3,3,King Drive,3,150,Sunday,3
2026-09-20,30,30,South Chicago,3,82,Sunday,30
2026-09-20,34,34,South Michigan,3,205,Sunday,34
2026-09-20,35,35,31st/35th,3,202,Sunday,35
2026-09-20,36,36,Broadway,3,163,Sunday,36
2026-09-20,39,39,Pershing,3,42,Sunday,39
2026-09-20,4,4,Cottage Grove,3,229,Sunday,4
2026-09-20,43,43,43rd,3,60,Sunday,43
2026-09-20,44,44,Wallace/Racine,3,75,Sunday,44
2026-09-20,47,47,47th,3,217,Sunday,47
2026-09-20,49,49,Western,3,227,Sunday,49
2026-09-20,49B,49B,North Western,3,156,Sunday,49B
2026-09-20,50,50,Damen,3,128,Sunday,50
2026-09-20,51,51,51st,3,80,Sunday,51
2026-09-20,52,52,Kedzie,3,117,Sunday,52
2026-09-20,52A,52A,South Kedzie,3,64,Sunday,52A
2026-09-20,53,53,Pulaski,3,248,Sunday,53
2026-09-20,53A,53A,South Pulaski,3,102,Sunday,53A
2026-09-20,54,54,Cicero,3,223,Sunday,54
2026-09-20,54B,54B,South Cicero,3,78,Sunday,54B
2026-09-20,55,55,Garfield,3,227,Sunday,55
2026-09-20,56,56,Milwaukee,3,110,Sunday,56
2026-09-20,57,57,Laramie,3,57,Sunday,57
2026-09-20,6,6,Jackson Park Express,3,168,Sunday,6
2026-09-20,60,60,Blue Island/26th,3,220,Sunday,60
2026-09-20,62,62,Archer,3,148,Sunday,62
2026-09-20,63,63,63rd,3,264,Sunday,63
2026-09-20,63W,63W,West 63rd,3,62,Sunday,63W
2026-09-20,65,65,Grand,3,122,Sunday,65
2026-09-20,66,66,Chicago,3,280,Sunday,66
2026-09-20,67,67,67th/69th/71st,3,167,Sunday,67
2026-09-20,68,68,Northwest Highway,3,56,Sunday,68
2026-09-20,70,70,Division,3,134,Sunday,70
2026-09-20,71,71,71st/South Shore,3,155,Sunday,71
2026-09-20,72,72,North,3,234,Sunday,72
2026-09-20,73,73,Armitage,3,105,Sunday,73
2026-09-20,74,74,Fullerton,3,229,Sunday,74
2026-09-20,75,75,74th/75th,3,116,Sunday,75
2026-09-20,76,76,Diversey,3,98,Sunday,76
2026-09-20,77,77,Belmont,3,229,Sunday,77
2026-09-20,78,78,Montrose,3,107,Sunday,78
2026-09-20,79,79,79th,3,283,Sunday,79
2026-09-20,8,8,Halsted,3,145,Sunday,8
2026-09-20,80,80,Irving Park,3,144,Sunday,80
2026-09-20,81,81,Lawrence,3,220,Sunday,81
2026-09-20,81W,81W,West Lawrence,3,56,Sunday,81W
2026-09-20,82,82,Kimball/Homan,3,266,Sunday,82
2026-09-20,84,84,Peterson,3,72,Sunday,84
2026-09-20,85,85,Central,3,209,Sunday,85
2026-09-20,87,87,87th,3,176,Sunday,87
2026-09-20,88,88,Higgins,3,64,Sunday,88
2026-09-20,8A,8A,South Halsted,3,102,Sunday,8A
2026-09-20,9,9,Ashland,3,276,Sunday,9
2026-09-20,90,90,Harlem,3,86,Sunday,90
2026-09-20,91,91,Austin,3,92,Sunday,91
2026-09-20,92,92,Foster,3,108,Sunday,92
2026-09-20,93,93,California/Dodge,3,77,Sunday,93
2026-09-20,94,94,California,3,103,Sunday,94
2026-09-20,95,95,95th,3,224,Sunday,95
2026-09-20,97,97,Skokie,3,65,Sunday,97
2026-09-20,Blue,,Blue Line,1,258,Sunday,Blue Line
2026-09-20,Brn,,Brown Line,1,112,Sunday,Brown Line
2026-09-20,G,,Green Line,1,224,Sunday,Green Line
2026-09-20,J14,J14,Jeffery Jump,3,178,Sunday,J14
2026-09-20,N5,N5,South Shore Night Bus,3,22,Sunday,N5
2026-09-20,Org,,Orange Line,1,114,Sunday,Orange Line
2026-09-20,P,,Purple Line,1,183,Sunday,Purple Line
2026-09-20,Pink,,Pink Line,1,102,Sunday,Pink Line
2026-09-20,Red,,Red Line,1,317,Sunday,Red Line
2026-09-20,Y,,Yellow Line,1,136,Sunday,Yellow Line
2026-09-21,1,1,Bronzeville/Union Station,3,59,Monday,1
2026-09-21,10,10,Obama Presidential Center/Museum of Science & Industry Express ,3,36,Monday,10
2026-09-21,100,100,Jeffery Manor Express,3,53,Monday,100
2026-09-21,103,103,West 103rd,3,129,Monday,103
2026-09-21,106,106,East 103rd,3,135,Monday,106
2026-09-21,108,108,Halsted/95th,3,72,Monday,108
2026-09-21,11,11,Lincoln,3,84,Monday,11
2026-09-21,111,111,111th/King Drive,3,140,Monday,111
2026-09-21,111A,111A,Pullman Shuttle,3,82,Monday,111A
2026-09-21,112,112,Vincennes/111th,3,134,Monday,112
2026-09-21,115,115,Pullman/115th,3,143,Monday,115
2026-09-21,119,119,Michigan/119th,3,187,Monday,119
2026-09-21,12,12,Roosevelt,3,254,Monday,12
2026-09-21,120,120,Ogilvie/Streeterville Express,3,73,Monday,120
2026-09-21,121,121,Union/Streeterville Express,3,76,Monday,121
2026-09-21,124,124,Navy Pier,3,75,Monday,124
2026-09-21,125,125,Water Tower Express,3,51,Monday,125
2026-09-21,126,126,Jackson,3,146,Monday,126
2026-09-21,134,134,Stockton/LaSalle Express,3,49,Monday,134
2026-09-21,135,135,Clarendon/LaSalle Express,3,50,Monday,135
2026-09-21,136,136,Sheridan/LaSalle Express,3,36,Monday,136
2026-09-21,143,143,Stockton/Michigan Express,3,36,Monday,143
2026-09-21,146,146,Inner Lake Shore/Michigan Express,3,222,Monday,146
2026-09-21,147,147,Outer DuSable Lake Shore Express,3,208,Monday,147
2026-09-21,148,148,Clarendon/Michigan Express,3,45,Monday,148
2026-09-21,15,15,Jeffery Local,3,159,Monday,15
2026-09-21,151,151,Sheridan,3,209,Monday,151
2026-09-21,152,152,Addison,3,212,Monday,152
2026-09-21,155,155,Devon,3,204,Monday,155
2026-09-21,156,156,LaSalle,3,136,Monday,156
2026-09-21,157,157,Streeterville/Taylor,3,131,Monday,157
2026-09-21,165,165,West 65th,3,19,Monday,165
2026-09-21,169,169,69th/UPS Express,3,9,Monday,169
2026-09-21,171,171,U. of Chicago/Hyde Park,3,83,Monday,171
2026-09-21,172,172,U. of Chicago/Kenwood,3,126,Monday,172
2026-09-21,18,18,16th/18th,3,130,Monday,18
2026-09-21,192,192,University of Chicago Hospitals Express,3,19,Monday,192
2026-09-21,2,2,Hyde Park Express,3,60,Monday,2
2026-09-21,20,20,Madison,3,338,Monday,20
2026-09-21,201,201,Central/Ridge,3,76,Monday,201
2026-09-21,206,206,Evanston Circulator,3,25,Monday,206
2026-09-21,21,21,Cermak,3,176,Monday,21
2026-09-21,22,22,Clark,3,240,Monday,22
2026-09-21,24,24,Wentworth,3,101,Monday,24
2026-09-21,26,26,South Shore Express,3,86,Monday,26
2026-09-21,28,28,Stony Island,3,164,Monday,28
2026-09-21,29,29,State,3,162,Monday,29
2026-09-21,3,3,King Drive,3,242,Monday,3
2026-09-21,30,30,South Chicago,3,114,Monday,30
2026-09-21,31,31,31st,3,55,Monday,31
2026-09-21,34,34,South Michigan,3,234,Monday,34
2026-09-21,35,35,31st/35th,3,221,Monday,35
2026-09-21,36,36,Broadway,3,166,Monday,36
2026-09-21,37,37,Sedgwick,3,100,Monday,37
2026-09-21,39,39,Pershing,3,94,Monday,39
2026-09-21,4,4,Cottage Grove,3,250,Monday,4
2026-09-21,43,43,43rd,3,112,Monday,43
2026-09-21,44,44,Wallace/Racine,3,141,Monday,44
2026-09-21,47,47,47th,3,251,Monday,47
2026-09-21,48,48,South Damen,3,69,Monday,48
2026-09-21,49,49,Western,3,271,Monday,49
2026-09-21,49B,49B,North Western,3,220,Monday,49B
2026-09-21,50,50,Damen,3,173,Monday,50
2026-09-21,51,51,51st,3,98,Monday,51
2026-09-21,52,52,Kedzie,3,190,Monday,52
2026-09-21,52A,52A,South Kedzie,3,142,Monday,52A
2026-09-21,53,53,Pulaski,3,340,Monday,53
2026-09-21,53A,53A,South Pulaski,3,171,Monday,53A
2026-09-21,54,54,Cicero,3,270,Monday,54
2026-09-21,54A,54A,North Cicero/Skokie Blvd.,3,38,Monday,54A
2026-09-21,54B,54B,South Cicero,3,110,Monday,54B
2026-09-21,55,55,Garfield,3,264,Monday,55
2026-09-21,55A,55A,55th/Austin,3,38,Monday,55A
2026-09-21,55N,55N,55th/Narragansett,3,80,Monday,55N
2026-09-21,56,56,Milwaukee,3,167,Monday,56
2026-09-21,57,57,Laramie,3,130,Monday,57
2026-09-21,59,59,59th/61st,3,114,Monday,59
2026-09-21,6,6,Jackson Park Express,3,190,Monday,6
2026-09-21,60,60,Blue Island/26th,3,252,Monday,60
2026-09-21,62,62,Archer,3,193,Monday,62
2026-09-21,62H,62H,Archer/Harlem,3,76,Monday,62H
2026-09-21,63,63,63rd,3,306,Monday,63
2026-09-21,63W,63W,West 63rd,3,118,Monday,63W
2026-09-21,65,65,Grand,3,202,Monday,65
2026-09-21,66,66,Chicago,3,445,Monday,66
2026-09-21,67,67,67th/69th/71st,3,228,Monday,67
2026-09-21,68,68,Northwest Highway,3,99,Monday,68
2026-09-21,7,7,Harrison,3,132,Monday,7
2026-09-21,70,70,Division,3,212,Monday,70
2026-09-21,71,71,71st/South Shore,3,195,Monday,71
2026-09-21,72,72,North,3,295,Monday,72
2026-09-21,73,73,Armitage,3,186,Monday,73
2026-09-21,74,74,Fullerton,3,283,Monday,74
2026-09-21,75,75,74th/75th,3,168,Monday,75
2026-09-21,76,76,Diversey,3,208,Monday,76
2026-09-21,77,77,Belmont,3,328,Monday,77
2026-09-21,78,78,Montrose,3,167,Monday,78
2026-09-21,79,79,79th,3,446,Monday,79
2026-09-21,8,8,Halsted,3,257,Monday,8
2026-09-21,80,80,Irving Park,3,207,Monday,80
2026-09-21,81,81,Lawrence,3,260,Monday,81
2026-09-21,81W,81W,West Lawrence,3,88,Monday,81W
2026-09-21,82,82,Kimball/Homan,3,281,Monday,82
2026-09-21,84,84,Peterson,3,142,Monday,84
2026-09-21,85,85,Central,3,244,Monday,85
2026-09-21,85A,85A,North Central,3,94,Monday,85A
2026-09-21,86,86,Narragansett/Ridgeland,3,106,Monday,86
2026-09-21,87,87,87th,3,260,Monday,87
2026-09-21,88,88,Higgins,3,100,Monday,88
2026-09-21,8A,8A,South Halsted,3,134,Monday,8A
2026-09-21,9,9,Ashland,3,363,Monday,9
2026-09-21,90,90,Harlem,3,132,Monday,90
2026-09-21,91,91,Austin,3,155,Monday,91
2026-09-21,92,92,Foster,3,162,Monday,92
2026-09-21,93,93,California/Dodge,3,125,Monday,93
2026-09-21,94,94,California,3,170,Monday,94
2026-09-21,95,95,95th,3,256,Monday,95
2026-09-21,96,96,Lunt,3,66,Monday,96
2026-09-21,97,97,Skokie,3,108,Monday,97
2026-09-21,Blue,,Blue Line,1,354,Monday,Blue Line
2026-09-21,Brn,,Brown Line,1,178,Monday,Brown Line
2026-09-21,G,,Green Line,1,256,Monday,Green Line
2026-09-21,J14,J14,Jeffery Jump,3,242,Monday,J14
2026-09-21,N5,N5,South Shore Night Bus,3,20,Monday,N5
2026-09-21,Org,,Orange Line,1,144,Monday,Orange Line
2026-09-21,P,,Purple Line,1,189,Monday,Purple Line
2026-09-21,Pink,,Pink Line,1,122,Monday,Pink Line
2026-09-21,Red,,Red Line,1,422,Monday,Red Line
2026-09-21,X4,X4,Cottage Grove Express,3,69,Monday,X4
2026-09-21,X49,X49,Western Express,3,87,Monday,X49
2026-09-21,X9,X9,Ashland Express,3,102,Monday,X9
2026-09-21,Y,,Yellow Line,1,160,Monday,Yellow Line
2026-09-22,1,1,Bronzeville/Union Station,3,59,Tuesday,1
2026-09-22,10,10,Obama Presidential Center/Museum of Science & Industry Express ,3,36,Tuesday,10
2026-09-22,100,100,Jeffery Manor Express,3,53,Tuesday,100
2026-09-22,103,103,West 103rd,3,129,Tuesday,103
2026-09-22,106,106,East 103rd,3,135,Tuesday,106
2026-09-22,108,108,Halsted/95th,3,72,Tuesday,108
2026-09-22,11,11,Lincoln,3,84,Tuesday,11
2026-09-22,111,111,111th/King Drive,3,140,Tuesday,111
2026-09-22,111A,111A,Pullman Shuttle,3,82,Tuesday,111A
2026-09-22,112,112,Vincennes/111th,3,134,Tuesday,112
2026-09-22,115,115,Pullman/115th,3,143,Tuesday,115
2026-09-22,119,119,Michigan/119th,3,189,Tuesday,119
2026-09-22,12,12,Roosevelt,3,254,Tuesday,12
2026-09-22,120,120,Ogilvie/Streeterville Express,3,73,Tuesday,120
2026-09-22,121,121,Union/Streeterville Express,3,76,Tuesday,121
2026-09-22,124,124,Navy Pier,3,75,Tuesday,124
2026-09-22,125,125,Water Tower Express,3,51,Tuesday,125
2026-09-22,126,126,Jackson,3,146,Tuesday,126
2026-09-22,134,134,Stockton/LaSalle Express,3,49,Tuesday,134
2026-09-22,135,135,Clarendon/LaSalle Express,3,50,Tuesday,135
2026-09-22,136,136,Sheridan/LaSalle Express,3,36,Tuesday,136
2026-09-22,143,143,Stockton/Michigan Express,3,36,Tuesday,143
2026-09-22,146,146,Inner Lake Shore/Michigan Express,3,222,Tuesday,146
2026-09-22,147,147,Outer DuSable Lake Shore Express,3,208,Tuesday,147
2026-09-22,148,148,Clarendon/Michigan Express,3,45,Tuesday,148
2026-09-22,15,15,Jeffery Local,3,159,Tuesday,15
2026-09-22,151,151,Sheridan,3,211,Tuesday,151
2026-09-22,152,152,Addison,3,212,Tuesday,152
2026-09-22,155,155,Devon,3,204,Tuesday,155
2026-09-22,156,156,LaSalle,3,136,Tuesday,156
2026-09-22,157,157,Streeterville/Taylor,3,131,Tuesday,157
2026-09-22,165,165,West 65th,3,19,Tuesday,165
2026-09-22,169,169,69th/UPS Express,3,10,Tuesday,169
2026-09-22,171,171,U. of Chicago/Hyde Park,3,83,Tuesday,171
2026-09-22,172,172,U. of Chicago/Kenwood,3,126,Tuesday,172
2026-09-22,18,18,16th/18th,3,130,Tuesday,18
2026-09-22,192,192,University of Chicago Hospitals Express,3,19,Tuesday,192
2026-09-22,2,2,Hyde Park Express,3,60,Tuesday,2
2026-09-22,20,20,Madison,3,338,Tuesday,20
2026-09-22,201,201,Central/Ridge,3,76,Tuesday,201
2026-09-22,206,206,Evanston Circulator,3,25,Tuesday,206
2026-09-22,21,21,Cermak,3,176,Tuesday,21
2026-09-22,22,22,Clark,3,239,Tuesday,22
2026-09-22,24,24,Wentworth,3,101,Tuesday,24
2026-09-22,26,26,South Shore Express,3,86,Tuesday,26
2026-09-22,28,28,Stony Island,3,162,Tuesday,28
2026-09-22,29,29,State,3,162,Tuesday,29
2026-09-22,3,3,King Drive,3,243,Tuesday,3
2026-09-22,30,30,South Chicago,3,114,Tuesday,30
2026-09-22,31,31,31st,3,55,Tuesday,31
2026-09-22,34,34,South Michigan,3,236,Tuesday,34
2026-09-22,35,35,31st/35th,3,221,Tuesday,35
2026-09-22,36,36,Broadway,3,166,Tuesday,36
2026-09-22,37,37,Sedgwick,3,100,Tuesday,37
2026-09-22,39,39,Pershing,3,94,Tuesday,39
2026-09-22,4,4,Cottage Grove,3,250,Tuesday,4
2026-09-22,43,43,43rd,3,112,Tuesday,43
2026-09-22,44,44,Wallace/Racine,3,141,Tuesday,44
2026-09-22,47,47,47th,3,251,Tuesday,47
2026-09-22,48,48,South Damen,3,69,Tuesday,48
2026-09-22,49,49,Western,3,271,Tuesday,49
2026-09-22,49B,49B,North Western,3,221,Tuesday,49B
2026-09-22,50,50,Damen,3,173,Tuesday,50
2026-09-22,51,51,51st,3,98,Tuesday,51
2026-09-22,52,52,Kedzie,3,190,Tuesday,52
2026-09-22,52A,52A,South Kedzie,3,142,Tuesday,52A
2026-09-22,53,53,Pulaski,3,339,Tuesday,53
2026-09-22,53A,53A,South Pulaski,3,173,Tuesday,53A
2026-09-22,54,54,Cicero,3,272,Tuesday,54
2026-09-22,54A,54A,North Cicero/Skokie Blvd.,3,38,Tuesday,54A
2026-09-22,54B,54B,South Cicero,3,110,Tuesday,54B
2026-09-22,55,55,Garfield,3,264,Tuesday,55
2026-09-22,55A,55A,55th/Austin,3,38,Tuesday,55A
2026-09-22,55N,55N,55th/Narragansett,3,80,Tuesday,55N
2026-09-22,56,56,Milwaukee,3,167,Tuesday,56
2026-09-22,57,57,Laramie,3,130,Tuesday,57
2026-09-22,59,59,59th/61st,3,114,Tuesday,59
2026-09-22,6,6,Jackson Park Express,3,189,Tuesday,6
2026-09-22,60,60,Blue Island/26th,3,252,Tuesday,60
2026-09-22,62,62,Archer,3,193,Tuesday,62
2026-09-22,62H,62H,Archer/Harlem,3,76,Tuesday,62H
2026-09-22,63,63,63rd,3,304,Tuesday,63
2026-09-22,63W,63W,West 63rd,3,118,Tuesday,63W
2026-09-22,65,65,Grand,3,204,Tuesday,65
2026-09-22,66,66,Chicago,3,450,Tuesday,66
2026-09-22,67,67,67th/69th/71st,3,225,Tuesday,67
2026-09-22,68,68,Northwest Highway,3,99,Tuesday,68
2026-09-22,7,7,Harrison,3,132,Tuesday,7
2026-09-22,70,70,Division,3,213,Tuesday,70
2026-09-22,71,71,71st/South Shore,3,199,Tuesday,71
2026-09-22,72,72,North,3,299,Tuesday,72
2026-09-22,73,73,Armitage,3,186,Tuesday,73
2026-09-22,74,74,Fullerton,3,282,Tuesday,74
2026-09-22,75,75,74th/75th,3,168,Tuesday,75
2026-09-22,76,76,Diversey,3,209,Tuesday,76
2026-09-22,77,77,Belmont,3,328,Tuesday,77
2026-09-22,78,78,Montrose,3,167,Tuesday,78
2026-09-22,79,79,79th,3,450,Tuesday,79
2026-09-22,8,8,Halsted,3,257,Tuesday,8
2026-09-22,80,80,Irving Park,3,208,Tuesday,80
2026-09-22,81,81,Lawrence,3,262,Tuesday,81
2026-09-22,81W,81W,West Lawrence,3,88,Tuesday,81W
2026-09-22,82,82,Kimball/Homan,3,280,Tuesday,82
2026-09-22,84,84,Peterson,3,142,Tuesday,84
2026-09-22,85,85,Central,3,244,Tuesday,85
2026-09-22,85A,85A,North Central,3,94,Tuesday,85A
2026-09-22,86,86,Narragansett/Ridgeland,3,106,Tuesday,86
2026-09-22,87,87,87th,3,263,Tuesday,87
2026-09-22,88,88,Higgins,3,100,Tuesday,88
2026-09-22,8A,8A,South Halsted,3,134,Tuesday,8A
2026-09-22,9,9,Ashland,3,365,Tuesday,9
2026-09-22,90,90,Harlem,3,132,Tuesday,90
2026-09-22,91,91,Austin,3,155,Tuesday,91
2026-09-22,92,92,Foster,3,162,Tuesday,92
2026-09-22,93,93,California/Dodge,3,125,Tuesday,93
2026-09-22,94,94,California,3,170,Tuesday,94
2026-09-22,95,95,95th,3,256,Tuesday,95
2026-09-22,96,96,Lunt,3,66,Tuesday,96
2026-09-22,97,97,Skokie,3,108,Tuesday,97
2026-09-22,Blue,,Blue Line,1,356,Tuesday,Blue Line
2026-09-22,Brn,,Brown Line,1,180,Tuesday,Brown Line
2026-09-22,G,,Green Line,1,256,Tuesday,Green Line
2026-09-22,J14,J14,Jeffery Jump,3,242,Tuesday,J14
2026-09-22,N5,N5,South Shore Night Bus,3,20,Tuesday,N5
2026-09-22,Org,,Orange Line,1,144,Tuesday,Orange Line
2026-09-22,P,,Purple Line,1,188,Tuesday,Purple Line
2026-09-22,Pink,,Pink Line,1,122,Tuesday,Pink Line
2026-09-22,Red,,Red Line,1,424,Tuesday,Red Line
2026-09-22,X4,X4,Cottage Grove Express,3,69,Tuesday,X4
2026-09-22,X49,X49,Western Express,3,87,Tuesday,X49
2026-09-22,X9,X9,Ashland Express,3,102,Tuesday,X9
2026-09-22,Y,,Yellow Line,1,160,Tuesday,Yellow Line
2026-09-23,1,1,Bronzeville/Union Station,3,59,Wednesday,1
2026-09-23,10,10,Obama Presidential Center/Museum of Science & Industry Express ,3,36,Wednesday,10
2026-09-23,100,100,Jeffery Manor Express,3,53,Wednesday,100
2026-09-23,103,103,West 103rd,3,129,Wednesday,103
2026-09-23,106,106,East 103rd,3,135,Wednesday,106
2026-09-23,108,108,Halsted/95th,3,72,Wednesday,108
2026-09-23,11,11,Lincoln,3,84,Wednesday,11
2026-09-23,111,111,111th/King Drive,3,140,Wednesday,111
2026-09-23,111A,111A,Pullman Shuttle,3,82,Wednesday,111A
2026-09-23,112,112,Vincennes/111th,3,134,Wednesday,112
2026-09-23,115,115,Pullman/115th,3,143,Wednesday,115
2026-09-23,119,119,Michigan/119th,3,189,Wednesday,119
2026-09-23,12,12,Roosevelt,3,254,Wednesday,12
2026-09-23,120,120,Ogilvie/Streeterville Express,3,73,Wednesday,120
2026-09-23,121,121,Union/Streeterville Express,3,76,Wednesday,121
2026-09-23,124,124,Navy Pier,3,75,Wednesday,124
2026-09-23,125,125,Water Tower Express,3,51,Wednesday,125
2026-09-23,126,126,Jackson,3,146,Wednesday,126
2026-09-23,134,134,Stockton/LaSalle Express,3,49,Wednesday,134
2026-09-23,135,135,Clarendon/LaSalle Express,3,50,Wednesday,135
2026-09-23,136,136,Sheridan/LaSalle Express,3,36,Wednesday,136
2026-09-23,143,143,Stockton/Michigan Express,3,36,Wednesday,143
2026-09-23,146,146,Inner Lake Shore/Michigan Express,3,222,Wednesday,146
2026-09-23,147,147,Outer DuSable Lake Shore Express,3,208,Wednesday,147
2026-09-23,148,148,Clarendon/Michigan Express,3,45,Wednesday,148
2026-09-23,15,15,Jeffery Local,3,159,Wednesday,15
2026-09-23,151,151,Sheridan,3,211,Wednesday,151
2026-09-23,152,152,Addison,3,212,Wednesday,152
2026-09-23,155,155,Devon,3,204,Wednesday,155
2026-09-23,156,156,LaSalle,3,136,Wednesday,156
2026-09-23,157,157,Streeterville/Taylor,3,131,Wednesday,157
2026-09-23,165,165,West 65th,3,19,Wednesday,165
2026-09-23,169,169,69th/UPS Express,3,10,Wednesday,169
2026-09-23,171,171,U. of Chicago/Hyde Park,3,83,Wednesday,171
2026-09-23,172,172,U. of Chicago/Kenwood,3,126,Wednesday,172
2026-09-23,18,18,16th/18th,3,130,Wednesday,18
2026-09-23,192,192,University of Chicago Hospitals Express,3,19,Wednesday,192
2026-09-23,2,2,Hyde Park Express,3,60,Wednesday,2
2026-09-23,20,20,Madison,3,338,Wednesday,20
2026-09-23,201,201,Central/Ridge,3,76,Wednesday,201
2026-09-23,206,206,Evanston Circulator,3,25,Wednesday,206
2026-09-23,21,21,Cermak,3,176,Wednesday,21
2026-09-23,22,22,Clark,3,239,Wednesday,22
2026-09-23,24,24,Wentworth,3,101,Wednesday,24
2026-09-23,26,26,South Shore Express,3,86,Wednesday,26
2026-09-23,28,28,Stony Island,3,162,Wednesday,28
2026-09-23,29,29,State,3,162,Wednesday,29
2026-09-23,3,3,King Drive,3,243,Wednesday,3
2026-09-23,30,30,South Chicago,3,114,Wednesday,30
2026-09-23,31,31,31st,3,55,Wednesday,31
2026-09-23,34,34,South Michigan,3,236,Wednesday,34
2026-09-23,35,35,31st/35th,3,221,Wednesday,35
2026-09-23,36,36,Broadway,3,166,Wednesday,36
2026-09-23,37,37,Sedgwick,3,100,Wednesday,37
2026-09-23,39,39,Pershing,3,94,Wednesday,39
2026-09-23,4,4,Cottage Grove,3,250,Wednesday,4
2026-09-23,43,43,43rd,3,112,Wednesday,43
2026-09-23,44,44,Wallace/Racine,3,141,Wednesday,44
2026-09-23,47,47,47th,3,251,Wednesday,47
2026-09-23,48,48,South Damen,3,69,Wednesday,48
2026-09-23,49,49,Western,3,271,Wednesday,49
2026-09-23,49B,49B,North Western,3,221,Wednesday,49B
2026-09-23,50,50,Damen,3,173,Wednesday,50
2026-09-23,51,51,51st,3,98,Wednesday,51
2026-09-23,52,52,Kedzie,3,190,Wednesday,52
2026-09-23,52A,52A,South Kedzie,3,142,Wednesday,52A
2026-09-23,53,53,Pulaski,3,339,Wednesday,53
2026-09-23,53A,53A,South Pulaski,3,173,Wednesday,53A
2026-09-23,54,54,Cicero,3,272,Wednesday,54
2026-09-23,54A,54A,North Cicero/Skokie Blvd.,3,38,Wednesday,54A
2026-09-23,54B,54B,South Cicero,3,110,Wednesday,54B
2026-09-23,55,55,Garfield,3,264,Wednesday,55
2026-09-23,55A,55A,55th/Austin,3,38,Wednesday,55A
2026-09-23,55N,55N,55th/Narragansett,3,80,Wednesday,55N
2026-09-23,56,56,Milwaukee,3,167,Wednesday,56
2026-09-23,57,57,Laramie,3,130,Wednesday,57
2026-09-23,59,59,59th/61st,3,114,Wednesday,59
2026-09-23,6,6,Jackson Park Express,3,189,Wednesday,6
2026-09-23,60,60,Blue Island/26th,3,252,Wednesday,60
2026-09-23,62,62,Archer,3,193,Wednesday,62
2026-09-23,62H,62H,Archer/Harlem,3,76,Wednesday,62H
2026-09-23,63,63,63rd,3,304,Wednesday,63
2026-09-23,63W,63W,West 63rd,3,118,Wednesday,63W
2026-09-23,65,65,Grand,3,204,Wednesday,65
2026-09-23,66,66,Chicago,3,450,Wednesday,66
2026-09-23,67,67,67th/69th/71st,3,227,Wednesday,67
2026-09-23,68,68,Northwest Highway,3,99,Wednesday,68
2026-09-23,7,7,Harrison,3,132,Wednesday,7
2026-09-23,70,70,Division,3,214,Wednesday,70
2026-09-23,71,71,71st/South Shore,3,199,Wednesday,71
2026-09-23,72,72,North,3,299,Wednesday,72
2026-09-23,73,73,Armitage,3,186,Wednesday,73
2026-09-23,74,74,Fullerton,3,282,Wednesday,74
2026-09-23,75,75,74th/75th,3,168,Wednesday,75
2026-09-23,76,76,Diversey,3,209,Wednesday,76
2026-09-23,77,77,Belmont,3,328,Wednesday,77
2026-09-23,78,78,Montrose,3,167,Wednesday,78
2026-09-23,79,79,79th,3,450,Wednesday,79
2026-09-23,8,8,Halsted,3,257,Wednesday,8
2026-09-23,80,80,Irving Park,3,208,Wednesday,80
2026-09-23,81,81,Lawrence,3,262,Wednesday,81
2026-09-23,81W,81W,West Lawrence,3,88,Wednesday,81W
2026-09-23,82,82,Kimball/Homan,3,280,Wednesday,82
2026-09-23,84,84,Peterson,3,142,Wednesday,84
2026-09-23,85,85,Central,3,244,Wednesday,85
2026-09-23,85A,85A,North Central,3,94,Wednesday,85A
2026-09-23,86,86,Narragansett/Ridgeland,3,106,Wednesday,86
2026-09-23,87,87,87th,3,263,Wednesday,87
2026-09-23,88,88,Higgins,3,100,Wednesday,88
2026-09-23,8A,8A,South Halsted,3,134,Wednesday,8A
2026-09-23,9,9,Ashland,3,365,Wednesday,9
2026-09-23,90,90,Harlem,3,132,Wednesday,90
2026-09-23,91,91,Austin,3,155,Wednesday,91
2026-09-23,92,92,Foster,3,162,Wednesday,92
2026-09-23,93,93,California/Dodge,3,125,Wednesday,93
2026-09-23,94,94,California,3,170,Wednesday,94
2026-09-23,95,95,95th,3,256,Wednesday,95
2026-09-23,96,96,Lunt,3,66,Wednesday,96
2026-09-23,97,97,Skokie,3,108,Wednesday,97
2026-09-23,Blue,,Blue Line,1,356,Wednesday,Blue Line
2026-09-23,Brn,,Brown Line,1,180,Wednesday,Brown Line
2026-09-23,G,,Green Line,1,256,Wednesday,Green Line
2026-09-23,J14,J14,Jeffery Jump,3,242,Wednesday,J14
2026-09-23,N5,N5,South Shore Night Bus,3,20,Wednesday,N5
2026-09-23,Org,,Orange Line,1,144,Wednesday,Orange Line
2026-09-23,P,,Purple Line,1,188,Wednesday,Purple Line
2026-09-23,Pink,,Pink Line,1,122,Wednesday,Pink Line
2026-09-23,Red,,Red Line,1,424,Wednesday,Red Line
2026-09-23,X4,X4,Cottage Grove Express,3,69,Wednesday,X4
2026-09-23,X49,X49,Western Express,3,87,Wednesday,X49
2026-09-23,X9,X9,Ashland Express,3,102,Wednesday,X9
2026-09-23,Y,,Yellow Line,1,160,Wednesday,Yellow Line
2026-09-24,1,1,Bronzeville/Union Station,3,59,Thursday,1
2026-09-24,10,10,Obama Presidential Center/Museum of Science & Industry Express ,3,36,Thursday,10
2026-09-24,100,100,Jeffery Manor Express,3,53,Thursday,100
2026-09-24,103,103,West 103rd,3,129,Thursday,103
2026-09-24,106,106,East 103rd,3,135,Thursday,106
2026-09-24,108,108,Halsted/95th,3,72,Thursday,108
2026-09-24,11,11,Lincoln,3,84,Thursday,11
2026-09-24,111,111,111th/King Drive,3,140,Thursday,111
2026-09-24,111A,111A,Pullman Shuttle,3,82,Thursday,111A
2026-09-24,112,112,Vincennes/111th,3,134,Thursday,112
2026-09-24,115,115,Pullman/115th,3,143,Thursday,115
2026-09-24,119,119,Michigan/119th,3,189,Thursday,119
2026-09-24,12,12,Roosevelt,3,254,Thursday,12
2026-09-24,120,120,Ogilvie/Streeterville Express,3,73,Thursday,120
2026-09-24,121,121,Union/Streeterville Express,3,76,Thursday,121
2026-09-24,124,124,Navy Pier,3,75,Thursday,124
2026-09-24,125,125,Water Tower Express,3,51,Thursday,125
2026-09-24,126,126,Jackson,3,146,Thursday,126
2026-09-24,134,134,Stockton/LaSalle Express,3,49,Thursday,134
2026-09-24,135,135,Clarendon/LaSalle Express,3,50,Thursday,135
2026-09-24,136,136,Sheridan/LaSalle Express,3,36,Thursday,136
2026-09-24,143,143,Stockton/Michigan Express,3,36,Thursday,143
2026-09-24,146,146,Inner Lake Shore/Michigan Express,3,222,Thursday,146
2026-09-24,147,147,Outer DuSable Lake Shore Express,3,208,Thursday,147
2026-09-24,148,148,Clarendon/Michigan Express,3,45,Thursday,148
2026-09-24,15,15,Jeffery Local,3,159,Thursday,15
2026-09-24,151,151,Sheridan,3,211,Thursday,151
2026-09-24,152,152,Addison,3,212,Thursday,152
2026-09-24,155,155,Devon,3,204,Thursday,155
2026-09-24,156,156,LaSalle,3,136,Thursday,156
2026-09-24,157,157,Streeterville/Taylor,3,131,Thursday,157
2026-09-24,165,165,West 65th,3,19,Thursday,165
2026-09-24,169,169,69th/UPS Express,3,10,Thursday,169
2026-09-24,171,171,U. of Chicago/Hyde Park,3,83,Thursday,171
2026-09-24,172,172,U. of Chicago/Kenwood,3,126,Thursday,172
2026-09-24,18,18,16th/18th,3,130,Thursday,18
2026-09-24,192,192,University of Chicago Hospitals Express,3,19,Thursday,192
2026-09-24,2,2,Hyde Park Express,3,60,Thursday,2
2026-09-24,20,20,Madison,3,338,Thursday,20
2026-09-24,201,201,Central/Ridge,3,76,Thursday,201
2026-09-24,206,206,Evanston Circulator,3,25,Thursday,206
2026-09-24,21,21,Cermak,3,176,Thursday,21
2026-09-24,22,22,Clark,3,239,Thursday,22
2026-09-24,24,24,Wentworth,3,101,Thursday,24
2026-09-24,26,26,South Shore Express,3,86,Thursday,26
2026-09-24,28,28,Stony Island,3,162,Thursday,28
2026-09-24,29,29,State,3,162,Thursday,29
2026-09-24,3,3,King Drive,3,243,Thursday,3
2026-09-24,30,30,South Chicago,3,114,Thursday,30
2026-09-24,31,31,31st,3,55,Thursday,31
2026-09-24,34,34,South Michigan,3,236,Thursday,34
2026-09-24,35,35,31st/35th,3,221,Thursday,35
2026-09-24,36,36,Broadway,3,166,Thursday,36
2026-09-24,37,37,Sedgwick,3,100,Thursday,37
2026-09-24,39,39,Pershing,3,94,Thursday,39
2026-09-24,4,4,Cottage Grove,3,250,Thursday,4
2026-09-24,43,43,43rd,3,112,Thursday,43
2026-09-24,44,44,Wallace/Racine,3,141,Thursday,44
2026-09-24,47,47,47th,3,251,Thursday,47
2026-09-24,48,48,South Damen,3,69,Thursday,48
2026-09-24,49,49,Western,3,271,Thursday,49
2026-09-24,49B,49B,North Western,3,221,Thursday,49B
2026-09-24,50,50,Damen,3,173,Thursday,50
2026-09-24,51,51,51st,3,98,Thursday,51
2026-09-24,52,52,Kedzie,3,190,Thursday,52
2026-09-24,52A,52A,South Kedzie,3,142,Thursday,52A
2026-09-24,53,53,Pulaski,3,339,Thursday,53
2026-09-24,53A,53A,South Pulaski,3,173,Thursday,53A
2026-09-24,54,54,Cicero,3,272,Thursday,54
2026-09-24,54A,54A,North Cicero/Skokie Blvd.,3,38,Thursday,54A
2026-09-24,54B,54B,South Cicero,3,110,Thursday,54B
2026-09-24,55,55,Garfield,3,264,Thursday,55
2026-09-24,55A,55A,55th/Austin,3,38,Thursday,55A
2026-09-24,55N,55N,55th/Narragansett,3,80,Thursday,55N
2026-09-24,56,56,Milwaukee,3,167,Thursday,56
2026-09-24,57,57,Laramie,3,130,Thursday,57
2026-09-24,59,59,59th/61st,3,114,Thursday,59
2026-09-24,6,6,Jackson Park Express,3,189,Thursday,6
2026-09-24,60,60,Blue Island/26th,3,252,Thursday,60
2026-09-24,62,62,Archer,3,193,Thursday,62
2026-09-24,62H,62H,Archer/Harlem,3,76,Thursday,62H
2026-09-24,63,63,63rd,3,304,Thursday,63
2026-09-24,63W,63W,West 63rd,3,118,Thursday,63W
2026-09-24,65,65,Grand,3,204,Thursday,65
2026-09-24,66,66,Chicago,3,450,Thursday,66
2026-09-24,67,67,67th/69th/71st,3,225,Thursday,67
2026-09-24,68,68,Northwest Highway,3,99,Thursday,68
2026-09-24,7,7,Harrison,3,132,Thursday,7
2026-09-24,70,70,Division,3,213,Thursday,70
2026-09-24,71,71,71st/South Shore,3,199,Thursday,71
2026-09-24,72,72,North,3,299,Thursday,72
2026-09-24,73,73,Armitage,3,186,Thursday,73
2026-09-24,74,74,Fullerton,3,282,Thursday,74
2026-09-24,75,75,74th/75th,3,168,Thursday,75
2026-09-24,76,76,Diversey,3,209,Thursday,76
2026-09-24,77,77,Belmont,3,328,Thursday,77
2026-09-24,78,78,Montrose,3,167,Thursday,78
2026-09-24,79,79,79th,3,450,Thursday,79
2026-09-24,8,8,Halsted,3,257,Thursday,8
2026-09-24,80,80,Irving Park,3,208,Thursday,80
2026-09-24,81,81,Lawrence,3,262,Thursday,81
2026-09-24,81W,81W,West Lawrence,3,88,Thursday,81W
2026-09-24,82,82,Kimball/Homan,3,280,Thursday,82
2026-09-24,84,84,Peterson,3,142,Thursday,84
2026-09-24,85,85,Central,3,244,Thursday,85
2026-09-24,85A,85A,North Central,3,94,Thursday,85A
2026-09-24,86,86,Narragansett/Ridgeland,3,106,Thursday,86
2026-09-24,87,87,87th,3,263,Thursday,87
2026-09-24,88,88,Higgins,3,100,Thursday,88
2026-09-24,8A,8A,South Halsted,3,134,Thursday,8A
2026-09-24,9,9,Ashland,3,365,Thursday,9
2026-09-24,90,90,Harlem,3,132,Thursday,90
2026-09-24,91,91,Austin,3,155,Thursday,91
2026-09-24,92,92,Foster,3,162,Thursday,92
2026-09-24,93,93,California/Dodge,3,125,Thursday,93
2026-09-24,94,94,California,3,170,Thursday,94
2026-09-24,95,95,95th,3,256,Thursday,95
2026-09-24,96,96,Lunt,3,66,Thursday,96
2026-09-24,97,97,Skokie,3,108,Thursday,97
2026-09-24,Blue,,Blue Line,1,356,Thursday,Blue Line
2026-09-24,Brn,,Brown Line,1,180,Thursday,Brown Line
2026-09-24,G,,Green Line,1,256,Thursday,Green Line
2026-09-24,J14,J14,Jeffery Jump,3,242,Thursday,J14
2026-09-24,N5,N5,South Shore Night Bus,3,20,Thursday,N5
2026-09-24,Org,,Orange Line,1,144,Thursday,Orange Line
2026-09-24,P,,Purple Line,1,188,Thursday,Purple Line
2026-09-24,Pink,,Pink Line,1,122,Thursday,Pink Line
2026-09-24,Red,,Red Line,1,424,Thursday,Red Line
2026-09-24,X4,X4,Cottage Grove Express,3,69,Thursday,X4
2026-09-24,X49,X49,Western Express,3,87,Thursday,X49
2026-09-24,X9,X9,Ashland Express,3,102,Thursday,X9
2026-09-24,Y,,Yellow Line,1,160,Thursday,Yellow Line
2026-09-25,1,1,Bronzeville/Union Station,3,59,Friday,1
2026-09-25,10,10,Obama Presidential Center/Museum of Science & Industry Express ,3,36,Friday,10
2026-09-25,100,100,Jeffery Manor Express,3,53,Friday,100
2026-09-25,103,103,West 103rd,3,129,Friday,103
2026-09-25,106,106,East 103rd,3,134,Friday,106
2026-09-25,108,108,Halsted/95th,3,71,Friday,108
2026-09-25,11,11,Lincoln,3,84,Friday,11
2026-09-25,111,111,111th/King Drive,3,140,Friday,111
2026-09-25,111A,111A,Pullman Shuttle,3,82,Friday,111A
2026-09-25,112,112,Vincennes/111th,3,134,Friday,112
2026-09-25,115,115,Pullman/115th,3,143,Friday,115
2026-09-25,119,119,Michigan/119th,3,189,Friday,119
2026-09-25,12,12,Roosevelt,3,254,Friday,12
2026-09-25,120,120,Ogilvie/Streeterville Express,3,73,Friday,120
2026-09-25,121,121,Union/Streeterville Express,3,76,Friday,121
2026-09-25,124,124,Navy Pier,3,75,Friday,124
2026-09-25,125,125,Water Tower Express,3,51,Friday,125
2026-09-25,126,126,Jackson,3,146,Friday,126
2026-09-25,134,134,Stockton/LaSalle Express,3,49,Friday,134
2026-09-25,135,135,Clarendon/LaSalle Express,3,50,Friday,135
2026-09-25,136,136,Sheridan/LaSalle Express,3,36,Friday,136
2026-09-25,143,143,Stockton/Michigan Express,3,36,Friday,143
2026-09-25,146,146,Inner Lake Shore/Michigan Express,3,222,Friday,146
2026-09-25,147,147,Outer DuSable Lake Shore Express,3,208,Friday,147
2026-09-25,148,148,Clarendon/Michigan Express,3,45,Friday,148
2026-09-25,15,15,Jeffery Local,3,159,Friday,15
2026-09-25,151,151,Sheridan,3,211,Friday,151
2026-09-25,152,152,Addison,3,214,Friday,152
2026-09-25,155,155,Devon,3,204,Friday,155
2026-09-25,156,156,LaSalle,3,136,Friday,156
2026-09-25,157,157,Streeterville/Taylor,3,131,Friday,157
2026-09-25,165,165,West 65th,3,19,Friday,165
2026-09-25,169,169,69th/UPS Express,3,10,Friday,169
2026-09-25,171,171,U. of Chicago/Hyde Park,3,83,Friday,171
2026-09-25,172,172,U. of Chicago/Kenwood,3,126,Friday,172
2026-09-25,18,18,16th/18th,3,130,Friday,18
2026-09-25,192,192,University of Chicago Hospitals Express,3,19,Friday,192
2026-09-25,2,2,Hyde Park Express,3,60,Friday,2
2026-09-25,20,20,Madison,3,338,Friday,20
2026-09-25,201,201,Central/Ridge,3,76,Friday,201
2026-09-25,206,206,Evanston Circulator,3,25,Friday,206
2026-09-25,21,21,Cermak,3,176,Friday,21
2026-09-25,22,22,Clark,3,239,Friday,22
2026-09-25,24,24,Wentworth,3,101,Friday,24
2026-09-25,26,26,South Shore Express,3,86,Friday,26
2026-09-25,28,28,Stony Island,3,162,Friday,28
2026-09-25,29,29,State,3,162,Friday,29
2026-09-25,3,3,King Drive,3,243,Friday,3
2026-09-25,30,30,South Chicago,3,114,Friday,30
2026-09-25,31,31,31st,3,55,Friday,31
2026-09-25,34,34,South Michigan,3,236,Friday,34
2026-09-25,35,35,31st/35th,3,221,Friday,35
2026-09-25,36,36,Broadway,3,166,Friday,36
2026-09-25,37,37,Sedgwick,3,100,Friday,37
2026-09-25,39,39,Pershing,3,94,Friday,39
2026-09-25,4,4,Cottage Grove,3,250,Friday,4
2026-09-25,43,43,43rd,3,112,Friday,43
2026-09-25,44,44,Wallace/Racine,3,141,Friday,44
2026-09-25,47,47,47th,3,251,Friday,47
2026-09-25,48,48,South Damen,3,69,Friday,48
2026-09-25,49,49,Western,3,271,Friday,49
2026-09-25,49B,49B,North Western,3,221,Friday,49B
2026-09-25,50,50,Damen,3,173,Friday,50
2026-09-25,51,51,51st,3,98,Friday,51
2026-09-25,52,52,Kedzie,3,190,Friday,52
2026-09-25,52A,52A,South Kedzie,3,142,Friday,52A
2026-09-25,53,53,Pulaski,3,339,Friday,53
2026-09-25,53A,53A,South Pulaski,3,173,Friday,53A
2026-09-25,54,54,Cicero,3,272,Friday,54
2026-09-25,54A,54A,North Cicero/Skokie Blvd.,3,38,Friday,54A
2026-09-25,54B,54B,South Cicero,3,110,Friday,54B
2026-09-25,55,55,Garfield,3,264,Friday,55
2026-09-25,55A,55A,55th/Austin,3,38,Friday,55A
2026-09-25,55N,55N,55th/Narragansett,3,80,Friday,55N
2026-09-25,56,56,Milwaukee,3,167,Friday,56
2026-09-25,57,57,Laramie,3,130,Friday,57
2026-09-25,59,59,59th/61st,3,114,Friday,59
2026-09-25,6,6,Jackson Park Express,3,189,Friday,6
2026-09-25,60,60,Blue Island/26th,3,252,Friday,60
2026-09-25,62,62,Archer,3,193,Friday,62
2026-09-25,62H,62H,Archer/Harlem,3,76,Friday,62H
2026-09-25,63,63,63rd,3,304,Friday,63
2026-09-25,63W,63W,West 63rd,3,118,Friday,63W
2026-09-25,65,65,Grand,3,204,Friday,65
2026-09-25,66,66,Chicago,3,450,Friday,66
2026-09-25,67,67,67th/69th/71st,3,225,Friday,67
2026-09-25,68,68,Northwest Highway,3,99,Friday,68
2026-09-25,7,7,Harrison,3,132,Friday,7
2026-09-25,70,70,Division,3,213,Friday,70
2026-09-25,71,71,71st/South Shore,3,199,Friday,71
2026-09-25,72,72,North,3,299,Friday,72
2026-09-25,73,73,Armitage,3,187,Friday,73
2026-09-25,74,74,Fullerton,3,282,Friday,74
2026-09-25,75,75,74th/75th,3,168,Friday,75
2026-09-25,76,76,Diversey,3,209,Friday,76
2026-09-25,77,77,Belmont,3,328,Friday,77
2026-09-25,78,78,Montrose,3,167,Friday,78
2026-09-25,79,79,79th,3,450,Friday,79
2026-09-25,8,8,Halsted,3,257,Friday,8
2026-09-25,80,80,Irving Park,3,208,Friday,80
2026-09-25,81,81,Lawrence,3,262,Friday,81
2026-09-25,81W,81W,West Lawrence,3,88,Friday,81W
2026-09-25,82,82,Kimball/Homan,3,280,Friday,82
2026-09-25,84,84,Peterson,3,142,Friday,84
2026-09-25,85,85,Central,3,244,Friday,85
2026-09-25,85A,85A,North Central,3,94,Friday,85A
2026-09-25,86,86,Narragansett/Ridgeland,3,106,Friday,86
2026-09-25,87,87,87th,3,263,Friday,87
2026-09-25,88,88,Higgins,3,100,Friday,88
2026-09-25,8A,8A,South Halsted,3,134,Friday,8A
2026-09-25,9,9,Ashland,3,365,Friday,9
2026-09-25,90,90,Harlem,3,132,Friday,90
2026-09-25,91,91,Austin,3,155,Friday,91
2026-09-25,92,92,Foster,3,162,Friday,92
2026-09-25,93,93,California/Dodge,3,125,Friday,93
2026-09-25,94,94,California,3,170,Friday,94
2026-09-25,95,95,95th,3,256,Friday,95
2026-09-25,96,96,Lunt,3,66,Friday,96
2026-09-25,97,97,Skokie,3,108,Friday,97
2026-09-25,Blue,,Blue Line,1,356,Friday,Blue Line
2026-09-25,Brn,,Brown Line,1,180,Friday,Brown Line
2026-09-25,G,,Green Line,1,256,Friday,Green Line
2026-09-25,J14,J14,Jeffery Jump,3,242,Friday,J14
2026-09-25,N5,N5,South Shore Night Bus,3,20,Friday,N5
2026-09-25,Org,,Orange Line,1,144,Friday,Orange Line
2026-09-25,P,,Purple Line,1,188,Friday,Purple Line
2026-09-25,Pink,,Pink Line,1,122,Friday,Pink Line
2026-09-25,Red,,Red Line,1,424,Friday,Red Line
2026-09-25,X4,X4,Cottage Grove Express,3,69,Friday,X4
2026-09-25,X49,X49,Western Express,3,87,Friday,X49
2026-09-25,X9,X9,Ashland Express,3,102,Friday,X9
2026-09-25,Y,,Yellow Line,1,160,Friday,Yellow Line
2026-09-26,10,10,Obama Presidential Center/Museum of Science & Industry Express ,3,36,Saturday,10
2026-09-26,103,103,West 103rd,3,107,Saturday,103
2026-09-26,106,106,East 103rd,3,78,Saturday,106
2026-09-26,11,11,Lincoln,3,68,Saturday,11
2026-09-26,111,111,111th/King Drive,3,120,Saturday,111
2026-09-26,111A,111A,Pullman Shuttle,3,82,Saturday,111A
2026-09-26,112,112,Vincennes/111th,3,90,Saturday,112
2026-09-26,115,115,Pullman/115th,3,123,Saturday,115
2026-09-26,119,119,Michigan/119th,3,141,Saturday,119
2026-09-26,12,12,Roosevelt,3,215,Saturday,12
2026-09-26,124,124,Navy Pier,3,86,Saturday,124
2026-09-26,126,126,Jackson,3,119,Saturday,126
2026-09-26,146,146,Inner Lake Shore/Michigan Express,3,192,Saturday,146
2026-09-26,147,147,Outer DuSable Lake Shore Express,3,219,Saturday,147
2026-09-26,15,15,Jeffery Local,3,138,Saturday,15
2026-09-26,151,151,Sheridan,3,225,Saturday,151
2026-09-26,152,152,Addison,3,121,Saturday,152
2026-09-26,155,155,Devon,3,182,Saturday,155
2026-09-26,169,169,69th/UPS Express,3,1,Saturday,169
2026-09-26,171,171,U. of Chicago/Hyde Park,3,42,Saturday,171
2026-09-26,172,172,U. of Chicago/Kenwood,3,42,Saturday,172
2026-09-26,18,18,16th/18th,3,121,Saturday,18
2026-09-26,20,20,Madison,3,255,Saturday,20
2026-09-26,201,201,Central/Ridge,3,63,Saturday,201
2026-09-26,21,21,Cermak,3,148,Saturday,21
2026-09-26,22,22,Clark,3,224,Saturday,22
2026-09-26,28,28,Stony Island,3,130,Saturday,28
2026-09-26,29,29,State,3,165,Saturday,29
2026-09-26,3,3,King Drive,3,195,Saturday,3
2026-09-26,30,30,South Chicago,3,106,Saturday,30
2026-09-26,34,34,South Michigan,3,210,Saturday,34
2026-09-26,35,35,31st/35th,3,205,Saturday,35
2026-09-26,36,36,Broadway,3,175,Saturday,36
2026-09-26,39,39,Pershing,3,42,Saturday,39
2026-09-26,4,4,Cottage Grove,3,254,Saturday,4
2026-09-26,43,43,43rd,3,58,Saturday,43
2026-09-26,44,44,Wallace/Racine,3,77,Saturday,44
2026-09-26,47,47,47th,3,219,Saturday,47
2026-09-26,49,49,Western,3,256,Saturday,49
2026-09-26,49B,49B,North Western,3,177,Saturday,49B
2026-09-26,50,50,Damen,3,150,Saturday,50
2026-09-26,51,51,51st,3,90,Saturday,51
2026-09-26,52,52,Kedzie,3,148,Saturday,52
2026-09-26,52A,52A,South Kedzie,3,84,Saturday,52A
2026-09-26,53,53,Pulaski,3,272,Saturday,53
2026-09-26,53A,53A,South Pulaski,3,122,Saturday,53A
2026-09-26,54,54,Cicero,3,238,Saturday,54
2026-09-26,54B,54B,South Cicero,3,106,Saturday,54B
2026-09-26,55,55,Garfield,3,240,Saturday,55
2026-09-26,55N,55N,55th/Narragansett,3,56,Saturday,55N
2026-09-26,56,56,Milwaukee,3,116,Saturday,56
2026-09-26,57,57,Laramie,3,77,Saturday,57
2026-09-26,59,59,59th/61st,3,85,Saturday,59
2026-09-26,6,6,Jackson Park Express,3,205,Saturday,6
2026-09-26,60,60,Blue Island/26th,3,220,Saturday,60
2026-09-26,62,62,Archer,3,172,Saturday,62
2026-09-26,62H,62H,Archer/Harlem,3,58,Saturday,62H
2026-09-26,63,63,63rd,3,262,Saturday,63
2026-09-26,63W,63W,West 63rd,3,80,Saturday,63W
2026-09-26,65,65,Grand,3,161,Saturday,65
2026-09-26,66,66,Chicago,3,373,Saturday,66
2026-09-26,67,67,67th/69th/71st,3,208,Saturday,67
2026-09-26,68,68,Northwest Highway,3,70,Saturday,68
2026-09-26,70,70,Division,3,149,Saturday,70
2026-09-26,71,71,71st/South Shore,3,187,Saturday,71
2026-09-26,72,72,North,3,247,Saturday,72
2026-09-26,73,73,Armitage,3,114,Saturday,73
2026-09-26,74,74,Fullerton,3,237,Saturday,74
2026-09-26,75,75,74th/75th,3,136,Saturday,75
2026-09-26,76,76,Diversey,3,142,Saturday,76
2026-09-26,77,77,Belmont,3,249,Saturday,77
2026-09-26,78,78,Montrose,3,132,Saturday,78
2026-09-26,79,79,79th,3,381,Saturday,79
2026-09-26,8,8,Halsted,3,187,Saturday,8
2026-09-26,80,80,Irving Park,3,177,Saturday,80
2026-09-26,81,81,Lawrence,3,234,Saturday,81
2026-09-26,81W,81W,West Lawrence,3,90,Saturday,81W
2026-09-26,82,82,Kimball/Homan,3,246,Saturday,82
2026-09-26,84,84,Peterson,3,88,Saturday,84
2026-09-26,85,85,Central,3,213,Saturday,85
2026-09-26,85A,85A,North Central,3,56,Saturday,85A
2026-09-26,87,87,87th,3,213,Saturday,87
2026-09-26,88,88,Higgins,3,68,Saturday,88
2026-09-26,8A,8A,South Halsted,3,122,Saturday,8A
2026-09-26,9,9,Ashland,3,305,Saturday,9
2026-09-26,90,90,Harlem,3,108,Saturday,90
2026-09-26,91,91,Austin,3,104,Saturday,91
2026-09-26,92,92,Foster,3,120,Saturday,92
2026-09-26,93,93,California/Dodge,3,78,Saturday,93
2026-09-26,94,94,California,3,116,Saturday,94
2026-09-26,95,95,95th,3,233,Saturday,95
2026-09-26,97,97,Skokie,3,91,Saturday,97
2026-09-26,Blue,,Blue Line,1,284,Saturday,Blue Line
2026-09-26,Brn,,Brown Line,1,130,Saturday,Brown Line
2026-09-26,G,,Green Line,1,228,Saturday,Green Line
2026-09-26,J14,J14,Jeffery Jump,3,187,Saturday,J14
2026-09-26,N5,N5,South Shore Night Bus,3,20,Saturday,N5
2026-09-26,Org,,Orange Line,1,120,Saturday,Orange Line
2026-09-26,P,,Purple Line,1,202,Saturday,Purple Line
2026-09-26,Pink,,Pink Line,1,108,Saturday,Pink Line
2026-09-26,Red,,Red Line,1,349,Saturday,Red Line
2026-09-26,Y,,Yellow Line,1,136,Saturday,Yellow Line
2026-09-27,10,10,Obama Presidential Center/Museum of Science & Industry Express ,3,36,Sunday,10
2026-09-27,103,103,West 103rd,3,105,Sunday,103
2026-09-27,106,106,East 103rd,3,82,Sunday,106
2026-09-27,11,11,Lincoln,3,50,Sunday,11
2026-09-27,111,111,111th/King Drive,3,104,Sunday,111
2026-09-27,111A,111A,Pullman Shuttle,3,82,Sunday,111A
2026-09-27,112,112,Vincennes/111th,3,72,Sunday,112
2026-09-27,115,115,Pullman/115th,3,118,Sunday,115
2026-09-27,119,119,Michigan/119th,3,111,Sunday,119
2026-09-27,12,12,Roosevelt,3,219,Sunday,12
2026-09-27,124,124,Navy Pier,3,66,Sunday,124
2026-09-27,126,126,Jackson,3,113,Sunday,126
2026-09-27,146,146,Inner Lake Shore/Michigan Express,3,169,Sunday,146
2026-09-27,147,147,Outer DuSable Lake Shore Express,3,168,Sunday,147
2026-09-27,15,15,Jeffery Local,3,110,Sunday,15
2026-09-27,151,151,Sheridan,3,185,Sunday,151
2026-09-27,152,152,Addison,3,97,Sunday,152
2026-09-27,155,155,Devon,3,146,Sunday,155
2026-09-27,172,172,U. of Chicago/Kenwood,3,42,Sunday,172
2026-09-27,18,18,16th/18th,3,98,Sunday,18
2026-09-27,20,20,Madison,3,243,Sunday,20
2026-09-27,21,21,Cermak,3,128,Sunday,21
2026-09-27,22,22,Clark,3,193,Sunday,22
2026-09-27,28,28,Stony Island,3,116,Sunday,28
2026-09-27,29,29,State,3,137,Sunday,29
2026-09-27,3,3,King Drive,3,150,Sunday,3
2026-09-27,30,30,South Chicago,3,82,Sunday,30
2026-09-27,34,34,South Michigan,3,205,Sunday,34
2026-09-27,35,35,31st/35th,3,202,Sunday,35
2026-09-27,36,36,Broadway,3,163,Sunday,36
2026-09-27,39,39,Pershing,3,42,Sunday,39
2026-09-27,4,4,Cottage Grove,3,229,Sunday,4
2026-09-27,43,43,43rd,3,60,Sunday,43
2026-09-27,44,44,Wallace/Racine,3,75,Sunday,44
2026-09-27,47,47,47th,3,217,Sunday,47
2026-09-27,49,49,Western,3,227,Sunday,49
2026-09-27,49B,49B,North Western,3,156,Sunday,49B
2026-09-27,50,50,Damen,3,128,Sunday,50
2026-09-27,51,51,51st,3,80,Sunday,51
2026-09-27,52,52,Kedzie,3,117,Sunday,52
2026-09-27,52A,52A,South Kedzie,3,64,Sunday,52A
2026-09-27,53,53,Pulaski,3,248,Sunday,53
2026-09-27,53A,53A,South Pulaski,3,102,Sunday,53A
2026-09-27,54,54,Cicero,3,223,Sunday,54
2026-09-27,54B,54B,South Cicero,3,78,Sunday,54B
2026-09-27,55,55,Garfield,3,227,Sunday,55
2026-09-27,56,56,Milwaukee,3,110,Sunday,56
2026-09-27,57,57,Laramie,3,57,Sunday,57
2026-09-27,6,6,Jackson Park Express,3,168,Sunday,6
2026-09-27,60,60,Blue Island/26th,3,220,Sunday,60
2026-09-27,62,62,Archer,3,148,Sunday,62
2026-09-27,63,63,63rd,3,264,Sunday,63
2026-09-27,63W,63W,West 63rd,3,62,Sunday,63W
2026-09-27,65,65,Grand,3,122,Sunday,65
2026-09-27,66,66,Chicago,3,280,Sunday,66
2026-09-27,67,67,67th/69th/71st,3,167,Sunday,67
2026-09-27,68,68,Northwest Highway,3,56,Sunday,68
2026-09-27,70,70,Division,3,134,Sunday,70
2026-09-27,71,71,71st/South Shore,3,155,Sunday,71
2026-09-27,72,72,North,3,234,Sunday,72
2026-09-27,73,73,Armitage,3,105,Sunday,73
2026-09-27,74,74,Fullerton,3,229,Sunday,74
2026-09-27,75,75,74th/75th,3,116,Sunday,75
2026-09-27,76,76,Diversey,3,98,Sunday,76
2026-09-27,77,77,Belmont,3,229,Sunday,77
2026-09-27,78,78,Montrose,3,107,Sunday,78
2026-09-27,79,79,79th,3,283,Sunday,79
2026-09-27,8,8,Halsted,3,145,Sunday,8
2026-09-27,80,80,Irving Park,3,144,Sunday,80
2026-09-27,81,81,Lawrence,3,220,Sunday,81
2026-09-27,81W,81W,West Lawrence,3,56,Sunday,81W
2026-09-27,82,82,Kimball/Homan,3,266,Sunday,82
2026-09-27,84,84,Peterson,3,72,Sunday,84
2026-09-27,85,85,Central,3,209,Sunday,85
2026-09-27,87,87,87th,3,176,Sunday,87
2026-09-27,88,88,Higgins,3,64,Sunday,88
2026-09-27,8A,8A,South Halsted,3,102,Sunday,8A
2026-09-27,9,9,Ashland,3,276,Sunday,9
2026-09-27,90,90,Harlem,3,86,Sunday,90
2026-09-27,91,91,Austin,3,92,Sunday,91
2026-09-27,92,92,Foster,3,108,Sunday,92
2026-09-27,93,93,California/Dodge,3,77,Sunday,93
2026-09-27,94,94,California,3,103,Sunday,94
2026-09-27,95,95,95th,3,224,Sunday,95
2026-09-27,97,97,Skokie,3,65,Sunday,97
2026-09-27,Blue,,Blue Line,1,258,Sunday,Blue Line
2026-09-27,Brn,,Brown Line,1,112,Sunday,Brown Line
2026-09-27,G,,Green Line,1,224,Sunday,Green Line
2026-09-27,J14,J14,Jeffery Jump,3,178,Sunday,J14
2026-09-27,N5,N5,South Shore Night Bus,3,22,Sunday,N5
2026-09-27,Org,,Orange Line,1,114,Sunday,Orange Line
2026-09-27,P,,Purple Line,1,183,Sunday,Purple Line
2026-09-27,Pink,,Pink Line,1,102,Sunday,Pink Line
2026-09-27,Red,,Red Line,1,317,Sunday,Red Line
2026-09-27,Y,,Yellow Line,1,136,Sunday,Yellow Line
2026-09-28,1,1,Bronzeville/Union Station,3,59,Monday,1
2026-09-28,10,10,Obama Presidential Center/Museum of Science & Industry Express ,3,36,Monday,10
2026-09-28,100,100,Jeffery Manor Express,3,53,Monday,100
2026-09-28,103,103,West 103rd,3,129,Monday,103
2026-09-28,106,106,East 103rd,3,135,Monday,106
2026-09-28,108,108,Halsted/95th,3,72,Monday,108
2026-09-28,11,11,Lincoln,3,84,Monday,11
2026-09-28,111,111,111th/King Drive,3,140,Monday,111
2026-09-28,111A,111A,Pullman Shuttle,3,82,Monday,111A
2026-09-28,112,112,Vincennes/111th,3,134,Monday,112
2026-09-28,115,115,Pullman/115th,3,143,Monday,115
2026-09-28,119,119,Michigan/119th,3,187,Monday,119
2026-09-28,12,12,Roosevelt,3,254,Monday,12
2026-09-28,120,120,Ogilvie/Streeterville Express,3,73,Monday,120
2026-09-28,121,121,Union/Streeterville Express,3,76,Monday,121
2026-09-28,124,124,Navy Pier,3,75,Monday,124
2026-09-28,125,125,Water Tower Express,3,51,Monday,125
2026-09-28,126,126,Jackson,3,146,Monday,126
2026-09-28,134,134,Stockton/LaSalle Express,3,49,Monday,134
2026-09-28,135,135,Clarendon/LaSalle Express,3,50,Monday,135
2026-09-28,136,136,Sheridan/LaSalle Express,3,36,Monday,136
2026-09-28,143,143,Stockton/Michigan Express,3,36,Monday,143
2026-09-28,146,146,Inner Lake Shore/Michigan Express,3,222,Monday,146
2026-09-28,147,147,Outer DuSable Lake Shore Express,3,208,Monday,147
2026-09-28,148,148,Clarendon/Michigan Express,3,45,Monday,148
2026-09-28,15,15,Jeffery Local,3,159,Monday,15
2026-09-28,151,151,Sheridan,3,209,Monday,151
2026-09-28,152,152,Addison,3,212,Monday,152
2026-09-28,155,155,Devon,3,204,Monday,155
2026-09-28,156,156,LaSalle,3,136,Monday,156
2026-09-28,157,157,Streeterville/Taylor,3,131,Monday,157
2026-09-28,165,165,West 65th,3,19,Monday,165
2026-09-28,169,169,69th/UPS Express,3,9,Monday,169
2026-09-28,171,171,U. of Chicago/Hyde Park,3,83,Monday,171
2026-09-28,172,172,U. of Chicago/Kenwood,3,126,Monday,172
2026-09-28,18,18,16th/18th,3,130,Monday,18
2026-09-28,192,192,University of Chicago Hospitals Express,3,19,Monday,192
2026-09-28,2,2,Hyde Park Express,3,60,Monday,2
2026-09-28,20,20,Madison,3,338,Monday,20
2026-09-28,201,201,Central/Ridge,3,76,Monday,201
2026-09-28,206,206,Evanston Circulator,3,25,Monday,206
2026-09-28,21,21,Cermak,3,176,Monday,21
2026-09-28,22,22,Clark,3,240,Monday,22
2026-09-28,24,24,Wentworth,3,101,Monday,24
2026-09-28,26,26,South Shore Express,3,86,Monday,26
2026-09-28,28,28,Stony Island,3,164,Monday,28
2026-09-28,29,29,State,3,162,Monday,29
2026-09-28,3,3,King Drive,3,242,Monday,3
2026-09-28,30,30,South Chicago,3,114,Monday,30
2026-09-28,31,31,31st,3,55,Monday,31
2026-09-28,34,34,South Michigan,3,234,Monday,34
2026-09-28,35,35,31st/35th,3,221,Monday,35
2026-09-28,36,36,Broadway,3,166,Monday,36
2026-09-28,37,37,Sedgwick,3,100,Monday,37
2026-09-28,39,39,Pershing,3,94,Monday,39
2026-09-28,4,4,Cottage Grove,3,250,Monday,4
2026-09-28,43,43,43rd,3,112,Monday,43
2026-09-28,44,44,Wallace/Racine,3,141,Monday,44
2026-09-28,47,47,47th,3,251,Monday,47
2026-09-28,48,48,South Damen,3,69,Monday,48
2026-09-28,49,49,Western,3,271,Monday,49
2026-09-28,49B,49B,North Western,3,220,Monday,49B
2026-09-28,50,50,Damen,3,173,Monday,50
2026-09-28,51,51,51st,3,98,Monday,51
2026-09-28,52,52,Kedzie,3,190,Monday,52
2026-09-28,52A,52A,South Kedzie,3,142,Monday,52A
2026-09-28,53,53,Pulaski,3,340,Monday,53
2026-09-28,53A,53A,South Pulaski,3,171,Monday,53A
2026-09-28,54,54,Cicero,3,270,Monday,54
2026-09-28,54A,54A,North Cicero/Skokie Blvd.,3,38,Monday,54A
2026-09-28,54B,54B,South Cicero,3,110,Monday,54B
2026-09-28,55,55,Garfield,3,264,Monday,55
2026-09-28,55A,55A,55th/Austin,3,38,Monday,55A
2026-09-28,55N,55N,55th/Narragansett,3,80,Monday,55N
2026-09-28,56,56,Milwaukee,3,167,Monday,56
2026-09-28,57,57,Laramie,3,130,Monday,57
2026-09-28,59,59,59th/61st,3,114,Monday,59
2026-09-28,6,6,Jackson Park Express,3,190,Monday,6
2026-09-28,60,60,Blue Island/26th,3,252,Monday,60
2026-09-28,62,62,Archer,3,193,Monday,62
2026-09-28,62H,62H,Archer/Harlem,3,76,Monday,62H
2026-09-28,63,63,63rd,3,306,Monday,63
2026-09-28,63W,63W,West 63rd,3,118,Monday,63W
2026-09-28,65,65,Grand,3,202,Monday,65
2026-09-28,66,66,Chicago,3,445,Monday,66
2026-09-28,67,67,67th/69th/71st,3,228,Monday,67
2026-09-28,68,68,Northwest Highway,3,99,Monday,68
2026-09-28,7,7,Harrison,3,132,Monday,7
2026-09-28,70,70,Division,3,212,Monday,70
2026-09-28,71,71,71st/South Shore,3,195,Monday,71
2026-09-28,72,72,North,3,295,Monday,72
2026-09-28,73,73,Armitage,3,186,Monday,73
2026-09-28,74,74,Fullerton,3,283,Monday,74
2026-09-28,75,75,74th/75th,3,168,Monday,75
2026-09-28,76,76,Diversey,3,208,Monday,76
2026-09-28,77,77,Belmont,3,328,Monday,77
2026-09-28,78,78,Montrose,3,167,Monday,78
2026-09-28,79,79,79th,3,446,Monday,79
2026-09-28,8,8,Halsted,3,257,Monday,8
2026-09-28,80,80,Irving Park,3,207,Monday,80
2026-09-28,81,81,Lawrence,3,260,Monday,81
2026-09-28,81W,81W,West Lawrence,3,88,Monday,81W
2026-09-28,82,82,Kimball/Homan,3,281,Monday,82
2026-09-28,84,84,Peterson,3,142,Monday,84
2026-09-28,85,85,Central,3,244,Monday,85
2026-09-28,85A,85A,North Central,3,94,Monday,85A
2026-09-28,86,86,Narragansett/Ridgeland,3,106,Monday,86
2026-09-28,87,87,87th,3,260,Monday,87
2026-09-28,88,88,Higgins,3,100,Monday,88
2026-09-28,8A,8A,South Halsted,3,134,Monday,8A
2026-09-28,9,9,Ashland,3,363,Monday,9
2026-09-28,90,90,Harlem,3,132,Monday,90
2026-09-28,91,91,Austin,3,155,Monday,91
2026-09-28,92,92,Foster,3,162,Monday,92
2026-09-28,93,93,California/Dodge,3,125,Monday,93
2026-09-28,94,94,California,3,170,Monday,94
2026-09-28,95,95,95th,3,256,Monday,95
2026-09-28,96,96,Lunt,3,66,Monday,96
2026-09-28,97,97,Skokie,3,108,Monday,97
2026-09-28,Blue,,Blue Line,1,354,Monday,Blue Line
2026-09-28,Brn,,Brown Line,1,178,Monday,Brown Line
2026-09-28,G,,Green Line,1,256,Monday,Green Line
2026-09-28,J14,J14,Jeffery Jump,3,242,Monday,J14
2026-09-28,N5,N5,South Shore Night Bus,3,20,Monday,N5
2026-09-28,Org,,Orange Line,1,144,Monday,Orange Line
2026-09-28,P,,Purple Line,1,189,Monday,Purple Line
2026-09-28,Pink,,Pink Line,1,122,Monday,Pink Line
2026-09-28,Red,,Red Line,1,422,Monday,Red Line
2026-09-28,X4,X4,Cottage Grove Express,3,69,Monday,X4
2026-09-28,X49,X49,Western Express,3,87,Monday,X49
2026-09-28,X9,X9,Ashland Express,3,102,Monday,X9
2026-09-28,Y,,Yellow Line,1,160,Monday,Yellow Line
2026-09-29,1,1,Bronzeville/Union Station,3,59,Tuesday,1
2026-09-29,10,10,Obama Presidential Center/Museum of Science & Industry Express ,3,36,Tuesday,10
2026-09-29,100,100,Jeffery Manor Express,3,53,Tuesday,100
2026-09-29,103,103,West 103rd,3,129,Tuesday,103
2026-09-29,106,106,East 103rd,3,135,Tuesday,106
2026-09-29,108,108,Halsted/95th,3,72,Tuesday,108
2026-09-29,11,11,Lincoln,3,84,Tuesday,11
2026-09-29,111,111,111th/King Drive,3,140,Tuesday,111
2026-09-29,111A,111A,Pullman Shuttle,3,82,Tuesday,111A
2026-09-29,112,112,Vincennes/111th,3,134,Tuesday,112
2026-09-29,115,115,Pullman/115th,3,143,Tuesday,115
2026-09-29,119,119,Michigan/119th,3,189,Tuesday,119
2026-09-29,12,12,Roosevelt,3,254,Tuesday,12
2026-09-29,120,120,Ogilvie/Streeterville Express,3,73,Tuesday,120
2026-09-29,121,121,Union/Streeterville Express,3,76,Tuesday,121
2026-09-29,124,124,Navy Pier,3,75,Tuesday,124
2026-09-29,125,125,Water Tower Express,3,51,Tuesday,125
2026-09-29,126,126,Jackson,3,146,Tuesday,126
2026-09-29,134,134,Stockton/LaSalle Express,3,49,Tuesday,134
2026-09-29,135,135,Clarendon/LaSalle Express,3,50,Tuesday,135
2026-09-29,136,136,Sheridan/LaSalle Express,3,36,Tuesday,136
2026-09-29,143,143,Stockton/Michigan Express,3,36,Tuesday,143
2026-09-29,146,146,Inner Lake Shore/Michigan Express,3,222,Tuesday,146
2026-09-29,147,147,Outer DuSable Lake Shore Express,3,208,Tuesday,147
2026-09-29,148,148,Clarendon/Michigan Express,3,45,Tuesday,148
2026-09-29,15,15,Jeffery Local,3,159,Tuesday,15
2026-09-29,151,151,Sheridan,3,211,Tuesday,151
2026-09-29,152,152,Addison,3,212,Tuesday,152
2026-09-29,155,155,Devon,3,204,Tuesday,155
2026-09-29,156,156,LaSalle,3,136,Tuesday,156
2026-09-29,157,157,Streeterville/Taylor,3,131,Tuesday,157
2026-09-29,165,165,West 65th,3,19,Tuesday,165
2026-09-29,169,169,69th/UPS Express,3,10,Tuesday,169
2026-09-29,171,171,U. of Chicago/Hyde Park,3,83,Tuesday,171
2026-09-29,172,172,U. of Chicago/Kenwood,3,126,Tuesday,172
2026-09-29,18,18,16th/18th,3,130,Tuesday,18
2026-09-29,192,192,University of Chicago Hospitals Express,3,19,Tuesday,192
2026-09-29,2,2,Hyde Park Express,3,60,Tuesday,2
2026-09-29,20,20,Madison,3,338,Tuesday,20
2026-09-29,201,201,Central/Ridge,3,76,Tuesday,201
2026-09-29,206,206,Evanston Circulator,3,25,Tuesday,206
2026-09-29,21,21,Cermak,3,176,Tuesday,21
2026-09-29,22,22,Clark,3,239,Tuesday,22
2026-09-29,24,24,Wentworth,3,101,Tuesday,24
2026-09-29,26,26,South Shore Express,3,86,Tuesday,26
2026-09-29,28,28,Stony Island,3,162,Tuesday,28
2026-09-29,29,29,State,3,162,Tuesday,29
2026-09-29,3,3,King Drive,3,243,Tuesday,3
2026-09-29,30,30,South Chicago,3,114,Tuesday,30
2026-09-29,31,31,31st,3,55,Tuesday,31
2026-09-29,34,34,South Michigan,3,236,Tuesday,34
2026-09-29,35,35,31st/35th,3,221,Tuesday,35
2026-09-29,36,36,Broadway,3,166,Tuesday,36
2026-09-29,37,37,Sedgwick,3,100,Tuesday,37
2026-09-29,39,39,Pershing,3,94,Tuesday,39
2026-09-29,4,4,Cottage Grove,3,250,Tuesday,4
2026-09-29,43,43,43rd,3,112,Tuesday,43
2026-09-29,44,44,Wallace/Racine,3,141,Tuesday,44
2026-09-29,47,47,47th,3,251,Tuesday,47
2026-09-29,48,48,South Damen,3,69,Tuesday,48
2026-09-29,49,49,Western,3,271,Tuesday,49
2026-09-29,49B,49B,North Western,3,221,Tuesday,49B
2026-09-29,50,50,Damen,3,173,Tuesday,50
2026-09-29,51,51,51st,3,98,Tuesday,51
2026-09-29,52,52,Kedzie,3,190,Tuesday,52
2026-09-29,52A,52A,South Kedzie,3,142,Tuesday,52A
2026-09-29,53,53,Pulaski,3,339,Tuesday,53
2026-09-29,53A,53A,South Pulaski,3,173,Tuesday,53A
2026-09-29,54,54,Cicero,3,272,Tuesday,54
2026-09-29,54A,54A,North Cicero/Skokie Blvd.,3,38,Tuesday,54A
2026-09-29,54B,54B,South Cicero,3,110,Tuesday,54B
2026-09-29,55,55,Garfield,3,264,Tuesday,55
2026-09-29,55A,55A,55th/Austin,3,38,Tuesday,55A
2026-09-29,55N,55N,55th/Narragansett,3,80,Tuesday,55N
2026-09-29,56,56,Milwaukee,3,167,Tuesday,56
2026-09-29,57,57,Laramie,3,130,Tuesday,57
2026-09-29,59,59,59th/61st,3,114,Tuesday,59
2026-09-29,6,6,Jackson Park Express,3,189,Tuesday,6
2026-09-29,60,60,Blue Island/26th,3,252,Tuesday,60
2026-09-29,62,62,Archer,3,193,Tuesday,62
2026-09-29,62H,62H,Archer/Harlem,3,76,Tuesday,62H
2026-09-29,63,63,63rd,3,304,Tuesday,63
2026-09-29,63W,63W,West 63rd,3,118,Tuesday,63W
2026-09-29,65,65,Grand,3,204,Tuesday,65
2026-09-29,66,66,Chicago,3,450,Tuesday,66
2026-09-29,67,67,67th/69th/71st,3,225,Tuesday,67
2026-09-29,68,68,Northwest Highway,3,99,Tuesday,68
2026-09-29,7,7,Harrison,3,132,Tuesday,7
2026-09-29,70,70,Division,3,213,Tuesday,70
2026-09-29,71,71,71st/South Shore,3,199,Tuesday,71
2026-09-29,72,72,North,3,299,Tuesday,72
2026-09-29,73,73,Armitage,3,186,Tuesday,73
2026-09-29,74,74,Fullerton,3,282,Tuesday,74
2026-09-29,75,75,74th/75th,3,168,Tuesday,75
2026-09-29,76,76,Diversey,3,209,Tuesday,76
2026-09-29,77,77,Belmont,3,328,Tuesday,77
2026-09-29,78,78,Montrose,3,167,Tuesday,78
2026-09-29,79,79,79th,3,450,Tuesday,79
2026-09-29,8,8,Halsted,3,257,Tuesday,8
2026-09-29,80,80,Irving Park,3,208,Tuesday,80
2026-09-29,81,81,Lawrence,3,262,Tuesday,81
2026-09-29,81W,81W,West Lawrence,3,88,Tuesday,81W
2026-09-29,82,82,Kimball/Homan,3,280,Tuesday,82
2026-09-29,84,84,Peterson,3,142,Tuesday,84
2026-09-29,85,85,Central,3,244,Tuesday,85
2026-09-29,85A,85A,North Central,3,94,Tuesday,85A
2026-09-29,86,86,Narragansett/Ridgeland,3,106,Tuesday,86
2026-09-29,87,87,87th,3,263,Tuesday,87
2026-09-29,88,88,Higgins,3,100,Tuesday,88
2026-09-29,8A,8A,South Halsted,3,134,Tuesday,8A
2026-09-29,9,9,Ashland,3,365,Tuesday,9
2026-09-29,90,90,Harlem,3,132,Tuesday,90
2026-09-29,91,91,Austin,3,155,Tuesday,91
2026-09-29,92,92,Foster,3,162,Tuesday,92
2026-09-29,93,93,California/Dodge,3,125,Tuesday,93
2026-09-29,94,94,California,3,170,Tuesday,94
2026-09-29,95,95,95th,3,256,Tuesday,95
2026-09-29,96,96,Lunt,3,66,Tuesday,96
2026-09-29,97,97,Skokie,3,108,Tuesday,97
2026-09-29,Blue,,Blue Line,1,356,Tuesday,Blue Line
2026-09-29,Brn,,Brown Line,1,180,Tuesday,Brown Line
2026-09-29,G,,Green Line,1,256,Tuesday,Green Line
2026-09-29,J14,J14,Jeffery Jump,3,242,Tuesday,J14
2026-09-29,N5,N5,South Shore Night Bus,3,20,Tuesday,N5
2026-09-29,Org,,Orange Line,1,144,Tuesday,Orange Line
2026-09-29,P,,Purple Line,1,188,Tuesday,Purple Line
2026-09-29,Pink,,Pink Line,1,122,Tuesday,Pink Line
2026-09-29,Red,,Red Line,1,424,Tuesday,Red Line
2026-09-29,X4,X4,Cottage Grove Express,3,69,Tuesday,X4
2026-09-29,X49,X49,Western Express,3,87,Tuesday,X49
2026-09-29,X9,X9,Ashland Express,3,102,Tuesday,X9
2026-09-29,Y,,Yellow Line,1,160,Tuesday,Yellow Line
2026-09-30,1,1,Bronzeville/Union Station,3,59,Wednesday,1
2026-09-30,10,10,Obama Presidential Center/Museum of Science & Industry Express ,3,36,Wednesday,10
2026-09-30,100,100,Jeffery Manor Express,3,53,Wednesday,100
2026-09-30,103,103,West 103rd,3,129,Wednesday,103
2026-09-30,106,106,East 103rd,3,135,Wednesday,106
2026-09-30,108,108,Halsted/95th,3,72,Wednesday,108
2026-09-30,11,11,Lincoln,3,84,Wednesday,11
2026-09-30,111,111,111th/King Drive,3,140,Wednesday,111
2026-09-30,111A,111A,Pullman Shuttle,3,82,Wednesday,111A
2026-09-30,112,112,Vincennes/111th,3,134,Wednesday,112
2026-09-30,115,115,Pullman/115th,3,143,Wednesday,115
2026-09-30,119,119,Michigan/119th,3,189,Wednesday,119
2026-09-30,12,12,Roosevelt,3,254,Wednesday,12
2026-09-30,120,120,Ogilvie/Streeterville Express,3,73,Wednesday,120
2026-09-30,121,121,Union/Streeterville Express,3,76,Wednesday,121
2026-09-30,124,124,Navy Pier,3,75,Wednesday,124
2026-09-30,125,125,Water Tower Express,3,51,Wednesday,125
2026-09-30,126,126,Jackson,3,146,Wednesday,126
2026-09-30,134,134,Stockton/LaSalle Express,3,49,Wednesday,134
2026-09-30,135,135,Clarendon/LaSalle Express,3,50,Wednesday,135
2026-09-30,136,136,Sheridan/LaSalle Express,3,36,Wednesday,136
2026-09-30,143,143,Stockton/Michigan Express,3,36,Wednesday,143
2026-09-30,146,146,Inner Lake Shore/Michigan Express,3,222,Wednesday,146
2026-09-30,147,147,Outer DuSable Lake Shore Express,3,208,Wednesday,147
2026-09-30,148,148,Clarendon/Michigan Express,3,45,Wednesday,148
2026-09-30,15,15,Jeffery Local,3,159,Wednesday,15
2026-09-30,151,151,Sheridan,3,211,Wednesday,151
2026-09-30,152,152,Addison,3,212,Wednesday,152
2026-09-30,155,155,Devon,3,204,Wednesday,155
2026-09-30,156,156,LaSalle,3,136,Wednesday,156
2026-09-30,157,157,Streeterville/Taylor,3,131,Wednesday,157
2026-09-30,165,165,West 65th,3,19,Wednesday,165
2026-09-30,169,169,69th/UPS Express,3,10,Wednesday,169
2026-09-30,171,171,U. of Chicago/Hyde Park,3,83,Wednesday,171
2026-09-30,172,172,U. of Chicago/Kenwood,3,126,Wednesday,172
2026-09-30,18,18,16th/18th,3,130,Wednesday,18
2026-09-30,192,192,University of Chicago Hospitals Express,3,19,Wednesday,192
2026-09-30,2,2,Hyde Park Express,3,60,Wednesday,2
2026-09-30,20,20,Madison,3,338,Wednesday,20
2026-09-30,201,201,Central/Ridge,3,76,Wednesday,201
2026-09-30,206,206,Evanston Circulator,3,25,Wednesday,206
2026-09-30,21,21,Cermak,3,176,Wednesday,21
2026-09-30,22,22,Clark,3,239,Wednesday,22
2026-09-30,24,24,Wentworth,3,101,Wednesday,24
2026-09-30,26,26,South Shore Express,3,86,Wednesday,26
2026-09-30,28,28,Stony Island,3,162,Wednesday,28
2026-09-30,29,29,State,3,162,Wednesday,29
2026-09-30,3,3,King Drive,3,243,Wednesday,3
2026-09-30,30,30,South Chicago,3,114,Wednesday,30
2026-09-30,31,31,31st,3,55,Wednesday,31
2026-09-30,34,34,South Michigan,3,236,Wednesday,34
2026-09-30,35,35,31st/35th,3,221,Wednesday,35
2026-09-30,36,36,Broadway,3,166,Wednesday,36
2026-09-30,37,37,Sedgwick,3,100,Wednesday,37
2026-09-30,39,39,Pershing,3,94,Wednesday,39
2026-09-30,4,4,Cottage Grove,3,250,Wednesday,4
2026-09-30,43,43,43rd,3,112,Wednesday,43
2026-09-30,44,44,Wallace/Racine,3,141,Wednesday,44
2026-09-30,47,47,47th,3,251,Wednesday,47
2026-09-30,48,48,South Damen,3,69,Wednesday,48
2026-09-30,49,49,Western,3,271,Wednesday,49
2026-09-30,49B,49B,North Western,3,221,Wednesday,49B
2026-09-30,50,50,Damen,3,173,Wednesday,50
2026-09-30,51,51,51st,3,98,Wednesday,51
2026-09-30,52,52,Kedzie,3,190,Wednesday,52
2026-09-30,52A,52A,South Kedzie,3,142,Wednesday,52A
2026-09-30,53,53,Pulaski,3,339,Wednesday,53
2026-09-30,53A,53A,South Pulaski,3,173,Wednesday,53A
2026-09-30,54,54,Cicero,3,272,Wednesday,54
2026-09-30,54A,54A,North Cicero/Skokie Blvd.,3,38,Wednesday,54A
2026-09-30,54B,54B,South Cicero,3,110,Wednesday,54B
2026-09-30,55,55,Garfield,3,264,Wednesday,55
2026-09-30,55A,55A,55th/Austin,3,38,Wednesday,55A
2026-09-30,55N,55N,55th/Narragansett,3,80,Wednesday,55N
2026-09-30,56,56,Milwaukee,3,167,Wednesday,56
2026-09-30,57,57,Laramie,3,130,Wednesday,57
2026-09-30,59,59,59th/61st,3,114,Wednesday,59
2026-09-30,6,6,Jackson Park Express,3,189,Wednesday,6
2026-09-30,60,60,Blue Island/26th,3,252,Wednesday,60
2026-09-30,62,62,Archer,3,193,Wednesday,62
2026-09-30,62H,62H,Archer/Harlem,3,76,Wednesday,62H
2026-09-30,63,63,63rd,3,304,Wednesday,63
2026-09-30,63W,63W,West 63rd,3,118,Wednesday,63W
2026-09-30,65,65,Grand,3,204,Wednesday,65
2026-09-30,66,66,Chicago,3,450,Wednesday,66
2026-09-30,67,67,67th/69th/71st,3,227,Wednesday,67
2026-09-30,68,68,Northwest Highway,3,99,Wednesday,68
2026-09-30,7,7,Harrison,3,132,Wednesday,7
2026-09-30,70,70,Division,3,214,Wednesday,70
2026-09-30,71,71,71st/South Shore,3,199,Wednesday,71
2026-09-30,72,72,North,3,299,Wednesday,72
2026-09-30,73,73,Armitage,3,186,Wednesday,73
2026-09-30,74,74,Fullerton,3,282,Wednesday,74
2026-09-30,75,75,74th/75th,3,168,Wednesday,75
2026-09-30,76,76,Diversey,3,209,Wednesday,76
2026-09-30,77,77,Belmont,3,328,Wednesday,77
2026-09-30,78,78,Montrose,3,167,Wednesday,78
2026-09-30,79,79,79th,3,450,Wednesday,79
2026-09-30,8,8,Halsted,3,257,Wednesday,8
2026-09-30,80,80,Irving Park,3,208,Wednesday,80
2026-09-30,81,81,Lawrence,3,262,Wednesday,81
2026-09-30,81W,81W,West Lawrence,3,88,Wednesday,81W
2026-09-30,82,82,Kimball/Homan,3,280,Wednesday,82
2026-09-30,84,84,Peterson,3,142,Wednesday,84
2026-09-30,85,85,Central,3,244,Wednesday,85
2026-09-30,85A,85A,North Central,3,94,Wednesday,85A
2026-09-30,86,86,Narragansett/Ridgeland,3,106,Wednesday,86
2026-09-30,87,87,87th,3,263,Wednesday,87
2026-09-30,88,88,Higgins,3,100,Wednesday,88
2026-09-30,8A,8A,South Halsted,3,134,Wednesday,8A
2026-09-30,9,9,Ashland,3,365,Wednesday,9
2026-09-30,90,90,Harlem,3,132,Wednesday,90
2026-09-30,91,91,Austin,3,155,Wednesday,91
2026-09-30,92,92,Foster,3,162,Wednesday,92
2026-09-30,93,93,California/Dodge,3,125,Wednesday,93
2026-09-30,94,94,California,3,170,Wednesday,94
2026-09-30,95,95,95th,3,256,Wednesday,95
2026-09-30,96,96,Lunt,3,66,Wednesday,96
2026-09-30,97,97,Skokie,3,108,Wednesday,97
2026-09-30,Blue,,Blue Line,1,356,Wednesday,Blue Line
2026-09-30,Brn,,Brown Line,1,180,Wednesday,Brown Line
2026-09-30,G,,Green Line,1,256,Wednesday,Green Line
2026-09-30,J14,J14,Jeffery Jump,3,242,Wednesday,J14
2026-09-30,N5,N5,South Shore Night Bus,3,20,Wednesday,N5
2026-09-30,Org,,Orange Line,1,144,Wednesday,Orange Line
2026-09-30,P,,Purple Line,1,188,Wednesday,Purple Line
2026-09-30,Pink,,Pink Line,1,122,Wednesday,Pink Line
2026-09-30,Red,,Red Line,1,424,Wednesday,Red Line
2026-09-30,X4,X4,Cottage Grove Express,3,69,Wednesday,X4
2026-09-30,X49,X49,Western Express,3,87,Wednesday,X49
2026-09-30,X9,X9,Ashland Express,3,102,Wednesday,X9
2026-09-30,Y,,Yellow Line,1,160,Wednesday,Yellow Line
2026-10-01,1,1,Bronzeville/Union Station,3,59,Thursday,1
2026-10-01,10,10,Obama Presidential Center/Museum of Science & Industry Express ,3,36,Thursday,10
2026-10-01,100,100,Jeffery Manor Express,3,53,Thursday,100
2026-10-01,103,103,West 103rd,3,129,Thursday,103
2026-10-01,106,106,East 103rd,3,135,Thursday,106
2026-10-01,108,108,Halsted/95th,3,72,Thursday,108
2026-10-01,11,11,Lincoln,3,84,Thursday,11
2026-10-01,111,111,111th/King Drive,3,140,Thursday,111
2026-10-01,111A,111A,Pullman Shuttle,3,82,Thursday,111A
2026-10-01,112,112,Vincennes/111th,3,134,Thursday,112
2026-10-01,115,115,Pullman/115th,3,143,Thursday,115
2026-10-01,119,119,Michigan/119th,3,189,Thursday,119
2026-10-01,12,12,Roosevelt,3,254,Thursday,12
2026-10-01,120,120,Ogilvie/Streeterville Express,3,73,Thursday,120
2026-10-01,121,121,Union/Streeterville Express,3,76,Thursday,121
2026-10-01,124,124,Navy Pier,3,75,Thursday,124
2026-10-01,125,125,Water Tower Express,3,51,Thursday,125
2026-10-01,126,126,Jackson,3,146,Thursday,126
2026-10-01,134,134,Stockton/LaSalle Express,3,49,Thursday,134
2026-10-01,135,135,Clarendon/LaSalle Express,3,50,Thursday,135
2026-10-01,136,136,Sheridan/LaSalle Express,3,36,Thursday,136
2026-10-01,143,143,Stockton/Michigan Express,3,36,Thursday,143
2026-10-01,146,146,Inner Lake Shore/Michigan Express,3,222,Thursday,146
2026-10-01,147,147,Outer DuSable Lake Shore Express,3,208,Thursday,147
2026-10-01,148,148,Clarendon/Michigan Express,3,45,Thursday,148
2026-10-01,15,15,Jeffery Local,3,159,Thursday,15
2026-10-01,151,151,Sheridan,3,211,Thursday,151
2026-10-01,152,152,Addison,3,212,Thursday,152
2026-10-01,155,155,Devon,3,204,Thursday,155
2026-10-01,156,156,LaSalle,3,136,Thursday,156
2026-10-01,157,157,Streeterville/Taylor,3,131,Thursday,157
2026-10-01,165,165,West 65th,3,19,Thursday,165
2026-10-01,169,169,69th/UPS Express,3,10,Thursday,169
2026-10-01,171,171,U. of Chicago/Hyde Park,3,83,Thursday,171
2026-10-01,172,172,U. of Chicago/Kenwood,3,126,Thursday,172
2026-10-01,18,18,16th/18th,3,130,Thursday,18
2026-10-01,192,192,University of Chicago Hospitals Express,3,19,Thursday,192
2026-10-01,2,2,Hyde Park Express,3,60,Thursday,2
2026-10-01,20,20,Madison,3,338,Thursday,20
2026-10-01,201,201,Central/Ridge,3,76,Thursday,201
2026-10-01,206,206,Evanston Circulator,3,25,Thursday,206
2026-10-01,21,21,Cermak,3,176,Thursday,21
2026-10-01,22,22,Clark,3,239,Thursday,22
2026-10-01,24,24,Wentworth,3,101,Thursday,24
2026-10-01,26,26,South Shore Express,3,86,Thursday,26
2026-10-01,28,28,Stony Island,3,162,Thursday,28
2026-10-01,29,29,State,3,162,Thursday,29
2026-10-01,3,3,King Drive,3,243,Thursday,3
2026-10-01,30,30,South Chicago,3,114,Thursday,30
2026-10-01,31,31,31st,3,55,Thursday,31
2026-10-01,34,34,South Michigan,3,236,Thursday,34
2026-10-01,35,35,31st/35th,3,221,Thursday,35
2026-10-01,36,36,Broadway,3,166,Thursday,36
2026-10-01,37,37,Sedgwick,3,100,Thursday,37
2026-10-01,39,39,Pershing,3,94,Thursday,39
2026-10-01,4,4,Cottage Grove,3,250,Thursday,4
2026-10-01,43,43,43rd,3,112,Thursday,43
2026-10-01,44,44,Wallace/Racine,3,141,Thursday,44
2026-10-01,47,47,47th,3,251,Thursday,47
2026-10-01,48,48,South Damen,3,69,Thursday,48
2026-10-01,49,49,Western,3,271,Thursday,49
2026-10-01,49B,49B,North Western,3,221,Thursday,49B
2026-10-01,50,50,Damen,3,173,Thursday,50
2026-10-01,51,51,51st,3,98,Thursday,51
2026-10-01,52,52,Kedzie,3,190,Thursday,52
2026-10-01,52A,52A,South Kedzie,3,142,Thursday,52A
2026-10-01,53,53,Pulaski,3,339,Thursday,53
2026-10-01,53A,53A,South Pulaski,3,173,Thursday,53A
2026-10-01,54,54,Cicero,3,272,Thursday,54
2026-10-01,54A,54A,North Cicero/Skokie Blvd.,3,38,Thursday,54A
2026-10-01,54B,54B,South Cicero,3,110,Thursday,54B
2026-10-01,55,55,Garfield,3,264,Thursday,55
2026-10-01,55A,55A,55th/Austin,3,38,Thursday,55A
2026-10-01,55N,55N,55th/Narragansett,3,80,Thursday,55N
2026-10-01,56,56,Milwaukee,3,167,Thursday,56
2026-10-01,57,57,Laramie,3,130,Thursday,57
2026-10-01,59,59,59th/61st,3,114,Thursday,59
2026-10-01,6,6,Jackson Park Express,3,189,Thursday,6
2026-10-01,60,60,Blue Island/26th,3,252,Thursday,60
2026-10-01,62,62,Archer,3,193,Thursday,62
2026-10-01,62H,62H,Archer/Harlem,3,76,Thursday,62H
2026-10-01,63,63,63rd,3,304,Thursday,63
2026-10-01,63W,63W,West 63rd,3,118,Thursday,63W
2026-10-01,65,65,Grand,3,204,Thursday,65
2026-10-01,66,66,Chicago,3,450,Thursday,66
2026-10-01,67,67,67th/69th/71st,3,225,Thursday,67
2026-10-01,68,68,Northwest Highway,3,99,Thursday,68
2026-10-01,7,7,Harrison,3,132,Thursday,7
2026-10-01,70,70,Division,3,213,Thursday,70
2026-10-01,71,71,71st/South Shore,3,199,Thursday,71
2026-10-01,72,72,North,3,299,Thursday,72
2026-10-01,73,73,Armitage,3,186,Thursday,73
2026-10-01,74,74,Fullerton,3,282,Thursday,74
2026-10-01,75,75,74th/75th,3,168,Thursday,75
2026-10-01,76,76,Diversey,3,209,Thursday,76
2026-10-01,77,77,Belmont,3,328,Thursday,77
2026-10-01,78,78,Montrose,3,167,Thursday,78
2026-10-01,79,79,79th,3,450,Thursday,79
2026-10-01,8,8,Halsted,3,257,Thursday,8
2026-10-01,80,80,Irving Park,3,208,Thursday,80
2026-10-01,81,81,Lawrence,3,262,Thursday,81
2026-10-01,81W,81W,West Lawrence,3,88,Thursday,81W
2026-10-01,82,82,Kimball/Homan,3,280,Thursday,82
2026-10-01,84,84,Peterson,3,142,Thursday,84
2026-10-01,85,85,Central,3,244,Thursday,85
2026-10-01,85A,85A,North Central,3,94,Thursday,85A
2026-10-01,86,86,Narragansett/Ridgeland,3,106,Thursday,86
2026-10-01,87,87,87th,3,263,Thursday,87
2026-10-01,88,88,Higgins,3,100,Thursday,88
2026-10-01,8A,8A,South Halsted,3,134,Thursday,8A
2026-10-01,9,9,Ashland,3,365,Thursday,9
2026-10-01,90,90,Harlem,3,132,Thursday,90
2026-10-01,91,91,Austin,3,155,Thursday,91
2026-10-01,92,92,Foster,3,162,Thursday,92
2026-10-01,93,93,California/Dodge,3,125,Thursday,93
2026-10-01,94,94,California,3,170,Thursday,94
2026-10-01,95,95,95th,3,256,Thursday,95
2026-10-01,96,96,Lunt,3,66,Thursday,96
2026-10-01,97,97,Skokie,3,108,Thursday,97
2026-10-01,Blue,,Blue Line,1,356,Thursday,Blue Line
2026-10-01,Brn,,Brown Line,1,180,Thursday,Brown Line
2026-10-01,G,,Green Line,1,256,Thursday,Green Line
2026-10-01,J14,J14,Jeffery Jump,3,242,Thursday,J14
2026-10-01,N5,N5,South Shore Night Bus,3,20,Thursday,N5
2026-10-01,Org,,Orange Line,1,144,Thursday,Orange Line
2026-10-01,P,,Purple Line,1,188,Thursday,Purple Line
2026-10-01,Pink,,Pink Line,1,122,Thursday,Pink Line
2026-10-01,Red,,Red Line,1,424,Thursday,Red Line
2026-10-01,X4,X4,Cottage Grove Express,3,69,Thursday,X4
2026-10-01,X49,X49,Western Express,3,87,Thursday,X49
2026-10-01,X9,X9,Ashland Express,3,102,Thursday,X9
2026-10-01,Y,,Yellow Line,1,160,Thursday,Yellow Line
2026-10-02,1,1,Bronzeville/Union Station,3,59,Friday,1
2026-10-02,10,10,Obama Presidential Center/Museum of Science & Industry Express ,3,36,Friday,10
2026-10-02,100,100,Jeffery Manor Express,3,53,Friday,100
2026-10-02,103,103,West 103rd,3,129,Friday,103
2026-10-02,106,106,East 103rd,3,134,Friday,106
2026-10-02,108,108,Halsted/95th,3,71,Friday,108
2026-10-02,11,11,Lincoln,3,84,Friday,11
2026-10-02,111,111,111th/King Drive,3,140,Friday,111
2026-10-02,111A,111A,Pullman Shuttle,3,82,Friday,111A
2026-10-02,112,112,Vincennes/111th,3,134,Friday,112
2026-10-02,115,115,Pullman/115th,3,143,Friday,115
2026-10-02,119,119,Michigan/119th,3,189,Friday,119
2026-10-02,12,12,Roosevelt,3,254,Friday,12
2026-10-02,120,120,Ogilvie/Streeterville Express,3,73,Friday,120
2026-10-02,121,121,Union/Streeterville Express,3,76,Friday,121
2026-10-02,124,124,Navy Pier,3,75,Friday,124
2026-10-02,125,125,Water Tower Express,3,51,Friday,125
2026-10-02,126,126,Jackson,3,146,Friday,126
2026-10-02,134,134,Stockton/LaSalle Express,3,49,Friday,134
2026-10-02,135,135,Clarendon/LaSalle Express,3,50,Friday,135
2026-10-02,136,136,Sheridan/LaSalle Express,3,36,Friday,136
2026-10-02,143,143,Stockton/Michigan Express,3,36,Friday,143
2026-10-02,146,146,Inner Lake Shore/Michigan Express,3,222,Friday,146
2026-10-02,147,147,Outer DuSable Lake Shore Express,3,208,Friday,147
2026-10-02,148,148,Clarendon/Michigan Express,3,45,Friday,148
2026-10-02,15,15,Jeffery Local,3,159,Friday,15
2026-10-02,151,151,Sheridan,3,211,Friday,151
2026-10-02,152,152,Addison,3,214,Friday,152
2026-10-02,155,155,Devon,3,204,Friday,155
2026-10-02,156,156,LaSalle,3,136,Friday,156
2026-10-02,157,157,Streeterville/Taylor,3,131,Friday,157
2026-10-02,165,165,West 65th,3,19,Friday,165
2026-10-02,169,169,69th/UPS Express,3,10,Friday,169
2026-10-02,171,171,U. of Chicago/Hyde Park,3,83,Friday,171
2026-10-02,172,172,U. of Chicago/Kenwood,3,126,Friday,172
2026-10-02,18,18,16th/18th,3,130,Friday,18
2026-10-02,192,192,University of Chicago Hospitals Express,3,19,Friday,192
2026-10-02,2,2,Hyde Park Express,3,60,Friday,2
2026-10-02,20,20,Madison,3,338,Friday,20
2026-10-02,201,201,Central/Ridge,3,76,Friday,201
2026-10-02,206,206,Evanston Circulator,3,25,Friday,206
2026-10-02,21,21,Cermak,3,176,Friday,21
2026-10-02,22,22,Clark,3,239,Friday,22
2026-10-02,24,24,Wentworth,3,101,Friday,24
2026-10-02,26,26,South Shore Express,3,86,Friday,26
2026-10-02,28,28,Stony Island,3,162,Friday,28
2026-10-02,29,29,State,3,162,Friday,29
2026-10-02,3,3,King Drive,3,243,Friday,3
2026-10-02,30,30,South Chicago,3,114,Friday,30
2026-10-02,31,31,31st,3,55,Friday,31
2026-10-02,34,34,South Michigan,3,236,Friday,34
2026-10-02,35,35,31st/35th,3,221,Friday,35
2026-10-02,36,36,Broadway,3,166,Friday,36
2026-10-02,37,37,Sedgwick,3,100,Friday,37
2026-10-02,39,39,Pershing,3,94,Friday,39
2026-10-02,4,4,Cottage Grove,3,250,Friday,4
2026-10-02,43,43,43rd,3,112,Friday,43
2026-10-02,44,44,Wallace/Racine,3,141,Friday,44
2026-10-02,47,47,47th,3,251,Friday,47
2026-10-02,48,48,South Damen,3,69,Friday,48
2026-10-02,49,49,Western,3,271,Friday,49
2026-10-02,49B,49B,North Western,3,221,Friday,49B
2026-10-02,50,50,Damen,3,173,Friday,50
2026-10-02,51,51,51st,3,98,Friday,51
2026-10-02,52,52,Kedzie,3,190,Friday,52
2026-10-02,52A,52A,South Kedzie,3,142,Friday,52A
2026-10-02,53,53,Pulaski,3,339,Friday,53
2026-10-02,53A,53A,South Pulaski,3,173,Friday,53A
2026-10-02,54,54,Cicero,3,272,Friday,54
2026-10-02,54A,54A,North Cicero/Skokie Blvd.,3,38,Friday,54A
2026-10-02,54B,54B,South Cicero,3,110,Friday,54B
2026-10-02,55,55,Garfield,3,264,Friday,55
2026-10-02,55A,55A,55th/Austin,3,38,Friday,55A
2026-10-02,55N,55N,55th/Narragansett,3,80,Friday,55N
2026-10-02,56,56,Milwaukee,3,167,Friday,56
2026-10-02,57,57,Laramie,3,130,Friday,57
2026-10-02,59,59,59th/61st,3,114,Friday,59
2026-10-02,6,6,Jackson Park Express,3,189,Friday,6
2026-10-02,60,60,Blue Island/26th,3,252,Friday,60
2026-10-02,62,62,Archer,3,193,Friday,62
2026-10-02,62H,62H,Archer/Harlem,3,76,Friday,62H
2026-10-02,63,63,63rd,3,304,Friday,63
2026-10-02,63W,63W,West 63rd,3,118,Friday,63W
2026-10-02,65,65,Grand,3,204,Friday,65
2026-10-02,66,66,Chicago,3,450,Friday,66
2026-10-02,67,67,67th/69th/71st,3,225,Friday,67
2026-10-02,68,68,Northwest Highway,3,99,Friday,68
2026-10-02,7,7,Harrison,3,132,Friday,7
2026-10-02,70,70,Division,3,213,Friday,70
2026-10-02,71,71,71st/South Shore,3,199,Friday,71
2026-10-02,72,72,North,3,299,Friday,72
2026-10-02,73,73,Armitage,3,187,Friday,73
2026-10-02,74,74,Fullerton,3,282,Friday,74
2026-10-02,75,75,74th/75th,3,168,Friday,75
2026-10-02,76,76,Diversey,3,209,Friday,76
2026-10-02,77,77,Belmont,3,328,Friday,77
2026-10-02,78,78,Montrose,3,167,Friday,78
2026-10-02,79,79,79th,3,450,Friday,79
2026-10-02,8,8,Halsted,3,257,Friday,8
2026-10-02,80,80,Irving Park,3,208,Friday,80
2026-10-02,81,81,Lawrence,3,262,Friday,81
2026-10-02,81W,81W,West Lawrence,3,88,Friday,81W
2026-10-02,82,82,Kimball/Homan,3,280,Friday,82
2026-10-02,84,84,Peterson,3,142,Friday,84
2026-10-02,85,85,Central,3,244,Friday,85
2026-10-02,85A,85A,North Central,3,94,Friday,85A
2026-10-02,86,86,Narragansett/Ridgeland,3,106,Friday,86
2026-10-02,87,87,87th,3,263,Friday,87
2026-10-02,88,88,Higgins,3,100,Friday,88
2026-10-02,8A,8A,South Halsted,3,134,Friday,8A
2026-10-02,9,9,Ashland,3,365,Friday,9
2026-10-02,90,90,Harlem,3,132,Friday,90
2026-10-02,91,91,Austin,3,155,Friday,91
2026-10-02,92,92,Foster,3,162,Friday,92
2026-10-02,93,93,California/Dodge,3,125,Friday,93
2026-10-02,94,94,California,3,170,Friday,94
2026-10-02,95,95,95th,3,256,Friday,95
2026-10-02,96,96,Lunt,3,66,Friday,96
2026-10-02,97,97,Skokie,3,108,Friday,97
2026-10-02,Blue,,Blue Line,1,356,Friday,Blue Line
2026-10-02,Brn,,Brown Line,1,180,Friday,Brown Line
2026-10-02,G,,Green Line,1,256,Friday,Green Line
2026-10-02,J14,J14,Jeffery Jump,3,242,Friday,J14
2026-10-02,N5,N5,South Shore Night Bus,3,20,Friday,N5
2026-10-02,Org,,Orange Line,1,144,Friday,Orange Line
2026-10-02,P,,Purple Line,1,188,Friday,Purple Line
2026-10-02,Pink,,Pink Line,1,122,Friday,Pink Line
2026-10-02,Red,,Red Line,1,424,Friday,Red Line
2026-10-02,X4,X4,Cottage Grove Express,3,69,Friday,X4
2026-10-02,X49,X49,Western Express,3,87,Friday,X49
2026-10-02,X9,X9,Ashland Express,3,102,Friday,X9
2026-10-02,Y,,Yellow Line,1,160,Friday,Yellow Line
2026-10-03,10,10,Obama Presidential Center/Museum of Science & Industry Express ,3,36,Saturday,10
2026-10-03,103,103,West 103rd,3,107,Saturday,103
2026-10-03,106,106,East 103rd,3,78,Saturday,106
2026-10-03,11,11,Lincoln,3,68,Saturday,11
2026-10-03,111,111,111th/King Drive,3,120,Saturday,111
2026-10-03,111A,111A,Pullman Shuttle,3,82,Saturday,111A
2026-10-03,112,112,Vincennes/111th,3,90,Saturday,112
2026-10-03,115,115,Pullman/115th,3,123,Saturday,115
2026-10-03,119,119,Michigan/119th,3,141,Saturday,119
2026-10-03,12,12,Roosevelt,3,215,Saturday,12
2026-10-03,124,124,Navy Pier,3,86,Saturday,124
2026-10-03,126,126,Jackson,3,119,Saturday,126
2026-10-03,146,146,Inner Lake Shore/Michigan Express,3,192,Saturday,146
2026-10-03,147,147,Outer DuSable Lake Shore Express,3,219,Saturday,147
2026-10-03,15,15,Jeffery Local,3,138,Saturday,15
2026-10-03,151,151,Sheridan,3,225,Saturday,151
2026-10-03,152,152,Addison,3,121,Saturday,152
2026-10-03,155,155,Devon,3,182,Saturday,155
2026-10-03,169,169,69th/UPS Express,3,1,Saturday,169
2026-10-03,171,171,U. of Chicago/Hyde Park,3,42,Saturday,171
2026-10-03,172,172,U. of Chicago/Kenwood,3,42,Saturday,172
2026-10-03,18,18,16th/18th,3,121,Saturday,18
2026-10-03,20,20,Madison,3,255,Saturday,20
2026-10-03,201,201,Central/Ridge,3,63,Saturday,201
2026-10-03,21,21,Cermak,3,148,Saturday,21
2026-10-03,22,22,Clark,3,224,Saturday,22
2026-10-03,28,28,Stony Island,3,130,Saturday,28
2026-10-03,29,29,State,3,165,Saturday,29
2026-10-03,3,3,King Drive,3,195,Saturday,3
2026-10-03,30,30,South Chicago,3,106,Saturday,30
2026-10-03,34,34,South Michigan,3,210,Saturday,34
2026-10-03,35,35,31st/35th,3,205,Saturday,35
2026-10-03,36,36,Broadway,3,175,Saturday,36
2026-10-03,39,39,Pershing,3,42,Saturday,39
2026-10-03,4,4,Cottage Grove,3,254,Saturday,4
2026-10-03,43,43,43rd,3,58,Saturday,43
2026-10-03,44,44,Wallace/Racine,3,77,Saturday,44
2026-10-03,47,47,47th,3,219,Saturday,47
2026-10-03,49,49,Western,3,256,Saturday,49
2026-10-03,49B,49B,North Western,3,177,Saturday,49B
2026-10-03,50,50,Damen,3,150,Saturday,50
2026-10-03,51,51,51st,3,90,Saturday,51
2026-10-03,52,52,Kedzie,3,148,Saturday,52
2026-10-03,52A,52A,South Kedzie,3,84,Saturday,52A
2026-10-03,53,53,Pulaski,3,272,Saturday,53
2026-10-03,53A,53A,South Pulaski,3,122,Saturday,53A
2026-10-03,54,54,Cicero,3,238,Saturday,54
2026-10-03,54B,54B,South Cicero,3,106,Saturday,54B
2026-10-03,55,55,Garfield,3,240,Saturday,55
2026-10-03,55N,55N,55th/Narragansett,3,56,Saturday,55N
2026-10-03,56,56,Milwaukee,3,116,Saturday,56
2026-10-03,57,57,Laramie,3,77,Saturday,57
2026-10-03,59,59,59th/61st,3,85,Saturday,59
2026-10-03,6,6,Jackson Park Express,3,205,Saturday,6
2026-10-03,60,60,Blue Island/26th,3,220,Saturday,60
2026-10-03,62,62,Archer,3,172,Saturday,62
2026-10-03,62H,62H,Archer/Harlem,3,58,Saturday,62H
2026-10-03,63,63,63rd,3,262,Saturday,63
2026-10-03,63W,63W,West 63rd,3,80,Saturday,63W
2026-10-03,65,65,Grand,3,161,Saturday,65
2026-10-03,66,66,Chicago,3,373,Saturday,66
2026-10-03,67,67,67th/69th/71st,3,208,Saturday,67
2026-10-03,68,68,Northwest Highway,3,70,Saturday,68
2026-10-03,70,70,Division,3,149,Saturday,70
2026-10-03,71,71,71st/South Shore,3,187,Saturday,71
2026-10-03,72,72,North,3,247,Saturday,72
2026-10-03,73,73,Armitage,3,114,Saturday,73
2026-10-03,74,74,Fullerton,3,237,Saturday,74
2026-10-03,75,75,74th/75th,3,136,Saturday,75
2026-10-03,76,76,Diversey,3,142,Saturday,76
2026-10-03,77,77,Belmont,3,249,Saturday,77
2026-10-03,78,78,Montrose,3,132,Saturday,78
2026-10-03,79,79,79th,3,381,Saturday,79
2026-10-03,8,8,Halsted,3,187,Saturday,8
2026-10-03,80,80,Irving Park,3,177,Saturday,80
2026-10-03,81,81,Lawrence,3,234,Saturday,81
2026-10-03,81W,81W,West Lawrence,3,90,Saturday,81W
2026-10-03,82,82,Kimball/Homan,3,246,Saturday,82
2026-10-03,84,84,Peterson,3,88,Saturday,84
2026-10-03,85,85,Central,3,213,Saturday,85
2026-10-03,85A,85A,North Central,3,56,Saturday,85A
2026-10-03,87,87,87th,3,213,Saturday,87
2026-10-03,88,88,Higgins,3,68,Saturday,88
2026-10-03,8A,8A,South Halsted,3,122,Saturday,8A
2026-10-03,9,9,Ashland,3,305,Saturday,9
2026-10-03,90,90,Harlem,3,108,Saturday,90
2026-10-03,91,91,Austin,3,104,Saturday,91
2026-10-03,92,92,Foster,3,120,Saturday,92
2026-10-03,93,93,California/Dodge,3,78,Saturday,93
2026-10-03,94,94,California,3,116,Saturday,94
2026-10-03,95,95,95th,3,233,Saturday,95
2026-10-03,97,97,Skokie,3,91,Saturday,97
2026-10-03,Blue,,Blue Line,1,284,Saturday,Blue Line
2026-10-03,Brn,,Brown Line,1,130,Saturday,Brown Line
2026-10-03,G,,Green Line,1,228,Saturday,Green Line
2026-10-03,J14,J14,Jeffery Jump,3,187,Saturday,J14
2026-10-03,N5,N5,South Shore Night Bus,3,20,Saturday,N5
2026-10-03,Org,,Orange Line,1,120,Saturday,Orange Line
2026-10-03,P,,Purple Line,1,202,Saturday,Purple Line
2026-10-03,Pink,,Pink Line,1,108,Saturday,Pink Line
2026-10-03,Red,,Red Line,1,349,Saturday,Red Line
2026-10-03,Y,,Yellow Line,1,136,Saturday,Yellow Line
2026-10-04,10,10,Obama Presidential Center/Museum of Science & Industry Express ,3,36,Sunday,10
2026-10-04,103,103,West 103rd,3,105,Sunday,103
2026-10-04,106,106,East 103rd,3,82,Sunday,106
2026-10-04,11,11,Lincoln,3,50,Sunday,11
2026-10-04,111,111,111th/King Drive,3,104,Sunday,111
2026-10-04,111A,111A,Pullman Shuttle,3,82,Sunday,111A
2026-10-04,112,112,Vincennes/111th,3,72,Sunday,112
2026-10-04,115,115,Pullman/115th,3,118,Sunday,115
2026-10-04,119,119,Michigan/119th,3,111,Sunday,119
2026-10-04,12,12,Roosevelt,3,219,Sunday,12
2026-10-04,124,124,Navy Pier,3,66,Sunday,124
2026-10-04,126,126,Jackson,3,113,Sunday,126
2026-10-04,146,146,Inner Lake Shore/Michigan Express,3,169,Sunday,146
2026-10-04,147,147,Outer DuSable Lake Shore Express,3,168,Sunday,147
2026-10-04,15,15,Jeffery Local,3,110,Sunday,15
2026-10-04,151,151,Sheridan,3,185,Sunday,151
2026-10-04,152,152,Addison,3,97,Sunday,152
2026-10-04,155,155,Devon,3,146,Sunday,155
2026-10-04,172,172,U. of Chicago/Kenwood,3,42,Sunday,172
2026-10-04,18,18,16th/18th,3,98,Sunday,18
2026-10-04,20,20,Madison,3,243,Sunday,20
2026-10-04,21,21,Cermak,3,128,Sunday,21
2026-10-04,22,22,Clark,3,193,Sunday,22
2026-10-04,28,28,Stony Island,3,116,Sunday,28
2026-10-04,29,29,State,3,137,Sunday,29
2026-10-04,3,3,King Drive,3,150,Sunday,3
2026-10-04,30,30,South Chicago,3,82,Sunday,30
2026-10-04,34,34,South Michigan,3,205,Sunday,34
2026-10-04,35,35,31st/35th,3,202,Sunday,35
2026-10-04,36,36,Broadway,3,163,Sunday,36
2026-10-04,39,39,Pershing,3,42,Sunday,39
2026-10-04,4,4,Cottage Grove,3,229,Sunday,4
2026-10-04,43,43,43rd,3,60,Sunday,43
2026-10-04,44,44,Wallace/Racine,3,75,Sunday,44
2026-10-04,47,47,47th,3,217,Sunday,47
2026-10-04,49,49,Western,3,227,Sunday,49
2026-10-04,49B,49B,North Western,3,156,Sunday,49B
2026-10-04,50,50,Damen,3,128,Sunday,50
2026-10-04,51,51,51st,3,80,Sunday,51
2026-10-04,52,52,Kedzie,3,117,Sunday,52
2026-10-04,52A,52A,South Kedzie,3,64,Sunday,52A
2026-10-04,53,53,Pulaski,3,248,Sunday,53
2026-10-04,53A,53A,South Pulaski,3,102,Sunday,53A
2026-10-04,54,54,Cicero,3,223,Sunday,54
2026-10-04,54B,54B,South Cicero,3,78,Sunday,54B
2026-10-04,55,55,Garfield,3,227,Sunday,55
2026-10-04,56,56,Milwaukee,3,110,Sunday,56
2026-10-04,57,57,Laramie,3,57,Sunday,57
2026-10-04,6,6,Jackson Park Express,3,168,Sunday,6
2026-10-04,60,60,Blue Island/26th,3,220,Sunday,60
2026-10-04,62,62,Archer,3,148,Sunday,62
2026-10-04,63,63,63rd,3,264,Sunday,63
2026-10-04,63W,63W,West 63rd,3,62,Sunday,63W
2026-10-04,65,65,Grand,3,122,Sunday,65
2026-10-04,66,66,Chicago,3,280,Sunday,66
2026-10-04,67,67,67th/69th/71st,3,167,Sunday,67
2026-10-04,68,68,Northwest Highway,3,56,Sunday,68
2026-10-04,70,70,Division,3,134,Sunday,70
2026-10-04,71,71,71st/South Shore,3,155,Sunday,71
2026-10-04,72,72,North,3,234,Sunday,72
2026-10-04,73,73,Armitage,3,105,Sunday,73
2026-10-04,74,74,Fullerton,3,229,Sunday,74
2026-10-04,75,75,74th/75th,3,116,Sunday,75
2026-10-04,76,76,Diversey,3,98,Sunday,76
2026-10-04,77,77,Belmont,3,229,Sunday,77
2026-10-04,78,78,Montrose,3,107,Sunday,78
2026-10-04,79,79,79th,3,283,Sunday,79
2026-10-04,8,8,Halsted,3,145,Sunday,8
2026-10-04,80,80,Irving Park,3,144,Sunday,80
2026-10-04,81,81,Lawrence,3,220,Sunday,81
2026-10-04,81W,81W,West Lawrence,3,56,Sunday,81W
2026-10-04,82,82,Kimball/Homan,3,266,Sunday,82
2026-10-04,84,84,Peterson,3,72,Sunday,84
2026-10-04,85,85,Central,3,209,Sunday,85
2026-10-04,87,87,87th,3,176,Sunday,87
2026-10-04,88,88,Higgins,3,64,Sunday,88
2026-10-04,8A,8A,South Halsted,3,102,Sunday,8A
2026-10-04,9,9,Ashland,3,276,Sunday,9
2026-10-04,90,90,Harlem,3,86,Sunday,90
2026-10-04,91,91,Austin,3,92,Sunday,91
2026-10-04,92,92,Foster,3,108,Sunday,92
2026-10-04,93,93,California/Dodge,3,77,Sunday,93
2026-10-04,94,94,California,3,103,Sunday,94
2026-10-04,95,95,95th,3,224,Sunday,95
2026-10-04,97,97,Skokie,3,65,Sunday,97
2026-10-04,Blue,,Blue Line,1,258,Sunday,Blue Line
2026-10-04,Brn,,Brown Line,1,112,Sunday,Brown Line
2026-10-04,G,,Green Line,1,224,Sunday,Green Line
2026-10-04,J14,J14,Jeffery Jump,3,178,Sunday,J14
2026-10-04,N5,N5,South Shore Night Bus,3,22,Sunday,N5
2026-10-04,Org,,Orange Line,1,114,Sunday,Orange Line
2026-10-04,P,,Purple Line,1,183,Sunday,Purple Line
2026-10-04,Pink,,Pink Line,1,102,Sunday,Pink Line
2026-10-04,Red,,Red Line,1,317,Sunday,Red Line
2026-10-04,Y,,Yellow Line,1,136,Sunday,Yellow Line
2026-10-05,1,1,Bronzeville/Union Station,3,59,Monday,1
2026-10-05,10,10,Obama Presidential Center/Museum of Science & Industry Express ,3,36,Monday,10
2026-10-05,100,100,Jeffery Manor Express,3,53,Monday,100
2026-10-05,103,103,West 103rd,3,129,Monday,103
2026-10-05,106,106,East 103rd,3,135,Monday,106
2026-10-05,108,108,Halsted/95th,3,72,Monday,108
2026-10-05,11,11,Lincoln,3,84,Monday,11
2026-10-05,111,111,111th/King Drive,3,140,Monday,111
2026-10-05,111A,111A,Pullman Shuttle,3,82,Monday,111A
2026-10-05,112,112,Vincennes/111th,3,134,Monday,112
2026-10-05,115,115,Pullman/115th,3,143,Monday,115
2026-10-05,119,119,Michigan/119th,3,187,Monday,119
2026-10-05,12,12,Roosevelt,3,254,Monday,12
2026-10-05,120,120,Ogilvie/Streeterville Express,3,73,Monday,120
2026-10-05,121,121,Union/Streeterville Express,3,76,Monday,121
2026-10-05,124,124,Navy Pier,3,75,Monday,124
2026-10-05,125,125,Water Tower Express,3,51,Monday,125
2026-10-05,126,126,Jackson,3,146,Monday,126
2026-10-05,134,134,Stockton/LaSalle Express,3,49,Monday,134
2026-10-05,135,135,Clarendon/LaSalle Express,3,50,Monday,135
2026-10-05,136,136,Sheridan/LaSalle Express,3,36,Monday,136
2026-10-05,143,143,Stockton/Michigan Express,3,36,Monday,143
2026-10-05,146,146,Inner Lake Shore/Michigan Express,3,222,Monday,146
2026-10-05,147,147,Outer DuSable Lake Shore Express,3,208,Monday,147
2026-10-05,148,148,Clarendon/Michigan Express,3,45,Monday,148
2026-10-05,15,15,Jeffery Local,3,159,Monday,15
2026-10-05,151,151,Sheridan,3,209,Monday,151
2026-10-05,152,152,Addison,3,212,Monday,152
2026-10-05,155,155,Devon,3,204,Monday,155
2026-10-05,156,156,LaSalle,3,136,Monday,156
2026-10-05,157,157,Streeterville/Taylor,3,131,Monday,157
2026-10-05,165,165,West 65th,3,19,Monday,165
2026-10-05,169,169,69th/UPS Express,3,9,Monday,169
2026-10-05,171,171,U. of Chicago/Hyde Park,3,83,Monday,171
2026-10-05,172,172,U. of Chicago/Kenwood,3,126,Monday,172
2026-10-05,18,18,16th/18th,3,130,Monday,18
2026-10-05,192,192,University of Chicago Hospitals Express,3,19,Monday,192
2026-10-05,2,2,Hyde Park Express,3,60,Monday,2
2026-10-05,20,20,Madison,3,338,Monday,20
2026-10-05,201,201,Central/Ridge,3,76,Monday,201
2026-10-05,206,206,Evanston Circulator,3,25,Monday,206
2026-10-05,21,21,Cermak,3,176,Monday,21
2026-10-05,22,22,Clark,3,240,Monday,22
2026-10-05,24,24,Wentworth,3,101,Monday,24
2026-10-05,26,26,South Shore Express,3,86,Monday,26
2026-10-05,28,28,Stony Island,3,164,Monday,28
2026-10-05,29,29,State,3,162,Monday,29
2026-10-05,3,3,King Drive,3,242,Monday,3
2026-10-05,30,30,South Chicago,3,114,Monday,30
2026-10-05,31,31,31st,3,55,Monday,31
2026-10-05,34,34,South Michigan,3,234,Monday,34
2026-10-05,35,35,31st/35th,3,221,Monday,35
2026-10-05,36,36,Broadway,3,166,Monday,36
2026-10-05,37,37,Sedgwick,3,100,Monday,37
2026-10-05,39,39,Pershing,3,94,Monday,39
2026-10-05,4,4,Cottage Grove,3,250,Monday,4
2026-10-05,43,43,43rd,3,112,Monday,43
2026-10-05,44,44,Wallace/Racine,3,141,Monday,44
2026-10-05,47,47,47th,3,251,Monday,47
2026-10-05,48,48,South Damen,3,69,Monday,48
2026-10-05,49,49,Western,3,271,Monday,49
2026-10-05,49B,49B,North Western,3,220,Monday,49B
2026-10-05,50,50,Damen,3,173,Monday,50
2026-10-05,51,51,51st,3,98,Monday,51
2026-10-05,52,52,Kedzie,3,190,Monday,52
2026-10-05,52A,52A,South Kedzie,3,142,Monday,52A
2026-10-05,53,53,Pulaski,3,340,Monday,53
2026-10-05,53A,53A,South Pulaski,3,171,Monday,53A
2026-10-05,54,54,Cicero,3,270,Monday,54
2026-10-05,54A,54A,North Cicero/Skokie Blvd.,3,38,Monday,54A
2026-10-05,54B,54B,South Cicero,3,110,Monday,54B
2026-10-05,55,55,Garfield,3,264,Monday,55
2026-10-05,55A,55A,55th/Austin,3,38,Monday,55A
2026-10-05,55N,55N,55th/Narragansett,3,80,Monday,55N
2026-10-05,56,56,Milwaukee,3,167,Monday,56
2026-10-05,57,57,Laramie,3,130,Monday,57
2026-10-05,59,59,59th/61st,3,114,Monday,59
2026-10-05,6,6,Jackson Park Express,3,190,Monday,6
2026-10-05,60,60,Blue Island/26th,3,252,Monday,60
2026-10-05,62,62,Archer,3,193,Monday,62
2026-10-05,62H,62H,Archer/Harlem,3,76,Monday,62H
2026-10-05,63,63,63rd,3,306,Monday,63
2026-10-05,63W,63W,West 63rd,3,118,Monday,63W
2026-10-05,65,65,Grand,3,202,Monday,65
2026-10-05,66,66,Chicago,3,445,Monday,66
2026-10-05,67,67,67th/69th/71st,3,228,Monday,67
2026-10-05,68,68,Northwest Highway,3,99,Monday,68
2026-10-05,7,7,Harrison,3,132,Monday,7
2026-10-05,70,70,Division,3,212,Monday,70
2026-10-05,71,71,71st/South Shore,3,195,Monday,71
2026-10-05,72,72,North,3,295,Monday,72
2026-10-05,73,73,Armitage,3,186,Monday,73
2026-10-05,74,74,Fullerton,3,283,Monday,74
2026-10-05,75,75,74th/75th,3,168,Monday,75
2026-10-05,76,76,Diversey,3,208,Monday,76
2026-10-05,77,77,Belmont,3,328,Monday,77
2026-10-05,78,78,Montrose,3,167,Monday,78
2026-10-05,79,79,79th,3,446,Monday,79
2026-10-05,8,8,Halsted,3,257,Monday,8
2026-10-05,80,80,Irving Park,3,207,Monday,80
2026-10-05,81,81,Lawrence,3,260,Monday,81
2026-10-05,81W,81W,West Lawrence,3,88,Monday,81W
2026-10-05,82,82,Kimball/Homan,3,281,Monday,82
2026-10-05,84,84,Peterson,3,142,Monday,84
2026-10-05,85,85,Central,3,244,Monday,85
2026-10-05,85A,85A,North Central,3,94,Monday,85A
2026-10-05,86,86,Narragansett/Ridgeland,3,106,Monday,86
2026-10-05,87,87,87th,3,260,Monday,87
2026-10-05,88,88,Higgins,3,100,Monday,88
2026-10-05,8A,8A,South Halsted,3,134,Monday,8A
2026-10-05,9,9,Ashland,3,363,Monday,9
2026-10-05,90,90,Harlem,3,132,Monday,90
2026-10-05,91,91,Austin,3,155,Monday,91
2026-10-05,92,92,Foster,3,162,Monday,92
2026-10-05,93,93,California/Dodge,3,125,Monday,93
2026-10-05,94,94,California,3,170,Monday,94
2026-10-05,95,95,95th,3,256,Monday,95
2026-10-05,96,96,Lunt,3,66,Monday,96
2026-10-05,97,97,Skokie,3,108,Monday,97
2026-10-05,Blue,,Blue Line,1,354,Monday,Blue Line
2026-10-05,Brn,,Brown Line,1,178,Monday,Brown Line
2026-10-05,G,,Green Line,1,256,Monday,Green Line
2026-10-05,J14,J14,Jeffery Jump,3,242,Monday,J14
2026-10-05,N5,N5,South Shore Night Bus,3,20,Monday,N5
2026-10-05,Org,,Orange Line,1,144,Monday,Orange Line
2026-10-05,P,,Purple Line,1,189,Monday,Purple Line
2026-10-05,Pink,,Pink Line,1,122,Monday,Pink Line
2026-10-05,Red,,Red Line,1,422,Monday,Red Line
2026-10-05,X4,X4,Cottage Grove Express,3,69,Monday,X4
2026-10-05,X49,X49,Western Express,3,87,Monday,X49
2026-10-05,X9,X9,Ashland Express,3,102,Monday,X9
2026-10-05,Y,,Yellow Line,1,160,Monday,Yellow Line
2026-10-06,1,1,Bronzeville/Union Station,3,59,Tuesday,1
2026-10-06,10,10,Obama Presidential Center/Museum of Science & Industry Express ,3,36,Tuesday,10
2026-10-06,100,100,Jeffery Manor Express,3,53,Tuesday,100
2026-10-06,103,103,West 103rd,3,129,Tuesday,103
2026-10-06,106,106,East 103rd,3,135,Tuesday,106
2026-10-06,108,108,Halsted/95th,3,72,Tuesday,108
2026-10-06,11,11,Lincoln,3,84,Tuesday,11
2026-10-06,111,111,111th/King Drive,3,140,Tuesday,111
2026-10-06,111A,111A,Pullman Shuttle,3,82,Tuesday,111A
2026-10-06,112,112,Vincennes/111th,3,134,Tuesday,112
2026-10-06,115,115,Pullman/115th,3,143,Tuesday,115
2026-10-06,119,119,Michigan/119th,3,189,Tuesday,119
2026-10-06,12,12,Roosevelt,3,254,Tuesday,12
2026-10-06,120,120,Ogilvie/Streeterville Express,3,73,Tuesday,120
2026-10-06,121,121,Union/Streeterville Express,3,76,Tuesday,121
2026-10-06,124,124,Navy Pier,3,75,Tuesday,124
2026-10-06,125,125,Water Tower Express,3,51,Tuesday,125
2026-10-06,126,126,Jackson,3,146,Tuesday,126
2026-10-06,134,134,Stockton/LaSalle Express,3,49,Tuesday,134
2026-10-06,135,135,Clarendon/LaSalle Express,3,50,Tuesday,135
2026-10-06,136,136,Sheridan/LaSalle Express,3,36,Tuesday,136
2026-10-06,143,143,Stockton/Michigan Express,3,36,Tuesday,143
2026-10-06,146,146,Inner Lake Shore/Michigan Express,3,222,Tuesday,146
2026-10-06,147,147,Outer DuSable Lake Shore Express,3,208,Tuesday,147
2026-10-06,148,148,Clarendon/Michigan Express,3,45,Tuesday,148
2026-10-06,15,15,Jeffery Local,3,159,Tuesday,15
2026-10-06,151,151,Sheridan,3,211,Tuesday,151
2026-10-06,152,152,Addison,3,212,Tuesday,152
2026-10-06,155,155,Devon,3,204,Tuesday,155
2026-10-06,156,156,LaSalle,3,136,Tuesday,156
2026-10-06,157,157,Streeterville/Taylor,3,131,Tuesday,157
2026-10-06,165,165,West 65th,3,19,Tuesday,165
2026-10-06,169,169,69th/UPS Express,3,10,Tuesday,169
2026-10-06,171,171,U. of Chicago/Hyde Park,3,83,Tuesday,171
2026-10-06,172,172,U. of Chicago/Kenwood,3,126,Tuesday,172
2026-10-06,18,18,16th/18th,3,130,Tuesday,18
2026-10-06,192,192,University of Chicago Hospitals Express,3,19,Tuesday,192
2026-10-06,2,2,Hyde Park Express,3,60,Tuesday,2
2026-10-06,20,20,Madison,3,338,Tuesday,20
2026-10-06,201,201,Central/Ridge,3,76,Tuesday,201
2026-10-06,206,206,Evanston Circulator,3,25,Tuesday,206
2026-10-06,21,21,Cermak,3,176,Tuesday,21
2026-10-06,22,22,Clark,3,239,Tuesday,22
2026-10-06,24,24,Wentworth,3,101,Tuesday,24
2026-10-06,26,26,South Shore Express,3,86,Tuesday,26
2026-10-06,28,28,Stony Island,3,162,Tuesday,28
2026-10-06,29,29,State,3,162,Tuesday,29
2026-10-06,3,3,King Drive,3,243,Tuesday,3
2026-10-06,30,30,South Chicago,3,114,Tuesday,30
2026-10-06,31,31,31st,3,55,Tuesday,31
2026-10-06,34,34,South Michigan,3,236,Tuesday,34
2026-10-06,35,35,31st/35th,3,221,Tuesday,35
2026-10-06,36,36,Broadway,3,166,Tuesday,36
2026-10-06,37,37,Sedgwick,3,100,Tuesday,37
2026-10-06,39,39,Pershing,3,94,Tuesday,39
2026-10-06,4,4,Cottage Grove,3,250,Tuesday,4
2026-10-06,43,43,43rd,3,112,Tuesday,43
2026-10-06,44,44,Wallace/Racine,3,141,Tuesday,44
2026-10-06,47,47,47th,3,251,Tuesday,47
2026-10-06,48,48,South Damen,3,69,Tuesday,48
2026-10-06,49,49,Western,3,271,Tuesday,49
2026-10-06,49B,49B,North Western,3,221,Tuesday,49B
2026-10-06,50,50,Damen,3,173,Tuesday,50
2026-10-06,51,51,51st,3,98,Tuesday,51
2026-10-06,52,52,Kedzie,3,190,Tuesday,52
2026-10-06,52A,52A,South Kedzie,3,142,Tuesday,52A
2026-10-06,53,53,Pulaski,3,339,Tuesday,53
2026-10-06,53A,53A,South Pulaski,3,173,Tuesday,53A
2026-10-06,54,54,Cicero,3,272,Tuesday,54
2026-10-06,54A,54A,North Cicero/Skokie Blvd.,3,38,Tuesday,54A
2026-10-06,54B,54B,South Cicero,3,110,Tuesday,54B
2026-10-06,55,55,Garfield,3,264,Tuesday,55
2026-10-06,55A,55A,55th/Austin,3,38,Tuesday,55A
2026-10-06,55N,55N,55th/Narragansett,3,80,Tuesday,55N
2026-10-06,56,56,Milwaukee,3,167,Tuesday,56
2026-10-06,57,57,Laramie,3,130,Tuesday,57
2026-10-06,59,59,59th/61st,3,114,Tuesday,59
2026-10-06,6,6,Jackson Park Express,3,189,Tuesday,6
2026-10-06,60,60,Blue Island/26th,3,252,Tuesday,60
2026-10-06,62,62,Archer,3,193,Tuesday,62
2026-10-06,62H,62H,Archer/Harlem,3,76,Tuesday,62H
2026-10-06,63,63,63rd,3,304,Tuesday,63
2026-10-06,63W,63W,West 63rd,3,118,Tuesday,63W
2026-10-06,65,65,Grand,3,204,Tuesday,65
2026-10-06,66,66,Chicago,3,450,Tuesday,66
2026-10-06,67,67,67th/69th/71st,3,225,Tuesday,67
2026-10-06,68,68,Northwest Highway,3,99,Tuesday,68
2026-10-06,7,7,Harrison,3,132,Tuesday,7
2026-10-06,70,70,Division,3,213,Tuesday,70
2026-10-06,71,71,71st/South Shore,3,199,Tuesday,71
2026-10-06,72,72,North,3,299,Tuesday,72
2026-10-06,73,73,Armitage,3,186,Tuesday,73
2026-10-06,74,74,Fullerton,3,282,Tuesday,74
2026-10-06,75,75,74th/75th,3,168,Tuesday,75
2026-10-06,76,76,Diversey,3,209,Tuesday,76
2026-10-06,77,77,Belmont,3,328,Tuesday,77
2026-10-06,78,78,Montrose,3,167,Tuesday,78
2026-10-06,79,79,79th,3,450,Tuesday,79
2026-10-06,8,8,Halsted,3,257,Tuesday,8
2026-10-06,80,80,Irving Park,3,208,Tuesday,80
2026-10-06,81,81,Lawrence,3,262,Tuesday,81
2026-10-06,81W,81W,West Lawrence,3,88,Tuesday,81W
2026-10-06,82,82,Kimball/Homan,3,280,Tuesday,82
2026-10-06,84,84,Peterson,3,142,Tuesday,84
2026-10-06,85,85,Central,3,244,Tuesday,85
2026-10-06,85A,85A,North Central,3,94,Tuesday,85A
2026-10-06,86,86,Narragansett/Ridgeland,3,106,Tuesday,86
2026-10-06,87,87,87th,3,263,Tuesday,87
2026-10-06,88,88,Higgins,3,100,Tuesday,88
2026-10-06,8A,8A,South Halsted,3,134,Tuesday,8A
2026-10-06,9,9,Ashland,3,365,Tuesday,9
2026-10-06,90,90,Harlem,3,132,Tuesday,90
2026-10-06,91,91,Austin,3,155,Tuesday,91
2026-10-06,92,92,Foster,3,162,Tuesday,92
2026-10-06,93,93,California/Dodge,3,125,Tuesday,93
2026-10-06,94,94,California,3,170,Tuesday,94
2026-10-06,95,95,95th,3,256,Tuesday,95
2026-10-06,96,96,Lunt,3,66,Tuesday,96
2026-10-06,97,97,Skokie,3,108,Tuesday,97
2026-10-06,Blue,,Blue Line,1,356,Tuesday,Blue Line
2026-10-06,Brn,,Brown Line,1,180,Tuesday,Brown Line
2026-10-06,G,,Green Line,1,256,Tuesday,Green Line
2026-10-06,J14,J14,Jeffery Jump,3,242,Tuesday,J14
2026-10-06,N5,N5,South Shore Night Bus,3,20,Tuesday,N5
2026-10-06,Org,,Orange Line,1,144,Tuesday,Orange Line
2026-10-06,P,,Purple Line,1,188,Tuesday,Purple Line
2026-10-06,Pink,,Pink Line,1,122,Tuesday,Pink Line
2026-10-06,Red,,Red Line,1,424,Tuesday,Red Line
2026-10-06,X4,X4,Cottage Grove Express,3,69,Tuesday,X4
2026-10-06,X49,X49,Western Express,3,87,Tuesday,X49
2026-10-06,X9,X9,Ashland Express,3,102,Tuesday,X9
2026-10-06,Y,,Yellow Line,1,160,Tuesday,Yellow Line
2026-10-07,1,1,Bronzeville/Union Station,3,59,Wednesday,1
2026-10-07,10,10,Obama Presidential Center/Museum of Science & Industry Express ,3,36,Wednesday,10
2026-10-07,100,100,Jeffery Manor Express,3,53,Wednesday,100
2026-10-07,103,103,West 103rd,3,129,Wednesday,103
2026-10-07,106,106,East 103rd,3,135,Wednesday,106
2026-10-07,108,108,Halsted/95th,3,72,Wednesday,108
2026-10-07,11,11,Lincoln,3,84,Wednesday,11
2026-10-07,111,111,111th/King Drive,3,140,Wednesday,111
2026-10-07,111A,111A,Pullman Shuttle,3,82,Wednesday,111A
2026-10-07,112,112,Vincennes/111th,3,134,Wednesday,112
2026-10-07,115,115,Pullman/115th,3,143,Wednesday,115
2026-10-07,119,119,Michigan/119th,3,189,Wednesday,119
2026-10-07,12,12,Roosevelt,3,254,Wednesday,12
2026-10-07,120,120,Ogilvie/Streeterville Express,3,73,Wednesday,120
2026-10-07,121,121,Union/Streeterville Express,3,76,Wednesday,121
2026-10-07,124,124,Navy Pier,3,75,Wednesday,124
2026-10-07,125,125,Water Tower Express,3,51,Wednesday,125
2026-10-07,126,126,Jackson,3,146,Wednesday,126
2026-10-07,134,134,Stockton/LaSalle Express,3,49,Wednesday,134
2026-10-07,135,135,Clarendon/LaSalle Express,3,50,Wednesday,135
2026-10-07,136,136,Sheridan/LaSalle Express,3,36,Wednesday,136
2026-10-07,143,143,Stockton/Michigan Express,3,36,Wednesday,143
2026-10-07,146,146,Inner Lake Shore/Michigan Express,3,222,Wednesday,146
2026-10-07,147,147,Outer DuSable Lake Shore Express,3,208,Wednesday,147
2026-10-07,148,148,Clarendon/Michigan Express,3,45,Wednesday,148
2026-10-07,15,15,Jeffery Local,3,159,Wednesday,15
2026-10-07,151,151,Sheridan,3,211,Wednesday,151
2026-10-07,152,152,Addison,3,212,Wednesday,152
2026-10-07,155,155,Devon,3,204,Wednesday,155
2026-10-07,156,156,LaSalle,3,136,Wednesday,156
2026-10-07,157,157,Streeterville/Taylor,3,131,Wednesday,157
2026-10-07,165,165,West 65th,3,19,Wednesday,165
2026-10-07,169,169,69th/UPS Express,3,10,Wednesday,169
2026-10-07,171,171,U. of Chicago/Hyde Park,3,83,Wednesday,171
2026-10-07,172,172,U. of Chicago/Kenwood,3,126,Wednesday,172
2026-10-07,18,18,16th/18th,3,130,Wednesday,18
2026-10-07,192,192,University of Chicago Hospitals Express,3,19,Wednesday,192
2026-10-07,2,2,Hyde Park Express,3,60,Wednesday,2
2026-10-07,20,20,Madison,3,338,Wednesday,20
2026-10-07,201,201,Central/Ridge,3,76,Wednesday,201
2026-10-07,206,206,Evanston Circulator,3,25,Wednesday,206
2026-10-07,21,21,Cermak,3,176,Wednesday,21
2026-10-07,22,22,Clark,3,239,Wednesday,22
2026-10-07,24,24,Wentworth,3,101,Wednesday,24
2026-10-07,26,26,South Shore Express,3,86,Wednesday,26
2026-10-07,28,28,Stony Island,3,162,Wednesday,28
2026-10-07,29,29,State,3,162,Wednesday,29
2026-10-07,3,3,King Drive,3,243,Wednesday,3
2026-10-07,30,30,South Chicago,3,114,Wednesday,30
2026-10-07,31,31,31st,3,55,Wednesday,31
2026-10-07,34,34,South Michigan,3,236,Wednesday,34
2026-10-07,35,35,31st/35th,3,221,Wednesday,35
2026-10-07,36,36,Broadway,3,166,Wednesday,36
2026-10-07,37,37,Sedgwick,3,100,Wednesday,37
2026-10-07,39,39,Pershing,3,94,Wednesday,39
2026-10-07,4,4,Cottage Grove,3,250,Wednesday,4
2026-10-07,43,43,43rd,3,112,Wednesday,43
2026-10-07,44,44,Wallace/Racine,3,141,Wednesday,44
2026-10-07,47,47,47th,3,251,Wednesday,47
2026-10-07,48,48,South Damen,3,69,Wednesday,48
2026-10-07,49,49,Western,3,271,Wednesday,49
2026-10-07,49B,49B,North Western,3,221,Wednesday,49B
2026-10-07,50,50,Damen,3,173,Wednesday,50
2026-10-07,51,51,51st,3,98,Wednesday,51
2026-10-07,52,52,Kedzie,3,190,Wednesday,52
2026-10-07,52A,52A,South Kedzie,3,142,Wednesday,52A
2026-10-07,53,53,Pulaski,3,339,Wednesday,53
2026-10-07,53A,53A,South Pulaski,3,173,Wednesday,53A
2026-10-07,54,54,Cicero,3,272,Wednesday,54
2026-10-07,54A,54A,North Cicero/Skokie Blvd.,3,38,Wednesday,54A
2026-10-07,54B,54B,South Cicero,3,110,Wednesday,54B
2026-10-07,55,55,Garfield,3,264,Wednesday,55
2026-10-07,55A,55A,55th/Austin,3,38,Wednesday,55A
2026-10-07,55N,55N,55th/Narragansett,3,80,Wednesday,55N
2026-10-07,56,56,Milwaukee,3,167,Wednesday,56
2026-10-07,57,57,Laramie,3,130,Wednesday,57
2026-10-07,59,59,59th/61st,3,114,Wednesday,59
2026-10-07,6,6,Jackson Park Express,3,189,Wednesday,6
2026-10-07,60,60,Blue Island/26th,3,252,Wednesday,60
2026-10-07,62,62,Archer,3,193,Wednesday,62
2026-10-07,62H,62H,Archer/Harlem,3,76,Wednesday,62H
2026-10-07,63,63,63rd,3,304,Wednesday,63
2026-10-07,63W,63W,West 63rd,3,118,Wednesday,63W
2026-10-07,65,65,Grand,3,204,Wednesday,65
2026-10-07,66,66,Chicago,3,450,Wednesday,66
2026-10-07,67,67,67th/69th/71st,3,227,Wednesday,67
2026-10-07,68,68,Northwest Highway,3,99,Wednesday,68
2026-10-07,7,7,Harrison,3,132,Wednesday,7
2026-10-07,70,70,Division,3,214,Wednesday,70
2026-10-07,71,71,71st/South Shore,3,199,Wednesday,71
2026-10-07,72,72,North,3,299,Wednesday,72
2026-10-07,73,73,Armitage,3,186,Wednesday,73
2026-10-07,74,74,Fullerton,3,282,Wednesday,74
2026-10-07,75,75,74th/75th,3,168,Wednesday,75
2026-10-07,76,76,Diversey,3,209,Wednesday,76
2026-10-07,77,77,Belmont,3,328,Wednesday,77
2026-10-07,78,78,Montrose,3,167,Wednesday,78
2026-10-07,79,79,79th,3,450,Wednesday,79
2026-10-07,8,8,Halsted,3,257,Wednesday,8
2026-10-07,80,80,Irving Park,3,208,Wednesday,80
2026-10-07,81,81,Lawrence,3,262,Wednesday,81
2026-10-07,81W,81W,West Lawrence,3,88,Wednesday,81W
2026-10-07,82,82,Kimball/Homan,3,280,Wednesday,82
2026-10-07,84,84,Peterson,3,142,Wednesday,84
2026-10-07,85,85,Central,3,244,Wednesday,85
2026-10-07,85A,85A,North Central,3,94,Wednesday,85A
2026-10-07,86,86,Narragansett/Ridgeland,3,106,Wednesday,86
2026-10-07,87,87,87th,3,263,Wednesday,87
2026-10-07,88,88,Higgins,3,100,Wednesday,88
2026-10-07,8A,8A,South Halsted,3,134,Wednesday,8A
2026-10-07,9,9,Ashland,3,365,Wednesday,9
2026-10-07,90,90,Harlem,3,132,Wednesday,90
2026-10-07,91,91,Austin,3,155,Wednesday,91
2026-10-07,92,92,Foster,3,162,Wednesday,92
2026-10-07,93,93,California/Dodge,3,125,Wednesday,93
2026-10-07,94,94,California,3,170,Wednesday,94
2026-10-07,95,95,95th,3,256,Wednesday,95
2026-10-07,96,96,Lunt,3,66,Wednesday,96
2026-10-07,97,97,Skokie,3,108,Wednesday,97
2026-10-07,Blue,,Blue Line,1,356,Wednesday,Blue Line
2026-10-07,Brn,,Brown Line,1,180,Wednesday,Brown Line
2026-10-07,G,,Green Line,1,256,Wednesday,Green Line
2026-10-07,J14,J14,Jeffery Jump,3,242,Wednesday,J14
2026-10-07,N5,N5,South Shore Night Bus,3,20,Wednesday,N5
2026-10-07,Org,,Orange Line,1,144,Wednesday,Orange Line
2026-10-07,P,,Purple Line,1,188,Wednesday,Purple Line
2026-10-07,Pink,,Pink Line,1,122,Wednesday,Pink Line
2026-10-07,Red,,Red Line,1,424,Wednesday,Red Line
2026-10-07,X4,X4,Cottage Grove Express,3,69,Wednesday,X4
2026-10-07,X49,X49,Western Express,3,87,Wednesday,X49
2026-10-07,X9,X9,Ashland Express,3,102,Wednesday,X9
2026-10-07,Y,,Yellow Line,1,160,Wednesday,Yellow Line
2026-10-08,1,1,Bronzeville/Union Station,3,59,Thursday,1
2026-10-08,10,10,Obama Presidential Center/Museum of Science & Industry Express ,3,36,Thursday,10
2026-10-08,100,100,Jeffery Manor Express,3,53,Thursday,100
2026-10-08,103,103,West 103rd,3,129,Thursday,103
2026-10-08,106,106,East 103rd,3,135,Thursday,106
2026-10-08,108,108,Halsted/95th,3,72,Thursday,108
2026-10-08,11,11,Lincoln,3,84,Thursday,11
2026-10-08,111,111,111th/King Drive,3,140,Thursday,111
2026-10-08,111A,111A,Pullman Shuttle,3,82,Thursday,111A
2026-10-08,112,112,Vincennes/111th,3,134,Thursday,112
2026-10-08,115,115,Pullman/115th,3,143,Thursday,115
2026-10-08,119,119,Michigan/119th,3,189,Thursday,119
2026-10-08,12,12,Roosevelt,3,254,Thursday,12
2026-10-08,120,120,Ogilvie/Streeterville Express,3,73,Thursday,120
2026-10-08,121,121,Union/Streeterville Express,3,76,Thursday,121
2026-10-08,124,124,Navy Pier,3,75,Thursday,124
2026-10-08,125,125,Water Tower Express,3,51,Thursday,125
2026-10-08,126,126,Jackson,3,146,Thursday,126
2026-10-08,134,134,Stockton/LaSalle Express,3,49,Thursday,134
2026-10-08,135,135,Clarendon/LaSalle Express,3,50,Thursday,135
2026-10-08,136,136,Sheridan/LaSalle Express,3,36,Thursday,136
2026-10-08,143,143,Stockton/Michigan Express,3,36,Thursday,143
2026-10-08,146,146,Inner Lake Shore/Michigan Express,3,222,Thursday,146
2026-10-08,147,147,Outer DuSable Lake Shore Express,3,208,Thursday,147
2026-10-08,148,148,Clarendon/Michigan Express,3,45,Thursday,148
2026-10-08,15,15,Jeffery Local,3,159,Thursday,15
2026-10-08,151,151,Sheridan,3,211,Thursday,151
2026-10-08,152,152,Addison,3,212,Thursday,152
2026-10-08,155,155,Devon,3,204,Thursday,155
2026-10-08,156,156,LaSalle,3,136,Thursday,156
2026-10-08,157,157,Streeterville/Taylor,3,131,Thursday,157
2026-10-08,165,165,West 65th,3,19,Thursday,165
2026-10-08,169,169,69th/UPS Express,3,10,Thursday,169
2026-10-08,171,171,U. of Chicago/Hyde Park,3,83,Thursday,171
2026-10-08,172,172,U. of Chicago/Kenwood,3,126,Thursday,172
2026-10-08,18,18,16th/18th,3,130,Thursday,18
2026-10-08,192,192,University of Chicago Hospitals Express,3,19,Thursday,192
2026-10-08,2,2,Hyde Park Express,3,60,Thursday,2
2026-10-08,20,20,Madison,3,338,Thursday,20
2026-10-08,201,201,Central/Ridge,3,76,Thursday,201
2026-10-08,206,206,Evanston Circulator,3,25,Thursday,206
2026-10-08,21,21,Cermak,3,176,Thursday,21
2026-10-08,22,22,Clark,3,239,Thursday,22
2026-10-08,24,24,Wentworth,3,101,Thursday,24
2026-10-08,26,26,South Shore Express,3,86,Thursday,26
2026-10-08,28,28,Stony Island,3,162,Thursday,28
2026-10-08,29,29,State,3,162,Thursday,29
2026-10-08,3,3,King Drive,3,243,Thursday,3
2026-10-08,30,30,South Chicago,3,114,Thursday,30
2026-10-08,31,31,31st,3,55,Thursday,31
2026-10-08,34,34,South Michigan,3,236,Thursday,34
2026-10-08,35,35,31st/35th,3,221,Thursday,35
2026-10-08,36,36,Broadway,3,166,Thursday,36
2026-10-08,37,37,Sedgwick,3,100,Thursday,37
2026-10-08,39,39,Pershing,3,94,Thursday,39
2026-10-08,4,4,Cottage Grove,3,250,Thursday,4
2026-10-08,43,43,43rd,3,112,Thursday,43
2026-10-08,44,44,Wallace/Racine,3,141,Thursday,44
2026-10-08,47,47,47th,3,251,Thursday,47
2026-10-08,48,48,South Damen,3,69,Thursday,48
2026-10-08,49,49,Western,3,271,Thursday,49
2026-10-08,49B,49B,North Western,3,221,Thursday,49B
2026-10-08,50,50,Damen,3,173,Thursday,50
2026-10-08,51,51,51st,3,98,Thursday,51
2026-10-08,52,52,Kedzie,3,190,Thursday,52
2026-10-08,52A,52A,South Kedzie,3,142,Thursday,52A
2026-10-08,53,53,Pulaski,3,339,Thursday,53
2026-10-08,53A,53A,South Pulaski,3,173,Thursday,53A
2026-10-08,54,54,Cicero,3,272,Thursday,54
2026-10-08,54A,54A,North Cicero/Skokie Blvd.,3,38,Thursday,54A
2026-10-08,54B,54B,South Cicero,3,110,Thursday,54B
2026-10-08,55,55,Garfield,3,264,Thursday,55
2026-10-08,55A,55A,55th/Austin,3,38,Thursday,55A
2026-10-08,55N,55N,55th/Narragansett,3,80,Thursday,55N
2026-10-08,56,56,Milwaukee,3,167,Thursday,56
2026-10-08,57,57,Laramie,3,130,Thursday,57
2026-10-08,59,59,59th/61st,3,114,Thursday,59
2026-10-08,6,6,Jackson Park Express,3,189,Thursday,6
2026-10-08,60,60,Blue Island/26th,3,252,Thursday,60
2026-10-08,62,62,Archer,3,193,Thursday,62
2026-10-08,62H,62H,Archer/Harlem,3,76,Thursday,62H
2026-10-08,63,63,63rd,3,304,Thursday,63
2026-10-08,63W,63W,West 63rd,3,118,Thursday,63W
2026-10-08,65,65,Grand,3,204,Thursday,65
2026-10-08,66,66,Chicago,3,450,Thursday,66
2026-10-08,67,67,67th/69th/71st,3,225,Thursday,67
2026-10-08,68,68,Northwest Highway,3,99,Thursday,68
2026-10-08,7,7,Harrison,3,132,Thursday,7
2026-10-08,70,70,Division,3,213,Thursday,70
2026-10-08,71,71,71st/South Shore,3,199,Thursday,71
2026-10-08,72,72,North,3,299,Thursday,72
2026-10-08,73,73,Armitage,3,186,Thursday,73
2026-10-08,74,74,Fullerton,3,282,Thursday,74
2026-10-08,75,75,74th/75th,3,168,Thursday,75
2026-10-08,76,76,Diversey,3,209,Thursday,76
2026-10-08,77,77,Belmont,3,328,Thursday,77
2026-10-08,78,78,Montrose,3,167,Thursday,78
2026-10-08,79,79,79th,3,450,Thursday,79
2026-10-08,8,8,Halsted,3,257,Thursday,8
2026-10-08,80,80,Irving Park,3,208,Thursday,80
2026-10-08,81,81,Lawrence,3,262,Thursday,81
2026-10-08,81W,81W,West Lawrence,3,88,Thursday,81W
2026-10-08,82,82,Kimball/Homan,3,280,Thursday,82
2026-10-08,84,84,Peterson,3,142,Thursday,84
2026-10-08,85,85,Central,3,244,Thursday,85
2026-10-08,85A,85A,North Central,3,94,Thursday,85A
2026-10-08,86,86,Narragansett/Ridgeland,3,106,Thursday,86
2026-10-08,87,87,87th,3,263,Thursday,87
2026-10-08,88,88,Higgins,3,100,Thursday,88
2026-10-08,8A,8A,South Halsted,3,134,Thursday,8A
2026-10-08,9,9,Ashland,3,365,Thursday,9
2026-10-08,90,90,Harlem,3,132,Thursday,90
2026-10-08,91,91,Austin,3,155,Thursday,91
2026-10-08,92,92,Foster,3,162,Thursday,92
2026-10-08,93,93,California/Dodge,3,125,Thursday,93
2026-10-08,94,94,California,3,170,Thursday,94
2026-10-08,95,95,95th,3,256,Thursday,95
2026-10-08,96,96,Lunt,3,66,Thursday,96
2026-10-08,97,97,Skokie,3,108,Thursday,97
2026-10-08,Blue,,Blue Line,1,356,Thursday,Blue Line
2026-10-08,Brn,,Brown Line,1,180,Thursday,Brown Line
2026-10-08,G,,Green Line,1,256,Thursday,Green Line
2026-10-08,J14,J14,Jeffery Jump,3,242,Thursday,J14
2026-10-08,N5,N5,South Shore Night Bus,3,20,Thursday,N5
2026-10-08,Org,,Orange Line,1,144,Thursday,Orange Line
2026-10-08,P,,Purple Line,1,188,Thursday,Purple Line
2026-10-08,Pink,,Pink Line,1,122,Thursday,Pink Line
2026-10-08,Red,,Red Line,1,424,Thursday,Red Line
2026-10-08,X4,X4,Cottage Grove Express,3,69,Thursday,X4
2026-10-08,X49,X49,Western Express,3,87,Thursday,X49
2026-10-08,X9,X9,Ashland Express,3,102,Thursday,X9
2026-10-08,Y,,Yellow Line,1,160,Thursday,Yellow Line
2026-10-09,1,1,Bronzeville/Union Station,3,59,Friday,1
2026-10-09,10,10,Obama Presidential Center/Museum of Science & Industry Express ,3,36,Friday,10
2026-10-09,100,100,Jeffery Manor Express,3,53,Friday,100
2026-10-09,103,103,West 103rd,3,129,Friday,103
2026-10-09,106,106,East 103rd,3,134,Friday,106
2026-10-09,108,108,Halsted/95th,3,71,Friday,108
2026-10-09,11,11,Lincoln,3,84,Friday,11
2026-10-09,111,111,111th/King Drive,3,140,Friday,111
2026-10-09,111A,111A,Pullman Shuttle,3,82,Friday,111A
2026-10-09,112,112,Vincennes/111th,3,134,Friday,112
2026-10-09,115,115,Pullman/115th,3,143,Friday,115
2026-10-09,119,119,Michigan/119th,3,189,Friday,119
2026-10-09,12,12,Roosevelt,3,254,Friday,12
2026-10-09,120,120,Ogilvie/Streeterville Express,3,73,Friday,120
2026-10-09,121,121,Union/Streeterville Express,3,76,Friday,121
2026-10-09,124,124,Navy Pier,3,75,Friday,124
2026-10-09,125,125,Water Tower Express,3,51,Friday,125
2026-10-09,126,126,Jackson,3,146,Friday,126
2026-10-09,134,134,Stockton/LaSalle Express,3,49,Friday,134
2026-10-09,135,135,Clarendon/LaSalle Express,3,50,Friday,135
2026-10-09,136,136,Sheridan/LaSalle Express,3,36,Friday,136
2026-10-09,143,143,Stockton/Michigan Express,3,36,Friday,143
2026-10-09,146,146,Inner Lake Shore/Michigan Express,3,222,Friday,146
2026-10-09,147,147,Outer DuSable Lake Shore Express,3,208,Friday,147
2026-10-09,148,148,Clarendon/Michigan Express,3,45,Friday,148
2026-10-09,15,15,Jeffery Local,3,159,Friday,15
2026-10-09,151,151,Sheridan,3,211,Friday,151
2026-10-09,152,152,Addison,3,214,Friday,152
2026-10-09,155,155,Devon,3,204,Friday,155
2026-10-09,156,156,LaSalle,3,136,Friday,156
2026-10-09,157,157,Streeterville/Taylor,3,131,Friday,157
2026-10-09,165,165,West 65th,3,19,Friday,165
2026-10-09,169,169,69th/UPS Express,3,10,Friday,169
2026-10-09,171,171,U. of Chicago/Hyde Park,3,83,Friday,171
2026-10-09,172,172,U. of Chicago/Kenwood,3,126,Friday,172
2026-10-09,18,18,16th/18th,3,130,Friday,18
2026-10-09,192,192,University of Chicago Hospitals Express,3,19,Friday,192
2026-10-09,2,2,Hyde Park Express,3,60,Friday,2
2026-10-09,20,20,Madison,3,338,Friday,20
2026-10-09,201,201,Central/Ridge,3,76,Friday,201
2026-10-09,206,206,Evanston Circulator,3,25,Friday,206
2026-10-09,21,21,Cermak,3,176,Friday,21
2026-10-09,22,22,Clark,3,239,Friday,22
2026-10-09,24,24,Wentworth,3,101,Friday,24
2026-10-09,26,26,South Shore Express,3,86,Friday,26
2026-10-09,28,28,Stony Island,3,162,Friday,28
2026-10-09,29,29,State,3,162,Friday,29
2026-10-09,3,3,King Drive,3,243,Friday,3
2026-10-09,30,30,South Chicago,3,114,Friday,30
2026-10-09,31,31,31st,3,55,Friday,31
2026-10-09,34,34,South Michigan,3,236,Friday,34
2026-10-09,35,35,31st/35th,3,221,Friday,35
2026-10-09,36,36,Broadway,3,166,Friday,36
2026-10-09,37,37,Sedgwick,3,100,Friday,37
2026-10-09,39,39,Pershing,3,94,Friday,39
2026-10-09,4,4,Cottage Grove,3,250,Friday,4
2026-10-09,43,43,43rd,3,112,Friday,43
2026-10-09,44,44,Wallace/Racine,3,141,Friday,44
2026-10-09,47,47,47th,3,251,Friday,47
2026-10-09,48,48,South Damen,3,69,Friday,48
2026-10-09,49,49,Western,3,271,Friday,49
2026-10-09,49B,49B,North Western,3,221,Friday,49B
2026-10-09,50,50,Damen,3,173,Friday,50
2026-10-09,51,51,51st,3,98,Friday,51
2026-10-09,52,52,Kedzie,3,190,Friday,52
2026-10-09,52A,52A,South Kedzie,3,142,Friday,52A
2026-10-09,53,53,Pulaski,3,339,Friday,53
2026-10-09,53A,53A,South Pulaski,3,173,Friday,53A
2026-10-09,54,54,Cicero,3,272,Friday,54
2026-10-09,54A,54A,North Cicero/Skokie Blvd.,3,38,Friday,54A
2026-10-09,54B,54B,South Cicero,3,110,Friday,54B
2026-10-09,55,55,Garfield,3,264,Friday,55
2026-10-09,55A,55A,55th/Austin,3,38,Friday,55A
2026-10-09,55N,55N,55th/Narragansett,3,80,Friday,55N
2026-10-09,56,56,Milwaukee,3,167,Friday,56
2026-10-09,57,57,Laramie,3,130,Friday,57
2026-10-09,59,59,59th/61st,3,114,Friday,59
2026-10-09,6,6,Jackson Park Express,3,189,Friday,6
2026-10-09,60,60,Blue Island/26th,3,252,Friday,60
2026-10-09,62,62,Archer,3,193,Friday,62
2026-10-09,62H,62H,Archer/Harlem,3,76,Friday,62H
2026-10-09,63,63,63rd,3,304,Friday,63
2026-10-09,63W,63W,West 63rd,3,118,Friday,63W
2026-10-09,65,65,Grand,3,204,Friday,65
2026-10-09,66,66,Chicago,3,450,Friday,66
2026-10-09,67,67,67th/69th/71st,3,225,Friday,67
2026-10-09,68,68,Northwest Highway,3,99,Friday,68
2026-10-09,7,7,Harrison,3,132,Friday,7
2026-10-09,70,70,Division,3,213,Friday,70
2026-10-09,71,71,71st/South Shore,3,199,Friday,71
2026-10-09,72,72,North,3,299,Friday,72
2026-10-09,73,73,Armitage,3,187,Friday,73
2026-10-09,74,74,Fullerton,3,282,Friday,74
2026-10-09,75,75,74th/75th,3,168,Friday,75
2026-10-09,76,76,Diversey,3,209,Friday,76
2026-10-09,77,77,Belmont,3,328,Friday,77
2026-10-09,78,78,Montrose,3,167,Friday,78
2026-10-09,79,79,79th,3,450,Friday,79
2026-10-09,8,8,Halsted,3,257,Friday,8
2026-10-09,80,80,Irving Park,3,208,Friday,80
2026-10-09,81,81,Lawrence,3,262,Friday,81
2026-10-09,81W,81W,West Lawrence,3,88,Friday,81W
2026-10-09,82,82,Kimball/Homan,3,280,Friday,82
2026-10-09,84,84,Peterson,3,142,Friday,84
2026-10-09,85,85,Central,3,244,Friday,85
2026-10-09,85A,85A,North Central,3,94,Friday,85A
2026-10-09,86,86,Narragansett/Ridgeland,3,106,Friday,86
2026-10-09,87,87,87th,3,263,Friday,87
2026-10-09,88,88,Higgins,3,100,Friday,88
2026-10-09,8A,8A,South Halsted,3,134,Friday,8A
2026-10-09,9,9,Ashland,3,365,Friday,9
2026-10-09,90,90,Harlem,3,132,Friday,90
2026-10-09,91,91,Austin,3,155,Friday,91
2026-10-09,92,92,Foster,3,162,Friday,92
2026-10-09,93,93,California/Dodge,3,125,Friday,93
2026-10-09,94,94,California,3,170,Friday,94
2026-10-09,95,95,95th,3,256,Friday,95
2026-10-09,96,96,Lunt,3,66,Friday,96
2026-10-09,97,97,Skokie,3,108,Friday,97
2026-10-09,Blue,,Blue Line,1,356,Friday,Blue Line
2026-10-09,Brn,,Brown Line,1,180,Friday,Brown Line
2026-10-09,G,,Green Line,1,256,Friday,Green Line
2026-10-09,J14,J14,Jeffery Jump,3,242,Friday,J14
2026-10-09,N5,N5,South Shore Night Bus,3,20,Friday,N5
2026-10-09,Org,,Orange Line,1,144,Friday,Orange Line
2026-10-09,P,,Purple Line,1,188,Friday,Purple Line
2026-10-09,Pink,,Pink Line,1,122,Friday,Pink Line
2026-10-09,Red,,Red Line,1,424,Friday,Red Line
2026-10-09,X4,X4,Cottage Grove Express,3,69,Friday,X4
2026-10-09,X49,X49,Western Express,3,87,Friday,X49
2026-10-09,X9,X9,Ashland Express,3,102,Friday,X9
2026-10-09,Y,,Yellow Line,1,160,Friday,Yellow Line
2026-10-10,10,10,Obama Presidential Center/Museum of Science & Industry Express ,3,36,Saturday,10
2026-10-10,103,103,West 103rd,3,107,Saturday,103
2026-10-10,106,106,East 103rd,3,78,Saturday,106
2026-10-10,11,11,Lincoln,3,68,Saturday,11
2026-10-10,111,111,111th/King Drive,3,120,Saturday,111
2026-10-10,111A,111A,Pullman Shuttle,3,82,Saturday,111A
2026-10-10,112,112,Vincennes/111th,3,90,Saturday,112
2026-10-10,115,115,Pullman/115th,3,123,Saturday,115
2026-10-10,119,119,Michigan/119th,3,141,Saturday,119
2026-10-10,12,12,Roosevelt,3,215,Saturday,12
2026-10-10,124,124,Navy Pier,3,86,Saturday,124
2026-10-10,126,126,Jackson,3,119,Saturday,126
2026-10-10,146,146,Inner Lake Shore/Michigan Express,3,192,Saturday,146
2026-10-10,147,147,Outer DuSable Lake Shore Express,3,219,Saturday,147
2026-10-10,15,15,Jeffery Local,3,138,Saturday,15
2026-10-10,151,151,Sheridan,3,225,Saturday,151
2026-10-10,152,152,Addison,3,121,Saturday,152
2026-10-10,155,155,Devon,3,182,Saturday,155
2026-10-10,169,169,69th/UPS Express,3,1,Saturday,169
2026-10-10,171,171,U. of Chicago/Hyde Park,3,42,Saturday,171
2026-10-10,172,172,U. of Chicago/Kenwood,3,42,Saturday,172
2026-10-10,18,18,16th/18th,3,121,Saturday,18
2026-10-10,20,20,Madison,3,255,Saturday,20
2026-10-10,201,201,Central/Ridge,3,63,Saturday,201
2026-10-10,21,21,Cermak,3,148,Saturday,21
2026-10-10,22,22,Clark,3,224,Saturday,22
2026-10-10,28,28,Stony Island,3,130,Saturday,28
2026-10-10,29,29,State,3,165,Saturday,29
2026-10-10,3,3,King Drive,3,195,Saturday,3
2026-10-10,30,30,South Chicago,3,106,Saturday,30
2026-10-10,34,34,South Michigan,3,210,Saturday,34
2026-10-10,35,35,31st/35th,3,205,Saturday,35
2026-10-10,36,36,Broadway,3,175,Saturday,36
2026-10-10,39,39,Pershing,3,42,Saturday,39
2026-10-10,4,4,Cottage Grove,3,254,Saturday,4
2026-10-10,43,43,43rd,3,58,Saturday,43
2026-10-10,44,44,Wallace/Racine,3,77,Saturday,44
2026-10-10,47,47,47th,3,219,Saturday,47
2026-10-10,49,49,Western,3,256,Saturday,49
2026-10-10,49B,49B,North Western,3,177,Saturday,49B
2026-10-10,50,50,Damen,3,150,Saturday,50
2026-10-10,51,51,51st,3,90,Saturday,51
2026-10-10,52,52,Kedzie,3,148,Saturday,52
2026-10-10,52A,52A,South Kedzie,3,84,Saturday,52A
2026-10-10,53,53,Pulaski,3,272,Saturday,53
2026-10-10,53A,53A,South Pulaski,3,122,Saturday,53A
2026-10-10,54,54,Cicero,3,238,Saturday,54
2026-10-10,54B,54B,South Cicero,3,106,Saturday,54B
2026-10-10,55,55,Garfield,3,240,Saturday,55
2026-10-10,55N,55N,55th/Narragansett,3,56,Saturday,55N
2026-10-10,56,56,Milwaukee,3,116,Saturday,56
2026-10-10,57,57,Laramie,3,77,Saturday,57
2026-10-10,59,59,59th/61st,3,85,Saturday,59
2026-10-10,6,6,Jackson Park Express,3,205,Saturday,6
2026-10-10,60,60,Blue Island/26th,3,220,Saturday,60
2026-10-10,62,62,Archer,3,172,Saturday,62
2026-10-10,62H,62H,Archer/Harlem,3,58,Saturday,62H
2026-10-10,63,63,63rd,3,262,Saturday,63
2026-10-10,63W,63W,West 63rd,3,80,Saturday,63W
2026-10-10,65,65,Grand,3,161,Saturday,65
2026-10-10,66,66,Chicago,3,373,Saturday,66
2026-10-10,67,67,67th/69th/71st,3,208,Saturday,67
2026-10-10,68,68,Northwest Highway,3,70,Saturday,68
2026-10-10,70,70,Division,3,149,Saturday,70
2026-10-10,71,71,71st/South Shore,3,187,Saturday,71
2026-10-10,72,72,North,3,247,Saturday,72
2026-10-10,73,73,Armitage,3,114,Saturday,73
2026-10-10,74,74,Fullerton,3,237,Saturday,74
2026-10-10,75,75,74th/75th,3,136,Saturday,75
2026-10-10,76,76,Diversey,3,142,Saturday,76
2026-10-10,77,77,Belmont,3,249,Saturday,77
2026-10-10,78,78,Montrose,3,132,Saturday,78
2026-10-10,79,79,79th,3,381,Saturday,79
2026-10-10,8,8,Halsted,3,187,Saturday,8
2026-10-10,80,80,Irving Park,3,177,Saturday,80
2026-10-10,81,81,Lawrence,3,234,Saturday,81
2026-10-10,81W,81W,West Lawrence,3,90,Saturday,81W
2026-10-10,82,82,Kimball/Homan,3,246,Saturday,82
2026-10-10,84,84,Peterson,3,88,Saturday,84
2026-10-10,85,85,Central,3,213,Saturday,85
2026-10-10,85A,85A,North Central,3,56,Saturday,85A
2026-10-10,87,87,87th,3,213,Saturday,87
2026-10-10,88,88,Higgins,3,68,Saturday,88
2026-10-10,8A,8A,South Halsted,3,122,Saturday,8A
2026-10-10,9,9,Ashland,3,305,Saturday,9
2026-10-10,90,90,Harlem,3,108,Saturday,90
2026-10-10,91,91,Austin,3,104,Saturday,91
2026-10-10,92,92,Foster,3,120,Saturday,92
2026-10-10,93,93,California/Dodge,3,78,Saturday,93
2026-10-10,94,94,California,3,116,Saturday,94
2026-10-10,95,95,95th,3,233,Saturday,95
2026-10-10,97,97,Skokie,3,91,Saturday,97
2026-10-10,Blue,,Blue Line,1,284,Saturday,Blue Line
2026-10-10,Brn,,Brown Line,1,130,Saturday,Brown Line
2026-10-10,G,,Green Line,1,228,Saturday,Green Line
2026-10-10,J14,J14,Jeffery Jump,3,187,Saturday,J14
2026-10-10,N5,N5,South Shore Night Bus,3,20,Saturday,N5
2026-10-10,Org,,Orange Line,1,120,Saturday,Orange Line
2026-10-10,P,,Purple Line,1,202,Saturday,Purple Line
2026-10-10,Pink,,Pink Line,1,108,Saturday,Pink Line
2026-10-10,Red,,Red Line,1,349,Saturday,Red Line
2026-10-10,Y,,Yellow Line,1,136,Saturday,Yellow Line
2026-10-11,10,10,Obama Presidential Center/Museum of Science & Industry Express ,3,36,Sunday,10
2026-10-11,103,103,West 103rd,3,105,Sunday,103
2026-10-11,106,106,East 103rd,3,82,Sunday,106
2026-10-11,11,11,Lincoln,3,50,Sunday,11
2026-10-11,111,111,111th/King Drive,3,104,Sunday,111
2026-10-11,111A,111A,Pullman Shuttle,3,82,Sunday,111A
2026-10-11,112,112,Vincennes/111th,3,72,Sunday,112
2026-10-11,115,115,Pullman/115th,3,118,Sunday,115
2026-10-11,119,119,Michigan/119th,3,111,Sunday,119
2026-10-11,12,12,Roosevelt,3,219,Sunday,12
2026-10-11,124,124,Navy Pier,3,66,Sunday,124
2026-10-11,126,126,Jackson,3,113,Sunday,126
2026-10-11,146,146,Inner Lake Shore/Michigan Express,3,169,Sunday,146
2026-10-11,147,147,Outer DuSable Lake Shore Express,3,168,Sunday,147
2026-10-11,15,15,Jeffery Local,3,110,Sunday,15
2026-10-11,151,151,Sheridan,3,185,Sunday,151
2026-10-11,152,152,Addison,3,97,Sunday,152
2026-10-11,155,155,Devon,3,146,Sunday,155
2026-10-11,172,172,U. of Chicago/Kenwood,3,42,Sunday,172
2026-10-11,18,18,16th/18th,3,98,Sunday,18
2026-10-11,20,20,Madison,3,243,Sunday,20
2026-10-11,21,21,Cermak,3,128,Sunday,21
2026-10-11,22,22,Clark,3,193,Sunday,22
2026-10-11,28,28,Stony Island,3,116,Sunday,28
2026-10-11,29,29,State,3,137,Sunday,29
2026-10-11,3,3,King Drive,3,150,Sunday,3
2026-10-11,30,30,South Chicago,3,82,Sunday,30
2026-10-11,34,34,South Michigan,3,205,Sunday,34
2026-10-11,35,35,31st/35th,3,202,Sunday,35
2026-10-11,36,36,Broadway,3,163,Sunday,36
2026-10-11,39,39,Pershing,3,42,Sunday,39
2026-10-11,4,4,Cottage Grove,3,229,Sunday,4
2026-10-11,43,43,43rd,3,60,Sunday,43
2026-10-11,44,44,Wallace/Racine,3,75,Sunday,44
2026-10-11,47,47,47th,3,217,Sunday,47
2026-10-11,49,49,Western,3,227,Sunday,49
2026-10-11,49B,49B,North Western,3,156,Sunday,49B
2026-10-11,50,50,Damen,3,128,Sunday,50
2026-10-11,51,51,51st,3,80,Sunday,51
2026-10-11,52,52,Kedzie,3,117,Sunday,52
2026-10-11,52A,52A,South Kedzie,3,64,Sunday,52A
2026-10-11,53,53,Pulaski,3,248,Sunday,53
2026-10-11,53A,53A,South Pulaski,3,102,Sunday,53A
2026-10-11,54,54,Cicero,3,223,Sunday,54
2026-10-11,54B,54B,South Cicero,3,78,Sunday,54B
2026-10-11,55,55,Garfield,3,227,Sunday,55
2026-10-11,56,56,Milwaukee,3,110,Sunday,56
2026-10-11,57,57,Laramie,3,57,Sunday,57
2026-10-11,6,6,Jackson Park Express,3,168,Sunday,6
2026-10-11,60,60,Blue Island/26th,3,220,Sunday,60
2026-10-11,62,62,Archer,3,148,Sunday,62
2026-10-11,63,63,63rd,3,264,Sunday,63
2026-10-11,63W,63W,West 63rd,3,62,Sunday,63W
2026-10-11,65,65,Grand,3,122,Sunday,65
2026-10-11,66,66,Chicago,3,280,Sunday,66
2026-10-11,67,67,67th/69th/71st,3,167,Sunday,67
2026-10-11,68,68,Northwest Highway,3,56,Sunday,68
2026-10-11,70,70,Division,3,134,Sunday,70
2026-10-11,71,71,71st/South Shore,3,155,Sunday,71
2026-10-11,72,72,North,3,234,Sunday,72
2026-10-11,73,73,Armitage,3,105,Sunday,73
2026-10-11,74,74,Fullerton,3,229,Sunday,74
2026-10-11,75,75,74th/75th,3,116,Sunday,75
2026-10-11,76,76,Diversey,3,98,Sunday,76
2026-10-11,77,77,Belmont,3,229,Sunday,77
2026-10-11,78,78,Montrose,3,107,Sunday,78
2026-10-11,79,79,79th,3,283,Sunday,79
2026-10-11,8,8,Halsted,3,145,Sunday,8
2026-10-11,80,80,Irving Park,3,144,Sunday,80
2026-10-11,81,81,Lawrence,3,220,Sunday,81
2026-10-11,81W,81W,West Lawrence,3,56,Sunday,81W
2026-10-11,82,82,Kimball/Homan,3,266,Sunday,82
2026-10-11,84,84,Peterson,3,72,Sunday,84
2026-10-11,85,85,Central,3,209,Sunday,85
2026-10-11,87,87,87th,3,176,Sunday,87
2026-10-11,88,88,Higgins,3,64,Sunday,88
2026-10-11,8A,8A,South Halsted,3,102,Sunday,8A
2026-10-11,9,9,Ashland,3,276,Sunday,9
2026-10-11,90,90,Harlem,3,86,Sunday,90
2026-10-11,91,91,Austin,3,92,Sunday,91
2026-10-11,92,92,Foster,3,108,Sunday,92
2026-10-11,93,93,California/Dodge,3,77,Sunday,93
2026-10-11,94,94,California,3,103,Sunday,94
2026-10-11,95,95,95th,3,224,Sunday,95
2026-10-11,97,97,Skokie,3,65,Sunday,97
2026-10-11,Blue,,Blue Line,1,258,Sunday,Blue Line
2026-10-11,Brn,,Brown Line,1,112,Sunday,Brown Line
2026-10-11,G,,Green Line,1,224,Sunday,Green Line
2026-10-11,J14,J14,Jeffery Jump,3,178,Sunday,J14
2026-10-11,N5,N5,South Shore Night Bus,3,22,Sunday,N5
2026-10-11,Org,,Orange Line,1,114,Sunday,Orange Line
2026-10-11,P,,Purple Line,1,183,Sunday,Purple Line
2026-10-11,Pink,,Pink Line,1,102,Sunday,Pink Line
2026-10-11,Red,,Red Line,1,317,Sunday,Red Line
2026-10-11,Y,,Yellow Line,1,136,Sunday,Yellow Line
2026-10-12,1,1,Bronzeville/Union Station,3,59,Monday,1
2026-10-12,10,10,Obama Presidential Center/Museum of Science & Industry Express ,3,36,Monday,10
2026-10-12,100,100,Jeffery Manor Express,3,53,Monday,100
2026-10-12,103,103,West 103rd,3,129,Monday,103
2026-10-12,106,106,East 103rd,3,135,Monday,106
2026-10-12,108,108,Halsted/95th,3,72,Monday,108
2026-10-12,11,11,Lincoln,3,84,Monday,11
2026-10-12,111,111,111th/King Drive,3,140,Monday,111
2026-10-12,111A,111A,Pullman Shuttle,3,82,Monday,111A
2026-10-12,112,112,Vincennes/111th,3,134,Monday,112
2026-10-12,115,115,Pullman/115th,3,143,Monday,115
2026-10-12,119,119,Michigan/119th,3,187,Monday,119
2026-10-12,12,12,Roosevelt,3,254,Monday,12
2026-10-12,120,120,Ogilvie/Streeterville Express,3,73,Monday,120
2026-10-12,121,121,Union/Streeterville Express,3,76,Monday,121
2026-10-12,124,124,Navy Pier,3,75,Monday,124
2026-10-12,125,125,Water Tower Express,3,51,Monday,125
2026-10-12,126,126,Jackson,3,146,Monday,126
2026-10-12,134,134,Stockton/LaSalle Express,3,49,Monday,134
2026-10-12,135,135,Clarendon/LaSalle Express,3,50,Monday,135
2026-10-12,136,136,Sheridan/LaSalle Express,3,36,Monday,136
2026-10-12,143,143,Stockton/Michigan Express,3,36,Monday,143
2026-10-12,146,146,Inner Lake Shore/Michigan Express,3,222,Monday,146
2026-10-12,147,147,Outer DuSable Lake Shore Express,3,208,Monday,147
2026-10-12,148,148,Clarendon/Michigan Express,3,45,Monday,148
2026-10-12,15,15,Jeffery Local,3,159,Monday,15
2026-10-12,151,151,Sheridan,3,209,Monday,151
2026-10-12,152,152,Addison,3,212,Monday,152
2026-10-12,155,155,Devon,3,204,Monday,155
2026-10-12,156,156,LaSalle,3,136,Monday,156
2026-10-12,157,157,Streeterville/Taylor,3,131,Monday,157
2026-10-12,165,165,West 65th,3,19,Monday,165
2026-10-12,169,169,69th/UPS Express,3,9,Monday,169
2026-10-12,171,171,U. of Chicago/Hyde Park,3,83,Monday,171
2026-10-12,172,172,U. of Chicago/Kenwood,3,126,Monday,172
2026-10-12,18,18,16th/18th,3,130,Monday,18
2026-10-12,192,192,University of Chicago Hospitals Express,3,19,Monday,192
2026-10-12,2,2,Hyde Park Express,3,60,Monday,2
2026-10-12,20,20,Madison,3,338,Monday,20
2026-10-12,201,201,Central/Ridge,3,76,Monday,201
2026-10-12,206,206,Evanston Circulator,3,25,Monday,206
2026-10-12,21,21,Cermak,3,176,Monday,21
2026-10-12,22,22,Clark,3,240,Monday,22
2026-10-12,24,24,Wentworth,3,101,Monday,24
2026-10-12,26,26,South Shore Express,3,86,Monday,26
2026-10-12,28,28,Stony Island,3,164,Monday,28
2026-10-12,29,29,State,3,162,Monday,29
2026-10-12,3,3,King Drive,3,242,Monday,3
2026-10-12,30,30,South Chicago,3,114,Monday,30
2026-10-12,31,31,31st,3,55,Monday,31
2026-10-12,34,34,South Michigan,3,234,Monday,34
2026-10-12,35,35,31st/35th,3,221,Monday,35
2026-10-12,36,36,Broadway,3,166,Monday,36
2026-10-12,37,37,Sedgwick,3,100,Monday,37
2026-10-12,39,39,Pershing,3,94,Monday,39
2026-10-12,4,4,Cottage Grove,3,250,Monday,4
2026-10-12,43,43,43rd,3,112,Monday,43
2026-10-12,44,44,Wallace/Racine,3,141,Monday,44
2026-10-12,47,47,47th,3,251,Monday,47
2026-10-12,48,48,South Damen,3,69,Monday,48
2026-10-12,49,49,Western,3,271,Monday,49
2026-10-12,49B,49B,North Western,3,220,Monday,49B
2026-10-12,50,50,Damen,3,173,Monday,50
2026-10-12,51,51,51st,3,98,Monday,51
2026-10-12,52,52,Kedzie,3,190,Monday,52
2026-10-12,52A,52A,South Kedzie,3,142,Monday,52A
2026-10-12,53,53,Pulaski,3,340,Monday,53
2026-10-12,53A,53A,South Pulaski,3,171,Monday,53A
2026-10-12,54,54,Cicero,3,270,Monday,54
2026-10-12,54A,54A,North Cicero/Skokie Blvd.,3,38,Monday,54A
2026-10-12,54B,54B,South Cicero,3,110,Monday,54B
2026-10-12,55,55,Garfield,3,264,Monday,55
2026-10-12,55A,55A,55th/Austin,3,38,Monday,55A
2026-10-12,55N,55N,55th/Narragansett,3,80,Monday,55N
2026-10-12,56,56,Milwaukee,3,167,Monday,56
2026-10-12,57,57,Laramie,3,130,Monday,57
2026-10-12,59,59,59th/61st,3,114,Monday,59
2026-10-12,6,6,Jackson Park Express,3,190,Monday,6
2026-10-12,60,60,Blue Island/26th,3,252,Monday,60
2026-10-12,62,62,Archer,3,193,Monday,62
2026-10-12,62H,62H,Archer/Harlem,3,76,Monday,62H
2026-10-12,63,63,63rd,3,306,Monday,63
2026-10-12,63W,63W,West 63rd,3,118,Monday,63W
2026-10-12,65,65,Grand,3,202,Monday,65
2026-10-12,66,66,Chicago,3,445,Monday,66
2026-10-12,67,67,67th/69th/71st,3,228,Monday,67
2026-10-12,68,68,Northwest Highway,3,99,Monday,68
2026-10-12,7,7,Harrison,3,132,Monday,7
2026-10-12,70,70,Division,3,212,Monday,70
2026-10-12,71,71,71st/South Shore,3,195,Monday,71
2026-10-12,72,72,North,3,295,Monday,72
2026-10-12,73,73,Armitage,3,186,Monday,73
2026-10-12,74,74,Fullerton,3,283,Monday,74
2026-10-12,75,75,74th/75th,3,168,Monday,75
2026-10-12,76,76,Diversey,3,208,Monday,76
2026-10-12,77,77,Belmont,3,328,Monday,77
2026-10-12,78,78,Montrose,3,167,Monday,78
2026-10-12,79,79,79th,3,446,Monday,79
2026-10-12,8,8,Halsted,3,257,Monday,8
2026-10-12,80,80,Irving Park,3,207,Monday,80
2026-10-12,81,81,Lawrence,3,260,Monday,81
2026-10-12,81W,81W,West Lawrence,3,88,Monday,81W
2026-10-12,82,82,Kimball/Homan,3,281,Monday,82
2026-10-12,84,84,Peterson,3,142,Monday,84
2026-10-12,85,85,Central,3,244,Monday,85
2026-10-12,85A,85A,North Central,3,94,Monday,85A
2026-10-12,86,86,Narragansett/Ridgeland,3,106,Monday,86
2026-10-12,87,87,87th,3,260,Monday,87
2026-10-12,88,88,Higgins,3,100,Monday,88
2026-10-12,8A,8A,South Halsted,3,134,Monday,8A
2026-10-12,9,9,Ashland,3,363,Monday,9
2026-10-12,90,90,Harlem,3,132,Monday,90
2026-10-12,91,91,Austin,3,155,Monday,91
2026-10-12,92,92,Foster,3,162,Monday,92
2026-10-12,93,93,California/Dodge,3,125,Monday,93
2026-10-12,94,94,California,3,170,Monday,94
2026-10-12,95,95,95th,3,256,Monday,95
2026-10-12,96,96,Lunt,3,66,Monday,96
2026-10-12,97,97,Skokie,3,108,Monday,97
2026-10-12,Blue,,Blue Line,1,354,Monday,Blue Line
2026-10-12,Brn,,Brown Line,1,178,Monday,Brown Line
2026-10-12,G,,Green Line,1,256,Monday,Green Line
2026-10-12,J14,J14,Jeffery Jump,3,242,Monday,J14
2026-10-12,N5,N5,South Shore Night Bus,3,20,Monday,N5
2026-10-12,Org,,Orange Line,1,144,Monday,Orange Line
2026-10-12,P,,Purple Line,1,189,Monday,Purple Line
2026-10-12,Pink,,Pink Line,1,122,Monday,Pink Line
2026-10-12,Red,,Red Line,1,422,Monday,Red Line
2026-10-12,X4,X4,Cottage Grove Express,3,69,Monday,X4
2026-10-12,X49,X49,Western Express,3,87,Monday,X49
2026-10-12,X9,X9,Ashland Express,3,102,Monday,X9
2026-10-12,Y,,Yellow Line,1,160,Monday,Yellow Line
2026-10-13,1,1,Bronzeville/Union Station,3,59,Tuesday,1
2026-10-13,10,10,Obama Presidential Center/Museum of Science & Industry Express ,3,36,Tuesday,10
2026-10-13,100,100,Jeffery Manor Express,3,53,Tuesday,100
2026-10-13,103,103,West 103rd,3,129,Tuesday,103
2026-10-13,106,106,East 103rd,3,135,Tuesday,106
2026-10-13,108,108,Halsted/95th,3,72,Tuesday,108
2026-10-13,11,11,Lincoln,3,84,Tuesday,11
2026-10-13,111,111,111th/King Drive,3,140,Tuesday,111
2026-10-13,111A,111A,Pullman Shuttle,3,82,Tuesday,111A
2026-10-13,112,112,Vincennes/111th,3,134,Tuesday,112
2026-10-13,115,115,Pullman/115th,3,143,Tuesday,115
2026-10-13,119,119,Michigan/119th,3,189,Tuesday,119
2026-10-13,12,12,Roosevelt,3,254,Tuesday,12
2026-10-13,120,120,Ogilvie/Streeterville Express,3,73,Tuesday,120
2026-10-13,121,121,Union/Streeterville Express,3,76,Tuesday,121
2026-10-13,124,124,Navy Pier,3,75,Tuesday,124
2026-10-13,125,125,Water Tower Express,3,51,Tuesday,125
2026-10-13,126,126,Jackson,3,146,Tuesday,126
2026-10-13,134,134,Stockton/LaSalle Express,3,49,Tuesday,134
2026-10-13,135,135,Clarendon/LaSalle Express,3,50,Tuesday,135
2026-10-13,136,136,Sheridan/LaSalle Express,3,36,Tuesday,136
2026-10-13,143,143,Stockton/Michigan Express,3,36,Tuesday,143
2026-10-13,146,146,Inner Lake Shore/Michigan Express,3,222,Tuesday,146
2026-10-13,147,147,Outer DuSable Lake Shore Express,3,208,Tuesday,147
2026-10-13,148,148,Clarendon/Michigan Express,3,45,Tuesday,148
2026-10-13,15,15,Jeffery Local,3,159,Tuesday,15
2026-10-13,151,151,Sheridan,3,211,Tuesday,151
2026-10-13,152,152,Addison,3,212,Tuesday,152
2026-10-13,155,155,Devon,3,204,Tuesday,155
2026-10-13,156,156,LaSalle,3,136,Tuesday,156
2026-10-13,157,157,Streeterville/Taylor,3,131,Tuesday,157
2026-10-13,165,165,West 65th,3,19,Tuesday,165
2026-10-13,169,169,69th/UPS Express,3,10,Tuesday,169
2026-10-13,171,171,U. of Chicago/Hyde Park,3,83,Tuesday,171
2026-10-13,172,172,U. of Chicago/Kenwood,3,126,Tuesday,172
2026-10-13,18,18,16th/18th,3,130,Tuesday,18
2026-10-13,192,192,University of Chicago Hospitals Express,3,19,Tuesday,192
2026-10-13,2,2,Hyde Park Express,3,60,Tuesday,2
2026-10-13,20,20,Madison,3,338,Tuesday,20
2026-10-13,201,201,Central/Ridge,3,76,Tuesday,201
2026-10-13,206,206,Evanston Circulator,3,25,Tuesday,206
2026-10-13,21,21,Cermak,3,176,Tuesday,21
2026-10-13,22,22,Clark,3,239,Tuesday,22
2026-10-13,24,24,Wentworth,3,101,Tuesday,24
2026-10-13,26,26,South Shore Express,3,86,Tuesday,26
2026-10-13,28,28,Stony Island,3,162,Tuesday,28
2026-10-13,29,29,State,3,162,Tuesday,29
2026-10-13,3,3,King Drive,3,243,Tuesday,3
2026-10-13,30,30,South Chicago,3,114,Tuesday,30
2026-10-13,31,31,31st,3,55,Tuesday,31
2026-10-13,34,34,South Michigan,3,236,Tuesday,34
2026-10-13,35,35,31st/35th,3,221,Tuesday,35
2026-10-13,36,36,Broadway,3,166,Tuesday,36
2026-10-13,37,37,Sedgwick,3,100,Tuesday,37
2026-10-13,39,39,Pershing,3,94,Tuesday,39
2026-10-13,4,4,Cottage Grove,3,250,Tuesday,4
2026-10-13,43,43,43rd,3,112,Tuesday,43
2026-10-13,44,44,Wallace/Racine,3,141,Tuesday,44
2026-10-13,47,47,47th,3,251,Tuesday,47
2026-10-13,48,48,South Damen,3,69,Tuesday,48
2026-10-13,49,49,Western,3,271,Tuesday,49
2026-10-13,49B,49B,North Western,3,221,Tuesday,49B
2026-10-13,50,50,Damen,3,173,Tuesday,50
2026-10-13,51,51,51st,3,98,Tuesday,51
2026-10-13,52,52,Kedzie,3,190,Tuesday,52
2026-10-13,52A,52A,South Kedzie,3,142,Tuesday,52A
2026-10-13,53,53,Pulaski,3,339,Tuesday,53
2026-10-13,53A,53A,South Pulaski,3,173,Tuesday,53A
2026-10-13,54,54,Cicero,3,272,Tuesday,54
2026-10-13,54A,54A,North Cicero/Skokie Blvd.,3,38,Tuesday,54A
2026-10-13,54B,54B,South Cicero,3,110,Tuesday,54B
2026-10-13,55,55,Garfield,3,264,Tuesday,55
2026-10-13,55A,55A,55th/Austin,3,38,Tuesday,55A
2026-10-13,55N,55N,55th/Narragansett,3,80,Tuesday,55N
2026-10-13,56,56,Milwaukee,3,167,Tuesday,56
2026-10-13,57,57,Laramie,3,130,Tuesday,57
2026-10-13,59,59,59th/61st,3,114,Tuesday,59
2026-10-13,6,6,Jackson Park Express,3,189,Tuesday,6
2026-10-13,60,60,Blue Island/26th,3,252,Tuesday,60
2026-10-13,62,62,Archer,3,193,Tuesday,62
2026-10-13,62H,62H,Archer/Harlem,3,76,Tuesday,62H
2026-10-13,63,63,63rd,3,304,Tuesday,63
2026-10-13,63W,63W,West 63rd,3,118,Tuesday,63W
2026-10-13,65,65,Grand,3,204,Tuesday,65
2026-10-13,66,66,Chicago,3,450,Tuesday,66
2026-10-13,67,67,67th/69th/71st,3,225,Tuesday,67
2026-10-13,68,68,Northwest Highway,3,99,Tuesday,68
2026-10-13,7,7,Harrison,3,132,Tuesday,7
2026-10-13,70,70,Division,3,213,Tuesday,70
2026-10-13,71,71,71st/South Shore,3,199,Tuesday,71
2026-10-13,72,72,North,3,299,Tuesday,72
2026-10-13,73,73,Armitage,3,186,Tuesday,73
2026-10-13,74,74,Fullerton,3,282,Tuesday,74
2026-10-13,75,75,74th/75th,3,168,Tuesday,75
2026-10-13,76,76,Diversey,3,209,Tuesday,76
2026-10-13,77,77,Belmont,3,328,Tuesday,77
2026-10-13,78,78,Montrose,3,167,Tuesday,78
2026-10-13,79,79,79th,3,450,Tuesday,79
2026-10-13,8,8,Halsted,3,257,Tuesday,8
2026-10-13,80,80,Irving Park,3,208,Tuesday,80
2026-10-13,81,81,Lawrence,3,262,Tuesday,81
2026-10-13,81W,81W,West Lawrence,3,88,Tuesday,81W
2026-10-13,82,82,Kimball/Homan,3,280,Tuesday,82
2026-10-13,84,84,Peterson,3,142,Tuesday,84
2026-10-13,85,85,Central,3,244,Tuesday,85
2026-10-13,85A,85A,North Central,3,94,Tuesday,85A
2026-10-13,86,86,Narragansett/Ridgeland,3,106,Tuesday,86
2026-10-13,87,87,87th,3,263,Tuesday,87
2026-10-13,88,88,Higgins,3,100,Tuesday,88
2026-10-13,8A,8A,South Halsted,3,134,Tuesday,8A
2026-10-13,9,9,Ashland,3,365,Tuesday,9
2026-10-13,90,90,Harlem,3,132,Tuesday,90
2026-10-13,91,91,Austin,3,155,Tuesday,91
2026-10-13,92,92,Foster,3,162,Tuesday,92
2026-10-13,93,93,California/Dodge,3,125,Tuesday,93
2026-10-13,94,94,California,3,170,Tuesday,94
2026-10-13,95,95,95th,3,256,Tuesday,95
2026-10-13,96,96,Lunt,3,66,Tuesday,96
2026-10-13,97,97,Skokie,3,108,Tuesday,97
2026-10-13,Blue,,Blue Line,1,356,Tuesday,Blue Line
2026-10-13,Brn,,Brown Line,1,180,Tuesday,Brown Line
2026-10-13,G,,Green Line,1,256,Tuesday,Green Line
2026-10-13,J14,J14,Jeffery Jump,3,242,Tuesday,J14
2026-10-13,N5,N5,South Shore Night Bus,3,20,Tuesday,N5
2026-10-13,Org,,Orange Line,1,144,Tuesday,Orange Line
2026-10-13,P,,Purple Line,1,188,Tuesday,Purple Line
2026-10-13,Pink,,Pink Line,1,122,Tuesday,Pink Line
2026-10-13,Red,,Red Line,1,424,Tuesday,Red Line
2026-10-13,X4,X4,Cottage Grove Express,3,69,Tuesday,X4
2026-10-13,X49,X49,Western Express,3,87,Tuesday,X49
2026-10-13,X9,X9,Ashland Express,3,102,Tuesday,X9
2026-10-13,Y,,Yellow Line,1,160,Tuesday,Yellow Line
2026-10-14,1,1,Bronzeville/Union Station,3,59,Wednesday,1
2026-10-14,10,10,Obama Presidential Center/Museum of Science & Industry Express ,3,36,Wednesday,10
2026-10-14,100,100,Jeffery Manor Express,3,53,Wednesday,100
2026-10-14,103,103,West 103rd,3,129,Wednesday,103
2026-10-14,106,106,East 103rd,3,135,Wednesday,106
2026-10-14,108,108,Halsted/95th,3,72,Wednesday,108
2026-10-14,11,11,Lincoln,3,84,Wednesday,11
2026-10-14,111,111,111th/King Drive,3,140,Wednesday,111
2026-10-14,111A,111A,Pullman Shuttle,3,82,Wednesday,111A
2026-10-14,112,112,Vincennes/111th,3,134,Wednesday,112
2026-10-14,115,115,Pullman/115th,3,143,Wednesday,115
2026-10-14,119,119,Michigan/119th,3,189,Wednesday,119
2026-10-14,12,12,Roosevelt,3,254,Wednesday,12
2026-10-14,120,120,Ogilvie/Streeterville Express,3,73,Wednesday,120
2026-10-14,121,121,Union/Streeterville Express,3,76,Wednesday,121
2026-10-14,124,124,Navy Pier,3,75,Wednesday,124
2026-10-14,125,125,Water Tower Express,3,51,Wednesday,125
2026-10-14,126,126,Jackson,3,146,Wednesday,126
2026-10-14,134,134,Stockton/LaSalle Express,3,49,Wednesday,134
2026-10-14,135,135,Clarendon/LaSalle Express,3,50,Wednesday,135
2026-10-14,136,136,Sheridan/LaSalle Express,3,36,Wednesday,136
2026-10-14,143,143,Stockton/Michigan Express,3,36,Wednesday,143
2026-10-14,146,146,Inner Lake Shore/Michigan Express,3,222,Wednesday,146
2026-10-14,147,147,Outer DuSable Lake Shore Express,3,208,Wednesday,147
2026-10-14,148,148,Clarendon/Michigan Express,3,45,Wednesday,148
2026-10-14,15,15,Jeffery Local,3,159,Wednesday,15
2026-10-14,151,151,Sheridan,3,211,Wednesday,151
2026-10-14,152,152,Addison,3,212,Wednesday,152
2026-10-14,155,155,Devon,3,204,Wednesday,155
2026-10-14,156,156,LaSalle,3,136,Wednesday,156
2026-10-14,157,157,Streeterville/Taylor,3,131,Wednesday,157
2026-10-14,165,165,West 65th,3,19,Wednesday,165
2026-10-14,169,169,69th/UPS Express,3,10,Wednesday,169
2026-10-14,171,171,U. of Chicago/Hyde Park,3,83,Wednesday,171
2026-10-14,172,172,U. of Chicago/Kenwood,3,126,Wednesday,172
2026-10-14,18,18,16th/18th,3,130,Wednesday,18
2026-10-14,192,192,University of Chicago Hospitals Express,3,19,Wednesday,192
2026-10-14,2,2,Hyde Park Express,3,60,Wednesday,2
2026-10-14,20,20,Madison,3,338,Wednesday,20
2026-10-14,201,201,Central/Ridge,3,76,Wednesday,201
2026-10-14,206,206,Evanston Circulator,3,25,Wednesday,206
2026-10-14,21,21,Cermak,3,176,Wednesday,21
2026-10-14,22,22,Clark,3,239,Wednesday,22
2026-10-14,24,24,Wentworth,3,101,Wednesday,24
2026-10-14,26,26,South Shore Express,3,86,Wednesday,26
2026-10-14,28,28,Stony Island,3,162,Wednesday,28
2026-10-14,29,29,State,3,162,Wednesday,29
2026-10-14,3,3,King Drive,3,243,Wednesday,3
2026-10-14,30,30,South Chicago,3,114,Wednesday,30
2026-10-14,31,31,31st,3,55,Wednesday,31
2026-10-14,34,34,South Michigan,3,236,Wednesday,34
2026-10-14,35,35,31st/35th,3,221,Wednesday,35
2026-10-14,36,36,Broadway,3,166,Wednesday,36
2026-10-14,37,37,Sedgwick,3,100,Wednesday,37
2026-10-14,39,39,Pershing,3,94,Wednesday,39
2026-10-14,4,4,Cottage Grove,3,250,Wednesday,4
2026-10-14,43,43,43rd,3,112,Wednesday,43
2026-10-14,44,44,Wallace/Racine,3,141,Wednesday,44
2026-10-14,47,47,47th,3,251,Wednesday,47
2026-10-14,48,48,South Damen,3,69,Wednesday,48
2026-10-14,49,49,Western,3,271,Wednesday,49
2026-10-14,49B,49B,North Western,3,221,Wednesday,49B
2026-10-14,50,50,Damen,3,173,Wednesday,50
2026-10-14,51,51,51st,3,98,Wednesday,51
2026-10-14,52,52,Kedzie,3,190,Wednesday,52
2026-10-14,52A,52A,South Kedzie,3,142,Wednesday,52A
2026-10-14,53,53,Pulaski,3,339,Wednesday,53
2026-10-14,53A,53A,South Pulaski,3,173,Wednesday,53A
2026-10-14,54,54,Cicero,3,272,Wednesday,54
2026-10-14,54A,54A,North Cicero/Skokie Blvd.,3,38,Wednesday,54A
2026-10-14,54B,54B,South Cicero,3,110,Wednesday,54B
2026-10-14,55,55,Garfield,3,264,Wednesday,55
2026-10-14,55A,55A,55th/Austin,3,38,Wednesday,55A
2026-10-14,55N,55N,55th/Narragansett,3,80,Wednesday,55N
2026-10-14,56,56,Milwaukee,3,167,Wednesday,56
2026-10-14,57,57,Laramie,3,130,Wednesday,57
2026-10-14,59,59,59th/61st,3,114,Wednesday,59
2026-10-14,6,6,Jackson Park Express,3,189,Wednesday,6
2026-10-14,60,60,Blue Island/26th,3,252,Wednesday,60
2026-10-14,62,62,Archer,3,193,Wednesday,62
2026-10-14,62H,62H,Archer/Harlem,3,76,Wednesday,62H
2026-10-14,63,63,63rd,3,304,Wednesday,63
2026-10-14,63W,63W,West 63rd,3,118,Wednesday,63W
2026-10-14,65,65,Grand,3,204,Wednesday,65
2026-10-14,66,66,Chicago,3,450,Wednesday,66
2026-10-14,67,67,67th/69th/71st,3,227,Wednesday,67
2026-10-14,68,68,Northwest Highway,3,99,Wednesday,68
2026-10-14,7,7,Harrison,3,132,Wednesday,7
2026-10-14,70,70,Division,3,214,Wednesday,70
2026-10-14,71,71,71st/South Shore,3,199,Wednesday,71
2026-10-14,72,72,North,3,299,Wednesday,72
2026-10-14,73,73,Armitage,3,186,Wednesday,73
2026-10-14,74,74,Fullerton,3,282,Wednesday,74
2026-10-14,75,75,74th/75th,3,168,Wednesday,75
2026-10-14,76,76,Diversey,3,209,Wednesday,76
2026-10-14,77,77,Belmont,3,328,Wednesday,77
2026-10-14,78,78,Montrose,3,167,Wednesday,78
2026-10-14,79,79,79th,3,450,Wednesday,79
2026-10-14,8,8,Halsted,3,257,Wednesday,8
2026-10-14,80,80,Irving Park,3,208,Wednesday,80
2026-10-14,81,81,Lawrence,3,262,Wednesday,81
2026-10-14,81W,81W,West Lawrence,3,88,Wednesday,81W
2026-10-14,82,82,Kimball/Homan,3,280,Wednesday,82
2026-10-14,84,84,Peterson,3,142,Wednesday,84
2026-10-14,85,85,Central,3,244,Wednesday,85
2026-10-14,85A,85A,North Central,3,94,Wednesday,85A
2026-10-14,86,86,Narragansett/Ridgeland,3,106,Wednesday,86
2026-10-14,87,87,87th,3,263,Wednesday,87
2026-10-14,88,88,Higgins,3,100,Wednesday,88
2026-10-14,8A,8A,South Halsted,3,134,Wednesday,8A
2026-10-14,9,9,Ashland,3,365,Wednesday,9
2026-10-14,90,90,Harlem,3,132,Wednesday,90
2026-10-14,91,91,Austin,3,155,Wednesday,91
2026-10-14,92,92,Foster,3,162,Wednesday,92
2026-10-14,93,93,California/Dodge,3,125,Wednesday,93
2026-10-14,94,94,California,3,170,Wednesday,94
2026-10-14,95,95,95th,3,256,Wednesday,95
2026-10-14,96,96,Lunt,3,66,Wednesday,96
2026-10-14,97,97,Skokie,3,108,Wednesday,97
2026-10-14,Blue,,Blue Line,1,356,Wednesday,Blue Line
2026-10-14,Brn,,Brown Line,1,180,Wednesday,Brown Line
2026-10-14,G,,Green Line,1,256,Wednesday,Green Line
2026-10-14,J14,J14,Jeffery Jump,3,242,Wednesday,J14
2026-10-14,N5,N5,South Shore Night Bus,3,20,Wednesday,N5
2026-10-14,Org,,Orange Line,1,144,Wednesday,Orange Line
2026-10-14,P,,Purple Line,1,188,Wednesday,Purple Line
2026-10-14,Pink,,Pink Line,1,122,Wednesday,Pink Line
2026-10-14,Red,,Red Line,1,424,Wednesday,Red Line
2026-10-14,X4,X4,Cottage Grove Express,3,69,Wednesday,X4
2026-10-14,X49,X49,Western Express,3,87,Wednesday,X49
2026-10-14,X9,X9,Ashland Express,3,102,Wednesday,X9
2026-10-14,Y,,Yellow Line,1,160,Wednesday,Yellow Line
2026-10-15,1,1,Bronzeville/Union Station,3,59,Thursday,1
2026-10-15,10,10,Obama Presidential Center/Museum of Science & Industry Express ,3,36,Thursday,10
2026-10-15,100,100,Jeffery Manor Express,3,53,Thursday,100
2026-10-15,103,103,West 103rd,3,129,Thursday,103
2026-10-15,106,106,East 103rd,3,135,Thursday,106
2026-10-15,108,108,Halsted/95th,3,72,Thursday,108
2026-10-15,11,11,Lincoln,3,84,Thursday,11
2026-10-15,111,111,111th/King Drive,3,140,Thursday,111
2026-10-15,111A,111A,Pullman Shuttle,3,82,Thursday,111A
2026-10-15,112,112,Vincennes/111th,3,134,Thursday,112
2026-10-15,115,115,Pullman/115th,3,143,Thursday,115
2026-10-15,119,119,Michigan/119th,3,189,Thursday,119
2026-10-15,12,12,Roosevelt,3,254,Thursday,12
2026-10-15,120,120,Ogilvie/Streeterville Express,3,73,Thursday,120
2026-10-15,121,121,Union/Streeterville Express,3,76,Thursday,121
2026-10-15,124,124,Navy Pier,3,75,Thursday,124
2026-10-15,125,125,Water Tower Express,3,51,Thursday,125
2026-10-15,126,126,Jackson,3,146,Thursday,126
2026-10-15,134,134,Stockton/LaSalle Express,3,49,Thursday,134
2026-10-15,135,135,Clarendon/LaSalle Express,3,50,Thursday,135
2026-10-15,136,136,Sheridan/LaSalle Express,3,36,Thursday,136
2026-10-15,143,143,Stockton/Michigan Express,3,36,Thursday,143
2026-10-15,146,146,Inner Lake Shore/Michigan Express,3,222,Thursday,146
2026-10-15,147,147,Outer DuSable Lake Shore Express,3,208,Thursday,147
2026-10-15,148,148,Clarendon/Michigan Express,3,45,Thursday,148
2026-10-15,15,15,Jeffery Local,3,159,Thursday,15
2026-10-15,151,151,Sheridan,3,211,Thursday,151
2026-10-15,152,152,Addison,3,212,Thursday,152
2026-10-15,155,155,Devon,3,204,Thursday,155
2026-10-15,156,156,LaSalle,3,136,Thursday,156
2026-10-15,157,157,Streeterville/Taylor,3,131,Thursday,157
2026-10-15,165,165,West 65th,3,19,Thursday,165
2026-10-15,169,169,69th/UPS Express,3,10,Thursday,169
2026-10-15,171,171,U. of Chicago/Hyde Park,3,83,Thursday,171
2026-10-15,172,172,U. of Chicago/Kenwood,3,126,Thursday,172
2026-10-15,18,18,16th/18th,3,130,Thursday,18
2026-10-15,192,192,University of Chicago Hospitals Express,3,19,Thursday,192
2026-10-15,2,2,Hyde Park Express,3,60,Thursday,2
2026-10-15,20,20,Madison,3,338,Thursday,20
2026-10-15,201,201,Central/Ridge,3,76,Thursday,201
2026-10-15,206,206,Evanston Circulator,3,25,Thursday,206
2026-10-15,21,21,Cermak,3,176,Thursday,21
2026-10-15,22,22,Clark,3,239,Thursday,22
2026-10-15,24,24,Wentworth,3,101,Thursday,24
2026-10-15,26,26,South Shore Express,3,86,Thursday,26
2026-10-15,28,28,Stony Island,3,162,Thursday,28
2026-10-15,29,29,State,3,162,Thursday,29
2026-10-15,3,3,King Drive,3,243,Thursday,3
2026-10-15,30,30,South Chicago,3,114,Thursday,30
2026-10-15,31,31,31st,3,55,Thursday,31
2026-10-15,34,34,South Michigan,3,236,Thursday,34
2026-10-15,35,35,31st/35th,3,221,Thursday,35
2026-10-15,36,36,Broadway,3,166,Thursday,36
2026-10-15,37,37,Sedgwick,3,100,Thursday,37
2026-10-15,39,39,Pershing,3,94,Thursday,39
2026-10-15,4,4,Cottage Grove,3,250,Thursday,4
2026-10-15,43,43,43rd,3,112,Thursday,43
2026-10-15,44,44,Wallace/Racine,3,141,Thursday,44
2026-10-15,47,47,47th,3,251,Thursday,47
2026-10-15,48,48,South Damen,3,69,Thursday,48
2026-10-15,49,49,Western,3,271,Thursday,49
2026-10-15,49B,49B,North Western,3,221,Thursday,49B
2026-10-15,50,50,Damen,3,173,Thursday,50
2026-10-15,51,51,51st,3,98,Thursday,51
2026-10-15,52,52,Kedzie,3,190,Thursday,52
2026-10-15,52A,52A,South Kedzie,3,142,Thursday,52A
2026-10-15,53,53,Pulaski,3,339,Thursday,53
2026-10-15,53A,53A,South Pulaski,3,173,Thursday,53A
2026-10-15,54,54,Cicero,3,272,Thursday,54
2026-10-15,54A,54A,North Cicero/Skokie Blvd.,3,38,Thursday,54A
2026-10-15,54B,54B,South Cicero,3,110,Thursday,54B
2026-10-15,55,55,Garfield,3,264,Thursday,55
2026-10-15,55A,55A,55th/Austin,3,38,Thursday,55A
2026-10-15,55N,55N,55th/Narragansett,3,80,Thursday,55N
2026-10-15,56,56,Milwaukee,3,167,Thursday,56
2026-10-15,57,57,Laramie,3,130,Thursday,57
2026-10-15,59,59,59th/61st,3,114,Thursday,59
2026-10-15,6,6,Jackson Park Express,3,189,Thursday,6
2026-10-15,60,60,Blue Island/26th,3,252,Thursday,60
2026-10-15,62,62,Archer,3,193,Thursday,62
2026-10-15,62H,62H,Archer/Harlem,3,76,Thursday,62H
2026-10-15,63,63,63rd,3,304,Thursday,63
2026-10-15,63W,63W,West 63rd,3,118,Thursday,63W
2026-10-15,65,65,Grand,3,204,Thursday,65
2026-10-15,66,66,Chicago,3,450,Thursday,66
2026-10-15,67,67,67th/69th/71st,3,225,Thursday,67
2026-10-15,68,68,Northwest Highway,3,99,Thursday,68
2026-10-15,7,7,Harrison,3,132,Thursday,7
2026-10-15,70,70,Division,3,213,Thursday,70
2026-10-15,71,71,71st/South Shore,3,199,Thursday,71
2026-10-15,72,72,North,3,299,Thursday,72
2026-10-15,73,73,Armitage,3,186,Thursday,73
2026-10-15,74,74,Fullerton,3,282,Thursday,74
2026-10-15,75,75,74th/75th,3,168,Thursday,75
2026-10-15,76,76,Diversey,3,209,Thursday,76
2026-10-15,77,77,Belmont,3,328,Thursday,77
2026-10-15,78,78,Montrose,3,167,Thursday,78
2026-10-15,79,79,79th,3,450,Thursday,79
2026-10-15,8,8,Halsted,3,257,Thursday,8
2026-10-15,80,80,Irving Park,3,208,Thursday,80
2026-10-15,81,81,Lawrence,3,262,Thursday,81
2026-10-15,81W,81W,West Lawrence,3,88,Thursday,81W
2026-10-15,82,82,Kimball/Homan,3,280,Thursday,82
2026-10-15,84,84,Peterson,3,142,Thursday,84
2026-10-15,85,85,Central,3,244,Thursday,85
2026-10-15,85A,85A,North Central,3,94,Thursday,85A
2026-10-15,86,86,Narragansett/Ridgeland,3,106,Thursday,86
2026-10-15,87,87,87th,3,263,Thursday,87
2026-10-15,88,88,Higgins,3,100,Thursday,88
2026-10-15,8A,8A,South Halsted,3,134,Thursday,8A
2026-10-15,9,9,Ashland,3,365,Thursday,9
2026-10-15,90,90,Harlem,3,132,Thursday,90
2026-10-15,91,91,Austin,3,155,Thursday,91
2026-10-15,92,92,Foster,3,162,Thursday,92
2026-10-15,93,93,California/Dodge,3,125,Thursday,93
2026-10-15,94,94,California,3,170,Thursday,94
2026-10-15,95,95,95th,3,256,Thursday,95
2026-10-15,96,96,Lunt,3,66,Thursday,96
2026-10-15,97,97,Skokie,3,108,Thursday,97
2026-10-15,Blue,,Blue Line,1,356,Thursday,Blue Line
2026-10-15,Brn,,Brown Line,1,180,Thursday,Brown Line
2026-10-15,G,,Green Line,1,256,Thursday,Green Line
2026-10-15,J14,J14,Jeffery Jump,3,242,Thursday,J14
2026-10-15,N5,N5,South Shore Night Bus,3,20,Thursday,N5
2026-10-15,Org,,Orange Line,1,144,Thursday,Orange Line
2026-10-15,P,,Purple Line,1,188,Thursday,Purple Line
2026-10-15,Pink,,Pink Line,1,122,Thursday,Pink Line
2026-10-15,Red,,Red Line,1,424,Thursday,Red Line
2026-10-15,X4,X4,Cottage Grove Express,3,69,Thursday,X4
2026-10-15,X49,X49,Western Express,3,87,Thursday,X49
2026-10-15,X9,X9,Ashland Express,3,102,Thursday,X9
2026-10-15,Y,,Yellow Line,1,160,Thursday,Yellow Line
2026-10-16,1,1,Bronzeville/Union Station,3,59,Friday,1
2026-10-16,10,10,Obama Presidential Center/Museum of Science & Industry Express ,3,36,Friday,10
2026-10-16,100,100,Jeffery Manor Express,3,53,Friday,100
2026-10-16,103,103,West 103rd,3,129,Friday,103
2026-10-16,106,106,East 103rd,3,134,Friday,106
2026-10-16,108,108,Halsted/95th,3,71,Friday,108
2026-10-16,11,11,Lincoln,3,84,Friday,11
2026-10-16,111,111,111th/King Drive,3,140,Friday,111
2026-10-16,111A,111A,Pullman Shuttle,3,82,Friday,111A
2026-10-16,112,112,Vincennes/111th,3,134,Friday,112
2026-10-16,115,115,Pullman/115th,3,143,Friday,115
2026-10-16,119,119,Michigan/119th,3,189,Friday,119
2026-10-16,12,12,Roosevelt,3,254,Friday,12
2026-10-16,120,120,Ogilvie/Streeterville Express,3,73,Friday,120
2026-10-16,121,121,Union/Streeterville Express,3,76,Friday,121
2026-10-16,124,124,Navy Pier,3,75,Friday,124
2026-10-16,125,125,Water Tower Express,3,51,Friday,125
2026-10-16,126,126,Jackson,3,146,Friday,126
2026-10-16,134,134,Stockton/LaSalle Express,3,49,Friday,134
2026-10-16,135,135,Clarendon/LaSalle Express,3,50,Friday,135
2026-10-16,136,136,Sheridan/LaSalle Express,3,36,Friday,136
2026-10-16,143,143,Stockton/Michigan Express,3,36,Friday,143
2026-10-16,146,146,Inner Lake Shore/Michigan Express,3,222,Friday,146
2026-10-16,147,147,Outer DuSable Lake Shore Express,3,208,Friday,147
2026-10-16,148,148,Clarendon/Michigan Express,3,45,Friday,148
2026-10-16,15,15,Jeffery Local,3,159,Friday,15
2026-10-16,151,151,Sheridan,3,211,Friday,151
2026-10-16,152,152,Addison,3,214,Friday,152
2026-10-16,155,155,Devon,3,204,Friday,155
2026-10-16,156,156,LaSalle,3,136,Friday,156
2026-10-16,157,157,Streeterville/Taylor,3,131,Friday,157
2026-10-16,165,165,West 65th,3,19,Friday,165
2026-10-16,169,169,69th/UPS Express,3,10,Friday,169
2026-10-16,171,171,U. of Chicago/Hyde Park,3,83,Friday,171
2026-10-16,172,172,U. of Chicago/Kenwood,3,126,Friday,172
2026-10-16,18,18,16th/18th,3,130,Friday,18
2026-10-16,192,192,University of Chicago Hospitals Express,3,19,Friday,192
2026-10-16,2,2,Hyde Park Express,3,60,Friday,2
2026-10-16,20,20,Madison,3,338,Friday,20
2026-10-16,201,201,Central/Ridge,3,76,Friday,201
2026-10-16,206,206,Evanston Circulator,3,25,Friday,206
2026-10-16,21,21,Cermak,3,176,Friday,21
2026-10-16,22,22,Clark,3,239,Friday,22
2026-10-16,24,24,Wentworth,3,101,Friday,24
2026-10-16,26,26,South Shore Express,3,86,Friday,26
2026-10-16,28,28,Stony Island,3,162,Friday,28
2026-10-16,29,29,State,3,162,Friday,29
2026-10-16,3,3,King Drive,3,243,Friday,3
2026-10-16,30,30,South Chicago,3,114,Friday,30
2026-10-16,31,31,31st,3,55,Friday,31
2026-10-16,34,34,South Michigan,3,236,Friday,34
2026-10-16,35,35,31st/35th,3,221,Friday,35
2026-10-16,36,36,Broadway,3,166,Friday,36
2026-10-16,37,37,Sedgwick,3,100,Friday,37
2026-10-16,39,39,Pershing,3,94,Friday,39
2026-10-16,4,4,Cottage Grove,3,250,Friday,4
2026-10-16,43,43,43rd,3,112,Friday,43
2026-10-16,44,44,Wallace/Racine,3,141,Friday,44
2026-10-16,47,47,47th,3,251,Friday,47
2026-10-16,48,48,South Damen,3,69,Friday,48
2026-10-16,49,49,Western,3,271,Friday,49
2026-10-16,49B,49B,North Western,3,221,Friday,49B
2026-10-16,50,50,Damen,3,173,Friday,50
2026-10-16,51,51,51st,3,98,Friday,51
2026-10-16,52,52,Kedzie,3,190,Friday,52
2026-10-16,52A,52A,South Kedzie,3,142,Friday,52A
2026-10-16,53,53,Pulaski,3,339,Friday,53
2026-10-16,53A,53A,South Pulaski,3,173,Friday,53A
2026-10-16,54,54,Cicero,3,272,Friday,54
2026-10-16,54A,54A,North Cicero/Skokie Blvd.,3,38,Friday,54A
2026-10-16,54B,54B,South Cicero,3,110,Friday,54B
2026-10-16,55,55,Garfield,3,264,Friday,55
2026-10-16,55A,55A,55th/Austin,3,38,Friday,55A
2026-10-16,55N,55N,55th/Narragansett,3,80,Friday,55N
2026-10-16,56,56,Milwaukee,3,167,Friday,56
2026-10-16,57,57,Laramie,3,130,Friday,57
2026-10-16,59,59,59th/61st,3,114,Friday,59
2026-10-16,6,6,Jackson Park Express,3,189,Friday,6
2026-10-16,60,60,Blue Island/26th,3,252,Friday,60
2026-10-16,62,62,Archer,3,193,Friday,62
2026-10-16,62H,62H,Archer/Harlem,3,76,Friday,62H
2026-10-16,63,63,63rd,3,304,Friday,63
2026-10-16,63W,63W,West 63rd,3,118,Friday,63W
2026-10-16,65,65,Grand,3,204,Friday,65
2026-10-16,66,66,Chicago,3,450,Friday,66
2026-10-16,67,67,67th/69th/71st,3,225,Friday,67
2026-10-16,68,68,Northwest Highway,3,99,Friday,68
2026-10-16,7,7,Harrison,3,132,Friday,7
2026-10-16,70,70,Division,3,213,Friday,70
2026-10-16,71,71,71st/South Shore,3,199,Friday,71
2026-10-16,72,72,North,3,299,Friday,72
2026-10-16,73,73,Armitage,3,187,Friday,73
2026-10-16,74,74,Fullerton,3,282,Friday,74
2026-10-16,75,75,74th/75th,3,168,Friday,75
2026-10-16,76,76,Diversey,3,209,Friday,76
2026-10-16,77,77,Belmont,3,328,Friday,77
2026-10-16,78,78,Montrose,3,167,Friday,78
2026-10-16,79,79,79th,3,450,Friday,79
2026-10-16,8,8,Halsted,3,257,Friday,8
2026-10-16,80,80,Irving Park,3,208,Friday,80
2026-10-16,81,81,Lawrence,3,262,Friday,81
2026-10-16,81W,81W,West Lawrence,3,88,Friday,81W
2026-10-16,82,82,Kimball/Homan,3,280,Friday,82
2026-10-16,84,84,Peterson,3,142,Friday,84
2026-10-16,85,85,Central,3,244,Friday,85
2026-10-16,85A,85A,North Central,3,94,Friday,85A
2026-10-16,86,86,Narragansett/Ridgeland,3,106,Friday,86
2026-10-16,87,87,87th,3,263,Friday,87
2026-10-16,88,88,Higgins,3,100,Friday,88
2026-10-16,8A,8A,South Halsted,3,134,Friday,8A
2026-10-16,9,9,Ashland,3,365,Friday,9
2026-10-16,90,90,Harlem,3,132,Friday,90
2026-10-16,91,91,Austin,3,155,Friday,91
2026-10-16,92,92,Foster,3,162,Friday,92
2026-10-16,93,93,California/Dodge,3,125,Friday,93
2026-10-16,94,94,California,3,170,Friday,94
2026-10-16,95,95,95th,3,256,Friday,95
2026-10-16,96,96,Lunt,3,66,Friday,96
2026-10-16,97,97,Skokie,3,108,Friday,97
2026-10-16,Blue,,Blue Line,1,356,Friday,Blue Line
2026-10-16,Brn,,Brown Line,1,180,Friday,Brown Line
2026-10-16,G,,Green Line,1,256,Friday,Green Line
2026-10-16,J14,J14,Jeffery Jump,3,242,Friday,J14
2026-10-16,N5,N5,South Shore Night Bus,3,20,Friday,N5
2026-10-16,Org,,Orange Line,1,144,Friday,Orange Line
2026-10-16,P,,Purple Line,1,188,Friday,Purple Line
2026-10-16,Pink,,Pink Line,1,122,Friday,Pink Line
2026-10-16,Red,,Red Line,1,424,Friday,Red Line
2026-10-16,X4,X4,Cottage Grove Express,3,69,Friday,X4
2026-10-16,X49,X49,Western Express,3,87,Friday,X49
2026-10-16,X9,X9,Ashland Express,3,102,Friday,X9
2026-10-16,Y,,Yellow Line,1,160,Friday,Yellow Line
2026-10-17,10,10,Obama Presidential Center/Museum of Science & Industry Express ,3,36,Saturday,10
2026-10-17,103,103,West 103rd,3,107,Saturday,103
2026-10-17,106,106,East 103rd,3,78,Saturday,106
2026-10-17,11,11,Lincoln,3,68,Saturday,11
2026-10-17,111,111,111th/King Drive,3,120,Saturday,111
2026-10-17,111A,111A,Pullman Shuttle,3,82,Saturday,111A
2026-10-17,112,112,Vincennes/111th,3,90,Saturday,112
2026-10-17,115,115,Pullman/115th,3,123,Saturday,115
2026-10-17,119,119,Michigan/119th,3,141,Saturday,119
2026-10-17,12,12,Roosevelt,3,215,Saturday,12
2026-10-17,124,124,Navy Pier,3,86,Saturday,124
2026-10-17,126,126,Jackson,3,119,Saturday,126
2026-10-17,146,146,Inner Lake Shore/Michigan Express,3,192,Saturday,146
2026-10-17,147,147,Outer DuSable Lake Shore Express,3,219,Saturday,147
2026-10-17,15,15,Jeffery Local,3,138,Saturday,15
2026-10-17,151,151,Sheridan,3,225,Saturday,151
2026-10-17,152,152,Addison,3,121,Saturday,152
2026-10-17,155,155,Devon,3,182,Saturday,155
2026-10-17,169,169,69th/UPS Express,3,1,Saturday,169
2026-10-17,171,171,U. of Chicago/Hyde Park,3,42,Saturday,171
2026-10-17,172,172,U. of Chicago/Kenwood,3,42,Saturday,172
2026-10-17,18,18,16th/18th,3,121,Saturday,18
2026-10-17,20,20,Madison,3,255,Saturday,20
2026-10-17,201,201,Central/Ridge,3,63,Saturday,201
2026-10-17,21,21,Cermak,3,148,Saturday,21
2026-10-17,22,22,Clark,3,224,Saturday,22
2026-10-17,28,28,Stony Island,3,130,Saturday,28
2026-10-17,29,29,State,3,165,Saturday,29
2026-10-17,3,3,King Drive,3,195,Saturday,3
2026-10-17,30,30,South Chicago,3,106,Saturday,30
2026-10-17,34,34,South Michigan,3,210,Saturday,34
2026-10-17,35,35,31st/35th,3,205,Saturday,35
2026-10-17,36,36,Broadway,3,175,Saturday,36
2026-10-17,39,39,Pershing,3,42,Saturday,39
2026-10-17,4,4,Cottage Grove,3,254,Saturday,4
2026-10-17,43,43,43rd,3,58,Saturday,43
2026-10-17,44,44,Wallace/Racine,3,77,Saturday,44
2026-10-17,47,47,47th,3,219,Saturday,47
2026-10-17,49,49,Western,3,256,Saturday,49
2026-10-17,49B,49B,North Western,3,177,Saturday,49B
2026-10-17,50,50,Damen,3,150,Saturday,50
2026-10-17,51,51,51st,3,90,Saturday,51
2026-10-17,52,52,Kedzie,3,148,Saturday,52
2026-10-17,52A,52A,South Kedzie,3,84,Saturday,52A
2026-10-17,53,53,Pulaski,3,272,Saturday,53
2026-10-17,53A,53A,South Pulaski,3,122,Saturday,53A
2026-10-17,54,54,Cicero,3,238,Saturday,54
2026-10-17,54B,54B,South Cicero,3,106,Saturday,54B
2026-10-17,55,55,Garfield,3,240,Saturday,55
2026-10-17,55N,55N,55th/Narragansett,3,56,Saturday,55N
2026-10-17,56,56,Milwaukee,3,116,Saturday,56
2026-10-17,57,57,Laramie,3,77,Saturday,57
2026-10-17,59,59,59th/61st,3,85,Saturday,59
2026-10-17,6,6,Jackson Park Express,3,205,Saturday,6
2026-10-17,60,60,Blue Island/26th,3,220,Saturday,60
2026-10-17,62,62,Archer,3,172,Saturday,62
2026-10-17,62H,62H,Archer/Harlem,3,58,Saturday,62H
2026-10-17,63,63,63rd,3,262,Saturday,63
2026-10-17,63W,63W,West 63rd,3,80,Saturday,63W
2026-10-17,65,65,Grand,3,161,Saturday,65
2026-10-17,66,66,Chicago,3,373,Saturday,66
2026-10-17,67,67,67th/69th/71st,3,208,Saturday,67
2026-10-17,68,68,Northwest Highway,3,70,Saturday,68
2026-10-17,70,70,Division,3,149,Saturday,70
2026-10-17,71,71,71st/South Shore,3,187,Saturday,71
2026-10-17,72,72,North,3,247,Saturday,72
2026-10-17,73,73,Armitage,3,114,Saturday,73
2026-10-17,74,74,Fullerton,3,237,Saturday,74
2026-10-17,75,75,74th/75th,3,136,Saturday,75
2026-10-17,76,76,Diversey,3,142,Saturday,76
2026-10-17,77,77,Belmont,3,249,Saturday,77
2026-10-17,78,78,Montrose,3,132,Saturday,78
2026-10-17,79,79,79th,3,381,Saturday,79
2026-10-17,8,8,Halsted,3,187,Saturday,8
2026-10-17,80,80,Irving Park,3,177,Saturday,80
2026-10-17,81,81,Lawrence,3,234,Saturday,81
2026-10-17,81W,81W,West Lawrence,3,90,Saturday,81W
2026-10-17,82,82,Kimball/Homan,3,246,Saturday,82
2026-10-17,84,84,Peterson,3,88,Saturday,84
2026-10-17,85,85,Central,3,213,Saturday,85
2026-10-17,85A,85A,North Central,3,56,Saturday,85A
2026-10-17,87,87,87th,3,213,Saturday,87
2026-10-17,88,88,Higgins,3,68,Saturday,88
2026-10-17,8A,8A,South Halsted,3,122,Saturday,8A
2026-10-17,9,9,Ashland,3,305,Saturday,9
2026-10-17,90,90,Harlem,3,108,Saturday,90
2026-10-17,91,91,Austin,3,104,Saturday,91
2026-10-17,92,92,Foster,3,120,Saturday,92
2026-10-17,93,93,California/Dodge,3,78,Saturday,93
2026-10-17,94,94,California,3,116,Saturday,94
2026-10-17,95,95,95th,3,233,Saturday,95
2026-10-17,97,97,Skokie,3,91,Saturday,97
2026-10-17,Blue,,Blue Line,1,284,Saturday,Blue Line
2026-10-17,Brn,,Brown Line,1,130,Saturday,Brown Line
2026-10-17,G,,Green Line,1,228,Saturday,Green Line
2026-10-17,J14,J14,Jeffery Jump,3,187,Saturday,J14
2026-10-17,N5,N5,South Shore Night Bus,3,20,Saturday,N5
2026-10-17,Org,,Orange Line,1,120,Saturday,Orange Line
2026-10-17,P,,Purple Line,1,202,Saturday,Purple Line
2026-10-17,Pink,,Pink Line,1,108,Saturday,Pink Line
2026-10-17,Red,,Red Line,1,349,Saturday,Red Line
2026-10-17,Y,,Yellow Line,1,136,Saturday,Yellow Line
2026-10-18,10,10,Obama Presidential Center/Museum of Science & Industry Express ,3,36,Sunday,10
2026-10-18,103,103,West 103rd,3,105,Sunday,103
2026-10-18,106,106,East 103rd,3,82,Sunday,106
2026-10-18,11,11,Lincoln,3,50,Sunday,11
2026-10-18,111,111,111th/King Drive,3,104,Sunday,111
2026-10-18,111A,111A,Pullman Shuttle,3,82,Sunday,111A
2026-10-18,112,112,Vincennes/111th,3,72,Sunday,112
2026-10-18,115,115,Pullman/115th,3,118,Sunday,115
2026-10-18,119,119,Michigan/119th,3,111,Sunday,119
2026-10-18,12,12,Roosevelt,3,219,Sunday,12
2026-10-18,124,124,Navy Pier,3,66,Sunday,124
2026-10-18,126,126,Jackson,3,113,Sunday,126
2026-10-18,146,146,Inner Lake Shore/Michigan Express,3,169,Sunday,146
2026-10-18,147,147,Outer DuSable Lake Shore Express,3,168,Sunday,147
2026-10-18,15,15,Jeffery Local,3,110,Sunday,15
2026-10-18,151,151,Sheridan,3,185,Sunday,151
2026-10-18,152,152,Addison,3,97,Sunday,152
2026-10-18,155,155,Devon,3,146,Sunday,155
2026-10-18,172,172,U. of Chicago/Kenwood,3,42,Sunday,172
2026-10-18,18,18,16th/18th,3,98,Sunday,18
2026-10-18,20,20,Madison,3,243,Sunday,20
2026-10-18,21,21,Cermak,3,128,Sunday,21
2026-10-18,22,22,Clark,3,193,Sunday,22
2026-10-18,28,28,Stony Island,3,116,Sunday,28
2026-10-18,29,29,State,3,137,Sunday,29
2026-10-18,3,3,King Drive,3,150,Sunday,3
2026-10-18,30,30,South Chicago,3,82,Sunday,30
2026-10-18,34,34,South Michigan,3,205,Sunday,34
2026-10-18,35,35,31st/35th,3,202,Sunday,35
2026-10-18,36,36,Broadway,3,163,Sunday,36
2026-10-18,39,39,Pershing,3,42,Sunday,39
2026-10-18,4,4,Cottage Grove,3,229,Sunday,4
2026-10-18,43,43,43rd,3,60,Sunday,43
2026-10-18,44,44,Wallace/Racine,3,75,Sunday,44
2026-10-18,47,47,47th,3,217,Sunday,47
2026-10-18,49,49,Western,3,227,Sunday,49
2026-10-18,49B,49B,North Western,3,156,Sunday,49B
2026-10-18,50,50,Damen,3,128,Sunday,50
2026-10-18,51,51,51st,3,80,Sunday,51
2026-10-18,52,52,Kedzie,3,117,Sunday,52
2026-10-18,52A,52A,South Kedzie,3,64,Sunday,52A
2026-10-18,53,53,Pulaski,3,248,Sunday,53
2026-10-18,53A,53A,South Pulaski,3,102,Sunday,53A
2026-10-18,54,54,Cicero,3,223,Sunday,54
2026-10-18,54B,54B,South Cicero,3,78,Sunday,54B
2026-10-18,55,55,Garfield,3,227,Sunday,55
2026-10-18,56,56,Milwaukee,3,110,Sunday,56
2026-10-18,57,57,Laramie,3,57,Sunday,57
2026-10-18,6,6,Jackson Park Express,3,168,Sunday,6
2026-10-18,60,60,Blue Island/26th,3,220,Sunday,60
2026-10-18,62,62,Archer,3,148,Sunday,62
2026-10-18,63,63,63rd,3,264,Sunday,63
2026-10-18,63W,63W,West 63rd,3,62,Sunday,63W
2026-10-18,65,65,Grand,3,122,Sunday,65
2026-10-18,66,66,Chicago,3,280,Sunday,66
2026-10-18,67,67,67th/69th/71st,3,167,Sunday,67
2026-10-18,68,68,Northwest Highway,3,56,Sunday,68
2026-10-18,70,70,Division,3,134,Sunday,70
2026-10-18,71,71,71st/South Shore,3,155,Sunday,71
2026-10-18,72,72,North,3,234,Sunday,72
2026-10-18,73,73,Armitage,3,105,Sunday,73
2026-10-18,74,74,Fullerton,3,229,Sunday,74
2026-10-18,75,75,74th/75th,3,116,Sunday,75
2026-10-18,76,76,Diversey,3,98,Sunday,76
2026-10-18,77,77,Belmont,3,229,Sunday,77
2026-10-18,78,78,Montrose,3,107,Sunday,78
2026-10-18,79,79,79th,3,283,Sunday,79
2026-10-18,8,8,Halsted,3,145,Sunday,8
2026-10-18,80,80,Irving Park,3,144,Sunday,80
2026-10-18,81,81,Lawrence,3,220,Sunday,81
2026-10-18,81W,81W,West Lawrence,3,56,Sunday,81W
2026-10-18,82,82,Kimball/Homan,3,266,Sunday,82
2026-10-18,84,84,Peterson,3,72,Sunday,84
2026-10-18,85,85,Central,3,209,Sunday,85
2026-10-18,87,87,87th,3,176,Sunday,87
2026-10-18,88,88,Higgins,3,64,Sunday,88
2026-10-18,8A,8A,South Halsted,3,102,Sunday,8A
2026-10-18,9,9,Ashland,3,276,Sunday,9
2026-10-18,90,90,Harlem,3,86,Sunday,90
2026-10-18,91,91,Austin,3,92,Sunday,91
2026-10-18,92,92,Foster,3,108,Sunday,92
2026-10-18,93,93,California/Dodge,3,77,Sunday,93
2026-10-18,94,94,California,3,103,Sunday,94
2026-10-18,95,95,95th,3,224,Sunday,95
2026-10-18,97,97,Skokie,3,65,Sunday,97
2026-10-18,Blue,,Blue Line,1,258,Sunday,Blue Line
2026-10-18,Brn,,Brown Line,1,112,Sunday,Brown Line
2026-10-18,G,,Green Line,1,224,Sunday,Green Line
2026-10-18,J14,J14,Jeffery Jump,3,178,Sunday,J14
2026-10-18,N5,N5,South Shore Night Bus,3,22,Sunday,N5
2026-10-18,Org,,Orange Line,1,114,Sunday,Orange Line
2026-10-18,P,,Purple Line,1,183,Sunday,Purple Line
2026-10-18,Pink,,Pink Line,1,102,Sunday,Pink Line
2026-10-18,Red,,Red Line,1,317,Sunday,Red Line
2026-10-18,Y,,Yellow Line,1,136,Sunday,Yellow Line
2026-10-19,1,1,Bronzeville/Union Station,3,59,Monday,1
2026-10-19,10,10,Obama Presidential Center/Museum of Science & Industry Express ,3,36,Monday,10
2026-10-19,100,100,Jeffery Manor Express,3,53,Monday,100
2026-10-19,103,103,West 103rd,3,129,Monday,103
2026-10-19,106,106,East 103rd,3,135,Monday,106
2026-10-19,108,108,Halsted/95th,3,72,Monday,108
2026-10-19,11,11,Lincoln,3,84,Monday,11
2026-10-19,111,111,111th/King Drive,3,140,Monday,111
2026-10-19,111A,111A,Pullman Shuttle,3,82,Monday,111A
2026-10-19,112,112,Vincennes/111th,3,134,Monday,112
2026-10-19,115,115,Pullman/115th,3,143,Monday,115
2026-10-19,119,119,Michigan/119th,3,187,Monday,119
2026-10-19,12,12,Roosevelt,3,254,Monday,12
2026-10-19,120,120,Ogilvie/Streeterville Express,3,73,Monday,120
2026-10-19,121,121,Union/Streeterville Express,3,76,Monday,121
2026-10-19,124,124,Navy Pier,3,75,Monday,124
2026-10-19,125,125,Water Tower Express,3,51,Monday,125
2026-10-19,126,126,Jackson,3,146,Monday,126
2026-10-19,134,134,Stockton/LaSalle Express,3,49,Monday,134
2026-10-19,135,135,Clarendon/LaSalle Express,3,50,Monday,135
2026-10-19,136,136,Sheridan/LaSalle Express,3,36,Monday,136
2026-10-19,143,143,Stockton/Michigan Express,3,36,Monday,143
2026-10-19,146,146,Inner Lake Shore/Michigan Express,3,222,Monday,146
2026-10-19,147,147,Outer DuSable Lake Shore Express,3,208,Monday,147
2026-10-19,148,148,Clarendon/Michigan Express,3,45,Monday,148
2026-10-19,15,15,Jeffery Local,3,159,Monday,15
2026-10-19,151,151,Sheridan,3,209,Monday,151
2026-10-19,152,152,Addison,3,212,Monday,152
2026-10-19,155,155,Devon,3,204,Monday,155
2026-10-19,156,156,LaSalle,3,136,Monday,156
2026-10-19,157,157,Streeterville/Taylor,3,131,Monday,157
2026-10-19,165,165,West 65th,3,19,Monday,165
2026-10-19,169,169,69th/UPS Express,3,9,Monday,169
2026-10-19,171,171,U. of Chicago/Hyde Park,3,83,Monday,171
2026-10-19,172,172,U. of Chicago/Kenwood,3,126,Monday,172
2026-10-19,18,18,16th/18th,3,130,Monday,18
2026-10-19,192,192,University of Chicago Hospitals Express,3,19,Monday,192
2026-10-19,2,2,Hyde Park Express,3,60,Monday,2
2026-10-19,20,20,Madison,3,338,Monday,20
2026-10-19,201,201,Central/Ridge,3,76,Monday,201
2026-10-19,206,206,Evanston Circulator,3,25,Monday,206
2026-10-19,21,21,Cermak,3,176,Monday,21
2026-10-19,22,22,Clark,3,240,Monday,22
2026-10-19,24,24,Wentworth,3,101,Monday,24
2026-10-19,26,26,South Shore Express,3,86,Monday,26
2026-10-19,28,28,Stony Island,3,164,Monday,28
2026-10-19,29,29,State,3,162,Monday,29
2026-10-19,3,3,King Drive,3,242,Monday,3
2026-10-19,30,30,South Chicago,3,114,Monday,30
2026-10-19,31,31,31st,3,55,Monday,31
2026-10-19,34,34,South Michigan,3,234,Monday,34
2026-10-19,35,35,31st/35th,3,221,Monday,35
2026-10-19,36,36,Broadway,3,166,Monday,36
2026-10-19,37,37,Sedgwick,3,100,Monday,37
2026-10-19,39,39,Pershing,3,94,Monday,39
2026-10-19,4,4,Cottage Grove,3,250,Monday,4
2026-10-19,43,43,43rd,3,112,Monday,43
2026-10-19,44,44,Wallace/Racine,3,141,Monday,44
2026-10-19,47,47,47th,3,251,Monday,47
2026-10-19,48,48,South Damen,3,69,Monday,48
2026-10-19,49,49,Western,3,271,Monday,49
2026-10-19,49B,49B,North Western,3,220,Monday,49B
2026-10-19,50,50,Damen,3,173,Monday,50
2026-10-19,51,51,51st,3,98,Monday,51
2026-10-19,52,52,Kedzie,3,190,Monday,52
2026-10-19,52A,52A,South Kedzie,3,142,Monday,52A
2026-10-19,53,53,Pulaski,3,340,Monday,53
2026-10-19,53A,53A,South Pulaski,3,171,Monday,53A
2026-10-19,54,54,Cicero,3,270,Monday,54
2026-10-19,54A,54A,North Cicero/Skokie Blvd.,3,38,Monday,54A
2026-10-19,54B,54B,South Cicero,3,110,Monday,54B
2026-10-19,55,55,Garfield,3,264,Monday,55
2026-10-19,55A,55A,55th/Austin,3,38,Monday,55A
2026-10-19,55N,55N,55th/Narragansett,3,80,Monday,55N
2026-10-19,56,56,Milwaukee,3,167,Monday,56
2026-10-19,57,57,Laramie,3,130,Monday,57
2026-10-19,59,59,59th/61st,3,114,Monday,59
2026-10-19,6,6,Jackson Park Express,3,190,Monday,6
2026-10-19,60,60,Blue Island/26th,3,252,Monday,60
2026-10-19,62,62,Archer,3,193,Monday,62
2026-10-19,62H,62H,Archer/Harlem,3,76,Monday,62H
2026-10-19,63,63,63rd,3,306,Monday,63
2026-10-19,63W,63W,West 63rd,3,118,Monday,63W
2026-10-19,65,65,Grand,3,202,Monday,65
2026-10-19,66,66,Chicago,3,445,Monday,66
2026-10-19,67,67,67th/69th/71st,3,228,Monday,67
2026-10-19,68,68,Northwest Highway,3,99,Monday,68
2026-10-19,7,7,Harrison,3,132,Monday,7
2026-10-19,70,70,Division,3,212,Monday,70
2026-10-19,71,71,71st/South Shore,3,195,Monday,71
2026-10-19,72,72,North,3,295,Monday,72
2026-10-19,73,73,Armitage,3,186,Monday,73
2026-10-19,74,74,Fullerton,3,283,Monday,74
2026-10-19,75,75,74th/75th,3,168,Monday,75
2026-10-19,76,76,Diversey,3,208,Monday,76
2026-10-19,77,77,Belmont,3,328,Monday,77
2026-10-19,78,78,Montrose,3,167,Monday,78
2026-10-19,79,79,79th,3,446,Monday,79
2026-10-19,8,8,Halsted,3,257,Monday,8
2026-10-19,80,80,Irving Park,3,207,Monday,80
2026-10-19,81,81,Lawrence,3,260,Monday,81
2026-10-19,81W,81W,West Lawrence,3,88,Monday,81W
2026-10-19,82,82,Kimball/Homan,3,281,Monday,82
2026-10-19,84,84,Peterson,3,142,Monday,84
2026-10-19,85,85,Central,3,244,Monday,85
2026-10-19,85A,85A,North Central,3,94,Monday,85A
2026-10-19,86,86,Narragansett/Ridgeland,3,106,Monday,86
2026-10-19,87,87,87th,3,260,Monday,87
2026-10-19,88,88,Higgins,3,100,Monday,88
2026-10-19,8A,8A,South Halsted,3,134,Monday,8A
2026-10-19,9,9,Ashland,3,363,Monday,9
2026-10-19,90,90,Harlem,3,132,Monday,90
2026-10-19,91,91,Austin,3,155,Monday,91
2026-10-19,92,92,Foster,3,162,Monday,92
2026-10-19,93,93,California/Dodge,3,125,Monday,93
2026-10-19,94,94,California,3,170,Monday,94
2026-10-19,95,95,95th,3,256,Monday,95
2026-10-19,96,96,Lunt,3,66,Monday,96
2026-10-19,97,97,Skokie,3,108,Monday,97
2026-10-19,Blue,,Blue Line,1,354,Monday,Blue Line
2026-10-19,Brn,,Brown Line,1,178,Monday,Brown Line
2026-10-19,G,,Green Line,1,256,Monday,Green Line
2026-10-19,J14,J14,Jeffery Jump,3,242,Monday,J14
2026-10-19,N5,N5,South Shore Night Bus,3,20,Monday,N5
2026-10-19,Org,,Orange Line,1,144,Monday,Orange Line
2026-10-19,P,,Purple Line,1,189,Monday,Purple Line
2026-10-19,Pink,,Pink Line,1,122,Monday,Pink Line
2026-10-19,Red,,Red Line,1,422,Monday,Red Line
2026-10-19,X4,X4,Cottage Grove Express,3,69,Monday,X4
2026-10-19,X49,X49,Western Express,3,87,Monday,X49
2026-10-19,X9,X9,Ashland Express,3,102,Monday,X9
2026-10-19,Y,,Yellow Line,1,160,Monday,Yellow Line
2026-10-20,1,1,Bronzeville/Union Station,3,59,Tuesday,1
2026-10-20,10,10,Obama Presidential Center/Museum of Science & Industry Express ,3,36,Tuesday,10
2026-10-20,100,100,Jeffery Manor Express,3,53,Tuesday,100
2026-10-20,103,103,West 103rd,3,129,Tuesday,103
2026-10-20,106,106,East 103rd,3,135,Tuesday,106
2026-10-20,108,108,Halsted/95th,3,72,Tuesday,108
2026-10-20,11,11,Lincoln,3,84,Tuesday,11
2026-10-20,111,111,111th/King Drive,3,140,Tuesday,111
2026-10-20,111A,111A,Pullman Shuttle,3,82,Tuesday,111A
2026-10-20,112,112,Vincennes/111th,3,134,Tuesday,112
2026-10-20,115,115,Pullman/115th,3,143,Tuesday,115
2026-10-20,119,119,Michigan/119th,3,189,Tuesday,119
2026-10-20,12,12,Roosevelt,3,254,Tuesday,12
2026-10-20,120,120,Ogilvie/Streeterville Express,3,73,Tuesday,120
2026-10-20,121,121,Union/Streeterville Express,3,76,Tuesday,121
2026-10-20,124,124,Navy Pier,3,75,Tuesday,124
2026-10-20,125,125,Water Tower Express,3,51,Tuesday,125
2026-10-20,126,126,Jackson,3,146,Tuesday,126
2026-10-20,134,134,Stockton/LaSalle Express,3,49,Tuesday,134
2026-10-20,135,135,Clarendon/LaSalle Express,3,50,Tuesday,135
2026-10-20,136,136,Sheridan/LaSalle Express,3,36,Tuesday,136
2026-10-20,143,143,Stockton/Michigan Express,3,36,Tuesday,143
2026-10-20,146,146,Inner Lake Shore/Michigan Express,3,222,Tuesday,146
2026-10-20,147,147,Outer DuSable Lake Shore Express,3,208,Tuesday,147
2026-10-20,148,148,Clarendon/Michigan Express,3,45,Tuesday,148
2026-10-20,15,15,Jeffery Local,3,159,Tuesday,15
2026-10-20,151,151,Sheridan,3,211,Tuesday,151
2026-10-20,152,152,Addison,3,212,Tuesday,152
2026-10-20,155,155,Devon,3,204,Tuesday,155
2026-10-20,156,156,LaSalle,3,136,Tuesday,156
2026-10-20,157,157,Streeterville/Taylor,3,131,Tuesday,157
2026-10-20,165,165,West 65th,3,19,Tuesday,165
2026-10-20,169,169,69th/UPS Express,3,10,Tuesday,169
2026-10-20,171,171,U. of Chicago/Hyde Park,3,83,Tuesday,171
2026-10-20,172,172,U. of Chicago/Kenwood,3,126,Tuesday,172
2026-10-20,18,18,16th/18th,3,130,Tuesday,18
2026-10-20,192,192,University of Chicago Hospitals Express,3,19,Tuesday,192
2026-10-20,2,2,Hyde Park Express,3,60,Tuesday,2
2026-10-20,20,20,Madison,3,338,Tuesday,20
2026-10-20,201,201,Central/Ridge,3,76,Tuesday,201
2026-10-20,206,206,Evanston Circulator,3,25,Tuesday,206
2026-10-20,21,21,Cermak,3,176,Tuesday,21
2026-10-20,22,22,Clark,3,239,Tuesday,22
2026-10-20,24,24,Wentworth,3,101,Tuesday,24
2026-10-20,26,26,South Shore Express,3,86,Tuesday,26
2026-10-20,28,28,Stony Island,3,162,Tuesday,28
2026-10-20,29,29,State,3,162,Tuesday,29
2026-10-20,3,3,King Drive,3,243,Tuesday,3
2026-10-20,30,30,South Chicago,3,114,Tuesday,30
2026-10-20,31,31,31st,3,55,Tuesday,31
2026-10-20,34,34,South Michigan,3,236,Tuesday,34
2026-10-20,35,35,31st/35th,3,221,Tuesday,35
2026-10-20,36,36,Broadway,3,166,Tuesday,36
2026-10-20,37,37,Sedgwick,3,100,Tuesday,37
2026-10-20,39,39,Pershing,3,94,Tuesday,39
2026-10-20,4,4,Cottage Grove,3,250,Tuesday,4
2026-10-20,43,43,43rd,3,112,Tuesday,43
2026-10-20,44,44,Wallace/Racine,3,141,Tuesday,44
2026-10-20,47,47,47th,3,251,Tuesday,47
2026-10-20,48,48,South Damen,3,69,Tuesday,48
2026-10-20,49,49,Western,3,271,Tuesday,49
2026-10-20,49B,49B,North Western,3,221,Tuesday,49B
2026-10-20,50,50,Damen,3,173,Tuesday,50
2026-10-20,51,51,51st,3,98,Tuesday,51
2026-10-20,52,52,Kedzie,3,190,Tuesday,52
2026-10-20,52A,52A,South Kedzie,3,142,Tuesday,52A
2026-10-20,53,53,Pulaski,3,339,Tuesday,53
2026-10-20,53A,53A,South Pulaski,3,173,Tuesday,53A
2026-10-20,54,54,Cicero,3,272,Tuesday,54
2026-10-20,54A,54A,North Cicero/Skokie Blvd.,3,38,Tuesday,54A
2026-10-20,54B,54B,South Cicero,3,110,Tuesday,54B
2026-10-20,55,55,Garfield,3,264,Tuesday,55
2026-10-20,55A,55A,55th/Austin,3,38,Tuesday,55A
2026-10-20,55N,55N,55th/Narragansett,3,80,Tuesday,55N
2026-10-20,56,56,Milwaukee,3,167,Tuesday,56
2026-10-20,57,57,Laramie,3,130,Tuesday,57
2026-10-20,59,59,59th/61st,3,114,Tuesday,59
2026-10-20,6,6,Jackson Park Express,3,189,Tuesday,6
2026-10-20,60,60,Blue Island/26th,3,252,Tuesday,60
2026-10-20,62,62,Archer,3,193,Tuesday,62
2026-10-20,62H,62H,Archer/Harlem,3,76,Tuesday,62H
2026-10-20,63,63,63rd,3,304,Tuesday,63
2026-10-20,63W,63W,West 63rd,3,118,Tuesday,63W
2026-10-20,65,65,Grand,3,204,Tuesday,65
2026-10-20,66,66,Chicago,3,450,Tuesday,66
2026-10-20,67,67,67th/69th/71st,3,225,Tuesday,67
2026-10-20,68,68,Northwest Highway,3,99,Tuesday,68
2026-10-20,7,7,Harrison,3,132,Tuesday,7
2026-10-20,70,70,Division,3,213,Tuesday,70
2026-10-20,71,71,71st/South Shore,3,199,Tuesday,71
2026-10-20,72,72,North,3,299,Tuesday,72
2026-10-20,73,73,Armitage,3,186,Tuesday,73
2026-10-20,74,74,Fullerton,3,282,Tuesday,74
2026-10-20,75,75,74th/75th,3,168,Tuesday,75
2026-10-20,76,76,Diversey,3,209,Tuesday,76
2026-10-20,77,77,Belmont,3,328,Tuesday,77
2026-10-20,78,78,Montrose,3,167,Tuesday,78
2026-10-20,79,79,79th,3,450,Tuesday,79
2026-10-20,8,8,Halsted,3,257,Tuesday,8
2026-10-20,80,80,Irving Park,3,208,Tuesday,80
2026-10-20,81,81,Lawrence,3,262,Tuesday,81
2026-10-20,81W,81W,West Lawrence,3,88,Tuesday,81W
2026-10-20,82,82,Kimball/Homan,3,280,Tuesday,82
2026-10-20,84,84,Peterson,3,142,Tuesday,84
2026-10-20,85,85,Central,3,244,Tuesday,85
2026-10-20,85A,85A,North Central,3,94,Tuesday,85A
2026-10-20,86,86,Narragansett/Ridgeland,3,106,Tuesday,86
2026-10-20,87,87,87th,3,263,Tuesday,87
2026-10-20,88,88,Higgins,3,100,Tuesday,88
2026-10-20,8A,8A,South Halsted,3,134,Tuesday,8A
2026-10-20,9,9,Ashland,3,365,Tuesday,9
2026-10-20,90,90,Harlem,3,132,Tuesday,90
2026-10-20,91,91,Austin,3,155,Tuesday,91
2026-10-20,92,92,Foster,3,162,Tuesday,92
2026-10-20,93,93,California/Dodge,3,125,Tuesday,93
2026-10-20,94,94,California,3,170,Tuesday,94
2026-10-20,95,95,95th,3,256,Tuesday,95
2026-10-20,96,96,Lunt,3,66,Tuesday,96
2026-10-20,97,97,Skokie,3,108,Tuesday,97
2026-10-20,Blue,,Blue Line,1,356,Tuesday,Blue Line
2026-10-20,Brn,,Brown Line,1,180,Tuesday,Brown Line
2026-10-20,G,,Green Line,1,256,Tuesday,Green Line
2026-10-20,J14,J14,Jeffery Jump,3,242,Tuesday,J14
2026-10-20,N5,N5,South Shore Night Bus,3,20,Tuesday,N5
2026-10-20,Org,,Orange Line,1,144,Tuesday,Orange Line
2026-10-20,P,,Purple Line,1,188,Tuesday,Purple Line
2026-10-20,Pink,,Pink Line,1,122,Tuesday,Pink Line
2026-10-20,Red,,Red Line,1,424,Tuesday,Red Line
2026-10-20,X4,X4,Cottage Grove Express,3,69,Tuesday,X4
2026-10-20,X49,X49,Western Express,3,87,Tuesday,X49
2026-10-20,X9,X9,Ashland Express,3,102,Tuesday,X9
2026-10-20,Y,,Yellow Line,1,160,Tuesday,Yellow Line
2026-10-21,1,1,Bronzeville/Union Station,3,59,Wednesday,1
2026-10-21,10,10,Obama Presidential Center/Museum of Science & Industry Express ,3,36,Wednesday,10
2026-10-21,100,100,Jeffery Manor Express,3,53,Wednesday,100
2026-10-21,103,103,West 103rd,3,129,Wednesday,103
2026-10-21,106,106,East 103rd,3,135,Wednesday,106
2026-10-21,108,108,Halsted/95th,3,72,Wednesday,108
2026-10-21,11,11,Lincoln,3,84,Wednesday,11
2026-10-21,111,111,111th/King Drive,3,140,Wednesday,111
2026-10-21,111A,111A,Pullman Shuttle,3,82,Wednesday,111A
2026-10-21,112,112,Vincennes/111th,3,134,Wednesday,112
2026-10-21,115,115,Pullman/115th,3,143,Wednesday,115
2026-10-21,119,119,Michigan/119th,3,189,Wednesday,119
2026-10-21,12,12,Roosevelt,3,254,Wednesday,12
2026-10-21,120,120,Ogilvie/Streeterville Express,3,73,Wednesday,120
2026-10-21,121,121,Union/Streeterville Express,3,76,Wednesday,121
2026-10-21,124,124,Navy Pier,3,75,Wednesday,124
2026-10-21,125,125,Water Tower Express,3,51,Wednesday,125
2026-10-21,126,126,Jackson,3,146,Wednesday,126
2026-10-21,134,134,Stockton/LaSalle Express,3,49,Wednesday,134
2026-10-21,135,135,Clarendon/LaSalle Express,3,50,Wednesday,135
2026-10-21,136,136,Sheridan/LaSalle Express,3,36,Wednesday,136
2026-10-21,143,143,Stockton/Michigan Express,3,36,Wednesday,143
2026-10-21,146,146,Inner Lake Shore/Michigan Express,3,222,Wednesday,146
2026-10-21,147,147,Outer DuSable Lake Shore Express,3,208,Wednesday,147
2026-10-21,148,148,Clarendon/Michigan Express,3,45,Wednesday,148
2026-10-21,15,15,Jeffery Local,3,159,Wednesday,15
2026-10-21,151,151,Sheridan,3,211,Wednesday,151
2026-10-21,152,152,Addison,3,212,Wednesday,152
2026-10-21,155,155,Devon,3,204,Wednesday,155
2026-10-21,156,156,LaSalle,3,136,Wednesday,156
2026-10-21,157,157,Streeterville/Taylor,3,131,Wednesday,157
2026-10-21,165,165,West 65th,3,19,Wednesday,165
2026-10-21,169,169,69th/UPS Express,3,10,Wednesday,169
2026-10-21,171,171,U. of Chicago/Hyde Park,3,83,Wednesday,171
2026-10-21,172,172,U. of Chicago/Kenwood,3,126,Wednesday,172
2026-10-21,18,18,16th/18th,3,130,Wednesday,18
2026-10-21,192,192,University of Chicago Hospitals Express,3,19,Wednesday,192
2026-10-21,2,2,Hyde Park Express,3,60,Wednesday,2
2026-10-21,20,20,Madison,3,338,Wednesday,20
2026-10-21,201,201,Central/Ridge,3,76,Wednesday,201
2026-10-21,206,206,Evanston Circulator,3,25,Wednesday,206
2026-10-21,21,21,Cermak,3,176,Wednesday,21
2026-10-21,22,22,Clark,3,239,Wednesday,22
2026-10-21,24,24,Wentworth,3,101,Wednesday,24
2026-10-21,26,26,South Shore Express,3,86,Wednesday,26
2026-10-21,28,28,Stony Island,3,162,Wednesday,28
2026-10-21,29,29,State,3,162,Wednesday,29
2026-10-21,3,3,King Drive,3,243,Wednesday,3
2026-10-21,30,30,South Chicago,3,114,Wednesday,30
2026-10-21,31,31,31st,3,55,Wednesday,31
2026-10-21,34,34,South Michigan,3,236,Wednesday,34
2026-10-21,35,35,31st/35th,3,221,Wednesday,35
2026-10-21,36,36,Broadway,3,166,Wednesday,36
2026-10-21,37,37,Sedgwick,3,100,Wednesday,37
2026-10-21,39,39,Pershing,3,94,Wednesday,39
2026-10-21,4,4,Cottage Grove,3,250,Wednesday,4
2026-10-21,43,43,43rd,3,112,Wednesday,43
2026-10-21,44,44,Wallace/Racine,3,141,Wednesday,44
2026-10-21,47,47,47th,3,251,Wednesday,47
2026-10-21,48,48,South Damen,3,69,Wednesday,48
2026-10-21,49,49,Western,3,271,Wednesday,49
2026-10-21,49B,49B,North Western,3,221,Wednesday,49B
2026-10-21,50,50,Damen,3,173,Wednesday,50
2026-10-21,51,51,51st,3,98,Wednesday,51
2026-10-21,52,52,Kedzie,3,190,Wednesday,52
2026-10-21,52A,52A,South Kedzie,3,142,Wednesday,52A
2026-10-21,53,53,Pulaski,3,339,Wednesday,53
2026-10-21,53A,53A,South Pulaski,3,173,Wednesday,53A
2026-10-21,54,54,Cicero,3,272,Wednesday,54
2026-10-21,54A,54A,North Cicero/Skokie Blvd.,3,38,Wednesday,54A
2026-10-21,54B,54B,South Cicero,3,110,Wednesday,54B
2026-10-21,55,55,Garfield,3,264,Wednesday,55
2026-10-21,55A,55A,55th/Austin,3,38,Wednesday,55A
2026-10-21,55N,55N,55th/Narragansett,3,80,Wednesday,55N
2026-10-21,56,56,Milwaukee,3,167,Wednesday,56
2026-10-21,57,57,Laramie,3,130,Wednesday,57
2026-10-21,59,59,59th/61st,3,114,Wednesday,59
2026-10-21,6,6,Jackson Park Express,3,189,Wednesday,6
2026-10-21,60,60,Blue Island/26th,3,252,Wednesday,60
2026-10-21,62,62,Archer,3,193,Wednesday,62
2026-10-21,62H,62H,Archer/Harlem,3,76,Wednesday,62H
2026-10-21,63,63,63rd,3,304,Wednesday,63
2026-10-21,63W,63W,West 63rd,3,118,Wednesday,63W
2026-10-21,65,65,Grand,3,204,Wednesday,65
2026-10-21,66,66,Chicago,3,450,Wednesday,66
2026-10-21,67,67,67th/69th/71st,3,227,Wednesday,67
2026-10-21,68,68,Northwest Highway,3,99,Wednesday,68
2026-10-21,7,7,Harrison,3,132,Wednesday,7
2026-10-21,70,70,Division,3,214,Wednesday,70
2026-10-21,71,71,71st/South Shore,3,199,Wednesday,71
2026-10-21,72,72,North,3,299,Wednesday,72
2026-10-21,73,73,Armitage,3,186,Wednesday,73
2026-10-21,74,74,Fullerton,3,282,Wednesday,74
2026-10-21,75,75,74th/75th,3,168,Wednesday,75
2026-10-21,76,76,Diversey,3,209,Wednesday,76
2026-10-21,77,77,Belmont,3,328,Wednesday,77
2026-10-21,78,78,Montrose,3,167,Wednesday,78
2026-10-21,79,79,79th,3,450,Wednesday,79
2026-10-21,8,8,Halsted,3,257,Wednesday,8
2026-10-21,80,80,Irving Park,3,208,Wednesday,80
2026-10-21,81,81,Lawrence,3,262,Wednesday,81
2026-10-21,81W,81W,West Lawrence,3,88,Wednesday,81W
2026-10-21,82,82,Kimball/Homan,3,280,Wednesday,82
2026-10-21,84,84,Peterson,3,142,Wednesday,84
2026-10-21,85,85,Central,3,244,Wednesday,85
2026-10-21,85A,85A,North Central,3,94,Wednesday,85A
2026-10-21,86,86,Narragansett/Ridgeland,3,106,Wednesday,86
2026-10-21,87,87,87th,3,263,Wednesday,87
2026-10-21,88,88,Higgins,3,100,Wednesday,88
2026-10-21,8A,8A,South Halsted,3,134,Wednesday,8A
2026-10-21,9,9,Ashland,3,365,Wednesday,9
2026-10-21,90,90,Harlem,3,132,Wednesday,90
2026-10-21,91,91,Austin,3,155,Wednesday,91
2026-10-21,92,92,Foster,3,162,Wednesday,92
2026-10-21,93,93,California/Dodge,3,125,Wednesday,93
2026-10-21,94,94,California,3,170,Wednesday,94
2026-10-21,95,95,95th,3,256,Wednesday,95
2026-10-21,96,96,Lunt,3,66,Wednesday,96
2026-10-21,97,97,Skokie,3,108,Wednesday,97
2026-10-21,Blue,,Blue Line,1,356,Wednesday,Blue Line
2026-10-21,Brn,,Brown Line,1,180,Wednesday,Brown Line
2026-10-21,G,,Green Line,1,256,Wednesday,Green Line
2026-10-21,J14,J14,Jeffery Jump,3,242,Wednesday,J14
2026-10-21,N5,N5,South Shore Night Bus,3,20,Wednesday,N5
2026-10-21,Org,,Orange Line,1,144,Wednesday,Orange Line
2026-10-21,P,,Purple Line,1,188,Wednesday,Purple Line
2026-10-21,Pink,,Pink Line,1,122,Wednesday,Pink Line
2026-10-21,Red,,Red Line,1,424,Wednesday,Red Line
2026-10-21,X4,X4,Cottage Grove Express,3,69,Wednesday,X4
2026-10-21,X49,X49,Western Express,3,87,Wednesday,X49
2026-10-21,X9,X9,Ashland Express,3,102,Wednesday,X9
2026-10-21,Y,,Yellow Line,1,160,Wednesday,Yellow Line
2026-10-22,1,1,Bronzeville/Union Station,3,59,Thursday,1
2026-10-22,10,10,Obama Presidential Center/Museum of Science & Industry Express ,3,36,Thursday,10
2026-10-22,100,100,Jeffery Manor Express,3,53,Thursday,100
2026-10-22,103,103,West 103rd,3,129,Thursday,103
2026-10-22,106,106,East 103rd,3,135,Thursday,106
2026-10-22,108,108,Halsted/95th,3,72,Thursday,108
2026-10-22,11,11,Lincoln,3,84,Thursday,11
2026-10-22,111,111,111th/King Drive,3,140,Thursday,111
2026-10-22,111A,111A,Pullman Shuttle,3,82,Thursday,111A
2026-10-22,112,112,Vincennes/111th,3,134,Thursday,112
2026-10-22,115,115,Pullman/115th,3,143,Thursday,115
2026-10-22,119,119,Michigan/119th,3,189,Thursday,119
2026-10-22,12,12,Roosevelt,3,254,Thursday,12
2026-10-22,120,120,Ogilvie/Streeterville Express,3,73,Thursday,120
2026-10-22,121,121,Union/Streeterville Express,3,76,Thursday,121
2026-10-22,124,124,Navy Pier,3,75,Thursday,124
2026-10-22,125,125,Water Tower Express,3,51,Thursday,125
2026-10-22,126,126,Jackson,3,146,Thursday,126
2026-10-22,134,134,Stockton/LaSalle Express,3,49,Thursday,134
2026-10-22,135,135,Clarendon/LaSalle Express,3,50,Thursday,135
2026-10-22,136,136,Sheridan/LaSalle Express,3,36,Thursday,136
2026-10-22,143,143,Stockton/Michigan Express,3,36,Thursday,143
2026-10-22,146,146,Inner Lake Shore/Michigan Express,3,222,Thursday,146
2026-10-22,147,147,Outer DuSable Lake Shore Express,3,208,Thursday,147
2026-10-22,148,148,Clarendon/Michigan Express,3,45,Thursday,148
2026-10-22,15,15,Jeffery Local,3,159,Thursday,15
2026-10-22,151,151,Sheridan,3,211,Thursday,151
2026-10-22,152,152,Addison,3,212,Thursday,152
2026-10-22,155,155,Devon,3,204,Thursday,155
2026-10-22,156,156,LaSalle,3,136,Thursday,156
2026-10-22,157,157,Streeterville/Taylor,3,131,Thursday,157
2026-10-22,165,165,West 65th,3,19,Thursday,165
2026-10-22,169,169,69th/UPS Express,3,10,Thursday,169
2026-10-22,171,171,U. of Chicago/Hyde Park,3,83,Thursday,171
2026-10-22,172,172,U. of Chicago/Kenwood,3,126,Thursday,172
2026-10-22,18,18,16th/18th,3,130,Thursday,18
2026-10-22,192,192,University of Chicago Hospitals Express,3,19,Thursday,192
2026-10-22,2,2,Hyde Park Express,3,60,Thursday,2
2026-10-22,20,20,Madison,3,338,Thursday,20
2026-10-22,201,201,Central/Ridge,3,76,Thursday,201
2026-10-22,206,206,Evanston Circulator,3,25,Thursday,206
2026-10-22,21,21,Cermak,3,176,Thursday,21
2026-10-22,22,22,Clark,3,239,Thursday,22
2026-10-22,24,24,Wentworth,3,101,Thursday,24
2026-10-22,26,26,South Shore Express,3,86,Thursday,26
2026-10-22,28,28,Stony Island,3,162,Thursday,28
2026-10-22,29,29,State,3,162,Thursday,29
2026-10-22,3,3,King Drive,3,243,Thursday,3
2026-10-22,30,30,South Chicago,3,114,Thursday,30
2026-10-22,31,31,31st,3,55,Thursday,31
2026-10-22,34,34,South Michigan,3,236,Thursday,34
2026-10-22,35,35,31st/35th,3,221,Thursday,35
2026-10-22,36,36,Broadway,3,166,Thursday,36
2026-10-22,37,37,Sedgwick,3,100,Thursday,37
2026-10-22,39,39,Pershing,3,94,Thursday,39
2026-10-22,4,4,Cottage Grove,3,250,Thursday,4
2026-10-22,43,43,43rd,3,112,Thursday,43
2026-10-22,44,44,Wallace/Racine,3,141,Thursday,44
2026-10-22,47,47,47th,3,251,Thursday,47
2026-10-22,48,48,South Damen,3,69,Thursday,48
2026-10-22,49,49,Western,3,271,Thursday,49
2026-10-22,49B,49B,North Western,3,221,Thursday,49B
2026-10-22,50,50,Damen,3,173,Thursday,50
2026-10-22,51,51,51st,3,98,Thursday,51
2026-10-22,52,52,Kedzie,3,190,Thursday,52
2026-10-22,52A,52A,South Kedzie,3,142,Thursday,52A
2026-10-22,53,53,Pulaski,3,339,Thursday,53
2026-10-22,53A,53A,South Pulaski,3,173,Thursday,53A
2026-10-22,54,54,Cicero,3,272,Thursday,54
2026-10-22,54A,54A,North Cicero/Skokie Blvd.,3,38,Thursday,54A
2026-10-22,54B,54B,South Cicero,3,110,Thursday,54B
2026-10-22,55,55,Garfield,3,264,Thursday,55
2026-10-22,55A,55A,55th/Austin,3,38,Thursday,55A
2026-10-22,55N,55N,55th/Narragansett,3,80,Thursday,55N
2026-10-22,56,56,Milwaukee,3,167,Thursday,56
2026-10-22,57,57,Laramie,3,130,Thursday,57
2026-10-22,59,59,59th/61st,3,114,Thursday,59
2026-10-22,6,6,Jackson Park Express,3,189,Thursday,6
2026-10-22,60,60,Blue Island/26th,3,252,Thursday,60
2026-10-22,62,62,Archer,3,193,Thursday,62
2026-10-22,62H,62H,Archer/Harlem,3,76,Thursday,62H
2026-10-22,63,63,63rd,3,304,Thursday,63
2026-10-22,63W,63W,West 63rd,3,118,Thursday,63W
2026-10-22,65,65,Grand,3,204,Thursday,65
2026-10-22,66,66,Chicago,3,450,Thursday,66
2026-10-22,67,67,67th/69th/71st,3,225,Thursday,67
2026-10-22,68,68,Northwest Highway,3,99,Thursday,68
2026-10-22,7,7,Harrison,3,132,Thursday,7
2026-10-22,70,70,Division,3,213,Thursday,70
2026-10-22,71,71,71st/South Shore,3,199,Thursday,71
2026-10-22,72,72,North,3,299,Thursday,72
2026-10-22,73,73,Armitage,3,186,Thursday,73
2026-10-22,74,74,Fullerton,3,282,Thursday,74
2026-10-22,75,75,74th/75th,3,168,Thursday,75
2026-10-22,76,76,Diversey,3,209,Thursday,76
2026-10-22,77,77,Belmont,3,328,Thursday,77
2026-10-22,78,78,Montrose,3,167,Thursday,78
2026-10-22,79,79,79th,3,450,Thursday,79
2026-10-22,8,8,Halsted,3,257,Thursday,8
2026-10-22,80,80,Irving Park,3,208,Thursday,80
2026-10-22,81,81,Lawrence,3,262,Thursday,81
2026-10-22,81W,81W,West Lawrence,3,88,Thursday,81W
2026-10-22,82,82,Kimball/Homan,3,280,Thursday,82
2026-10-22,84,84,Peterson,3,142,Thursday,84
2026-10-22,85,85,Central,3,244,Thursday,85
2026-10-22,85A,85A,North Central,3,94,Thursday,85A
2026-10-22,86,86,Narragansett/Ridgeland,3,106,Thursday,86
2026-10-22,87,87,87th,3,263,Thursday,87
2026-10-22,88,88,Higgins,3,100,Thursday,88
2026-10-22,8A,8A,South Halsted,3,134,Thursday,8A
2026-10-22,9,9,Ashland,3,365,Thursday,9
2026-10-22,90,90,Harlem,3,132,Thursday,90
2026-10-22,91,91,Austin,3,155,Thursday,91
2026-10-22,92,92,Foster,3,162,Thursday,92
2026-10-22,93,93,California/Dodge,3,125,Thursday,93
2026-10-22,94,94,California,3,170,Thursday,94
2026-10-22,95,95,95th,3,256,Thursday,95
2026-10-22,96,96,Lunt,3,66,Thursday,96
2026-10-22,97,97,Skokie,3,108,Thursday,97
2026-10-22,Blue,,Blue Line,1,356,Thursday,Blue Line
2026-10-22,Brn,,Brown Line,1,180,Thursday,Brown Line
2026-10-22,G,,Green Line,1,256,Thursday,Green Line
2026-10-22,J14,J14,Jeffery Jump,3,242,Thursday,J14
2026-10-22,N5,N5,South Shore Night Bus,3,20,Thursday,N5
2026-10-22,Org,,Orange Line,1,144,Thursday,Orange Line
2026-10-22,P,,Purple Line,1,188,Thursday,Purple Line
2026-10-22,Pink,,Pink Line,1,122,Thursday,Pink Line
2026-10-22,Red,,Red Line,1,424,Thursday,Red Line
2026-10-22,X4,X4,Cottage Grove Express,3,69,Thursday,X4
2026-10-22,X49,X49,Western Express,3,87,Thursday,X49
2026-10-22,X9,X9,Ashland Express,3,102,Thursday,X9
2026-10-22,Y,,Yellow Line,1,160,Thursday,Yellow Line
2026-10-23,1,1,Bronzeville/Union Station,3,59,Friday,1
2026-10-23,10,10,Obama Presidential Center/Museum of Science & Industry Express ,3,36,Friday,10
2026-10-23,100,100,Jeffery Manor Express,3,53,Friday,100
2026-10-23,103,103,West 103rd,3,129,Friday,103
2026-10-23,106,106,East 103rd,3,134,Friday,106
2026-10-23,108,108,Halsted/95th,3,71,Friday,108
2026-10-23,11,11,Lincoln,3,84,Friday,11
2026-10-23,111,111,111th/King Drive,3,140,Friday,111
2026-10-23,111A,111A,Pullman Shuttle,3,82,Friday,111A
2026-10-23,112,112,Vincennes/111th,3,134,Friday,112
2026-10-23,115,115,Pullman/115th,3,143,Friday,115
2026-10-23,119,119,Michigan/119th,3,189,Friday,119
2026-10-23,12,12,Roosevelt,3,254,Friday,12
2026-10-23,120,120,Ogilvie/Streeterville Express,3,73,Friday,120
2026-10-23,121,121,Union/Streeterville Express,3,76,Friday,121
2026-10-23,124,124,Navy Pier,3,75,Friday,124
2026-10-23,125,125,Water Tower Express,3,51,Friday,125
2026-10-23,126,126,Jackson,3,146,Friday,126
2026-10-23,134,134,Stockton/LaSalle Express,3,49,Friday,134
2026-10-23,135,135,Clarendon/LaSalle Express,3,50,Friday,135
2026-10-23,136,136,Sheridan/LaSalle Express,3,36,Friday,136
2026-10-23,143,143,Stockton/Michigan Express,3,36,Friday,143
2026-10-23,146,146,Inner Lake Shore/Michigan Express,3,222,Friday,146
2026-10-23,147,147,Outer DuSable Lake Shore Express,3,208,Friday,147
2026-10-23,148,148,Clarendon/Michigan Express,3,45,Friday,148
2026-10-23,15,15,Jeffery Local,3,159,Friday,15
2026-10-23,151,151,Sheridan,3,211,Friday,151
2026-10-23,152,152,Addison,3,214,Friday,152
2026-10-23,155,155,Devon,3,204,Friday,155
2026-10-23,156,156,LaSalle,3,136,Friday,156
2026-10-23,157,157,Streeterville/Taylor,3,131,Friday,157
2026-10-23,165,165,West 65th,3,19,Friday,165
2026-10-23,169,169,69th/UPS Express,3,10,Friday,169
2026-10-23,171,171,U. of Chicago/Hyde Park,3,83,Friday,171
2026-10-23,172,172,U. of Chicago/Kenwood,3,126,Friday,172
2026-10-23,18,18,16th/18th,3,130,Friday,18
2026-10-23,192,192,University of Chicago Hospitals Express,3,19,Friday,192
2026-10-23,2,2,Hyde Park Express,3,60,Friday,2
2026-10-23,20,20,Madison,3,338,Friday,20
2026-10-23,201,201,Central/Ridge,3,76,Friday,201
2026-10-23,206,206,Evanston Circulator,3,25,Friday,206
2026-10-23,21,21,Cermak,3,176,Friday,21
2026-10-23,22,22,Clark,3,239,Friday,22
2026-10-23,24,24,Wentworth,3,101,Friday,24
2026-10-23,26,26,South Shore Express,3,86,Friday,26
2026-10-23,28,28,Stony Island,3,162,Friday,28
2026-10-23,29,29,State,3,162,Friday,29
2026-10-23,3,3,King Drive,3,243,Friday,3
2026-10-23,30,30,South Chicago,3,114,Friday,30
2026-10-23,31,31,31st,3,55,Friday,31
2026-10-23,34,34,South Michigan,3,236,Friday,34
2026-10-23,35,35,31st/35th,3,221,Friday,35
2026-10-23,36,36,Broadway,3,166,Friday,36
2026-10-23,37,37,Sedgwick,3,100,Friday,37
2026-10-23,39,39,Pershing,3,94,Friday,39
2026-10-23,4,4,Cottage Grove,3,250,Friday,4
2026-10-23,43,43,43rd,3,112,Friday,43
2026-10-23,44,44,Wallace/Racine,3,141,Friday,44
2026-10-23,47,47,47th,3,251,Friday,47
2026-10-23,48,48,South Damen,3,69,Friday,48
2026-10-23,49,49,Western,3,271,Friday,49
2026-10-23,49B,49B,North Western,3,221,Friday,49B
2026-10-23,50,50,Damen,3,173,Friday,50
2026-10-23,51,51,51st,3,98,Friday,51
2026-10-23,52,52,Kedzie,3,190,Friday,52
2026-10-23,52A,52A,South Kedzie,3,142,Friday,52A
2026-10-23,53,53,Pulaski,3,339,Friday,53
2026-10-23,53A,53A,South Pulaski,3,173,Friday,53A
2026-10-23,54,54,Cicero,3,272,Friday,54
2026-10-23,54A,54A,North Cicero/Skokie Blvd.,3,38,Friday,54A
2026-10-23,54B,54B,South Cicero,3,110,Friday,54B
2026-10-23,55,55,Garfield,3,264,Friday,55
2026-10-23,55A,55A,55th/Austin,3,38,Friday,55A
2026-10-23,55N,55N,55th/Narragansett,3,80,Friday,55N
2026-10-23,56,56,Milwaukee,3,167,Friday,56
2026-10-23,57,57,Laramie,3,130,Friday,57
2026-10-23,59,59,59th/61st,3,114,Friday,59
2026-10-23,6,6,Jackson Park Express,3,189,Friday,6
2026-10-23,60,60,Blue Island/26th,3,252,Friday,60
2026-10-23,62,62,Archer,3,193,Friday,62
2026-10-23,62H,62H,Archer/Harlem,3,76,Friday,62H
2026-10-23,63,63,63rd,3,304,Friday,63
2026-10-23,63W,63W,West 63rd,3,118,Friday,63W
2026-10-23,65,65,Grand,3,204,Friday,65
2026-10-23,66,66,Chicago,3,450,Friday,66
2026-10-23,67,67,67th/69th/71st,3,225,Friday,67
2026-10-23,68,68,Northwest Highway,3,99,Friday,68
2026-10-23,7,7,Harrison,3,132,Friday,7
2026-10-23,70,70,Division,3,213,Friday,70
2026-10-23,71,71,71st/South Shore,3,199,Friday,71
2026-10-23,72,72,North,3,299,Friday,72
2026-10-23,73,73,Armitage,3,187,Friday,73
2026-10-23,74,74,Fullerton,3,282,Friday,74
2026-10-23,75,75,74th/75th,3,168,Friday,75
2026-10-23,76,76,Diversey,3,209,Friday,76
2026-10-23,77,77,Belmont,3,328,Friday,77
2026-10-23,78,78,Montrose,3,167,Friday,78
2026-10-23,79,79,79th,3,450,Friday,79
2026-10-23,8,8,Halsted,3,257,Friday,8
2026-10-23,80,80,Irving Park,3,208,Friday,80
2026-10-23,81,81,Lawrence,3,262,Friday,81
2026-10-23,81W,81W,West Lawrence,3,88,Friday,81W
2026-10-23,82,82,Kimball/Homan,3,280,Friday,82
2026-10-23,84,84,Peterson,3,142,Friday,84
2026-10-23,85,85,Central,3,244,Friday,85
2026-10-23,85A,85A,North Central,3,94,Friday,85A
2026-10-23,86,86,Narragansett/Ridgeland,3,106,Friday,86
2026-10-23,87,87,87th,3,263,Friday,87
2026-10-23,88,88,Higgins,3,100,Friday,88
2026-10-23,8A,8A,South Halsted,3,134,Friday,8A
2026-10-23,9,9,Ashland,3,365,Friday,9
2026-10-23,90,90,Harlem,3,132,Friday,90
2026-10-23,91,91,Austin,3,155,Friday,91
2026-10-23,92,92,Foster,3,162,Friday,92
2026-10-23,93,93,California/Dodge,3,125,Friday,93
2026-10-23,94,94,California,3,170,Friday,94
2026-10-23,95,95,95th,3,256,Friday,95
2026-10-23,96,96,Lunt,3,66,Friday,96
2026-10-23,97,97,Skokie,3,108,Friday,97
2026-10-23,Blue,,Blue Line,1,356,Friday,Blue Line
2026-10-23,Brn,,Brown Line,1,180,Friday,Brown Line
2026-10-23,G,,Green Line,1,256,Friday,Green Line
2026-10-23,J14,J14,Jeffery Jump,3,242,Friday,J14
2026-10-23,N5,N5,South Shore Night Bus,3,20,Friday,N5
2026-10-23,Org,,Orange Line,1,144,Friday,Orange Line
2026-10-23,P,,Purple Line,1,188,Friday,Purple Line
2026-10-23,Pink,,Pink Line,1,122,Friday,Pink Line
2026-10-23,Red,,Red Line,1,424,Friday,Red Line
2026-10-23,X4,X4,Cottage Grove Express,3,69,Friday,X4
2026-10-23,X49,X49,Western Express,3,87,Friday,X49
2026-10-23,X9,X9,Ashland Express,3,102,Friday,X9
2026-10-23,Y,,Yellow Line,1,160,Friday,Yellow Line
2026-10-24,10,10,Obama Presidential Center/Museum of Science & Industry Express ,3,36,Saturday,10
2026-10-24,103,103,West 103rd,3,107,Saturday,103
2026-10-24,106,106,East 103rd,3,78,Saturday,106
2026-10-24,11,11,Lincoln,3,68,Saturday,11
2026-10-24,111,111,111th/King Drive,3,120,Saturday,111
2026-10-24,111A,111A,Pullman Shuttle,3,82,Saturday,111A
2026-10-24,112,112,Vincennes/111th,3,90,Saturday,112
2026-10-24,115,115,Pullman/115th,3,123,Saturday,115
2026-10-24,119,119,Michigan/119th,3,141,Saturday,119
2026-10-24,12,12,Roosevelt,3,215,Saturday,12
2026-10-24,124,124,Navy Pier,3,86,Saturday,124
2026-10-24,126,126,Jackson,3,119,Saturday,126
2026-10-24,146,146,Inner Lake Shore/Michigan Express,3,192,Saturday,146
2026-10-24,147,147,Outer DuSable Lake Shore Express,3,219,Saturday,147
2026-10-24,15,15,Jeffery Local,3,138,Saturday,15
2026-10-24,151,151,Sheridan,3,225,Saturday,151
2026-10-24,152,152,Addison,3,121,Saturday,152
2026-10-24,155,155,Devon,3,182,Saturday,155
2026-10-24,169,169,69th/UPS Express,3,1,Saturday,169
2026-10-24,171,171,U. of Chicago/Hyde Park,3,42,Saturday,171
2026-10-24,172,172,U. of Chicago/Kenwood,3,42,Saturday,172
2026-10-24,18,18,16th/18th,3,121,Saturday,18
2026-10-24,20,20,Madison,3,255,Saturday,20
2026-10-24,201,201,Central/Ridge,3,63,Saturday,201
2026-10-24,21,21,Cermak,3,148,Saturday,21
2026-10-24,22,22,Clark,3,224,Saturday,22
2026-10-24,28,28,Stony Island,3,130,Saturday,28
2026-10-24,29,29,State,3,165,Saturday,29
2026-10-24,3,3,King Drive,3,195,Saturday,3
2026-10-24,30,30,South Chicago,3,106,Saturday,30
2026-10-24,34,34,South Michigan,3,210,Saturday,34
2026-10-24,35,35,31st/35th,3,205,Saturday,35
2026-10-24,36,36,Broadway,3,175,Saturday,36
2026-10-24,39,39,Pershing,3,42,Saturday,39
2026-10-24,4,4,Cottage Grove,3,254,Saturday,4
2026-10-24,43,43,43rd,3,58,Saturday,43
2026-10-24,44,44,Wallace/Racine,3,77,Saturday,44
2026-10-24,47,47,47th,3,219,Saturday,47
2026-10-24,49,49,Western,3,256,Saturday,49
2026-10-24,49B,49B,North Western,3,177,Saturday,49B
2026-10-24,50,50,Damen,3,150,Saturday,50
2026-10-24,51,51,51st,3,90,Saturday,51
2026-10-24,52,52,Kedzie,3,148,Saturday,52
2026-10-24,52A,52A,South Kedzie,3,84,Saturday,52A
2026-10-24,53,53,Pulaski,3,272,Saturday,53
2026-10-24,53A,53A,South Pulaski,3,122,Saturday,53A
2026-10-24,54,54,Cicero,3,238,Saturday,54
2026-10-24,54B,54B,South Cicero,3,106,Saturday,54B
2026-10-24,55,55,Garfield,3,240,Saturday,55
2026-10-24,55N,55N,55th/Narragansett,3,56,Saturday,55N
2026-10-24,56,56,Milwaukee,3,116,Saturday,56
2026-10-24,57,57,Laramie,3,77,Saturday,57
2026-10-24,59,59,59th/61st,3,85,Saturday,59
2026-10-24,6,6,Jackson Park Express,3,205,Saturday,6
2026-10-24,60,60,Blue Island/26th,3,220,Saturday,60
2026-10-24,62,62,Archer,3,172,Saturday,62
2026-10-24,62H,62H,Archer/Harlem,3,58,Saturday,62H
2026-10-24,63,63,63rd,3,262,Saturday,63
2026-10-24,63W,63W,West 63rd,3,80,Saturday,63W
2026-10-24,65,65,Grand,3,161,Saturday,65
2026-10-24,66,66,Chicago,3,373,Saturday,66
2026-10-24,67,67,67th/69th/71st,3,208,Saturday,67
2026-10-24,68,68,Northwest Highway,3,70,Saturday,68
2026-10-24,70,70,Division,3,149,Saturday,70
2026-10-24,71,71,71st/South Shore,3,187,Saturday,71
2026-10-24,72,72,North,3,247,Saturday,72
2026-10-24,73,73,Armitage,3,114,Saturday,73
2026-10-24,74,74,Fullerton,3,237,Saturday,74
2026-10-24,75,75,74th/75th,3,136,Saturday,75
2026-10-24,76,76,Diversey,3,142,Saturday,76
2026-10-24,77,77,Belmont,3,249,Saturday,77
2026-10-24,78,78,Montrose,3,132,Saturday,78
2026-10-24,79,79,79th,3,381,Saturday,79
2026-10-24,8,8,Halsted,3,187,Saturday,8
2026-10-24,80,80,Irving Park,3,177,Saturday,80
2026-10-24,81,81,Lawrence,3,234,Saturday,81
2026-10-24,81W,81W,West Lawrence,3,90,Saturday,81W
2026-10-24,82,82,Kimball/Homan,3,246,Saturday,82
2026-10-24,84,84,Peterson,3,88,Saturday,84
2026-10-24,85,85,Central,3,213,Saturday,85
2026-10-24,85A,85A,North Central,3,56,Saturday,85A
2026-10-24,87,87,87th,3,213,Saturday,87
2026-10-24,88,88,Higgins,3,68,Saturday,88
2026-10-24,8A,8A,South Halsted,3,122,Saturday,8A
2026-10-24,9,9,Ashland,3,305,Saturday,9
2026-10-24,90,90,Harlem,3,108,Saturday,90
2026-10-24,91,91,Austin,3,104,Saturday,91
2026-10-24,92,92,Foster,3,120,Saturday,92
2026-10-24,93,93,California/Dodge,3,78,Saturday,93
2026-10-24,94,94,California,3,116,Saturday,94
2026-10-24,95,95,95th,3,233,Saturday,95
2026-10-24,97,97,Skokie,3,91,Saturday,97
2026-10-24,Blue,,Blue Line,1,284,Saturday,Blue Line
2026-10-24,Brn,,Brown Line,1,130,Saturday,Brown Line
2026-10-24,G,,Green Line,1,228,Saturday,Green Line
2026-10-24,J14,J14,Jeffery Jump,3,187,Saturday,J14
2026-10-24,N5,N5,South Shore Night Bus,3,20,Saturday,N5
2026-10-24,Org,,Orange Line,1,120,Saturday,Orange Line
2026-10-24,P,,Purple Line,1,202,Saturday,Purple Line
2026-10-24,Pink,,Pink Line,1,108,Saturday,Pink Line
2026-10-24,Red,,Red Line,1,349,Saturday,Red Line
2026-10-24,Y,,Yellow Line,1,136,Saturday,Yellow Line
2026-10-25,10,10,Obama Presidential Center/Museum of Science & Industry Express ,3,36,Sunday,10
2026-10-25,103,103,West 103rd,3,105,Sunday,103
2026-10-25,106,106,East 103rd,3,82,Sunday,106
2026-10-25,11,11,Lincoln,3,50,Sunday,11
2026-10-25,111,111,111th/King Drive,3,104,Sunday,111
2026-10-25,111A,111A,Pullman Shuttle,3,82,Sunday,111A
2026-10-25,112,112,Vincennes/111th,3,72,Sunday,112
2026-10-25,115,115,Pullman/115th,3,118,Sunday,115
2026-10-25,119,119,Michigan/119th,3,111,Sunday,119
2026-10-25,12,12,Roosevelt,3,219,Sunday,12
2026-10-25,124,124,Navy Pier,3,66,Sunday,124
2026-10-25,126,126,Jackson,3,113,Sunday,126
2026-10-25,146,146,Inner Lake Shore/Michigan Express,3,169,Sunday,146
2026-10-25,147,147,Outer DuSable Lake Shore Express,3,168,Sunday,147
2026-10-25,15,15,Jeffery Local,3,110,Sunday,15
2026-10-25,151,151,Sheridan,3,185,Sunday,151
2026-10-25,152,152,Addison,3,97,Sunday,152
2026-10-25,155,155,Devon,3,146,Sunday,155
2026-10-25,172,172,U. of Chicago/Kenwood,3,42,Sunday,172
2026-10-25,18,18,16th/18th,3,98,Sunday,18
2026-10-25,20,20,Madison,3,243,Sunday,20
2026-10-25,21,21,Cermak,3,128,Sunday,21
2026-10-25,22,22,Clark,3,193,Sunday,22
2026-10-25,28,28,Stony Island,3,116,Sunday,28
2026-10-25,29,29,State,3,137,Sunday,29
2026-10-25,3,3,King Drive,3,150,Sunday,3
2026-10-25,30,30,South Chicago,3,82,Sunday,30
2026-10-25,34,34,South Michigan,3,205,Sunday,34
2026-10-25,35,35,31st/35th,3,202,Sunday,35
2026-10-25,36,36,Broadway,3,163,Sunday,36
2026-10-25,39,39,Pershing,3,42,Sunday,39
2026-10-25,4,4,Cottage Grove,3,229,Sunday,4
2026-10-25,43,43,43rd,3,60,Sunday,43
2026-10-25,44,44,Wallace/Racine,3,75,Sunday,44
2026-10-25,47,47,47th,3,217,Sunday,47
2026-10-25,49,49,Western,3,227,Sunday,49
2026-10-25,49B,49B,North Western,3,156,Sunday,49B
2026-10-25,50,50,Damen,3,128,Sunday,50
2026-10-25,51,51,51st,3,80,Sunday,51
2026-10-25,52,52,Kedzie,3,117,Sunday,52
2026-10-25,52A,52A,South Kedzie,3,64,Sunday,52A
2026-10-25,53,53,Pulaski,3,248,Sunday,53
2026-10-25,53A,53A,South Pulaski,3,102,Sunday,53A
2026-10-25,54,54,Cicero,3,223,Sunday,54
2026-10-25,54B,54B,South Cicero,3,78,Sunday,54B
2026-10-25,55,55,Garfield,3,227,Sunday,55
2026-10-25,56,56,Milwaukee,3,110,Sunday,56
2026-10-25,57,57,Laramie,3,57,Sunday,57
2026-10-25,6,6,Jackson Park Express,3,168,Sunday,6
2026-10-25,60,60,Blue Island/26th,3,220,Sunday,60
2026-10-25,62,62,Archer,3,148,Sunday,62
2026-10-25,63,63,63rd,3,264,Sunday,63
2026-10-25,63W,63W,West 63rd,3,62,Sunday,63W
2026-10-25,65,65,Grand,3,122,Sunday,65
2026-10-25,66,66,Chicago,3,280,Sunday,66
2026-10-25,67,67,67th/69th/71st,3,167,Sunday,67
2026-10-25,68,68,Northwest Highway,3,56,Sunday,68
2026-10-25,70,70,Division,3,134,Sunday,70
2026-10-25,71,71,71st/South Shore,3,155,Sunday,71
2026-10-25,72,72,North,3,234,Sunday,72
2026-10-25,73,73,Armitage,3,105,Sunday,73
2026-10-25,74,74,Fullerton,3,229,Sunday,74
2026-10-25,75,75,74th/75th,3,116,Sunday,75
2026-10-25,76,76,Diversey,3,98,Sunday,76
2026-10-25,77,77,Belmont,3,229,Sunday,77
2026-10-25,78,78,Montrose,3,107,Sunday,78
2026-10-25,79,79,79th,3,283,Sunday,79
2026-10-25,8,8,Halsted,3,145,Sunday,8
2026-10-25,80,80,Irving Park,3,144,Sunday,80
2026-10-25,81,81,Lawrence,3,220,Sunday,81
2026-10-25,81W,81W,West Lawrence,3,56,Sunday,81W
2026-10-25,82,82,Kimball/Homan,3,266,Sunday,82
2026-10-25,84,84,Peterson,3,72,Sunday,84
2026-10-25,85,85,Central,3,209,Sunday,85
2026-10-25,87,87,87th,3,176,Sunday,87
2026-10-25,88,88,Higgins,3,64,Sunday,88
2026-10-25,8A,8A,South Halsted,3,102,Sunday,8A
2026-10-25,9,9,Ashland,3,276,Sunday,9
2026-10-25,90,90,Harlem,3,86,Sunday,90
2026-10-25,91,91,Austin,3,92,Sunday,91
2026-10-25,92,92,Foster,3,108,Sunday,92
2026-10-25,93,93,California/Dodge,3,77,Sunday,93
2026-10-25,94,94,California,3,103,Sunday,94
2026-10-25,95,95,95th,3,224,Sunday,95
2026-10-25,97,97,Skokie,3,65,Sunday,97
2026-10-25,Blue,,Blue Line,1,258,Sunday,Blue Line
2026-10-25,Brn,,Brown Line,1,112,Sunday,Brown Line
2026-10-25,G,,Green Line,1,224,Sunday,Green Line
2026-10-25,J14,J14,Jeffery Jump,3,178,Sunday,J14
2026-10-25,N5,N5,South Shore Night Bus,3,22,Sunday,N5
2026-10-25,Org,,Orange Line,1,114,Sunday,Orange Line
2026-10-25,P,,Purple Line,1,183,Sunday,Purple Line
2026-10-25,Pink,,Pink Line,1,102,Sunday,Pink Line
2026-10-25,Red,,Red Line,1,317,Sunday,Red Line
2026-10-25,Y,,Yellow Line,1,136,Sunday,Yellow Line
2026-10-26,1,1,Bronzeville/Union Station,3,59,Monday,1
2026-10-26,10,10,Obama Presidential Center/Museum of Science & Industry Express ,3,36,Monday,10
2026-10-26,100,100,Jeffery Manor Express,3,53,Monday,100
2026-10-26,103,103,West 103rd,3,129,Monday,103
2026-10-26,106,106,East 103rd,3,135,Monday,106
2026-10-26,108,108,Halsted/95th,3,72,Monday,108
2026-10-26,11,11,Lincoln,3,84,Monday,11
2026-10-26,111,111,111th/King Drive,3,140,Monday,111
2026-10-26,111A,111A,Pullman Shuttle,3,82,Monday,111A
2026-10-26,112,112,Vincennes/111th,3,134,Monday,112
2026-10-26,115,115,Pullman/115th,3,143,Monday,115
2026-10-26,119,119,Michigan/119th,3,187,Monday,119
2026-10-26,12,12,Roosevelt,3,254,Monday,12
2026-10-26,120,120,Ogilvie/Streeterville Express,3,73,Monday,120
2026-10-26,121,121,Union/Streeterville Express,3,76,Monday,121
2026-10-26,124,124,Navy Pier,3,75,Monday,124
2026-10-26,125,125,Water Tower Express,3,51,Monday,125
2026-10-26,126,126,Jackson,3,146,Monday,126
2026-10-26,134,134,Stockton/LaSalle Express,3,49,Monday,134
2026-10-26,135,135,Clarendon/LaSalle Express,3,50,Monday,135
2026-10-26,136,136,Sheridan/LaSalle Express,3,36,Monday,136
2026-10-26,143,143,Stockton/Michigan Express,3,36,Monday,143
2026-10-26,146,146,Inner Lake Shore/Michigan Express,3,222,Monday,146
2026-10-26,147,147,Outer DuSable Lake Shore Express,3,208,Monday,147
2026-10-26,148,148,Clarendon/Michigan Express,3,45,Monday,148
2026-10-26,15,15,Jeffery Local,3,159,Monday,15
2026-10-26,151,151,Sheridan,3,209,Monday,151
2026-10-26,152,152,Addison,3,212,Monday,152
2026-10-26,155,155,Devon,3,204,Monday,155
2026-10-26,156,156,LaSalle,3,136,Monday,156
2026-10-26,157,157,Streeterville/Taylor,3,131,Monday,157
2026-10-26,165,165,West 65th,3,19,Monday,165
2026-10-26,169,169,69th/UPS Express,3,9,Monday,169
2026-10-26,171,171,U. of Chicago/Hyde Park,3,83,Monday,171
2026-10-26,172,172,U. of Chicago/Kenwood,3,126,Monday,172
2026-10-26,18,18,16th/18th,3,130,Monday,18
2026-10-26,192,192,University of Chicago Hospitals Express,3,19,Monday,192
2026-10-26,2,2,Hyde Park Express,3,60,Monday,2
2026-10-26,20,20,Madison,3,338,Monday,20
2026-10-26,201,201,Central/Ridge,3,76,Monday,201
2026-10-26,206,206,Evanston Circulator,3,25,Monday,206
2026-10-26,21,21,Cermak,3,176,Monday,21
2026-10-26,22,22,Clark,3,240,Monday,22
2026-10-26,24,24,Wentworth,3,101,Monday,24
2026-10-26,26,26,South Shore Express,3,86,Monday,26
2026-10-26,28,28,Stony Island,3,164,Monday,28
2026-10-26,29,29,State,3,162,Monday,29
2026-10-26,3,3,King Drive,3,242,Monday,3
2026-10-26,30,30,South Chicago,3,114,Monday,30
2026-10-26,31,31,31st,3,55,Monday,31
2026-10-26,34,34,South Michigan,3,234,Monday,34
2026-10-26,35,35,31st/35th,3,221,Monday,35
2026-10-26,36,36,Broadway,3,166,Monday,36
2026-10-26,37,37,Sedgwick,3,100,Monday,37
2026-10-26,39,39,Pershing,3,94,Monday,39
2026-10-26,4,4,Cottage Grove,3,250,Monday,4
2026-10-26,43,43,43rd,3,112,Monday,43
2026-10-26,44,44,Wallace/Racine,3,141,Monday,44
2026-10-26,47,47,47th,3,251,Monday,47
2026-10-26,48,48,South Damen,3,69,Monday,48
2026-10-26,49,49,Western,3,271,Monday,49
2026-10-26,49B,49B,North Western,3,220,Monday,49B
2026-10-26,50,50,Damen,3,173,Monday,50
2026-10-26,51,51,51st,3,98,Monday,51
2026-10-26,52,52,Kedzie,3,190,Monday,52
2026-10-26,52A,52A,South Kedzie,3,142,Monday,52A
2026-10-26,53,53,Pulaski,3,340,Monday,53
2026-10-26,53A,53A,South Pulaski,3,171,Monday,53A
2026-10-26,54,54,Cicero,3,270,Monday,54
2026-10-26,54A,54A,North Cicero/Skokie Blvd.,3,38,Monday,54A
2026-10-26,54B,54B,South Cicero,3,110,Monday,54B
2026-10-26,55,55,Garfield,3,264,Monday,55
2026-10-26,55A,55A,55th/Austin,3,38,Monday,55A
2026-10-26,55N,55N,55th/Narragansett,3,80,Monday,55N
2026-10-26,56,56,Milwaukee,3,167,Monday,56
2026-10-26,57,57,Laramie,3,130,Monday,57
2026-10-26,59,59,59th/61st,3,114,Monday,59
2026-10-26,6,6,Jackson Park Express,3,190,Monday,6
2026-10-26,60,60,Blue Island/26th,3,252,Monday,60
2026-10-26,62,62,Archer,3,193,Monday,62
2026-10-26,62H,62H,Archer/Harlem,3,76,Monday,62H
2026-10-26,63,63,63rd,3,306,Monday,63
2026-10-26,63W,63W,West 63rd,3,118,Monday,63W
2026-10-26,65,65,Grand,3,202,Monday,65
2026-10-26,66,66,Chicago,3,445,Monday,66
2026-10-26,67,67,67th/69th/71st,3,228,Monday,67
2026-10-26,68,68,Northwest Highway,3,99,Monday,68
2026-10-26,7,7,Harrison,3,132,Monday,7
2026-10-26,70,70,Division,3,212,Monday,70
2026-10-26,71,71,71st/South Shore,3,195,Monday,71
2026-10-26,72,72,North,3,295,Monday,72
2026-10-26,73,73,Armitage,3,186,Monday,73
2026-10-26,74,74,Fullerton,3,283,Monday,74
2026-10-26,75,75,74th/75th,3,168,Monday,75
2026-10-26,76,76,Diversey,3,208,Monday,76
2026-10-26,77,77,Belmont,3,328,Monday,77
2026-10-26,78,78,Montrose,3,167,Monday,78
2026-10-26,79,79,79th,3,446,Monday,79
2026-10-26,8,8,Halsted,3,257,Monday,8
2026-10-26,80,80,Irving Park,3,207,Monday,80
2026-10-26,81,81,Lawrence,3,260,Monday,81
2026-10-26,81W,81W,West Lawrence,3,88,Monday,81W
2026-10-26,82,82,Kimball/Homan,3,281,Monday,82
2026-10-26,84,84,Peterson,3,142,Monday,84
2026-10-26,85,85,Central,3,244,Monday,85
2026-10-26,85A,85A,North Central,3,94,Monday,85A
2026-10-26,86,86,Narragansett/Ridgeland,3,106,Monday,86
2026-10-26,87,87,87th,3,260,Monday,87
2026-10-26,88,88,Higgins,3,100,Monday,88
2026-10-26,8A,8A,South Halsted,3,134,Monday,8A
2026-10-26,9,9,Ashland,3,363,Monday,9
2026-10-26,90,90,Harlem,3,132,Monday,90
2026-10-26,91,91,Austin,3,155,Monday,91
2026-10-26,92,92,Foster,3,162,Monday,92
2026-10-26,93,93,California/Dodge,3,125,Monday,93
2026-10-26,94,94,California,3,170,Monday,94
2026-10-26,95,95,95th,3,256,Monday,95
2026-10-26,96,96,Lunt,3,66,Monday,96
2026-10-26,97,97,Skokie,3,108,Monday,97
2026-10-26,Blue,,Blue Line,1,354,Monday,Blue Line
2026-10-26,Brn,,Brown Line,1,178,Monday,Brown Line
2026-10-26,G,,Green Line,1,256,Monday,Green Line
2026-10-26,J14,J14,Jeffery Jump,3,242,Monday,J14
2026-10-26,N5,N5,South Shore Night Bus,3,20,Monday,N5
2026-10-26,Org,,Orange Line,1,144,Monday,Orange Line
2026-10-26,P,,Purple Line,1,189,Monday,Purple Line
2026-10-26,Pink,,Pink Line,1,122,Monday,Pink Line
2026-10-26,Red,,Red Line,1,422,Monday,Red Line
2026-10-26,X4,X4,Cottage Grove Express,3,69,Monday,X4
2026-10-26,X49,X49,Western Express,3,87,Monday,X49
2026-10-26,X9,X9,Ashland Express,3,102,Monday,X9
2026-10-26,Y,,Yellow Line,1,160,Monday,Yellow Line
2026-10-27,1,1,Bronzeville/Union Station,3,59,Tuesday,1
2026-10-27,10,10,Obama Presidential Center/Museum of Science & Industry Express ,3,36,Tuesday,10
2026-10-27,100,100,Jeffery Manor Express,3,53,Tuesday,100
2026-10-27,103,103,West 103rd,3,129,Tuesday,103
2026-10-27,106,106,East 103rd,3,135,Tuesday,106
2026-10-27,108,108,Halsted/95th,3,72,Tuesday,108
2026-10-27,11,11,Lincoln,3,84,Tuesday,11
2026-10-27,111,111,111th/King Drive,3,140,Tuesday,111
2026-10-27,111A,111A,Pullman Shuttle,3,82,Tuesday,111A
2026-10-27,112,112,Vincennes/111th,3,134,Tuesday,112
2026-10-27,115,115,Pullman/115th,3,143,Tuesday,115
2026-10-27,119,119,Michigan/119th,3,189,Tuesday,119
2026-10-27,12,12,Roosevelt,3,254,Tuesday,12
2026-10-27,120,120,Ogilvie/Streeterville Express,3,73,Tuesday,120
2026-10-27,121,121,Union/Streeterville Express,3,76,Tuesday,121
2026-10-27,124,124,Navy Pier,3,75,Tuesday,124
2026-10-27,125,125,Water Tower Express,3,51,Tuesday,125
2026-10-27,126,126,Jackson,3,146,Tuesday,126
2026-10-27,134,134,Stockton/LaSalle Express,3,49,Tuesday,134
2026-10-27,135,135,Clarendon/LaSalle Express,3,50,Tuesday,135
2026-10-27,136,136,Sheridan/LaSalle Express,3,36,Tuesday,136
2026-10-27,143,143,Stockton/Michigan Express,3,36,Tuesday,143
2026-10-27,146,146,Inner Lake Shore/Michigan Express,3,222,Tuesday,146
2026-10-27,147,147,Outer DuSable Lake Shore Express,3,208,Tuesday,147
2026-10-27,148,148,Clarendon/Michigan Express,3,45,Tuesday,148
2026-10-27,15,15,Jeffery Local,3,159,Tuesday,15
2026-10-27,151,151,Sheridan,3,211,Tuesday,151
2026-10-27,152,152,Addison,3,212,Tuesday,152
2026-10-27,155,155,Devon,3,204,Tuesday,155
2026-10-27,156,156,LaSalle,3,136,Tuesday,156
2026-10-27,157,157,Streeterville/Taylor,3,131,Tuesday,157
2026-10-27,165,165,West 65th,3,19,Tuesday,165
2026-10-27,169,169,69th/UPS Express,3,10,Tuesday,169
2026-10-27,171,171,U. of Chicago/Hyde Park,3,83,Tuesday,171
2026-10-27,172,172,U. of Chicago/Kenwood,3,126,Tuesday,172
2026-10-27,18,18,16th/18th,3,130,Tuesday,18
2026-10-27,192,192,University of Chicago Hospitals Express,3,19,Tuesday,192
2026-10-27,2,2,Hyde Park Express,3,60,Tuesday,2
2026-10-27,20,20,Madison,3,338,Tuesday,20
2026-10-27,201,201,Central/Ridge,3,76,Tuesday,201
2026-10-27,206,206,Evanston Circulator,3,25,Tuesday,206
2026-10-27,21,21,Cermak,3,176,Tuesday,21
2026-10-27,22,22,Clark,3,239,Tuesday,22
2026-10-27,24,24,Wentworth,3,101,Tuesday,24
2026-10-27,26,26,South Shore Express,3,86,Tuesday,26
2026-10-27,28,28,Stony Island,3,162,Tuesday,28
2026-10-27,29,29,State,3,162,Tuesday,29
2026-10-27,3,3,King Drive,3,243,Tuesday,3
2026-10-27,30,30,South Chicago,3,114,Tuesday,30
2026-10-27,31,31,31st,3,55,Tuesday,31
2026-10-27,34,34,South Michigan,3,236,Tuesday,34
2026-10-27,35,35,31st/35th,3,221,Tuesday,35
2026-10-27,36,36,Broadway,3,166,Tuesday,36
2026-10-27,37,37,Sedgwick,3,100,Tuesday,37
2026-10-27,39,39,Pershing,3,94,Tuesday,39
2026-10-27,4,4,Cottage Grove,3,250,Tuesday,4
2026-10-27,43,43,43rd,3,112,Tuesday,43
2026-10-27,44,44,Wallace/Racine,3,141,Tuesday,44
2026-10-27,47,47,47th,3,251,Tuesday,47
2026-10-27,48,48,South Damen,3,69,Tuesday,48
2026-10-27,49,49,Western,3,271,Tuesday,49
2026-10-27,49B,49B,North Western,3,221,Tuesday,49B
2026-10-27,50,50,Damen,3,173,Tuesday,50
2026-10-27,51,51,51st,3,98,Tuesday,51
2026-10-27,52,52,Kedzie,3,190,Tuesday,52
2026-10-27,52A,52A,South Kedzie,3,142,Tuesday,52A
2026-10-27,53,53,Pulaski,3,339,Tuesday,53
2026-10-27,53A,53A,South Pulaski,3,173,Tuesday,53A
2026-10-27,54,54,Cicero,3,272,Tuesday,54
2026-10-27,54A,54A,North Cicero/Skokie Blvd.,3,38,Tuesday,54A
2026-10-27,54B,54B,South Cicero,3,110,Tuesday,54B
2026-10-27,55,55,Garfield,3,264,Tuesday,55
2026-10-27,55A,55A,55th/Austin,3,38,Tuesday,55A
2026-10-27,55N,55N,55th/Narragansett,3,80,Tuesday,55N
2026-10-27,56,56,Milwaukee,3,167,Tuesday,56
2026-10-27,57,57,Laramie,3,130,Tuesday,57
2026-10-27,59,59,59th/61st,3,114,Tuesday,59
2026-10-27,6,6,Jackson Park Express,3,189,Tuesday,6
2026-10-27,60,60,Blue Island/26th,3,252,Tuesday,60
2026-10-27,62,62,Archer,3,193,Tuesday,62
2026-10-27,62H,62H,Archer/Harlem,3,76,Tuesday,62H
2026-10-27,63,63,63rd,3,304,Tuesday,63
2026-10-27,63W,63W,West 63rd,3,118,Tuesday,63W
2026-10-27,65,65,Grand,3,204,Tuesday,65
2026-10-27,66,66,Chicago,3,450,Tuesday,66
2026-10-27,67,67,67th/69th/71st,3,225,Tuesday,67
2026-10-27,68,68,Northwest Highway,3,99,Tuesday,68
2026-10-27,7,7,Harrison,3,132,Tuesday,7
2026-10-27,70,70,Division,3,213,Tuesday,70
2026-10-27,71,71,71st/South Shore,3,199,Tuesday,71
2026-10-27,72,72,North,3,299,Tuesday,72
2026-10-27,73,73,Armitage,3,186,Tuesday,73
2026-10-27,74,74,Fullerton,3,282,Tuesday,74
2026-10-27,75,75,74th/75th,3,168,Tuesday,75
2026-10-27,76,76,Diversey,3,209,Tuesday,76
2026-10-27,77,77,Belmont,3,328,Tuesday,77
2026-10-27,78,78,Montrose,3,167,Tuesday,78
2026-10-27,79,79,79th,3,450,Tuesday,79
2026-10-27,8,8,Halsted,3,257,Tuesday,8
2026-10-27,80,80,Irving Park,3,208,Tuesday,80
2026-10-27,81,81,Lawrence,3,262,Tuesday,81
2026-10-27,81W,81W,West Lawrence,3,88,Tuesday,81W
2026-10-27,82,82,Kimball/Homan,3,280,Tuesday,82
2026-10-27,84,84,Peterson,3,142,Tuesday,84
2026-10-27,85,85,Central,3,244,Tuesday,85
2026-10-27,85A,85A,North Central,3,94,Tuesday,85A
2026-10-27,86,86,Narragansett/Ridgeland,3,106,Tuesday,86
2026-10-27,87,87,87th,3,263,Tuesday,87
2026-10-27,88,88,Higgins,3,100,Tuesday,88
2026-10-27,8A,8A,South Halsted,3,134,Tuesday,8A
2026-10-27,9,9,Ashland,3,365,Tuesday,9
2026-10-27,90,90,Harlem,3,132,Tuesday,90
2026-10-27,91,91,Austin,3,155,Tuesday,91
2026-10-27,92,92,Foster,3,162,Tuesday,92
2026-10-27,93,93,California/Dodge,3,125,Tuesday,93
2026-10-27,94,94,California,3,170,Tuesday,94
2026-10-27,95,95,95th,3,256,Tuesday,95
2026-10-27,96,96,Lunt,3,66,Tuesday,96
2026-10-27,97,97,Skokie,3,108,Tuesday,97
2026-10-27,Blue,,Blue Line,1,356,Tuesday,Blue Line
2026-10-27,Brn,,Brown Line,1,180,Tuesday,Brown Line
2026-10-27,G,,Green Line,1,256,Tuesday,Green Line
2026-10-27,J14,J14,Jeffery Jump,3,242,Tuesday,J14
2026-10-27,N5,N5,South Shore Night Bus,3,20,Tuesday,N5
2026-10-27,Org,,Orange Line,1,144,Tuesday,Orange Line
2026-10-27,P,,Purple Line,1,188,Tuesday,Purple Line
2026-10-27,Pink,,Pink Line,1,122,Tuesday,Pink Line
2026-10-27,Red,,Red Line,1,424,Tuesday,Red Line
2026-10-27,X4,X4,Cottage Grove Express,3,69,Tuesday,X4
2026-10-27,X49,X49,Western Express,3,87,Tuesday,X49
2026-10-27,X9,X9,Ashland Express,3,102,Tuesday,X9
2026-10-27,Y,,Yellow Line,1,160,Tuesday,Yellow Line
2026-10-28,1,1,Bronzeville/Union Station,3,59,Wednesday,1
2026-10-28,10,10,Obama Presidential Center/Museum of Science & Industry Express ,3,36,Wednesday,10
2026-10-28,100,100,Jeffery Manor Express,3,53,Wednesday,100
2026-10-28,103,103,West 103rd,3,129,Wednesday,103
2026-10-28,106,106,East 103rd,3,135,Wednesday,106
2026-10-28,108,108,Halsted/95th,3,72,Wednesday,108
2026-10-28,11,11,Lincoln,3,84,Wednesday,11
2026-10-28,111,111,111th/King Drive,3,140,Wednesday,111
2026-10-28,111A,111A,Pullman Shuttle,3,82,Wednesday,111A
2026-10-28,112,112,Vincennes/111th,3,134,Wednesday,112
2026-10-28,115,115,Pullman/115th,3,143,Wednesday,115
2026-10-28,119,119,Michigan/119th,3,189,Wednesday,119
2026-10-28,12,12,Roosevelt,3,254,Wednesday,12
2026-10-28,120,120,Ogilvie/Streeterville Express,3,73,Wednesday,120
2026-10-28,121,121,Union/Streeterville Express,3,76,Wednesday,121
2026-10-28,124,124,Navy Pier,3,75,Wednesday,124
2026-10-28,125,125,Water Tower Express,3,51,Wednesday,125
2026-10-28,126,126,Jackson,3,146,Wednesday,126
2026-10-28,134,134,Stockton/LaSalle Express,3,49,Wednesday,134
2026-10-28,135,135,Clarendon/LaSalle Express,3,50,Wednesday,135
2026-10-28,136,136,Sheridan/LaSalle Express,3,36,Wednesday,136
2026-10-28,143,143,Stockton/Michigan Express,3,36,Wednesday,143
2026-10-28,146,146,Inner Lake Shore/Michigan Express,3,222,Wednesday,146
2026-10-28,147,147,Outer DuSable Lake Shore Express,3,208,Wednesday,147
2026-10-28,148,148,Clarendon/Michigan Express,3,45,Wednesday,148
2026-10-28,15,15,Jeffery Local,3,159,Wednesday,15
2026-10-28,151,151,Sheridan,3,211,Wednesday,151
2026-10-28,152,152,Addison,3,212,Wednesday,152
2026-10-28,155,155,Devon,3,204,Wednesday,155
2026-10-28,156,156,LaSalle,3,136,Wednesday,156
2026-10-28,157,157,Streeterville/Taylor,3,131,Wednesday,157
2026-10-28,165,165,West 65th,3,19,Wednesday,165
2026-10-28,169,169,69th/UPS Express,3,10,Wednesday,169
2026-10-28,171,171,U. of Chicago/Hyde Park,3,83,Wednesday,171
2026-10-28,172,172,U. of Chicago/Kenwood,3,126,Wednesday,172
2026-10-28,18,18,16th/18th,3,130,Wednesday,18
2026-10-28,192,192,University of Chicago Hospitals Express,3,19,Wednesday,192
2026-10-28,2,2,Hyde Park Express,3,60,Wednesday,2
2026-10-28,20,20,Madison,3,338,Wednesday,20
2026-10-28,201,201,Central/Ridge,3,76,Wednesday,201
2026-10-28,206,206,Evanston Circulator,3,25,Wednesday,206
2026-10-28,21,21,Cermak,3,176,Wednesday,21
2026-10-28,22,22,Clark,3,239,Wednesday,22
2026-10-28,24,24,Wentworth,3,101,Wednesday,24
2026-10-28,26,26,South Shore Express,3,86,Wednesday,26
2026-10-28,28,28,Stony Island,3,162,Wednesday,28
2026-10-28,29,29,State,3,162,Wednesday,29
2026-10-28,3,3,King Drive,3,243,Wednesday,3
2026-10-28,30,30,South Chicago,3,114,Wednesday,30
2026-10-28,31,31,31st,3,55,Wednesday,31
2026-10-28,34,34,South Michigan,3,236,Wednesday,34
2026-10-28,35,35,31st/35th,3,221,Wednesday,35
2026-10-28,36,36,Broadway,3,166,Wednesday,36
2026-10-28,37,37,Sedgwick,3,100,Wednesday,37
2026-10-28,39,39,Pershing,3,94,Wednesday,39
2026-10-28,4,4,Cottage Grove,3,250,Wednesday,4
2026-10-28,43,43,43rd,3,112,Wednesday,43
2026-10-28,44,44,Wallace/Racine,3,141,Wednesday,44
2026-10-28,47,47,47th,3,251,Wednesday,47
2026-10-28,48,48,South Damen,3,69,Wednesday,48
2026-10-28,49,49,Western,3,271,Wednesday,49
2026-10-28,49B,49B,North Western,3,221,Wednesday,49B
2026-10-28,50,50,Damen,3,173,Wednesday,50
2026-10-28,51,51,51st,3,98,Wednesday,51
2026-10-28,52,52,Kedzie,3,190,Wednesday,52
2026-10-28,52A,52A,South Kedzie,3,142,Wednesday,52A
2026-10-28,53,53,Pulaski,3,339,Wednesday,53
2026-10-28,53A,53A,South Pulaski,3,173,Wednesday,53A
2026-10-28,54,54,Cicero,3,272,Wednesday,54
2026-10-28,54A,54A,North Cicero/Skokie Blvd.,3,38,Wednesday,54A
2026-10-28,54B,54B,South Cicero,3,110,Wednesday,54B
2026-10-28,55,55,Garfield,3,264,Wednesday,55
2026-10-28,55A,55A,55th/Austin,3,38,Wednesday,55A
2026-10-28,55N,55N,55th/Narragansett,3,80,Wednesday,55N
2026-10-28,56,56,Milwaukee,3,167,Wednesday,56
2026-10-28,57,57,Laramie,3,130,Wednesday,57
2026-10-28,59,59,59th/61st,3,114,Wednesday,59
2026-10-28,6,6,Jackson Park Express,3,189,Wednesday,6
2026-10-28,60,60,Blue Island/26th,3,252,Wednesday,60
2026-10-28,62,62,Archer,3,193,Wednesday,62
2026-10-28,62H,62H,Archer/Harlem,3,76,Wednesday,62H
2026-10-28,63,63,63rd,3,304,Wednesday,63
2026-10-28,63W,63W,West 63rd,3,118,Wednesday,63W
2026-10-28,65,65,Grand,3,204,Wednesday,65
2026-10-28,66,66,Chicago,3,450,Wednesday,66
2026-10-28,67,67,67th/69th/71st,3,227,Wednesday,67
2026-10-28,68,68,Northwest Highway,3,99,Wednesday,68
2026-10-28,7,7,Harrison,3,132,Wednesday,7
2026-10-28,70,70,Division,3,214,Wednesday,70
2026-10-28,71,71,71st/South Shore,3,199,Wednesday,71
2026-10-28,72,72,North,3,299,Wednesday,72
2026-10-28,73,73,Armitage,3,186,Wednesday,73
2026-10-28,74,74,Fullerton,3,282,Wednesday,74
2026-10-28,75,75,74th/75th,3,168,Wednesday,75
2026-10-28,76,76,Diversey,3,209,Wednesday,76
2026-10-28,77,77,Belmont,3,328,Wednesday,77
2026-10-28,78,78,Montrose,3,167,Wednesday,78
2026-10-28,79,79,79th,3,450,Wednesday,79
2026-10-28,8,8,Halsted,3,257,Wednesday,8
2026-10-28,80,80,Irving Park,3,208,Wednesday,80
2026-10-28,81,81,Lawrence,3,262,Wednesday,81
2026-10-28,81W,81W,West Lawrence,3,88,Wednesday,81W
2026-10-28,82,82,Kimball/Homan,3,280,Wednesday,82
2026-10-28,84,84,Peterson,3,142,Wednesday,84
2026-10-28,85,85,Central,3,244,Wednesday,85
2026-10-28,85A,85A,North Central,3,94,Wednesday,85A
2026-10-28,86,86,Narragansett/Ridgeland,3,106,Wednesday,86
2026-10-28,87,87,87th,3,263,Wednesday,87
2026-10-28,88,88,Higgins,3,100,Wednesday,88
2026-10-28,8A,8A,South Halsted,3,134,Wednesday,8A
2026-10-28,9,9,Ashland,3,365,Wednesday,9
2026-10-28,90,90,Harlem,3,132,Wednesday,90
2026-10-28,91,91,Austin,3,155,Wednesday,91
2026-10-28,92,92,Foster,3,162,Wednesday,92
2026-10-28,93,93,California/Dodge,3,125,Wednesday,93
2026-10-28,94,94,California,3,170,Wednesday,94
2026-10-28,95,95,95th,3,256,Wednesday,95
2026-10-28,96,96,Lunt,3,66,Wednesday,96
2026-10-28,97,97,Skokie,3,108,Wednesday,97
2026-10-28,Blue,,Blue Line,1,356,Wednesday,Blue Line
2026-10-28,Brn,,Brown Line,1,180,Wednesday,Brown Line
2026-10-28,G,,Green Line,1,256,Wednesday,Green Line
2026-10-28,J14,J14,Jeffery Jump,3,242,Wednesday,J14
2026-10-28,N5,N5,South Shore Night Bus,3,20,Wednesday,N5
2026-10-28,Org,,Orange Line,1,144,Wednesday,Orange Line
2026-10-28,P,,Purple Line,1,188,Wednesday,Purple Line
2026-10-28,Pink,,Pink Line,1,122,Wednesday,Pink Line
2026-10-28,Red,,Red Line,1,424,Wednesday,Red Line
2026-10-28,X4,X4,Cottage Grove Express,3,69,Wednesday,X4
2026-10-28,X49,X49,Western Express,3,87,Wednesday,X49
2026-10-28,X9,X9,Ashland Express,3,102,Wednesday,X9
2026-10-28,Y,,Yellow Line,1,160,Wednesday,Yellow Line
2026-10-29,1,1,Bronzeville/Union Station,3,59,Thursday,1
2026-10-29,10,10,Obama Presidential Center/Museum of Science & Industry Express ,3,36,Thursday,10
2026-10-29,100,100,Jeffery Manor Express,3,53,Thursday,100
2026-10-29,103,103,West 103rd,3,129,Thursday,103
2026-10-29,106,106,East 103rd,3,135,Thursday,106
2026-10-29,108,108,Halsted/95th,3,72,Thursday,108
2026-10-29,11,11,Lincoln,3,84,Thursday,11
2026-10-29,111,111,111th/King Drive,3,140,Thursday,111
2026-10-29,111A,111A,Pullman Shuttle,3,82,Thursday,111A
2026-10-29,112,112,Vincennes/111th,3,134,Thursday,112
2026-10-29,115,115,Pullman/115th,3,143,Thursday,115
2026-10-29,119,119,Michigan/119th,3,189,Thursday,119
2026-10-29,12,12,Roosevelt,3,254,Thursday,12
2026-10-29,120,120,Ogilvie/Streeterville Express,3,73,Thursday,120
2026-10-29,121,121,Union/Streeterville Express,3,76,Thursday,121
2026-10-29,124,124,Navy Pier,3,75,Thursday,124
2026-10-29,125,125,Water Tower Express,3,51,Thursday,125
2026-10-29,126,126,Jackson,3,146,Thursday,126
2026-10-29,134,134,Stockton/LaSalle Express,3,49,Thursday,134
2026-10-29,135,135,Clarendon/LaSalle Express,3,50,Thursday,135
2026-10-29,136,136,Sheridan/LaSalle Express,3,36,Thursday,136
2026-10-29,143,143,Stockton/Michigan Express,3,36,Thursday,143
2026-10-29,146,146,Inner Lake Shore/Michigan Express,3,222,Thursday,146
2026-10-29,147,147,Outer DuSable Lake Shore Express,3,208,Thursday,147
2026-10-29,148,148,Clarendon/Michigan Express,3,45,Thursday,148
2026-10-29,15,15,Jeffery Local,3,159,Thursday,15
2026-10-29,151,151,Sheridan,3,211,Thursday,151
2026-10-29,152,152,Addison,3,212,Thursday,152
2026-10-29,155,155,Devon,3,204,Thursday,155
2026-10-29,156,156,LaSalle,3,136,Thursday,156
2026-10-29,157,157,Streeterville/Taylor,3,131,Thursday,157
2026-10-29,165,165,West 65th,3,19,Thursday,165
2026-10-29,169,169,69th/UPS Express,3,10,Thursday,169
2026-10-29,171,171,U. of Chicago/Hyde Park,3,83,Thursday,171
2026-10-29,172,172,U. of Chicago/Kenwood,3,126,Thursday,172
2026-10-29,18,18,16th/18th,3,130,Thursday,18
2026-10-29,192,192,University of Chicago Hospitals Express,3,19,Thursday,192
2026-10-29,2,2,Hyde Park Express,3,60,Thursday,2
2026-10-29,20,20,Madison,3,338,Thursday,20
2026-10-29,201,201,Central/Ridge,3,76,Thursday,201
2026-10-29,206,206,Evanston Circulator,3,25,Thursday,206
2026-10-29,21,21,Cermak,3,176,Thursday,21
2026-10-29,22,22,Clark,3,239,Thursday,22
2026-10-29,24,24,Wentworth,3,101,Thursday,24
2026-10-29,26,26,South Shore Express,3,86,Thursday,26
2026-10-29,28,28,Stony Island,3,162,Thursday,28
2026-10-29,29,29,State,3,162,Thursday,29
2026-10-29,3,3,King Drive,3,243,Thursday,3
2026-10-29,30,30,South Chicago,3,114,Thursday,30
2026-10-29,31,31,31st,3,55,Thursday,31
2026-10-29,34,34,South Michigan,3,236,Thursday,34
2026-10-29,35,35,31st/35th,3,221,Thursday,35
2026-10-29,36,36,Broadway,3,166,Thursday,36
2026-10-29,37,37,Sedgwick,3,100,Thursday,37
2026-10-29,39,39,Pershing,3,94,Thursday,39
2026-10-29,4,4,Cottage Grove,3,250,Thursday,4
2026-10-29,43,43,43rd,3,112,Thursday,43
2026-10-29,44,44,Wallace/Racine,3,141,Thursday,44
2026-10-29,47,47,47th,3,251,Thursday,47
2026-10-29,48,48,South Damen,3,69,Thursday,48
2026-10-29,49,49,Western,3,271,Thursday,49
2026-10-29,49B,49B,North Western,3,221,Thursday,49B
2026-10-29,50,50,Damen,3,173,Thursday,50
2026-10-29,51,51,51st,3,98,Thursday,51
2026-10-29,52,52,Kedzie,3,190,Thursday,52
2026-10-29,52A,52A,South Kedzie,3,142,Thursday,52A
2026-10-29,53,53,Pulaski,3,339,Thursday,53
2026-10-29,53A,53A,South Pulaski,3,173,Thursday,53A
2026-10-29,54,54,Cicero,3,272,Thursday,54
2026-10-29,54A,54A,North Cicero/Skokie Blvd.,3,38,Thursday,54A
2026-10-29,54B,54B,South Cicero,3,110,Thursday,54B
2026-10-29,55,55,Garfield,3,264,Thursday,55
2026-10-29,55A,55A,55th/Austin,3,38,Thursday,55A
2026-10-29,55N,55N,55th/Narragansett,3,80,Thursday,55N
2026-10-29,56,56,Milwaukee,3,167,Thursday,56
2026-10-29,57,57,Laramie,3,130,Thursday,57
2026-10-29,59,59,59th/61st,3,114,Thursday,59
2026-10-29,6,6,Jackson Park Express,3,189,Thursday,6
2026-10-29,60,60,Blue Island/26th,3,252,Thursday,60
2026-10-29,62,62,Archer,3,193,Thursday,62
2026-10-29,62H,62H,Archer/Harlem,3,76,Thursday,62H
2026-10-29,63,63,63rd,3,304,Thursday,63
2026-10-29,63W,63W,West 63rd,3,118,Thursday,63W
2026-10-29,65,65,Grand,3,204,Thursday,65
2026-10-29,66,66,Chicago,3,450,Thursday,66
2026-10-29,67,67,67th/69th/71st,3,225,Thursday,67
2026-10-29,68,68,Northwest Highway,3,99,Thursday,68
2026-10-29,7,7,Harrison,3,132,Thursday,7
2026-10-29,70,70,Division,3,213,Thursday,70
2026-10-29,71,71,71st/South Shore,3,199,Thursday,71
2026-10-29,72,72,North,3,299,Thursday,72
2026-10-29,73,73,Armitage,3,186,Thursday,73
2026-10-29,74,74,Fullerton,3,282,Thursday,74
2026-10-29,75,75,74th/75th,3,168,Thursday,75
2026-10-29,76,76,Diversey,3,209,Thursday,76
2026-10-29,77,77,Belmont,3,328,Thursday,77
2026-10-29,78,78,Montrose,3,167,Thursday,78
2026-10-29,79,79,79th,3,450,Thursday,79
2026-10-29,8,8,Halsted,3,257,Thursday,8
2026-10-29,80,80,Irving Park,3,208,Thursday,80
2026-10-29,81,81,Lawrence,3,262,Thursday,81
2026-10-29,81W,81W,West Lawrence,3,88,Thursday,81W
2026-10-29,82,82,Kimball/Homan,3,280,Thursday,82
2026-10-29,84,84,Peterson,3,142,Thursday,84
2026-10-29,85,85,Central,3,244,Thursday,85
2026-10-29,85A,85A,North Central,3,94,Thursday,85A
2026-10-29,86,86,Narragansett/Ridgeland,3,106,Thursday,86
2026-10-29,87,87,87th,3,263,Thursday,87
2026-10-29,88,88,Higgins,3,100,Thursday,88
2026-10-29,8A,8A,South Halsted,3,134,Thursday,8A
2026-10-29,9,9,Ashland,3,365,Thursday,9
2026-10-29,90,90,Harlem,3,132,Thursday,90
2026-10-29,91,91,Austin,3,155,Thursday,91
2026-10-29,92,92,Foster,3,162,Thursday,92
2026-10-29,93,93,California/Dodge,3,125,Thursday,93
2026-10-29,94,94,California,3,170,Thursday,94
2026-10-29,95,95,95th,3,256,Thursday,95
2026-10-29,96,96,Lunt,3,66,Thursday,96
2026-10-29,97,97,Skokie,3,108,Thursday,97
2026-10-29,Blue,,Blue Line,1,356,Thursday,Blue Line
2026-10-29,Brn,,Brown Line,1,180,Thursday,Brown Line
2026-10-29,G,,Green Line,1,256,Thursday,Green Line
2026-10-29,J14,J14,Jeffery Jump,3,242,Thursday,J14
2026-10-29,N5,N5,South Shore Night Bus,3,20,Thursday,N5
2026-10-29,Org,,Orange Line,1,144,Thursday,Orange Line
2026-10-29,P,,Purple Line,1,188,Thursday,Purple Line
2026-10-29,Pink,,Pink Line,1,122,Thursday,Pink Line
2026-10-29,Red,,Red Line,1,424,Thursday,Red Line
2026-10-29,X4,X4,Cottage Grove Express,3,69,Thursday,X4
2026-10-29,X49,X49,Western Express,3,87,Thursday,X49
2026-10-29,X9,X9,Ashland Express,3,102,Thursday,X9
2026-10-29,Y,,Yellow Line,1,160,Thursday,Yellow Line
2026-10-30,1,1,Bronzeville/Union Station,3,59,Friday,1
2026-10-30,10,10,Obama Presidential Center/Museum of Science & Industry Express ,3,36,Friday,10
2026-10-30,100,100,Jeffery Manor Express,3,53,Friday,100
2026-10-30,103,103,West 103rd,3,129,Friday,103
2026-10-30,106,106,East 103rd,3,134,Friday,106
2026-10-30,108,108,Halsted/95th,3,71,Friday,108
2026-10-30,11,11,Lincoln,3,84,Friday,11
2026-10-30,111,111,111th/King Drive,3,140,Friday,111
2026-10-30,111A,111A,Pullman Shuttle,3,82,Friday,111A
2026-10-30,112,112,Vincennes/111th,3,134,Friday,112
2026-10-30,115,115,Pullman/115th,3,143,Friday,115
2026-10-30,119,119,Michigan/119th,3,189,Friday,119
2026-10-30,12,12,Roosevelt,3,254,Friday,12
2026-10-30,120,120,Ogilvie/Streeterville Express,3,73,Friday,120
2026-10-30,121,121,Union/Streeterville Express,3,76,Friday,121
2026-10-30,124,124,Navy Pier,3,75,Friday,124
2026-10-30,125,125,Water Tower Express,3,51,Friday,125
2026-10-30,126,126,Jackson,3,146,Friday,126
2026-10-30,134,134,Stockton/LaSalle Express,3,49,Friday,134
2026-10-30,135,135,Clarendon/LaSalle Express,3,50,Friday,135
2026-10-30,136,136,Sheridan/LaSalle Express,3,36,Friday,136
2026-10-30,143,143,Stockton/Michigan Express,3,36,Friday,143
2026-10-30,146,146,Inner Lake Shore/Michigan Express,3,222,Friday,146
2026-10-30,147,147,Outer DuSable Lake Shore Express,3,208,Friday,147
2026-10-30,148,148,Clarendon/Michigan Express,3,45,Friday,148
2026-10-30,15,15,Jeffery Local,3,159,Friday,15
2026-10-30,151,151,Sheridan,3,211,Friday,151
2026-10-30,152,152,Addison,3,214,Friday,152
2026-10-30,155,155,Devon,3,204,Friday,155
2026-10-30,156,156,LaSalle,3,136,Friday,156
2026-10-30,157,157,Streeterville/Taylor,3,131,Friday,157
2026-10-30,165,165,West 65th,3,19,Friday,165
2026-10-30,169,169,69th/UPS Express,3,10,Friday,169
2026-10-30,171,171,U. of Chicago/Hyde Park,3,83,Friday,171
2026-10-30,172,172,U. of Chicago/Kenwood,3,126,Friday,172
2026-10-30,18,18,16th/18th,3,130,Friday,18
2026-10-30,192,192,University of Chicago Hospitals Express,3,19,Friday,192
2026-10-30,2,2,Hyde Park Express,3,60,Friday,2
2026-10-30,20,20,Madison,3,338,Friday,20
2026-10-30,201,201,Central/Ridge,3,76,Friday,201
2026-10-30,206,206,Evanston Circulator,3,25,Friday,206
2026-10-30,21,21,Cermak,3,176,Friday,21
2026-10-30,22,22,Clark,3,239,Friday,22
2026-10-30,24,24,Wentworth,3,101,Friday,24
2026-10-30,26,26,South Shore Express,3,86,Friday,26
2026-10-30,28,28,Stony Island,3,162,Friday,28
2026-10-30,29,29,State,3,162,Friday,29
2026-10-30,3,3,King Drive,3,243,Friday,3
2026-10-30,30,30,South Chicago,3,114,Friday,30
2026-10-30,31,31,31st,3,55,Friday,31
2026-10-30,34,34,South Michigan,3,236,Friday,34
2026-10-30,35,35,31st/35th,3,221,Friday,35
2026-10-30,36,36,Broadway,3,166,Friday,36
2026-10-30,37,37,Sedgwick,3,100,Friday,37
2026-10-30,39,39,Pershing,3,94,Friday,39
2026-10-30,4,4,Cottage Grove,3,250,Friday,4
2026-10-30,43,43,43rd,3,112,Friday,43
2026-10-30,44,44,Wallace/Racine,3,141,Friday,44
2026-10-30,47,47,47th,3,251,Friday,47
2026-10-30,48,48,South Damen,3,69,Friday,48
2026-10-30,49,49,Western,3,271,Friday,49
2026-10-30,49B,49B,North Western,3,221,Friday,49B
2026-10-30,50,50,Damen,3,173,Friday,50
2026-10-30,51,51,51st,3,98,Friday,51
2026-10-30,52,52,Kedzie,3,190,Friday,52
2026-10-30,52A,52A,South Kedzie,3,142,Friday,52A
2026-10-30,53,53,Pulaski,3,339,Friday,53
2026-10-30,53A,53A,South Pulaski,3,173,Friday,53A
2026-10-30,54,54,Cicero,3,272,Friday,54
2026-10-30,54A,54A,North Cicero/Skokie Blvd.,3,38,Friday,54A
2026-10-30,54B,54B,South Cicero,3,110,Friday,54B
2026-10-30,55,55,Garfield,3,264,Friday,55
2026-10-30,55A,55A,55th/Austin,3,38,Friday,55A
2026-10-30,55N,55N,55th/Narragansett,3,80,Friday,55N
2026-10-30,56,56,Milwaukee,3,167,Friday,56
2026-10-30,57,57,Laramie,3,130,Friday,57
2026-10-30,59,59,59th/61st,3,114,Friday,59
2026-10-30,6,6,Jackson Park Express,3,189,Friday,6
2026-10-30,60,60,Blue Island/26th,3,252,Friday,60
2026-10-30,62,62,Archer,3,193,Friday,62
2026-10-30,62H,62H,Archer/Harlem,3,76,Friday,62H
2026-10-30,63,63,63rd,3,304,Friday,63
2026-10-30,63W,63W,West 63rd,3,118,Friday,63W
2026-10-30,65,65,Grand,3,204,Friday,65
2026-10-30,66,66,Chicago,3,450,Friday,66
2026-10-30,67,67,67th/69th/71st,3,225,Friday,67
2026-10-30,68,68,Northwest Highway,3,99,Friday,68
2026-10-30,7,7,Harrison,3,132,Friday,7
2026-10-30,70,70,Division,3,213,Friday,70
2026-10-30,71,71,71st/South Shore,3,199,Friday,71
2026-10-30,72,72,North,3,299,Friday,72
2026-10-30,73,73,Armitage,3,187,Friday,73
2026-10-30,74,74,Fullerton,3,282,Friday,74
2026-10-30,75,75,74th/75th,3,168,Friday,75
2026-10-30,76,76,Diversey,3,209,Friday,76
2026-10-30,77,77,Belmont,3,328,Friday,77
2026-10-30,78,78,Montrose,3,167,Friday,78
2026-10-30,79,79,79th,3,450,Friday,79
2026-10-30,8,8,Halsted,3,257,Friday,8
2026-10-30,80,80,Irving Park,3,208,Friday,80
2026-10-30,81,81,Lawrence,3,262,Friday,81
2026-10-30,81W,81W,West Lawrence,3,88,Friday,81W
2026-10-30,82,82,Kimball/Homan,3,280,Friday,82
2026-10-30,84,84,Peterson,3,142,Friday,84
2026-10-30,85,85,Central,3,244,Friday,85
2026-10-30,85A,85A,North Central,3,94,Friday,85A
2026-10-30,86,86,Narragansett/Ridgeland,3,106,Friday,86
2026-10-30,87,87,87th,3,263,Friday,87
2026-10-30,88,88,Higgins,3,100,Friday,88
2026-10-30,8A,8A,South Halsted,3,134,Friday,8A
2026-10-30,9,9,Ashland,3,365,Friday,9
2026-10-30,90,90,Harlem,3,132,Friday,90
2026-10-30,91,91,Austin,3,155,Friday,91
2026-10-30,92,92,Foster,3,162,Friday,92
2026-10-30,93,93,California/Dodge,3,125,Friday,93
2026-10-30,94,94,California,3,170,Friday,94
2026-10-30,95,95,95th,3,256,Friday,95
2026-10-30,96,96,Lunt,3,66,Friday,96
2026-10-30,97,97,Skokie,3,108,Friday,97
2026-10-30,Blue,,Blue Line,1,356,Friday,Blue Line
2026-10-30,Brn,,Brown Line,1,180,Friday,Brown Line
2026-10-30,G,,Green Line,1,256,Friday,Green Line
2026-10-30,J14,J14,Jeffery Jump,3,242,Friday,J14
2026-10-30,N5,N5,South Shore Night Bus,3,20,Friday,N5
2026-10-30,Org,,Orange Line,1,144,Friday,Orange Line
2026-10-30,P,,Purple Line,1,188,Friday,Purple Line
2026-10-30,Pink,,Pink Line,1,122,Friday,Pink Line
2026-10-30,Red,,Red Line,1,424,Friday,Red Line
2026-10-30,X4,X4,Cottage Grove Express,3,69,Friday,X4
2026-10-30,X49,X49,Western Express,3,87,Friday,X49
2026-10-30,X9,X9,Ashland Express,3,102,Friday,X9
2026-10-30,Y,,Yellow Line,1,160,Friday,Yellow Line
2026-10-31,10,10,Obama Presidential Center/Museum of Science & Industry Express ,3,36,Saturday,10
2026-10-31,103,103,West 103rd,3,107,Saturday,103
2026-10-31,106,106,East 103rd,3,78,Saturday,106
2026-10-31,11,11,Lincoln,3,68,Saturday,11
2026-10-31,111,111,111th/King Drive,3,120,Saturday,111
2026-10-31,111A,111A,Pullman Shuttle,3,82,Saturday,111A
2026-10-31,112,112,Vincennes/111th,3,90,Saturday,112
2026-10-31,115,115,Pullman/115th,3,123,Saturday,115
2026-10-31,119,119,Michigan/119th,3,141,Saturday,119
2026-10-31,12,12,Roosevelt,3,215,Saturday,12
2026-10-31,124,124,Navy Pier,3,86,Saturday,124
2026-10-31,126,126,Jackson,3,119,Saturday,126
2026-10-31,146,146,Inner Lake Shore/Michigan Express,3,192,Saturday,146
2026-10-31,147,147,Outer DuSable Lake Shore Express,3,219,Saturday,147
2026-10-31,15,15,Jeffery Local,3,138,Saturday,15
2026-10-31,151,151,Sheridan,3,225,Saturday,151
2026-10-31,152,152,Addison,3,121,Saturday,152
2026-10-31,155,155,Devon,3,182,Saturday,155
2026-10-31,169,169,69th/UPS Express,3,1,Saturday,169
2026-10-31,171,171,U. of Chicago/Hyde Park,3,42,Saturday,171
2026-10-31,172,172,U. of Chicago/Kenwood,3,42,Saturday,172
2026-10-31,18,18,16th/18th,3,121,Saturday,18
2026-10-31,20,20,Madison,3,255,Saturday,20
2026-10-31,201,201,Central/Ridge,3,63,Saturday,201
2026-10-31,21,21,Cermak,3,148,Saturday,21
2026-10-31,22,22,Clark,3,224,Saturday,22
2026-10-31,28,28,Stony Island,3,130,Saturday,28
2026-10-31,29,29,State,3,165,Saturday,29
2026-10-31,3,3,King Drive,3,195,Saturday,3
2026-10-31,30,30,South Chicago,3,106,Saturday,30
2026-10-31,34,34,South Michigan,3,210,Saturday,34
2026-10-31,35,35,31st/35th,3,205,Saturday,35
2026-10-31,36,36,Broadway,3,175,Saturday,36
2026-10-31,39,39,Pershing,3,42,Saturday,39
2026-10-31,4,4,Cottage Grove,3,254,Saturday,4
2026-10-31,43,43,43rd,3,58,Saturday,43
2026-10-31,44,44,Wallace/Racine,3,77,Saturday,44
2026-10-31,47,47,47th,3,219,Saturday,47
2026-10-31,49,49,Western,3,256,Saturday,49
2026-10-31,49B,49B,North Western,3,177,Saturday,49B
2026-10-31,50,50,Damen,3,150,Saturday,50
2026-10-31,51,51,51st,3,90,Saturday,51
2026-10-31,52,52,Kedzie,3,148,Saturday,52
2026-10-31,52A,52A,South Kedzie,3,84,Saturday,52A
2026-10-31,53,53,Pulaski,3,272,Saturday,53
2026-10-31,53A,53A,South Pulaski,3,122,Saturday,53A
2026-10-31,54,54,Cicero,3,238,Saturday,54
2026-10-31,54B,54B,South Cicero,3,106,Saturday,54B
2026-10-31,55,55,Garfield,3,240,Saturday,55
2026-10-31,55N,55N,55th/Narragansett,3,56,Saturday,55N
2026-10-31,56,56,Milwaukee,3,116,Saturday,56
2026-10-31,57,57,Laramie,3,77,Saturday,57
2026-10-31,59,59,59th/61st,3,85,Saturday,59
2026-10-31,6,6,Jackson Park Express,3,205,Saturday,6
2026-10-31,60,60,Blue Island/26th,3,220,Saturday,60
2026-10-31,62,62,Archer,3,172,Saturday,62
2026-10-31,62H,62H,Archer/Harlem,3,58,Saturday,62H
2026-10-31,63,63,63rd,3,262,Saturday,63
2026-10-31,63W,63W,West 63rd,3,80,Saturday,63W
2026-10-31,65,65,Grand,3,161,Saturday,65
2026-10-31,66,66,Chicago,3,373,Saturday,66
2026-10-31,67,67,67th/69th/71st,3,208,Saturday,67
2026-10-31,68,68,Northwest Highway,3,70,Saturday,68
2026-10-31,70,70,Division,3,149,Saturday,70
2026-10-31,71,71,71st/South Shore,3,187,Saturday,71
2026-10-31,72,72,North,3,247,Saturday,72
2026-10-31,73,73,Armitage,3,114,Saturday,73
2026-10-31,74,74,Fullerton,3,237,Saturday,74
2026-10-31,75,75,74th/75th,3,136,Saturday,75
2026-10-31,76,76,Diversey,3,142,Saturday,76
2026-10-31,77,77,Belmont,3,249,Saturday,77
2026-10-31,78,78,Montrose,3,132,Saturday,78
2026-10-31,79,79,79th,3,381,Saturday,79
2026-10-31,8,8,Halsted,3,187,Saturday,8
2026-10-31,80,80,Irving Park,3,177,Saturday,80
2026-10-31,81,81,Lawrence,3,234,Saturday,81
2026-10-31,81W,81W,West Lawrence,3,90,Saturday,81W
2026-10-31,82,82,Kimball/Homan,3,246,Saturday,82
2026-10-31,84,84,Peterson,3,88,Saturday,84
2026-10-31,85,85,Central,3,213,Saturday,85
2026-10-31,85A,85A,North Central,3,56,Saturday,85A
2026-10-31,87,87,87th,3,213,Saturday,87
2026-10-31,88,88,Higgins,3,68,Saturday,88
2026-10-31,8A,8A,South Halsted,3,122,Saturday,8A
2026-10-31,9,9,Ashland,3,305,Saturday,9
2026-10-31,90,90,Harlem,3,108,Saturday,90
2026-10-31,91,91,Austin,3,104,Saturday,91
2026-10-31,92,92,Foster,3,120,Saturday,92
2026-10-31,93,93,California/Dodge,3,78,Saturday,93
2026-10-31,94,94,California,3,116,Saturday,94
2026-10-31,95,95,95th,3,233,Saturday,95
2026-10-31,97,97,Skokie,3,91,Saturday,97
2026-10-31,Blue,,Blue Line,1,284,Saturday,Blue Line
2026-10-31,Brn,,Brown Line,1,130,Saturday,Brown Line
2026-10-31,G,,Green Line,1,228,Saturday,Green Line
2026-10-31,J14,J14,Jeffery Jump,3,187,Saturday,J14
2026-10-31,N5,N5,South Shore Night Bus,3,20,Saturday,N5
2026-10-31,Org,,Orange Line,1,120,Saturday,Orange Line
2026-10-31,P,,Purple Line,1,202,Saturday,Purple Line
2026-10-31,Pink,,Pink Line,1,108,Saturday,Pink Line
2026-10-31,Red,,Red Line,1,349,Saturday,Red Line
2026-10-31,Y,,Yellow Line,1,136,Saturday,Yellow Line
