route_id,route_name,service_date,scheduled_trips,rolling_7_calendar_day_average
1,1,2026-08-05,59,59.0
1,1,2026-08-06,59,59.0
1,1,2026-08-07,59,59.0
1,1,2026-08-08,0,44.25
1,1,2026-08-09,0,35.4
1,1,2026-08-10,59,39.33
1,1,2026-08-11,59,42.14
1,1,2026-08-12,59,42.14
1,1,2026-08-13,59,42.14
1,1,2026-08-14,59,42.14
1,1,2026-08-15,0,42.14
1,1,2026-08-16,0,42.14
1,1,2026-08-17,59,42.14
1,1,2026-08-18,59,42.14
1,1,2026-08-19,59,42.14
1,1,2026-08-20,59,42.14
1,1,2026-08-21,59,42.14
1,1,2026-08-22,0,42.14
1,1,2026-08-23,0,42.14
1,1,2026-08-24,59,42.14
1,1,2026-08-25,59,42.14
1,1,2026-08-26,59,42.14
1,1,2026-08-27,59,42.14
1,1,2026-08-28,59,42.14
1,1,2026-08-29,0,42.14
1,1,2026-08-30,0,42.14
1,1,2026-08-31,59,42.14
1,1,2026-09-01,59,42.14
1,1,2026-09-02,59,42.14
1,1,2026-09-03,59,42.14
1,1,2026-09-04,59,42.14
1,1,2026-09-05,0,42.14
1,1,2026-09-06,0,42.14
1,1,2026-09-07,0,33.71
1,1,2026-09-08,59,33.71
1,1,2026-09-09,59,33.71
1,1,2026-09-10,59,33.71
1,1,2026-09-11,59,33.71
1,1,2026-09-12,0,33.71
1,1,2026-09-13,0,33.71
1,1,2026-09-14,59,42.14
1,1,2026-09-15,59,42.14
1,1,2026-09-16,59,42.14
1,1,2026-09-17,59,42.14
1,1,2026-09-18,59,42.14
1,1,2026-09-19,0,42.14
1,1,2026-09-20,0,42.14
1,1,2026-09-21,59,42.14
1,1,2026-09-22,59,42.14
1,1,2026-09-23,59,42.14
1,1,2026-09-24,59,42.14
1,1,2026-09-25,59,42.14
1,1,2026-09-26,0,42.14
1,1,2026-09-27,0,42.14
1,1,2026-09-28,59,42.14
1,1,2026-09-29,59,42.14
1,1,2026-09-30,59,42.14
1,1,2026-10-01,59,42.14
1,1,2026-10-02,59,42.14
1,1,2026-10-03,0,42.14
1,1,2026-10-04,0,42.14
1,1,2026-10-05,59,42.14
1,1,2026-10-06,59,42.14
1,1,2026-10-07,59,42.14
1,1,2026-10-08,59,42.14
1,1,2026-10-09,59,42.14
1,1,2026-10-10,0,42.14
1,1,2026-10-11,0,42.14
1,1,2026-10-12,59,42.14
1,1,2026-10-13,59,42.14
1,1,2026-10-14,59,42.14
1,1,2026-10-15,59,42.14
1,1,2026-10-16,59,42.14
1,1,2026-10-17,0,42.14
1,1,2026-10-18,0,42.14
1,1,2026-10-19,59,42.14
1,1,2026-10-20,59,42.14
1,1,2026-10-21,59,42.14
1,1,2026-10-22,59,42.14
1,1,2026-10-23,59,42.14
1,1,2026-10-24,0,42.14
1,1,2026-10-25,0,42.14
1,1,2026-10-26,59,42.14
1,1,2026-10-27,59,42.14
1,1,2026-10-28,59,42.14
1,1,2026-10-29,59,42.14
1,1,2026-10-30,59,42.14
1,1,2026-10-31,0,42.14
10,10,2026-08-05,36,36.0
10,10,2026-08-06,36,36.0
10,10,2026-08-07,36,36.0
10,10,2026-08-08,36,36.0
10,10,2026-08-09,36,36.0
10,10,2026-08-10,36,36.0
10,10,2026-08-11,36,36.0
10,10,2026-08-12,36,36.0
10,10,2026-08-13,36,36.0
10,10,2026-08-14,36,36.0
10,10,2026-08-15,36,36.0
10,10,2026-08-16,36,36.0
10,10,2026-08-17,36,36.0
10,10,2026-08-18,36,36.0
10,10,2026-08-19,36,36.0
10,10,2026-08-20,36,36.0
10,10,2026-08-21,36,36.0
10,10,2026-08-22,36,36.0
10,10,2026-08-23,36,36.0
10,10,2026-08-24,36,36.0
10,10,2026-08-25,36,36.0
10,10,2026-08-26,36,36.0
10,10,2026-08-27,36,36.0
10,10,2026-08-28,36,36.0
10,10,2026-08-29,36,36.0
10,10,2026-08-30,36,36.0
10,10,2026-08-31,36,36.0
10,10,2026-09-01,36,36.0
10,10,2026-09-02,36,36.0
10,10,2026-09-03,36,36.0
10,10,2026-09-04,36,36.0
10,10,2026-09-05,36,36.0
10,10,2026-09-06,36,36.0
10,10,2026-09-07,36,36.0
10,10,2026-09-08,36,36.0
10,10,2026-09-09,36,36.0
10,10,2026-09-10,36,36.0
10,10,2026-09-11,36,36.0
10,10,2026-09-12,36,36.0
10,10,2026-09-13,36,36.0
10,10,2026-09-14,36,36.0
10,10,2026-09-15,36,36.0
10,10,2026-09-16,36,36.0
10,10,2026-09-17,36,36.0
10,10,2026-09-18,36,36.0
10,10,2026-09-19,36,36.0
10,10,2026-09-20,36,36.0
10,10,2026-09-21,36,36.0
10,10,2026-09-22,36,36.0
10,10,2026-09-23,36,36.0
10,10,2026-09-24,36,36.0
10,10,2026-09-25,36,36.0
10,10,2026-09-26,36,36.0
10,10,2026-09-27,36,36.0
10,10,2026-09-28,36,36.0
10,10,2026-09-29,36,36.0
10,10,2026-09-30,36,36.0
10,10,2026-10-01,36,36.0
10,10,2026-10-02,36,36.0
10,10,2026-10-03,36,36.0
10,10,2026-10-04,36,36.0
10,10,2026-10-05,36,36.0
10,10,2026-10-06,36,36.0
10,10,2026-10-07,36,36.0
10,10,2026-10-08,36,36.0
10,10,2026-10-09,36,36.0
10,10,2026-10-10,36,36.0
10,10,2026-10-11,36,36.0
10,10,2026-10-12,36,36.0
10,10,2026-10-13,36,36.0
10,10,2026-10-14,36,36.0
10,10,2026-10-15,36,36.0
10,10,2026-10-16,36,36.0
10,10,2026-10-17,36,36.0
10,10,2026-10-18,36,36.0
10,10,2026-10-19,36,36.0
10,10,2026-10-20,36,36.0
10,10,2026-10-21,36,36.0
10,10,2026-10-22,36,36.0
10,10,2026-10-23,36,36.0
10,10,2026-10-24,36,36.0
10,10,2026-10-25,36,36.0
10,10,2026-10-26,36,36.0
10,10,2026-10-27,36,36.0
10,10,2026-10-28,36,36.0
10,10,2026-10-29,36,36.0
10,10,2026-10-30,36,36.0
10,10,2026-10-31,36,36.0
100,100,2026-08-05,52,52.0
100,100,2026-08-06,52,52.0
100,100,2026-08-07,52,52.0
100,100,2026-08-08,0,39.0
100,100,2026-08-09,0,31.2
100,100,2026-08-10,52,34.67
100,100,2026-08-11,52,37.14
100,100,2026-08-12,52,37.14
100,100,2026-08-13,52,37.14
100,100,2026-08-14,52,37.14
100,100,2026-08-15,0,37.14
100,100,2026-08-16,0,37.14
100,100,2026-08-17,52,37.14
100,100,2026-08-18,52,37.14
100,100,2026-08-19,52,37.14
100,100,2026-08-20,52,37.14
100,100,2026-08-21,52,37.14
100,100,2026-08-22,0,37.14
100,100,2026-08-23,0,37.14
100,100,2026-08-24,53,37.29
100,100,2026-08-25,53,37.43
100,100,2026-08-26,53,37.57
100,100,2026-08-27,53,37.71
100,100,2026-08-28,53,37.86
100,100,2026-08-29,0,37.86
100,100,2026-08-30,0,37.86
100,100,2026-08-31,53,37.86
100,100,2026-09-01,53,37.86
100,100,2026-09-02,53,37.86
100,100,2026-09-03,53,37.86
100,100,2026-09-04,53,37.86
100,100,2026-09-05,0,37.86
100,100,2026-09-06,0,37.86
100,100,2026-09-07,0,30.29
100,100,2026-09-08,53,30.29
100,100,2026-09-09,53,30.29
100,100,2026-09-10,53,30.29
100,100,2026-09-11,53,30.29
100,100,2026-09-12,0,30.29
100,100,2026-09-13,0,30.29
100,100,2026-09-14,53,37.86
100,100,2026-09-15,53,37.86
100,100,2026-09-16,53,37.86
100,100,2026-09-17,53,37.86
100,100,2026-09-18,53,37.86
100,100,2026-09-19,0,37.86
100,100,2026-09-20,0,37.86
100,100,2026-09-21,53,37.86
100,100,2026-09-22,53,37.86
100,100,2026-09-23,53,37.86
100,100,2026-09-24,53,37.86
100,100,2026-09-25,53,37.86
100,100,2026-09-26,0,37.86
100,100,2026-09-27,0,37.86
100,100,2026-09-28,53,37.86
100,100,2026-09-29,53,37.86
100,100,2026-09-30,53,37.86
100,100,2026-10-01,53,37.86
100,100,2026-10-02,53,37.86
100,100,2026-10-03,0,37.86
100,100,2026-10-04,0,37.86
100,100,2026-10-05,53,37.86
100,100,2026-10-06,53,37.86
100,100,2026-10-07,53,37.86
100,100,2026-10-08,53,37.86
100,100,2026-10-09,53,37.86
100,100,2026-10-10,0,37.86
100,100,2026-10-11,0,37.86
100,100,2026-10-12,53,37.86
100,100,2026-10-13,53,37.86
100,100,2026-10-14,53,37.86
100,100,2026-10-15,53,37.86
100,100,2026-10-16,53,37.86
100,100,2026-10-17,0,37.86
100,100,2026-10-18,0,37.86
100,100,2026-10-19,53,37.86
100,100,2026-10-20,53,37.86
100,100,2026-10-21,53,37.86
100,100,2026-10-22,53,37.86
100,100,2026-10-23,53,37.86
100,100,2026-10-24,0,37.86
100,100,2026-10-25,0,37.86
100,100,2026-10-26,53,37.86
100,100,2026-10-27,53,37.86
100,100,2026-10-28,53,37.86
100,100,2026-10-29,53,37.86
100,100,2026-10-30,53,37.86
100,100,2026-10-31,0,37.86
103,103,2026-08-05,128,128.0
103,103,2026-08-06,128,128.0
103,103,2026-08-07,128,128.0
103,103,2026-08-08,107,122.75
103,103,2026-08-09,105,119.2
103,103,2026-08-10,128,120.67
103,103,2026-08-11,128,121.71
103,103,2026-08-12,128,121.71
103,103,2026-08-13,128,121.71
103,103,2026-08-14,128,121.71
103,103,2026-08-15,107,121.71
103,103,2026-08-16,105,121.71
103,103,2026-08-17,128,121.71
103,103,2026-08-18,128,121.71
103,103,2026-08-19,128,121.71
103,103,2026-08-20,128,121.71
103,103,2026-08-21,128,121.71
103,103,2026-08-22,107,121.71
103,103,2026-08-23,105,121.71
103,103,2026-08-24,129,121.86
103,103,2026-08-25,129,122.0
103,103,2026-08-26,129,122.14
103,103,2026-08-27,129,122.29
103,103,2026-08-28,129,122.43
103,103,2026-08-29,107,122.43
103,103,2026-08-30,105,122.43
103,103,2026-08-31,129,122.43
103,103,2026-09-01,129,122.43
103,103,2026-09-02,129,122.43
103,103,2026-09-03,129,122.43
103,103,2026-09-04,129,122.43
103,103,2026-09-05,107,122.43
103,103,2026-09-06,105,122.43
103,103,2026-09-07,105,119.0
103,103,2026-09-08,129,119.0
103,103,2026-09-09,129,119.0
103,103,2026-09-10,129,119.0
103,103,2026-09-11,129,119.0
103,103,2026-09-12,107,119.0
103,103,2026-09-13,105,119.0
103,103,2026-09-14,129,122.43
103,103,2026-09-15,129,122.43
103,103,2026-09-16,129,122.43
103,103,2026-09-17,129,122.43
103,103,2026-09-18,129,122.43
103,103,2026-09-19,107,122.43
103,103,2026-09-20,105,122.43
103,103,2026-09-21,129,122.43
103,103,2026-09-22,129,122.43
103,103,2026-09-23,129,122.43
103,103,2026-09-24,129,122.43
103,103,2026-09-25,129,122.43
103,103,2026-09-26,107,122.43
103,103,2026-09-27,105,122.43
103,103,2026-09-28,129,122.43
103,103,2026-09-29,129,122.43
103,103,2026-09-30,129,122.43
103,103,2026-10-01,129,122.43
103,103,2026-10-02,129,122.43
103,103,2026-10-03,107,122.43
103,103,2026-10-04,105,122.43
103,103,2026-10-05,129,122.43
103,103,2026-10-06,129,122.43
103,103,2026-10-07,129,122.43
103,103,2026-10-08,129,122.43
103,103,2026-10-09,129,122.43
103,103,2026-10-10,107,122.43
103,103,2026-10-11,105,122.43
103,103,2026-10-12,129,122.43
103,103,2026-10-13,129,122.43
103,103,2026-10-14,129,122.43
103,103,2026-10-15,129,122.43
103,103,2026-10-16,129,122.43
103,103,2026-10-17,107,122.43
103,103,2026-10-18,105,122.43
103,103,2026-10-19,129,122.43
103,103,2026-10-20,129,122.43
103,103,2026-10-21,129,122.43
103,103,2026-10-22,129,122.43
103,103,2026-10-23,129,122.43
103,103,2026-10-24,107,122.43
103,103,2026-10-25,105,122.43
103,103,2026-10-26,129,122.43
103,103,2026-10-27,129,122.43
103,103,2026-10-28,129,122.43
103,103,2026-10-29,129,122.43
103,103,2026-10-30,129,122.43
103,103,2026-10-31,107,122.43
106,106,2026-08-05,133,133.0
106,106,2026-08-06,133,133.0
106,106,2026-08-07,133,133.0
106,106,2026-08-08,78,119.25
106,106,2026-08-09,82,111.8
106,106,2026-08-10,133,115.33
106,106,2026-08-11,133,117.86
106,106,2026-08-12,133,117.86
106,106,2026-08-13,133,117.86
106,106,2026-08-14,133,117.86
106,106,2026-08-15,78,117.86
106,106,2026-08-16,82,117.86
106,106,2026-08-17,133,117.86
106,106,2026-08-18,133,117.86
106,106,2026-08-19,133,117.86
106,106,2026-08-20,133,117.86
106,106,2026-08-21,133,117.86
106,106,2026-08-22,78,117.86
106,106,2026-08-23,82,117.86
106,106,2026-08-24,135,118.14
106,106,2026-08-25,135,118.43
106,106,2026-08-26,135,118.71
106,106,2026-08-27,135,119.0
106,106,2026-08-28,134,119.14
106,106,2026-08-29,78,119.14
106,106,2026-08-30,82,119.14
106,106,2026-08-31,135,119.14
106,106,2026-09-01,135,119.14
106,106,2026-09-02,135,119.14
106,106,2026-09-03,135,119.14
106,106,2026-09-04,134,119.14
106,106,2026-09-05,78,119.14
106,106,2026-09-06,82,119.14
106,106,2026-09-07,82,111.57
106,106,2026-09-08,135,111.57
106,106,2026-09-09,135,111.57
106,106,2026-09-10,135,111.57
106,106,2026-09-11,134,111.57
106,106,2026-09-12,78,111.57
106,106,2026-09-13,82,111.57
106,106,2026-09-14,135,119.14
106,106,2026-09-15,135,119.14
106,106,2026-09-16,135,119.14
106,106,2026-09-17,135,119.14
106,106,2026-09-18,134,119.14
106,106,2026-09-19,78,119.14
106,106,2026-09-20,82,119.14
106,106,2026-09-21,135,119.14
106,106,2026-09-22,135,119.14
106,106,2026-09-23,135,119.14
106,106,2026-09-24,135,119.14
106,106,2026-09-25,134,119.14
106,106,2026-09-26,78,119.14
106,106,2026-09-27,82,119.14
106,106,2026-09-28,135,119.14
106,106,2026-09-29,135,119.14
106,106,2026-09-30,135,119.14
106,106,2026-10-01,135,119.14
106,106,2026-10-02,134,119.14
106,106,2026-10-03,78,119.14
106,106,2026-10-04,82,119.14
106,106,2026-10-05,135,119.14
106,106,2026-10-06,135,119.14
106,106,2026-10-07,135,119.14
106,106,2026-10-08,135,119.14
106,106,2026-10-09,134,119.14
106,106,2026-10-10,78,119.14
106,106,2026-10-11,82,119.14
106,106,2026-10-12,135,119.14
106,106,2026-10-13,135,119.14
106,106,2026-10-14,135,119.14
106,106,2026-10-15,135,119.14
106,106,2026-10-16,134,119.14
106,106,2026-10-17,78,119.14
106,106,2026-10-18,82,119.14
106,106,2026-10-19,135,119.14
106,106,2026-10-20,135,119.14
106,106,2026-10-21,135,119.14
106,106,2026-10-22,135,119.14
106,106,2026-10-23,134,119.14
106,106,2026-10-24,78,119.14
106,106,2026-10-25,82,119.14
106,106,2026-10-26,135,119.14
106,106,2026-10-27,135,119.14
106,106,2026-10-28,135,119.14
106,106,2026-10-29,135,119.14
106,106,2026-10-30,134,119.14
106,106,2026-10-31,78,119.14
108,108,2026-08-05,71,71.0
108,108,2026-08-06,71,71.0
108,108,2026-08-07,71,71.0
108,108,2026-08-08,0,53.25
108,108,2026-08-09,0,42.6
108,108,2026-08-10,71,47.33
108,108,2026-08-11,71,50.71
108,108,2026-08-12,71,50.71
108,108,2026-08-13,71,50.71
108,108,2026-08-14,71,50.71
108,108,2026-08-15,0,50.71
108,108,2026-08-16,0,50.71
108,108,2026-08-17,71,50.71
108,108,2026-08-18,71,50.71
108,108,2026-08-19,71,50.71
108,108,2026-08-20,71,50.71
108,108,2026-08-21,71,50.71
108,108,2026-08-22,0,50.71
108,108,2026-08-23,0,50.71
108,108,2026-08-24,72,50.86
108,108,2026-08-25,72,51.0
108,108,2026-08-26,72,51.14
108,108,2026-08-27,72,51.29
108,108,2026-08-28,71,51.29
108,108,2026-08-29,0,51.29
108,108,2026-08-30,0,51.29
108,108,2026-08-31,72,51.29
108,108,2026-09-01,72,51.29
108,108,2026-09-02,72,51.29
108,108,2026-09-03,72,51.29
108,108,2026-09-04,71,51.29
108,108,2026-09-05,0,51.29
108,108,2026-09-06,0,51.29
108,108,2026-09-07,0,41.0
108,108,2026-09-08,72,41.0
108,108,2026-09-09,72,41.0
108,108,2026-09-10,72,41.0
108,108,2026-09-11,71,41.0
108,108,2026-09-12,0,41.0
108,108,2026-09-13,0,41.0
108,108,2026-09-14,72,51.29
108,108,2026-09-15,72,51.29
108,108,2026-09-16,72,51.29
108,108,2026-09-17,72,51.29
108,108,2026-09-18,71,51.29
108,108,2026-09-19,0,51.29
108,108,2026-09-20,0,51.29
108,108,2026-09-21,72,51.29
108,108,2026-09-22,72,51.29
108,108,2026-09-23,72,51.29
108,108,2026-09-24,72,51.29
108,108,2026-09-25,71,51.29
108,108,2026-09-26,0,51.29
108,108,2026-09-27,0,51.29
108,108,2026-09-28,72,51.29
108,108,2026-09-29,72,51.29
108,108,2026-09-30,72,51.29
108,108,2026-10-01,72,51.29
108,108,2026-10-02,71,51.29
108,108,2026-10-03,0,51.29
108,108,2026-10-04,0,51.29
108,108,2026-10-05,72,51.29
108,108,2026-10-06,72,51.29
108,108,2026-10-07,72,51.29
108,108,2026-10-08,72,51.29
108,108,2026-10-09,71,51.29
108,108,2026-10-10,0,51.29
108,108,2026-10-11,0,51.29
108,108,2026-10-12,72,51.29
108,108,2026-10-13,72,51.29
108,108,2026-10-14,72,51.29
108,108,2026-10-15,72,51.29
108,108,2026-10-16,71,51.29
108,108,2026-10-17,0,51.29
108,108,2026-10-18,0,51.29
108,108,2026-10-19,72,51.29
108,108,2026-10-20,72,51.29
108,108,2026-10-21,72,51.29
108,108,2026-10-22,72,51.29
108,108,2026-10-23,71,51.29
108,108,2026-10-24,0,51.29
108,108,2026-10-25,0,51.29
108,108,2026-10-26,72,51.29
108,108,2026-10-27,72,51.29
108,108,2026-10-28,72,51.29
108,108,2026-10-29,72,51.29
108,108,2026-10-30,71,51.29
108,108,2026-10-31,0,51.29
11,11,2026-08-05,84,84.0
11,11,2026-08-06,84,84.0
11,11,2026-08-07,84,84.0
11,11,2026-08-08,68,80.0
11,11,2026-08-09,50,74.0
11,11,2026-08-10,84,75.67
11,11,2026-08-11,84,76.86
11,11,2026-08-12,84,76.86
11,11,2026-08-13,84,76.86
11,11,2026-08-14,84,76.86
11,11,2026-08-15,68,76.86
11,11,2026-08-16,50,76.86
11,11,2026-08-17,84,76.86
11,11,2026-08-18,84,76.86
11,11,2026-08-19,84,76.86
11,11,2026-08-20,84,76.86
11,11,2026-08-21,84,76.86
11,11,2026-08-22,68,76.86
11,11,2026-08-23,50,76.86
11,11,2026-08-24,84,76.86
11,11,2026-08-25,84,76.86
11,11,2026-08-26,84,76.86
11,11,2026-08-27,84,76.86
11,11,2026-08-28,84,76.86
11,11,2026-08-29,68,76.86
11,11,2026-08-30,50,76.86
11,11,2026-08-31,84,76.86
11,11,2026-09-01,84,76.86
11,11,2026-09-02,84,76.86
11,11,2026-09-03,84,76.86
11,11,2026-09-04,84,76.86
11,11,2026-09-05,68,76.86
11,11,2026-09-06,50,76.86
11,11,2026-09-07,50,72.0
11,11,2026-09-08,84,72.0
11,11,2026-09-09,84,72.0
11,11,2026-09-10,84,72.0
11,11,2026-09-11,84,72.0
11,11,2026-09-12,68,72.0
11,11,2026-09-13,50,72.0
11,11,2026-09-14,84,76.86
11,11,2026-09-15,84,76.86
11,11,2026-09-16,84,76.86
11,11,2026-09-17,84,76.86
11,11,2026-09-18,84,76.86
11,11,2026-09-19,68,76.86
11,11,2026-09-20,50,76.86
11,11,2026-09-21,84,76.86
11,11,2026-09-22,84,76.86
11,11,2026-09-23,84,76.86
11,11,2026-09-24,84,76.86
11,11,2026-09-25,84,76.86
11,11,2026-09-26,68,76.86
11,11,2026-09-27,50,76.86
11,11,2026-09-28,84,76.86
11,11,2026-09-29,84,76.86
11,11,2026-09-30,84,76.86
11,11,2026-10-01,84,76.86
11,11,2026-10-02,84,76.86
11,11,2026-10-03,68,76.86
11,11,2026-10-04,50,76.86
11,11,2026-10-05,84,76.86
11,11,2026-10-06,84,76.86
11,11,2026-10-07,84,76.86
11,11,2026-10-08,84,76.86
11,11,2026-10-09,84,76.86
11,11,2026-10-10,68,76.86
11,11,2026-10-11,50,76.86
11,11,2026-10-12,84,76.86
11,11,2026-10-13,84,76.86
11,11,2026-10-14,84,76.86
11,11,2026-10-15,84,76.86
11,11,2026-10-16,84,76.86
11,11,2026-10-17,68,76.86
11,11,2026-10-18,50,76.86
11,11,2026-10-19,84,76.86
11,11,2026-10-20,84,76.86
11,11,2026-10-21,84,76.86
11,11,2026-10-22,84,76.86
11,11,2026-10-23,84,76.86
11,11,2026-10-24,68,76.86
11,11,2026-10-25,50,76.86
11,11,2026-10-26,84,76.86
11,11,2026-10-27,84,76.86
11,11,2026-10-28,84,76.86
11,11,2026-10-29,84,76.86
11,11,2026-10-30,84,76.86
11,11,2026-10-31,68,76.86
111,111,2026-08-05,140,140.0
111,111,2026-08-06,140,140.0
111,111,2026-08-07,140,140.0
111,111,2026-08-08,120,135.0
111,111,2026-08-09,104,128.8
111,111,2026-08-10,140,130.67
111,111,2026-08-11,140,132.0
111,111,2026-08-12,140,132.0
111,111,2026-08-13,140,132.0
111,111,2026-08-14,140,132.0
111,111,2026-08-15,120,132.0
111,111,2026-08-16,104,132.0
111,111,2026-08-17,140,132.0
111,111,2026-08-18,140,132.0
111,111,2026-08-19,140,132.0
111,111,2026-08-20,140,132.0
111,111,2026-08-21,140,132.0
111,111,2026-08-22,120,132.0
111,111,2026-08-23,104,132.0
111,111,2026-08-24,140,132.0
111,111,2026-08-25,140,132.0
111,111,2026-08-26,140,132.0
111,111,2026-08-27,140,132.0
111,111,2026-08-28,140,132.0
111,111,2026-08-29,120,132.0
111,111,2026-08-30,104,132.0
111,111,2026-08-31,140,132.0
111,111,2026-09-01,140,132.0
111,111,2026-09-02,140,132.0
111,111,2026-09-03,140,132.0
111,111,2026-09-04,140,132.0
111,111,2026-09-05,120,132.0
111,111,2026-09-06,104,132.0
111,111,2026-09-07,104,126.86
111,111,2026-09-08,140,126.86
111,111,2026-09-09,140,126.86
111,111,2026-09-10,140,126.86
111,111,2026-09-11,140,126.86
111,111,2026-09-12,120,126.86
111,111,2026-09-13,104,126.86
111,111,2026-09-14,140,132.0
111,111,2026-09-15,140,132.0
111,111,2026-09-16,140,132.0
111,111,2026-09-17,140,132.0
111,111,2026-09-18,140,132.0
111,111,2026-09-19,120,132.0
111,111,2026-09-20,104,132.0
111,111,2026-09-21,140,132.0
111,111,2026-09-22,140,132.0
111,111,2026-09-23,140,132.0
111,111,2026-09-24,140,132.0
111,111,2026-09-25,140,132.0
111,111,2026-09-26,120,132.0
111,111,2026-09-27,104,132.0
111,111,2026-09-28,140,132.0
111,111,2026-09-29,140,132.0
111,111,2026-09-30,140,132.0
111,111,2026-10-01,140,132.0
111,111,2026-10-02,140,132.0
111,111,2026-10-03,120,132.0
111,111,2026-10-04,104,132.0
111,111,2026-10-05,140,132.0
111,111,2026-10-06,140,132.0
111,111,2026-10-07,140,132.0
111,111,2026-10-08,140,132.0
111,111,2026-10-09,140,132.0
111,111,2026-10-10,120,132.0
111,111,2026-10-11,104,132.0
111,111,2026-10-12,140,132.0
111,111,2026-10-13,140,132.0
111,111,2026-10-14,140,132.0
111,111,2026-10-15,140,132.0
111,111,2026-10-16,140,132.0
111,111,2026-10-17,120,132.0
111,111,2026-10-18,104,132.0
111,111,2026-10-19,140,132.0
111,111,2026-10-20,140,132.0
111,111,2026-10-21,140,132.0
111,111,2026-10-22,140,132.0
111,111,2026-10-23,140,132.0
111,111,2026-10-24,120,132.0
111,111,2026-10-25,104,132.0
111,111,2026-10-26,140,132.0
111,111,2026-10-27,140,132.0
111,111,2026-10-28,140,132.0
111,111,2026-10-29,140,132.0
111,111,2026-10-30,140,132.0
111,111,2026-10-31,120,132.0
111A,111A,2026-08-05,82,82.0
111A,111A,2026-08-06,82,82.0
111A,111A,2026-08-07,82,82.0
111A,111A,2026-08-08,82,82.0
111A,111A,2026-08-09,82,82.0
111A,111A,2026-08-10,82,82.0
111A,111A,2026-08-11,82,82.0
111A,111A,2026-08-12,82,82.0
111A,111A,2026-08-13,82,82.0
111A,111A,2026-08-14,82,82.0
111A,111A,2026-08-15,82,82.0
111A,111A,2026-08-16,82,82.0
111A,111A,2026-08-17,82,82.0
111A,111A,2026-08-18,82,82.0
111A,111A,2026-08-19,82,82.0
111A,111A,2026-08-20,82,82.0
111A,111A,2026-08-21,82,82.0
111A,111A,2026-08-22,82,82.0
111A,111A,2026-08-23,82,82.0
111A,111A,2026-08-24,82,82.0
111A,111A,2026-08-25,82,82.0
111A,111A,2026-08-26,82,82.0
111A,111A,2026-08-27,82,82.0
111A,111A,2026-08-28,82,82.0
111A,111A,2026-08-29,82,82.0
111A,111A,2026-08-30,82,82.0
111A,111A,2026-08-31,82,82.0
111A,111A,2026-09-01,82,82.0
111A,111A,2026-09-02,82,82.0
111A,111A,2026-09-03,82,82.0
111A,111A,2026-09-04,82,82.0
111A,111A,2026-09-05,82,82.0
111A,111A,2026-09-06,82,82.0
111A,111A,2026-09-07,82,82.0
111A,111A,2026-09-08,82,82.0
111A,111A,2026-09-09,82,82.0
111A,111A,2026-09-10,82,82.0
111A,111A,2026-09-11,82,82.0
111A,111A,2026-09-12,82,82.0
111A,111A,2026-09-13,82,82.0
111A,111A,2026-09-14,82,82.0
111A,111A,2026-09-15,82,82.0
111A,111A,2026-09-16,82,82.0
111A,111A,2026-09-17,82,82.0
111A,111A,2026-09-18,82,82.0
111A,111A,2026-09-19,82,82.0
111A,111A,2026-09-20,82,82.0
111A,111A,2026-09-21,82,82.0
111A,111A,2026-09-22,82,82.0
111A,111A,2026-09-23,82,82.0
111A,111A,2026-09-24,82,82.0
111A,111A,2026-09-25,82,82.0
111A,111A,2026-09-26,82,82.0
111A,111A,2026-09-27,82,82.0
111A,111A,2026-09-28,82,82.0
111A,111A,2026-09-29,82,82.0
111A,111A,2026-09-30,82,82.0
111A,111A,2026-10-01,82,82.0
111A,111A,2026-10-02,82,82.0
111A,111A,2026-10-03,82,82.0
111A,111A,2026-10-04,82,82.0
111A,111A,2026-10-05,82,82.0
111A,111A,2026-10-06,82,82.0
111A,111A,2026-10-07,82,82.0
111A,111A,2026-10-08,82,82.0
111A,111A,2026-10-09,82,82.0
111A,111A,2026-10-10,82,82.0
111A,111A,2026-10-11,82,82.0
111A,111A,2026-10-12,82,82.0
111A,111A,2026-10-13,82,82.0
111A,111A,2026-10-14,82,82.0
111A,111A,2026-10-15,82,82.0
111A,111A,2026-10-16,82,82.0
111A,111A,2026-10-17,82,82.0
111A,111A,2026-10-18,82,82.0
111A,111A,2026-10-19,82,82.0
111A,111A,2026-10-20,82,82.0
111A,111A,2026-10-21,82,82.0
111A,111A,2026-10-22,82,82.0
111A,111A,2026-10-23,82,82.0
111A,111A,2026-10-24,82,82.0
111A,111A,2026-10-25,82,82.0
111A,111A,2026-10-26,82,82.0
111A,111A,2026-10-27,82,82.0
111A,111A,2026-10-28,82,82.0
111A,111A,2026-10-29,82,82.0
111A,111A,2026-10-30,82,82.0
111A,111A,2026-10-31,82,82.0
112,112,2026-08-05,132,132.0
112,112,2026-08-06,132,132.0
112,112,2026-08-07,132,132.0
112,112,2026-08-08,90,121.5
112,112,2026-08-09,72,111.6
112,112,2026-08-10,132,115.0
112,112,2026-08-11,132,117.43
112,112,2026-08-12,132,117.43
112,112,2026-08-13,132,117.43
112,112,2026-08-14,132,117.43
112,112,2026-08-15,90,117.43
112,112,2026-08-16,72,117.43
112,112,2026-08-17,132,117.43
112,112,2026-08-18,132,117.43
112,112,2026-08-19,132,117.43
112,112,2026-08-20,132,117.43
112,112,2026-08-21,132,117.43
112,112,2026-08-22,90,117.43
112,112,2026-08-23,72,117.43
112,112,2026-08-24,134,117.71
112,112,2026-08-25,134,118.0
112,112,2026-08-26,134,118.29
112,112,2026-08-27,134,118.57
112,112,2026-08-28,134,118.86
112,112,2026-08-29,90,118.86
112,112,2026-08-30,72,118.86
112,112,2026-08-31,134,118.86
112,112,2026-09-01,134,118.86
112,112,2026-09-02,134,118.86
112,112,2026-09-03,134,118.86
112,112,2026-09-04,134,118.86
112,112,2026-09-05,90,118.86
112,112,2026-09-06,72,118.86
112,112,2026-09-07,72,110.0
112,112,2026-09-08,134,110.0
112,112,2026-09-09,134,110.0
112,112,2026-09-10,134,110.0
112,112,2026-09-11,134,110.0
112,112,2026-09-12,90,110.0
112,112,2026-09-13,72,110.0
112,112,2026-09-14,134,118.86
112,112,2026-09-15,134,118.86
112,112,2026-09-16,134,118.86
112,112,2026-09-17,134,118.86
112,112,2026-09-18,134,118.86
112,112,2026-09-19,90,118.86
112,112,2026-09-20,72,118.86
112,112,2026-09-21,134,118.86
112,112,2026-09-22,134,118.86
112,112,2026-09-23,134,118.86
112,112,2026-09-24,134,118.86
112,112,2026-09-25,134,118.86
112,112,2026-09-26,90,118.86
112,112,2026-09-27,72,118.86
112,112,2026-09-28,134,118.86
112,112,2026-09-29,134,118.86
112,112,2026-09-30,134,118.86
112,112,2026-10-01,134,118.86
112,112,2026-10-02,134,118.86
112,112,2026-10-03,90,118.86
112,112,2026-10-04,72,118.86
112,112,2026-10-05,134,118.86
112,112,2026-10-06,134,118.86
112,112,2026-10-07,134,118.86
112,112,2026-10-08,134,118.86
112,112,2026-10-09,134,118.86
112,112,2026-10-10,90,118.86
112,112,2026-10-11,72,118.86
112,112,2026-10-12,134,118.86
112,112,2026-10-13,134,118.86
112,112,2026-10-14,134,118.86
112,112,2026-10-15,134,118.86
112,112,2026-10-16,134,118.86
112,112,2026-10-17,90,118.86
112,112,2026-10-18,72,118.86
112,112,2026-10-19,134,118.86
112,112,2026-10-20,134,118.86
112,112,2026-10-21,134,118.86
112,112,2026-10-22,134,118.86
112,112,2026-10-23,134,118.86
112,112,2026-10-24,90,118.86
112,112,2026-10-25,72,118.86
112,112,2026-10-26,134,118.86
112,112,2026-10-27,134,118.86
112,112,2026-10-28,134,118.86
112,112,2026-10-29,134,118.86
112,112,2026-10-30,134,118.86
112,112,2026-10-31,90,118.86
115,115,2026-08-05,143,143.0
115,115,2026-08-06,143,143.0
115,115,2026-08-07,143,143.0
115,115,2026-08-08,123,138.0
115,115,2026-08-09,118,134.0
115,115,2026-08-10,143,135.5
115,115,2026-08-11,143,136.57
115,115,2026-08-12,143,136.57
115,115,2026-08-13,143,136.57
115,115,2026-08-14,143,136.57
115,115,2026-08-15,123,136.57
115,115,2026-08-16,118,136.57
115,115,2026-08-17,143,136.57
115,115,2026-08-18,143,136.57
115,115,2026-08-19,143,136.57
115,115,2026-08-20,143,136.57
115,115,2026-08-21,143,136.57
115,115,2026-08-22,123,136.57
115,115,2026-08-23,118,136.57
115,115,2026-08-24,143,136.57
115,115,2026-08-25,143,136.57
115,115,2026-08-26,143,136.57
115,115,2026-08-27,143,136.57
115,115,2026-08-28,143,136.57
115,115,2026-08-29,123,136.57
115,115,2026-08-30,118,136.57
115,115,2026-08-31,143,136.57
115,115,2026-09-01,143,136.57
115,115,2026-09-02,143,136.57
115,115,2026-09-03,143,136.57
115,115,2026-09-04,143,136.57
115,115,2026-09-05,123,136.57
115,115,2026-09-06,118,136.57
115,115,2026-09-07,118,133.0
115,115,2026-09-08,143,133.0
115,115,2026-09-09,143,133.0
115,115,2026-09-10,143,133.0
115,115,2026-09-11,143,133.0
115,115,2026-09-12,123,133.0
115,115,2026-09-13,118,133.0
115,115,2026-09-14,143,136.57
115,115,2026-09-15,143,136.57
115,115,2026-09-16,143,136.57
115,115,2026-09-17,143,136.57
115,115,2026-09-18,143,136.57
115,115,2026-09-19,123,136.57
115,115,2026-09-20,118,136.57
115,115,2026-09-21,143,136.57
115,115,2026-09-22,143,136.57
115,115,2026-09-23,143,136.57
115,115,2026-09-24,143,136.57
115,115,2026-09-25,143,136.57
115,115,2026-09-26,123,136.57
115,115,2026-09-27,118,136.57
115,115,2026-09-28,143,136.57
115,115,2026-09-29,143,136.57
115,115,2026-09-30,143,136.57
115,115,2026-10-01,143,136.57
115,115,2026-10-02,143,136.57
115,115,2026-10-03,123,136.57
115,115,2026-10-04,118,136.57
115,115,2026-10-05,143,136.57
115,115,2026-10-06,143,136.57
115,115,2026-10-07,143,136.57
115,115,2026-10-08,143,136.57
115,115,2026-10-09,143,136.57
115,115,2026-10-10,123,136.57
115,115,2026-10-11,118,136.57
115,115,2026-10-12,143,136.57
115,115,2026-10-13,143,136.57
115,115,2026-10-14,143,136.57
115,115,2026-10-15,143,136.57
115,115,2026-10-16,143,136.57
115,115,2026-10-17,123,136.57
115,115,2026-10-18,118,136.57
115,115,2026-10-19,143,136.57
115,115,2026-10-20,143,136.57
115,115,2026-10-21,143,136.57
115,115,2026-10-22,143,136.57
115,115,2026-10-23,143,136.57
115,115,2026-10-24,123,136.57
115,115,2026-10-25,118,136.57
115,115,2026-10-26,143,136.57
115,115,2026-10-27,143,136.57
115,115,2026-10-28,143,136.57
115,115,2026-10-29,143,136.57
115,115,2026-10-30,143,136.57
115,115,2026-10-31,123,136.57
119,119,2026-08-05,189,189.0
119,119,2026-08-06,189,189.0
119,119,2026-08-07,189,189.0
119,119,2026-08-08,141,177.0
119,119,2026-08-09,111,163.8
119,119,2026-08-10,187,167.67
119,119,2026-08-11,189,170.71
119,119,2026-08-12,189,170.71
119,119,2026-08-13,189,170.71
119,119,2026-08-14,189,170.71
119,119,2026-08-15,141,170.71
119,119,2026-08-16,111,170.71
119,119,2026-08-17,187,170.71
119,119,2026-08-18,189,170.71
119,119,2026-08-19,189,170.71
119,119,2026-08-20,189,170.71
119,119,2026-08-21,189,170.71
119,119,2026-08-22,141,170.71
119,119,2026-08-23,111,170.71
119,119,2026-08-24,187,170.71
119,119,2026-08-25,189,170.71
119,119,2026-08-26,189,170.71
119,119,2026-08-27,189,170.71
119,119,2026-08-28,189,170.71
119,119,2026-08-29,141,170.71
119,119,2026-08-30,111,170.71
119,119,2026-08-31,187,170.71
119,119,2026-09-01,189,170.71
119,119,2026-09-02,189,170.71
119,119,2026-09-03,189,170.71
119,119,2026-09-04,189,170.71
119,119,2026-09-05,141,170.71
119,119,2026-09-06,111,170.71
119,119,2026-09-07,110,159.71
119,119,2026-09-08,187,159.43
119,119,2026-09-09,189,159.43
119,119,2026-09-10,189,159.43
119,119,2026-09-11,189,159.43
119,119,2026-09-12,141,159.43
119,119,2026-09-13,111,159.43
119,119,2026-09-14,187,170.43
119,119,2026-09-15,189,170.71
119,119,2026-09-16,189,170.71
119,119,2026-09-17,189,170.71
119,119,2026-09-18,189,170.71
119,119,2026-09-19,141,170.71
119,119,2026-09-20,111,170.71
119,119,2026-09-21,187,170.71
119,119,2026-09-22,189,170.71
119,119,2026-09-23,189,170.71
119,119,2026-09-24,189,170.71
119,119,2026-09-25,189,170.71
119,119,2026-09-26,141,170.71
119,119,2026-09-27,111,170.71
119,119,2026-09-28,187,170.71
119,119,2026-09-29,189,170.71
119,119,2026-09-30,189,170.71
119,119,2026-10-01,189,170.71
119,119,2026-10-02,189,170.71
119,119,2026-10-03,141,170.71
119,119,2026-10-04,111,170.71
119,119,2026-10-05,187,170.71
119,119,2026-10-06,189,170.71
119,119,2026-10-07,189,170.71
119,119,2026-10-08,189,170.71
119,119,2026-10-09,189,170.71
119,119,2026-10-10,141,170.71
119,119,2026-10-11,111,170.71
119,119,2026-10-12,187,170.71
119,119,2026-10-13,189,170.71
119,119,2026-10-14,189,170.71
119,119,2026-10-15,189,170.71
119,119,2026-10-16,189,170.71
119,119,2026-10-17,141,170.71
119,119,2026-10-18,111,170.71
119,119,2026-10-19,187,170.71
119,119,2026-10-20,189,170.71
119,119,2026-10-21,189,170.71
119,119,2026-10-22,189,170.71
119,119,2026-10-23,189,170.71
119,119,2026-10-24,141,170.71
119,119,2026-10-25,111,170.71
119,119,2026-10-26,187,170.71
119,119,2026-10-27,189,170.71
119,119,2026-10-28,189,170.71
119,119,2026-10-29,189,170.71
119,119,2026-10-30,189,170.71
119,119,2026-10-31,141,170.71
12,12,2026-08-05,253,253.0
12,12,2026-08-06,253,253.0
12,12,2026-08-07,253,253.0
12,12,2026-08-08,234,248.25
12,12,2026-08-09,219,242.4
12,12,2026-08-10,253,244.17
12,12,2026-08-11,253,245.43
12,12,2026-08-12,253,245.43
12,12,2026-08-13,253,245.43
12,12,2026-08-14,253,245.43
12,12,2026-08-15,234,245.43
12,12,2026-08-16,219,245.43
12,12,2026-08-17,253,245.43
12,12,2026-08-18,253,245.43
12,12,2026-08-19,253,245.43
12,12,2026-08-20,253,245.43
12,12,2026-08-21,253,245.43
12,12,2026-08-22,234,245.43
12,12,2026-08-23,219,245.43
12,12,2026-08-24,254,245.57
12,12,2026-08-25,254,245.71
12,12,2026-08-26,254,245.86
12,12,2026-08-27,254,246.0
12,12,2026-08-28,254,246.14
12,12,2026-08-29,215,243.43
12,12,2026-08-30,219,243.43
12,12,2026-08-31,254,243.43
12,12,2026-09-01,254,243.43
12,12,2026-09-02,254,243.43
12,12,2026-09-03,254,243.43
12,12,2026-09-04,254,243.43
12,12,2026-09-05,215,243.43
12,12,2026-09-06,219,243.43
12,12,2026-09-07,218,238.29
12,12,2026-09-08,254,238.29
12,12,2026-09-09,254,238.29
12,12,2026-09-10,254,238.29
12,12,2026-09-11,254,238.29
12,12,2026-09-12,215,238.29
12,12,2026-09-13,219,238.29
12,12,2026-09-14,254,243.43
12,12,2026-09-15,254,243.43
12,12,2026-09-16,254,243.43
12,12,2026-09-17,254,243.43
12,12,2026-09-18,254,243.43
12,12,2026-09-19,215,243.43
12,12,2026-09-20,219,243.43
12,12,2026-09-21,254,243.43
12,12,2026-09-22,254,243.43
12,12,2026-09-23,254,243.43
12,12,2026-09-24,254,243.43
12,12,2026-09-25,254,243.43
12,12,2026-09-26,215,243.43
12,12,2026-09-27,219,243.43
12,12,2026-09-28,254,243.43
12,12,2026-09-29,254,243.43
12,12,2026-09-30,254,243.43
12,12,2026-10-01,254,243.43
12,12,2026-10-02,254,243.43
12,12,2026-10-03,215,243.43
12,12,2026-10-04,219,243.43
12,12,2026-10-05,254,243.43
12,12,2026-10-06,254,243.43
12,12,2026-10-07,254,243.43
12,12,2026-10-08,254,243.43
12,12,2026-10-09,254,243.43
12,12,2026-10-10,215,243.43
12,12,2026-10-11,219,243.43
12,12,2026-10-12,254,243.43
12,12,2026-10-13,254,243.43
12,12,2026-10-14,254,243.43
12,12,2026-10-15,254,243.43
12,12,2026-10-16,254,243.43
12,12,2026-10-17,215,243.43
12,12,2026-10-18,219,243.43
12,12,2026-10-19,254,243.43
12,12,2026-10-20,254,243.43
12,12,2026-10-21,254,243.43
12,12,2026-10-22,254,243.43
12,12,2026-10-23,254,243.43
12,12,2026-10-24,215,243.43
12,12,2026-10-25,219,243.43
12,12,2026-10-26,254,243.43
12,12,2026-10-27,254,243.43
12,12,2026-10-28,254,243.43
12,12,2026-10-29,254,243.43
12,12,2026-10-30,254,243.43
12,12,2026-10-31,215,243.43
120,120,2026-08-05,73,73.0
120,120,2026-08-06,73,73.0
120,120,2026-08-07,73,73.0
120,120,2026-08-08,0,54.75
120,120,2026-08-09,0,43.8
120,120,2026-08-10,73,48.67
120,120,2026-08-11,73,52.14
120,120,2026-08-12,73,52.14
120,120,2026-08-13,73,52.14
120,120,2026-08-14,73,52.14
120,120,2026-08-15,0,52.14
120,120,2026-08-16,0,52.14
120,120,2026-08-17,73,52.14
120,120,2026-08-18,73,52.14
120,120,2026-08-19,73,52.14
120,120,2026-08-20,73,52.14
120,120,2026-08-21,73,52.14
120,120,2026-08-22,0,52.14
120,120,2026-08-23,0,52.14
120,120,2026-08-24,73,52.14
120,120,2026-08-25,73,52.14
120,120,2026-08-26,73,52.14
120,120,2026-08-27,73,52.14
120,120,2026-08-28,73,52.14
120,120,2026-08-29,0,52.14
120,120,2026-08-30,0,52.14
120,120,2026-08-31,73,52.14
120,120,2026-09-01,73,52.14
120,120,2026-09-02,73,52.14
120,120,2026-09-03,73,52.14
120,120,2026-09-04,73,52.14
120,120,2026-09-05,0,52.14
120,120,2026-09-06,0,52.14
120,120,2026-09-07,0,41.71
120,120,2026-09-08,73,41.71
120,120,2026-09-09,73,41.71
120,120,2026-09-10,73,41.71
120,120,2026-09-11,73,41.71
120,120,2026-09-12,0,41.71
120,120,2026-09-13,0,41.71
120,120,2026-09-14,73,52.14
120,120,2026-09-15,73,52.14
120,120,2026-09-16,73,52.14
120,120,2026-09-17,73,52.14
120,120,2026-09-18,73,52.14
120,120,2026-09-19,0,52.14
120,120,2026-09-20,0,52.14
120,120,2026-09-21,73,52.14
120,120,2026-09-22,73,52.14
120,120,2026-09-23,73,52.14
120,120,2026-09-24,73,52.14
120,120,2026-09-25,73,52.14
120,120,2026-09-26,0,52.14
120,120,2026-09-27,0,52.14
120,120,2026-09-28,73,52.14
120,120,2026-09-29,73,52.14
120,120,2026-09-30,73,52.14
120,120,2026-10-01,73,52.14
120,120,2026-10-02,73,52.14
120,120,2026-10-03,0,52.14
120,120,2026-10-04,0,52.14
120,120,2026-10-05,73,52.14
120,120,2026-10-06,73,52.14
120,120,2026-10-07,73,52.14
120,120,2026-10-08,73,52.14
120,120,2026-10-09,73,52.14
120,120,2026-10-10,0,52.14
120,120,2026-10-11,0,52.14
120,120,2026-10-12,73,52.14
120,120,2026-10-13,73,52.14
120,120,2026-10-14,73,52.14
120,120,2026-10-15,73,52.14
120,120,2026-10-16,73,52.14
120,120,2026-10-17,0,52.14
120,120,2026-10-18,0,52.14
120,120,2026-10-19,73,52.14
120,120,2026-10-20,73,52.14
120,120,2026-10-21,73,52.14
120,120,2026-10-22,73,52.14
120,120,2026-10-23,73,52.14
120,120,2026-10-24,0,52.14
120,120,2026-10-25,0,52.14
120,120,2026-10-26,73,52.14
120,120,2026-10-27,73,52.14
120,120,2026-10-28,73,52.14
120,120,2026-10-29,73,52.14
120,120,2026-10-30,73,52.14
120,120,2026-10-31,0,52.14
121,121,2026-08-05,76,76.0
121,121,2026-08-06,76,76.0
121,121,2026-08-07,76,76.0
121,121,2026-08-08,0,57.0
121,121,2026-08-09,0,45.6
121,121,2026-08-10,76,50.67
121,121,2026-08-11,76,54.29
121,121,2026-08-12,76,54.29
121,121,2026-08-13,76,54.29
121,121,2026-08-14,76,54.29
121,121,2026-08-15,0,54.29
121,121,2026-08-16,0,54.29
121,121,2026-08-17,76,54.29
121,121,2026-08-18,76,54.29
121,121,2026-08-19,76,54.29
121,121,2026-08-20,76,54.29
121,121,2026-08-21,76,54.29
121,121,2026-08-22,0,54.29
121,121,2026-08-23,0,54.29
121,121,2026-08-24,76,54.29
121,121,2026-08-25,76,54.29
121,121,2026-08-26,76,54.29
121,121,2026-08-27,76,54.29
121,121,2026-08-28,76,54.29
121,121,2026-08-29,0,54.29
121,121,2026-08-30,0,54.29
121,121,2026-08-31,76,54.29
121,121,2026-09-01,76,54.29
121,121,2026-09-02,76,54.29
121,121,2026-09-03,76,54.29
121,121,2026-09-04,76,54.29
121,121,2026-09-05,0,54.29
121,121,2026-09-06,0,54.29
121,121,2026-09-07,0,43.43
121,121,2026-09-08,76,43.43
121,121,2026-09-09,76,43.43
121,121,2026-09-10,76,43.43
121,121,2026-09-11,76,43.43
121,121,2026-09-12,0,43.43
121,121,2026-09-13,0,43.43
121,121,2026-09-14,76,54.29
121,121,2026-09-15,76,54.29
121,121,2026-09-16,76,54.29
121,121,2026-09-17,76,54.29
121,121,2026-09-18,76,54.29
121,121,2026-09-19,0,54.29
121,121,2026-09-20,0,54.29
121,121,2026-09-21,76,54.29
121,121,2026-09-22,76,54.29
121,121,2026-09-23,76,54.29
121,121,2026-09-24,76,54.29
121,121,2026-09-25,76,54.29
121,121,2026-09-26,0,54.29
121,121,2026-09-27,0,54.29
121,121,2026-09-28,76,54.29
121,121,2026-09-29,76,54.29
121,121,2026-09-30,76,54.29
121,121,2026-10-01,76,54.29
121,121,2026-10-02,76,54.29
121,121,2026-10-03,0,54.29
121,121,2026-10-04,0,54.29
121,121,2026-10-05,76,54.29
121,121,2026-10-06,76,54.29
121,121,2026-10-07,76,54.29
121,121,2026-10-08,76,54.29
121,121,2026-10-09,76,54.29
121,121,2026-10-10,0,54.29
121,121,2026-10-11,0,54.29
121,121,2026-10-12,76,54.29
121,121,2026-10-13,76,54.29
121,121,2026-10-14,76,54.29
121,121,2026-10-15,76,54.29
121,121,2026-10-16,76,54.29
121,121,2026-10-17,0,54.29
121,121,2026-10-18,0,54.29
121,121,2026-10-19,76,54.29
121,121,2026-10-20,76,54.29
121,121,2026-10-21,76,54.29
121,121,2026-10-22,76,54.29
121,121,2026-10-23,76,54.29
121,121,2026-10-24,0,54.29
121,121,2026-10-25,0,54.29
121,121,2026-10-26,76,54.29
121,121,2026-10-27,76,54.29
121,121,2026-10-28,76,54.29
121,121,2026-10-29,76,54.29
121,121,2026-10-30,76,54.29
121,121,2026-10-31,0,54.29
124,124,2026-08-05,109,109.0
124,124,2026-08-06,109,109.0
124,124,2026-08-07,109,109.0
124,124,2026-08-08,103,107.5
124,124,2026-08-09,97,105.4
124,124,2026-08-10,109,106.0
124,124,2026-08-11,109,106.43
124,124,2026-08-12,109,106.43
124,124,2026-08-13,109,106.43
124,124,2026-08-14,109,106.43
124,124,2026-08-15,103,106.43
124,124,2026-08-16,97,106.43
124,124,2026-08-17,109,106.43
124,124,2026-08-18,109,106.43
124,124,2026-08-19,109,106.43
124,124,2026-08-20,109,106.43
124,124,2026-08-21,109,106.43
124,124,2026-08-22,103,106.43
124,124,2026-08-23,66,102.0
124,124,2026-08-24,75,97.14
124,124,2026-08-25,75,92.29
124,124,2026-08-26,75,87.43
124,124,2026-08-27,75,82.57
124,124,2026-08-28,75,77.71
124,124,2026-08-29,86,75.29
124,124,2026-08-30,66,75.29
124,124,2026-08-31,75,75.29
124,124,2026-09-01,75,75.29
124,124,2026-09-02,75,75.29
124,124,2026-09-03,75,75.29
124,124,2026-09-04,75,75.29
124,124,2026-09-05,86,75.29
124,124,2026-09-06,66,75.29
124,124,2026-09-07,66,74.0
124,124,2026-09-08,75,74.0
124,124,2026-09-09,75,74.0
124,124,2026-09-10,75,74.0
124,124,2026-09-11,75,74.0
124,124,2026-09-12,86,74.0
124,124,2026-09-13,66,74.0
124,124,2026-09-14,75,75.29
124,124,2026-09-15,75,75.29
124,124,2026-09-16,75,75.29
124,124,2026-09-17,75,75.29
124,124,2026-09-18,75,75.29
124,124,2026-09-19,86,75.29
124,124,2026-09-20,66,75.29
124,124,2026-09-21,75,75.29
124,124,2026-09-22,75,75.29
124,124,2026-09-23,75,75.29
124,124,2026-09-24,75,75.29
124,124,2026-09-25,75,75.29
124,124,2026-09-26,86,75.29
124,124,2026-09-27,66,75.29
124,124,2026-09-28,75,75.29
124,124,2026-09-29,75,75.29
124,124,2026-09-30,75,75.29
124,124,2026-10-01,75,75.29
124,124,2026-10-02,75,75.29
124,124,2026-10-03,86,75.29
124,124,2026-10-04,66,75.29
124,124,2026-10-05,75,75.29
124,124,2026-10-06,75,75.29
124,124,2026-10-07,75,75.29
124,124,2026-10-08,75,75.29
124,124,2026-10-09,75,75.29
124,124,2026-10-10,86,75.29
124,124,2026-10-11,66,75.29
124,124,2026-10-12,75,75.29
124,124,2026-10-13,75,75.29
124,124,2026-10-14,75,75.29
124,124,2026-10-15,75,75.29
124,124,2026-10-16,75,75.29
124,124,2026-10-17,86,75.29
124,124,2026-10-18,66,75.29
124,124,2026-10-19,75,75.29
124,124,2026-10-20,75,75.29
124,124,2026-10-21,75,75.29
124,124,2026-10-22,75,75.29
124,124,2026-10-23,75,75.29
124,124,2026-10-24,86,75.29
124,124,2026-10-25,66,75.29
124,124,2026-10-26,75,75.29
124,124,2026-10-27,75,75.29
124,124,2026-10-28,75,75.29
124,124,2026-10-29,75,75.29
124,124,2026-10-30,75,75.29
124,124,2026-10-31,86,75.29
125,125,2026-08-05,51,51.0
125,125,2026-08-06,51,51.0
125,125,2026-08-07,51,51.0
125,125,2026-08-08,0,38.25
125,125,2026-08-09,0,30.6
125,125,2026-08-10,51,34.0
125,125,2026-08-11,51,36.43
125,125,2026-08-12,51,36.43
125,125,2026-08-13,51,36.43
125,125,2026-08-14,51,36.43
125,125,2026-08-15,0,36.43
125,125,2026-08-16,0,36.43
125,125,2026-08-17,51,36.43
125,125,2026-08-18,51,36.43
125,125,2026-08-19,51,36.43
125,125,2026-08-20,51,36.43
125,125,2026-08-21,51,36.43
125,125,2026-08-22,0,36.43
125,125,2026-08-23,0,36.43
125,125,2026-08-24,51,36.43
125,125,2026-08-25,51,36.43
125,125,2026-08-26,51,36.43
125,125,2026-08-27,51,36.43
125,125,2026-08-28,51,36.43
125,125,2026-08-29,0,36.43
125,125,2026-08-30,0,36.43
125,125,2026-08-31,51,36.43
125,125,2026-09-01,51,36.43
125,125,2026-09-02,51,36.43
125,125,2026-09-03,51,36.43
125,125,2026-09-04,51,36.43
125,125,2026-09-05,0,36.43
125,125,2026-09-06,0,36.43
125,125,2026-09-07,0,29.14
125,125,2026-09-08,51,29.14
125,125,2026-09-09,51,29.14
125,125,2026-09-10,51,29.14
125,125,2026-09-11,51,29.14
125,125,2026-09-12,0,29.14
125,125,2026-09-13,0,29.14
125,125,2026-09-14,51,36.43
125,125,2026-09-15,51,36.43
125,125,2026-09-16,51,36.43
125,125,2026-09-17,51,36.43
125,125,2026-09-18,51,36.43
125,125,2026-09-19,0,36.43
125,125,2026-09-20,0,36.43
125,125,2026-09-21,51,36.43
125,125,2026-09-22,51,36.43
125,125,2026-09-23,51,36.43
125,125,2026-09-24,51,36.43
125,125,2026-09-25,51,36.43
125,125,2026-09-26,0,36.43
125,125,2026-09-27,0,36.43
125,125,2026-09-28,51,36.43
125,125,2026-09-29,51,36.43
125,125,2026-09-30,51,36.43
125,125,2026-10-01,51,36.43
125,125,2026-10-02,51,36.43
125,125,2026-10-03,0,36.43
125,125,2026-10-04,0,36.43
125,125,2026-10-05,51,36.43
125,125,2026-10-06,51,36.43
125,125,2026-10-07,51,36.43
125,125,2026-10-08,51,36.43
125,125,2026-10-09,51,36.43
125,125,2026-10-10,0,36.43
125,125,2026-10-11,0,36.43
125,125,2026-10-12,51,36.43
125,125,2026-10-13,51,36.43
125,125,2026-10-14,51,36.43
125,125,2026-10-15,51,36.43
125,125,2026-10-16,51,36.43
125,125,2026-10-17,0,36.43
125,125,2026-10-18,0,36.43
125,125,2026-10-19,51,36.43
125,125,2026-10-20,51,36.43
125,125,2026-10-21,51,36.43
125,125,2026-10-22,51,36.43
125,125,2026-10-23,51,36.43
125,125,2026-10-24,0,36.43
125,125,2026-10-25,0,36.43
125,125,2026-10-26,51,36.43
125,125,2026-10-27,51,36.43
125,125,2026-10-28,51,36.43
125,125,2026-10-29,51,36.43
125,125,2026-10-30,51,36.43
125,125,2026-10-31,0,36.43
126,126,2026-08-05,154,154.0
126,126,2026-08-06,154,154.0
126,126,2026-08-07,154,154.0
126,126,2026-08-08,128,147.5
126,126,2026-08-09,114,140.8
126,126,2026-08-10,154,143.0
126,126,2026-08-11,154,144.57
126,126,2026-08-12,154,144.57
126,126,2026-08-13,154,144.57
126,126,2026-08-14,154,144.57
126,126,2026-08-15,128,144.57
126,126,2026-08-16,114,144.57
126,126,2026-08-17,154,144.57
126,126,2026-08-18,154,144.57
126,126,2026-08-19,154,144.57
126,126,2026-08-20,154,144.57
126,126,2026-08-21,154,144.57
126,126,2026-08-22,128,144.57
126,126,2026-08-23,113,144.43
126,126,2026-08-24,146,143.29
126,126,2026-08-25,146,142.14
126,126,2026-08-26,146,141.0
126,126,2026-08-27,146,139.86
126,126,2026-08-28,146,138.71
126,126,2026-08-29,119,137.43
126,126,2026-08-30,113,137.43
126,126,2026-08-31,146,137.43
126,126,2026-09-01,146,137.43
126,126,2026-09-02,146,137.43
126,126,2026-09-03,146,137.43
126,126,2026-09-04,146,137.43
126,126,2026-09-05,119,137.43
126,126,2026-09-06,113,137.43
126,126,2026-09-07,113,132.71
126,126,2026-09-08,146,132.71
126,126,2026-09-09,146,132.71
126,126,2026-09-10,146,132.71
126,126,2026-09-11,146,132.71
126,126,2026-09-12,119,132.71
126,126,2026-09-13,113,132.71
126,126,2026-09-14,146,137.43
126,126,2026-09-15,146,137.43
126,126,2026-09-16,146,137.43
126,126,2026-09-17,146,137.43
126,126,2026-09-18,146,137.43
126,126,2026-09-19,119,137.43
126,126,2026-09-20,113,137.43
126,126,2026-09-21,146,137.43
126,126,2026-09-22,146,137.43
126,126,2026-09-23,146,137.43
126,126,2026-09-24,146,137.43
126,126,2026-09-25,146,137.43
126,126,2026-09-26,119,137.43
126,126,2026-09-27,113,137.43
126,126,2026-09-28,146,137.43
126,126,2026-09-29,146,137.43
126,126,2026-09-30,146,137.43
126,126,2026-10-01,146,137.43
126,126,2026-10-02,146,137.43
126,126,2026-10-03,119,137.43
126,126,2026-10-04,113,137.43
126,126,2026-10-05,146,137.43
126,126,2026-10-06,146,137.43
126,126,2026-10-07,146,137.43
126,126,2026-10-08,146,137.43
126,126,2026-10-09,146,137.43
126,126,2026-10-10,119,137.43
126,126,2026-10-11,113,137.43
126,126,2026-10-12,146,137.43
126,126,2026-10-13,146,137.43
126,126,2026-10-14,146,137.43
126,126,2026-10-15,146,137.43
126,126,2026-10-16,146,137.43
126,126,2026-10-17,119,137.43
126,126,2026-10-18,113,137.43
126,126,2026-10-19,146,137.43
126,126,2026-10-20,146,137.43
126,126,2026-10-21,146,137.43
126,126,2026-10-22,146,137.43
126,126,2026-10-23,146,137.43
126,126,2026-10-24,119,137.43
126,126,2026-10-25,113,137.43
126,126,2026-10-26,146,137.43
126,126,2026-10-27,146,137.43
126,126,2026-10-28,146,137.43
126,126,2026-10-29,146,137.43
126,126,2026-10-30,146,137.43
126,126,2026-10-31,119,137.43
130,130,2026-08-05,63,63.0
130,130,2026-08-06,63,63.0
130,130,2026-08-07,63,63.0
130,130,2026-08-08,63,63.0
130,130,2026-08-09,65,63.4
130,130,2026-08-10,63,63.33
130,130,2026-08-11,63,63.29
130,130,2026-08-12,63,63.29
130,130,2026-08-13,63,63.29
130,130,2026-08-14,63,63.29
130,130,2026-08-15,63,63.29
130,130,2026-08-16,65,63.29
130,130,2026-08-17,63,63.29
130,130,2026-08-18,63,63.29
130,130,2026-08-19,63,63.29
130,130,2026-08-20,63,63.29
130,130,2026-08-21,63,63.29
130,130,2026-08-22,63,63.29
130,130,2026-08-23,65,63.29
130,130,2026-08-24,63,63.29
130,130,2026-08-25,63,63.29
130,130,2026-08-26,63,63.29
130,130,2026-08-27,63,63.29
130,130,2026-08-28,63,63.29
130,130,2026-08-29,63,63.29
130,130,2026-08-30,65,63.29
130,130,2026-08-31,63,63.29
130,130,2026-09-01,63,63.29
130,130,2026-09-02,63,63.29
130,130,2026-09-03,63,63.29
130,130,2026-09-04,63,63.29
130,130,2026-09-05,63,63.29
130,130,2026-09-06,65,63.29
130,130,2026-09-07,63,63.29
130,130,2026-09-08,0,54.29
130,130,2026-09-09,0,45.29
130,130,2026-09-10,0,36.29
130,130,2026-09-11,0,27.29
130,130,2026-09-12,0,18.29
130,130,2026-09-13,0,9.0
130,130,2026-09-14,0,0.0
130,130,2026-09-15,0,0.0
130,130,2026-09-16,0,0.0
130,130,2026-09-17,0,0.0
130,130,2026-09-18,0,0.0
130,130,2026-09-19,0,0.0
130,130,2026-09-20,0,0.0
130,130,2026-09-21,0,0.0
130,130,2026-09-22,0,0.0
130,130,2026-09-23,0,0.0
130,130,2026-09-24,0,0.0
130,130,2026-09-25,0,0.0
130,130,2026-09-26,0,0.0
130,130,2026-09-27,0,0.0
130,130,2026-09-28,0,0.0
130,130,2026-09-29,0,0.0
130,130,2026-09-30,0,0.0
130,130,2026-10-01,0,0.0
130,130,2026-10-02,0,0.0
130,130,2026-10-03,0,0.0
130,130,2026-10-04,0,0.0
130,130,2026-10-05,0,0.0
130,130,2026-10-06,0,0.0
130,130,2026-10-07,0,0.0
130,130,2026-10-08,0,0.0
130,130,2026-10-09,0,0.0
130,130,2026-10-10,0,0.0
130,130,2026-10-11,0,0.0
130,130,2026-10-12,0,0.0
130,130,2026-10-13,0,0.0
130,130,2026-10-14,0,0.0
130,130,2026-10-15,0,0.0
130,130,2026-10-16,0,0.0
130,130,2026-10-17,0,0.0
130,130,2026-10-18,0,0.0
130,130,2026-10-19,0,0.0
130,130,2026-10-20,0,0.0
130,130,2026-10-21,0,0.0
130,130,2026-10-22,0,0.0
130,130,2026-10-23,0,0.0
130,130,2026-10-24,0,0.0
130,130,2026-10-25,0,0.0
130,130,2026-10-26,0,0.0
130,130,2026-10-27,0,0.0
130,130,2026-10-28,0,0.0
130,130,2026-10-29,0,0.0
130,130,2026-10-30,0,0.0
130,130,2026-10-31,0,0.0
134,134,2026-08-05,49,49.0
134,134,2026-08-06,49,49.0
134,134,2026-08-07,49,49.0
134,134,2026-08-08,0,36.75
134,134,2026-08-09,0,29.4
134,134,2026-08-10,49,32.67
134,134,2026-08-11,49,35.0
134,134,2026-08-12,49,35.0
134,134,2026-08-13,49,35.0
134,134,2026-08-14,49,35.0
134,134,2026-08-15,0,35.0
134,134,2026-08-16,0,35.0
134,134,2026-08-17,49,35.0
134,134,2026-08-18,49,35.0
134,134,2026-08-19,49,35.0
134,134,2026-08-20,49,35.0
134,134,2026-08-21,49,35.0
134,134,2026-08-22,0,35.0
134,134,2026-08-23,0,35.0
134,134,2026-08-24,49,35.0
134,134,2026-08-25,49,35.0
134,134,2026-08-26,49,35.0
134,134,2026-08-27,49,35.0
134,134,2026-08-28,49,35.0
134,134,2026-08-29,0,35.0
134,134,2026-08-30,0,35.0
134,134,2026-08-31,49,35.0
134,134,2026-09-01,49,35.0
134,134,2026-09-02,49,35.0
134,134,2026-09-03,49,35.0
134,134,2026-09-04,49,35.0
134,134,2026-09-05,0,35.0
134,134,2026-09-06,0,35.0
134,134,2026-09-07,0,28.0
134,134,2026-09-08,49,28.0
134,134,2026-09-09,49,28.0
134,134,2026-09-10,49,28.0
134,134,2026-09-11,49,28.0
134,134,2026-09-12,0,28.0
134,134,2026-09-13,0,28.0
134,134,2026-09-14,49,35.0
134,134,2026-09-15,49,35.0
134,134,2026-09-16,49,35.0
134,134,2026-09-17,49,35.0
134,134,2026-09-18,49,35.0
134,134,2026-09-19,0,35.0
134,134,2026-09-20,0,35.0
134,134,2026-09-21,49,35.0
134,134,2026-09-22,49,35.0
134,134,2026-09-23,49,35.0
134,134,2026-09-24,49,35.0
134,134,2026-09-25,49,35.0
134,134,2026-09-26,0,35.0
134,134,2026-09-27,0,35.0
134,134,2026-09-28,49,35.0
134,134,2026-09-29,49,35.0
134,134,2026-09-30,49,35.0
134,134,2026-10-01,49,35.0
134,134,2026-10-02,49,35.0
134,134,2026-10-03,0,35.0
134,134,2026-10-04,0,35.0
134,134,2026-10-05,49,35.0
134,134,2026-10-06,49,35.0
134,134,2026-10-07,49,35.0
134,134,2026-10-08,49,35.0
134,134,2026-10-09,49,35.0
134,134,2026-10-10,0,35.0
134,134,2026-10-11,0,35.0
134,134,2026-10-12,49,35.0
134,134,2026-10-13,49,35.0
134,134,2026-10-14,49,35.0
134,134,2026-10-15,49,35.0
134,134,2026-10-16,49,35.0
134,134,2026-10-17,0,35.0
134,134,2026-10-18,0,35.0
134,134,2026-10-19,49,35.0
134,134,2026-10-20,49,35.0
134,134,2026-10-21,49,35.0
134,134,2026-10-22,49,35.0
134,134,2026-10-23,49,35.0
134,134,2026-10-24,0,35.0
134,134,2026-10-25,0,35.0
134,134,2026-10-26,49,35.0
134,134,2026-10-27,49,35.0
134,134,2026-10-28,49,35.0
134,134,2026-10-29,49,35.0
134,134,2026-10-30,49,35.0
134,134,2026-10-31,0,35.0
135,135,2026-08-05,50,50.0
135,135,2026-08-06,50,50.0
135,135,2026-08-07,50,50.0
135,135,2026-08-08,0,37.5
135,135,2026-08-09,0,30.0
135,135,2026-08-10,50,33.33
135,135,2026-08-11,50,35.71
135,135,2026-08-12,50,35.71
135,135,2026-08-13,50,35.71
135,135,2026-08-14,50,35.71
135,135,2026-08-15,0,35.71
135,135,2026-08-16,0,35.71
135,135,2026-08-17,50,35.71
135,135,2026-08-18,50,35.71
135,135,2026-08-19,50,35.71
135,135,2026-08-20,50,35.71
135,135,2026-08-21,50,35.71
135,135,2026-08-22,0,35.71
135,135,2026-08-23,0,35.71
135,135,2026-08-24,50,35.71
135,135,2026-08-25,50,35.71
135,135,2026-08-26,50,35.71
135,135,2026-08-27,50,35.71
135,135,2026-08-28,50,35.71
135,135,2026-08-29,0,35.71
135,135,2026-08-30,0,35.71
135,135,2026-08-31,50,35.71
135,135,2026-09-01,50,35.71
135,135,2026-09-02,50,35.71
135,135,2026-09-03,50,35.71
135,135,2026-09-04,50,35.71
135,135,2026-09-05,0,35.71
135,135,2026-09-06,0,35.71
135,135,2026-09-07,0,28.57
135,135,2026-09-08,50,28.57
135,135,2026-09-09,50,28.57
135,135,2026-09-10,50,28.57
135,135,2026-09-11,50,28.57
135,135,2026-09-12,0,28.57
135,135,2026-09-13,0,28.57
135,135,2026-09-14,50,35.71
135,135,2026-09-15,50,35.71
135,135,2026-09-16,50,35.71
135,135,2026-09-17,50,35.71
135,135,2026-09-18,50,35.71
135,135,2026-09-19,0,35.71
135,135,2026-09-20,0,35.71
135,135,2026-09-21,50,35.71
135,135,2026-09-22,50,35.71
135,135,2026-09-23,50,35.71
135,135,2026-09-24,50,35.71
135,135,2026-09-25,50,35.71
135,135,2026-09-26,0,35.71
135,135,2026-09-27,0,35.71
135,135,2026-09-28,50,35.71
135,135,2026-09-29,50,35.71
135,135,2026-09-30,50,35.71
135,135,2026-10-01,50,35.71
135,135,2026-10-02,50,35.71
135,135,2026-10-03,0,35.71
135,135,2026-10-04,0,35.71
135,135,2026-10-05,50,35.71
135,135,2026-10-06,50,35.71
135,135,2026-10-07,50,35.71
135,135,2026-10-08,50,35.71
135,135,2026-10-09,50,35.71
135,135,2026-10-10,0,35.71
135,135,2026-10-11,0,35.71
135,135,2026-10-12,50,35.71
135,135,2026-10-13,50,35.71
135,135,2026-10-14,50,35.71
135,135,2026-10-15,50,35.71
135,135,2026-10-16,50,35.71
135,135,2026-10-17,0,35.71
135,135,2026-10-18,0,35.71
135,135,2026-10-19,50,35.71
135,135,2026-10-20,50,35.71
135,135,2026-10-21,50,35.71
135,135,2026-10-22,50,35.71
135,135,2026-10-23,50,35.71
135,135,2026-10-24,0,35.71
135,135,2026-10-25,0,35.71
135,135,2026-10-26,50,35.71
135,135,2026-10-27,50,35.71
135,135,2026-10-28,50,35.71
135,135,2026-10-29,50,35.71
135,135,2026-10-30,50,35.71
135,135,2026-10-31,0,35.71
136,136,2026-08-05,36,36.0
136,136,2026-08-06,36,36.0
136,136,2026-08-07,36,36.0
136,136,2026-08-08,0,27.0
136,136,2026-08-09,0,21.6
136,136,2026-08-10,36,24.0
136,136,2026-08-11,36,25.71
136,136,2026-08-12,36,25.71
136,136,2026-08-13,36,25.71
136,136,2026-08-14,36,25.71
136,136,2026-08-15,0,25.71
136,136,2026-08-16,0,25.71
136,136,2026-08-17,36,25.71
136,136,2026-08-18,36,25.71
136,136,2026-08-19,36,25.71
136,136,2026-08-20,36,25.71
136,136,2026-08-21,36,25.71
136,136,2026-08-22,0,25.71
136,136,2026-08-23,0,25.71
136,136,2026-08-24,36,25.71
136,136,2026-08-25,36,25.71
136,136,2026-08-26,36,25.71
136,136,2026-08-27,36,25.71
136,136,2026-08-28,36,25.71
136,136,2026-08-29,0,25.71
136,136,2026-08-30,0,25.71
136,136,2026-08-31,36,25.71
136,136,2026-09-01,36,25.71
136,136,2026-09-02,36,25.71
136,136,2026-09-03,36,25.71
136,136,2026-09-04,36,25.71
136,136,2026-09-05,0,25.71
136,136,2026-09-06,0,25.71
136,136,2026-09-07,0,20.57
136,136,2026-09-08,36,20.57
136,136,2026-09-09,36,20.57
136,136,2026-09-10,36,20.57
136,136,2026-09-11,36,20.57
136,136,2026-09-12,0,20.57
136,136,2026-09-13,0,20.57
136,136,2026-09-14,36,25.71
136,136,2026-09-15,36,25.71
136,136,2026-09-16,36,25.71
136,136,2026-09-17,36,25.71
136,136,2026-09-18,36,25.71
136,136,2026-09-19,0,25.71
136,136,2026-09-20,0,25.71
136,136,2026-09-21,36,25.71
136,136,2026-09-22,36,25.71
136,136,2026-09-23,36,25.71
136,136,2026-09-24,36,25.71
136,136,2026-09-25,36,25.71
136,136,2026-09-26,0,25.71
136,136,2026-09-27,0,25.71
136,136,2026-09-28,36,25.71
136,136,2026-09-29,36,25.71
136,136,2026-09-30,36,25.71
136,136,2026-10-01,36,25.71
136,136,2026-10-02,36,25.71
136,136,2026-10-03,0,25.71
136,136,2026-10-04,0,25.71
136,136,2026-10-05,36,25.71
136,136,2026-10-06,36,25.71
136,136,2026-10-07,36,25.71
136,136,2026-10-08,36,25.71
136,136,2026-10-09,36,25.71
136,136,2026-10-10,0,25.71
136,136,2026-10-11,0,25.71
136,136,2026-10-12,36,25.71
136,136,2026-10-13,36,25.71
136,136,2026-10-14,36,25.71
136,136,2026-10-15,36,25.71
136,136,2026-10-16,36,25.71
136,136,2026-10-17,0,25.71
136,136,2026-10-18,0,25.71
136,136,2026-10-19,36,25.71
136,136,2026-10-20,36,25.71
136,136,2026-10-21,36,25.71
136,136,2026-10-22,36,25.71
136,136,2026-10-23,36,25.71
136,136,2026-10-24,0,25.71
136,136,2026-10-25,0,25.71
136,136,2026-10-26,36,25.71
136,136,2026-10-27,36,25.71
136,136,2026-10-28,36,25.71
136,136,2026-10-29,36,25.71
136,136,2026-10-30,36,25.71
136,136,2026-10-31,0,25.71
143,143,2026-08-05,36,36.0
143,143,2026-08-06,36,36.0
143,143,2026-08-07,36,36.0
143,143,2026-08-08,0,27.0
143,143,2026-08-09,0,21.6
143,143,2026-08-10,36,24.0
143,143,2026-08-11,36,25.71
143,143,2026-08-12,36,25.71
143,143,2026-08-13,36,25.71
143,143,2026-08-14,36,25.71
143,143,2026-08-15,0,25.71
143,143,2026-08-16,0,25.71
143,143,2026-08-17,36,25.71
143,143,2026-08-18,36,25.71
143,143,2026-08-19,36,25.71
143,143,2026-08-20,36,25.71
143,143,2026-08-21,36,25.71
143,143,2026-08-22,0,25.71
143,143,2026-08-23,0,25.71
143,143,2026-08-24,36,25.71
143,143,2026-08-25,36,25.71
143,143,2026-08-26,36,25.71
143,143,2026-08-27,36,25.71
143,143,2026-08-28,36,25.71
143,143,2026-08-29,0,25.71
143,143,2026-08-30,0,25.71
143,143,2026-08-31,36,25.71
143,143,2026-09-01,36,25.71
143,143,2026-09-02,36,25.71
143,143,2026-09-03,36,25.71
143,143,2026-09-04,36,25.71
143,143,2026-09-05,0,25.71
143,143,2026-09-06,0,25.71
143,143,2026-09-07,0,20.57
143,143,2026-09-08,36,20.57
143,143,2026-09-09,36,20.57
143,143,2026-09-10,36,20.57
143,143,2026-09-11,36,20.57
143,143,2026-09-12,0,20.57
143,143,2026-09-13,0,20.57
143,143,2026-09-14,36,25.71
143,143,2026-09-15,36,25.71
143,143,2026-09-16,36,25.71
143,143,2026-09-17,36,25.71
143,143,2026-09-18,36,25.71
143,143,2026-09-19,0,25.71
143,143,2026-09-20,0,25.71
143,143,2026-09-21,36,25.71
143,143,2026-09-22,36,25.71
143,143,2026-09-23,36,25.71
143,143,2026-09-24,36,25.71
143,143,2026-09-25,36,25.71
143,143,2026-09-26,0,25.71
143,143,2026-09-27,0,25.71
143,143,2026-09-28,36,25.71
143,143,2026-09-29,36,25.71
143,143,2026-09-30,36,25.71
143,143,2026-10-01,36,25.71
143,143,2026-10-02,36,25.71
143,143,2026-10-03,0,25.71
143,143,2026-10-04,0,25.71
143,143,2026-10-05,36,25.71
143,143,2026-10-06,36,25.71
143,143,2026-10-07,36,25.71
143,143,2026-10-08,36,25.71
143,143,2026-10-09,36,25.71
143,143,2026-10-10,0,25.71
143,143,2026-10-11,0,25.71
143,143,2026-10-12,36,25.71
143,143,2026-10-13,36,25.71
143,143,2026-10-14,36,25.71
143,143,2026-10-15,36,25.71
143,143,2026-10-16,36,25.71
143,143,2026-10-17,0,25.71
143,143,2026-10-18,0,25.71
143,143,2026-10-19,36,25.71
143,143,2026-10-20,36,25.71
143,143,2026-10-21,36,25.71
143,143,2026-10-22,36,25.71
143,143,2026-10-23,36,25.71
143,143,2026-10-24,0,25.71
143,143,2026-10-25,0,25.71
143,143,2026-10-26,36,25.71
143,143,2026-10-27,36,25.71
143,143,2026-10-28,36,25.71
143,143,2026-10-29,36,25.71
143,143,2026-10-30,36,25.71
143,143,2026-10-31,0,25.71
146,146,2026-08-05,222,222.0
146,146,2026-08-06,222,222.0
146,146,2026-08-07,222,222.0
146,146,2026-08-08,192,214.5
146,146,2026-08-09,169,205.4
146,146,2026-08-10,222,208.17
146,146,2026-08-11,222,210.14
146,146,2026-08-12,222,210.14
146,146,2026-08-13,222,210.14
146,146,2026-08-14,222,210.14
146,146,2026-08-15,192,210.14
146,146,2026-08-16,169,210.14
146,146,2026-08-17,222,210.14
146,146,2026-08-18,222,210.14
146,146,2026-08-19,222,210.14
146,146,2026-08-20,222,210.14
146,146,2026-08-21,222,210.14
146,146,2026-08-22,192,210.14
146,146,2026-08-23,169,210.14
146,146,2026-08-24,222,210.14
146,146,2026-08-25,222,210.14
146,146,2026-08-26,222,210.14
146,146,2026-08-27,222,210.14
146,146,2026-08-28,222,210.14
146,146,2026-08-29,192,210.14
146,146,2026-08-30,169,210.14
146,146,2026-08-31,222,210.14
146,146,2026-09-01,222,210.14
146,146,2026-09-02,222,210.14
146,146,2026-09-03,222,210.14
146,146,2026-09-04,222,210.14
146,146,2026-09-05,192,210.14
146,146,2026-09-06,169,210.14
146,146,2026-09-07,169,202.57
146,146,2026-09-08,222,202.57
146,146,2026-09-09,222,202.57
146,146,2026-09-10,222,202.57
146,146,2026-09-11,222,202.57
146,146,2026-09-12,192,202.57
146,146,2026-09-13,169,202.57
146,146,2026-09-14,222,210.14
146,146,2026-09-15,222,210.14
146,146,2026-09-16,222,210.14
146,146,2026-09-17,222,210.14
146,146,2026-09-18,222,210.14
146,146,2026-09-19,192,210.14
146,146,2026-09-20,169,210.14
146,146,2026-09-21,222,210.14
146,146,2026-09-22,222,210.14
146,146,2026-09-23,222,210.14
146,146,2026-09-24,222,210.14
146,146,2026-09-25,222,210.14
146,146,2026-09-26,192,210.14
146,146,2026-09-27,169,210.14
146,146,2026-09-28,222,210.14
146,146,2026-09-29,222,210.14
146,146,2026-09-30,222,210.14
146,146,2026-10-01,222,210.14
146,146,2026-10-02,222,210.14
146,146,2026-10-03,192,210.14
146,146,2026-10-04,169,210.14
146,146,2026-10-05,222,210.14
146,146,2026-10-06,222,210.14
146,146,2026-10-07,222,210.14
146,146,2026-10-08,222,210.14
146,146,2026-10-09,222,210.14
146,146,2026-10-10,192,210.14
146,146,2026-10-11,169,210.14
146,146,2026-10-12,222,210.14
146,146,2026-10-13,222,210.14
146,146,2026-10-14,222,210.14
146,146,2026-10-15,222,210.14
146,146,2026-10-16,222,210.14
146,146,2026-10-17,192,210.14
146,146,2026-10-18,169,210.14
146,146,2026-10-19,222,210.14
146,146,2026-10-20,222,210.14
146,146,2026-10-21,222,210.14
146,146,2026-10-22,222,210.14
146,146,2026-10-23,222,210.14
146,146,2026-10-24,192,210.14
146,146,2026-10-25,169,210.14
146,146,2026-10-26,222,210.14
146,146,2026-10-27,222,210.14
146,146,2026-10-28,222,210.14
146,146,2026-10-29,222,210.14
146,146,2026-10-30,222,210.14
146,146,2026-10-31,192,210.14
147,147,2026-08-05,205,205.0
147,147,2026-08-06,205,205.0
147,147,2026-08-07,205,205.0
147,147,2026-08-08,216,207.75
147,147,2026-08-09,166,199.4
147,147,2026-08-10,205,200.33
147,147,2026-08-11,205,201.0
147,147,2026-08-12,205,201.0
147,147,2026-08-13,205,201.0
147,147,2026-08-14,205,201.0
147,147,2026-08-15,216,201.0
147,147,2026-08-16,166,201.0
147,147,2026-08-17,205,201.0
147,147,2026-08-18,205,201.0
147,147,2026-08-19,205,201.0
147,147,2026-08-20,205,201.0
147,147,2026-08-21,205,201.0
147,147,2026-08-22,216,201.0
147,147,2026-08-23,168,201.29
147,147,2026-08-24,208,201.71
147,147,2026-08-25,208,202.14
147,147,2026-08-26,208,202.57
147,147,2026-08-27,208,203.0
147,147,2026-08-28,208,203.43
147,147,2026-08-29,219,203.86
147,147,2026-08-30,168,203.86
147,147,2026-08-31,208,203.86
147,147,2026-09-01,208,203.86
147,147,2026-09-02,208,203.86
147,147,2026-09-03,208,203.86
147,147,2026-09-04,208,203.86
147,147,2026-09-05,219,203.86
147,147,2026-09-06,168,203.86
147,147,2026-09-07,168,198.14
147,147,2026-09-08,208,198.14
147,147,2026-09-09,208,198.14
147,147,2026-09-10,208,198.14
147,147,2026-09-11,208,198.14
147,147,2026-09-12,219,198.14
147,147,2026-09-13,168,198.14
147,147,2026-09-14,208,203.86
147,147,2026-09-15,208,203.86
147,147,2026-09-16,208,203.86
147,147,2026-09-17,208,203.86
147,147,2026-09-18,208,203.86
147,147,2026-09-19,219,203.86
147,147,2026-09-20,168,203.86
147,147,2026-09-21,208,203.86
147,147,2026-09-22,208,203.86
147,147,2026-09-23,208,203.86
147,147,2026-09-24,208,203.86
147,147,2026-09-25,208,203.86
147,147,2026-09-26,219,203.86
147,147,2026-09-27,168,203.86
147,147,2026-09-28,208,203.86
147,147,2026-09-29,208,203.86
147,147,2026-09-30,208,203.86
147,147,2026-10-01,208,203.86
147,147,2026-10-02,208,203.86
147,147,2026-10-03,219,203.86
147,147,2026-10-04,168,203.86
147,147,2026-10-05,208,203.86
147,147,2026-10-06,208,203.86
147,147,2026-10-07,208,203.86
147,147,2026-10-08,208,203.86
147,147,2026-10-09,208,203.86
147,147,2026-10-10,219,203.86
147,147,2026-10-11,168,203.86
147,147,2026-10-12,208,203.86
147,147,2026-10-13,208,203.86
147,147,2026-10-14,208,203.86
147,147,2026-10-15,208,203.86
147,147,2026-10-16,208,203.86
147,147,2026-10-17,219,203.86
147,147,2026-10-18,168,203.86
147,147,2026-10-19,208,203.86
147,147,2026-10-20,208,203.86
147,147,2026-10-21,208,203.86
147,147,2026-10-22,208,203.86
147,147,2026-10-23,208,203.86
147,147,2026-10-24,219,203.86
147,147,2026-10-25,168,203.86
147,147,2026-10-26,208,203.86
147,147,2026-10-27,208,203.86
147,147,2026-10-28,208,203.86
147,147,2026-10-29,208,203.86
147,147,2026-10-30,208,203.86
147,147,2026-10-31,219,203.86
148,148,2026-08-05,45,45.0
148,148,2026-08-06,45,45.0
148,148,2026-08-07,45,45.0
148,148,2026-08-08,0,33.75
148,148,2026-08-09,0,27.0
148,148,2026-08-10,45,30.0
148,148,2026-08-11,45,32.14
148,148,2026-08-12,45,32.14
148,148,2026-08-13,45,32.14
148,148,2026-08-14,45,32.14
148,148,2026-08-15,0,32.14
148,148,2026-08-16,0,32.14
148,148,2026-08-17,45,32.14
148,148,2026-08-18,45,32.14
148,148,2026-08-19,45,32.14
148,148,2026-08-20,45,32.14
148,148,2026-08-21,45,32.14
148,148,2026-08-22,0,32.14
148,148,2026-08-23,0,32.14
148,148,2026-08-24,45,32.14
148,148,2026-08-25,45,32.14
148,148,2026-08-26,45,32.14
148,148,2026-08-27,45,32.14
148,148,2026-08-28,45,32.14
148,148,2026-08-29,0,32.14
148,148,2026-08-30,0,32.14
148,148,2026-08-31,45,32.14
148,148,2026-09-01,45,32.14
148,148,2026-09-02,45,32.14
148,148,2026-09-03,45,32.14
148,148,2026-09-04,45,32.14
148,148,2026-09-05,0,32.14
148,148,2026-09-06,0,32.14
148,148,2026-09-07,0,25.71
148,148,2026-09-08,45,25.71
148,148,2026-09-09,45,25.71
148,148,2026-09-10,45,25.71
148,148,2026-09-11,45,25.71
148,148,2026-09-12,0,25.71
148,148,2026-09-13,0,25.71
148,148,2026-09-14,45,32.14
148,148,2026-09-15,45,32.14
148,148,2026-09-16,45,32.14
148,148,2026-09-17,45,32.14
148,148,2026-09-18,45,32.14
148,148,2026-09-19,0,32.14
148,148,2026-09-20,0,32.14
148,148,2026-09-21,45,32.14
148,148,2026-09-22,45,32.14
148,148,2026-09-23,45,32.14
148,148,2026-09-24,45,32.14
148,148,2026-09-25,45,32.14
148,148,2026-09-26,0,32.14
148,148,2026-09-27,0,32.14
148,148,2026-09-28,45,32.14
148,148,2026-09-29,45,32.14
148,148,2026-09-30,45,32.14
148,148,2026-10-01,45,32.14
148,148,2026-10-02,45,32.14
148,148,2026-10-03,0,32.14
148,148,2026-10-04,0,32.14
148,148,2026-10-05,45,32.14
148,148,2026-10-06,45,32.14
148,148,2026-10-07,45,32.14
148,148,2026-10-08,45,32.14
148,148,2026-10-09,45,32.14
148,148,2026-10-10,0,32.14
148,148,2026-10-11,0,32.14
148,148,2026-10-12,45,32.14
148,148,2026-10-13,45,32.14
148,148,2026-10-14,45,32.14
148,148,2026-10-15,45,32.14
148,148,2026-10-16,45,32.14
148,148,2026-10-17,0,32.14
148,148,2026-10-18,0,32.14
148,148,2026-10-19,45,32.14
148,148,2026-10-20,45,32.14
148,148,2026-10-21,45,32.14
148,148,2026-10-22,45,32.14
148,148,2026-10-23,45,32.14
148,148,2026-10-24,0,32.14
148,148,2026-10-25,0,32.14
148,148,2026-10-26,45,32.14
148,148,2026-10-27,45,32.14
148,148,2026-10-28,45,32.14
148,148,2026-10-29,45,32.14
148,148,2026-10-30,45,32.14
148,148,2026-10-31,0,32.14
15,15,2026-08-05,153,153.0
15,15,2026-08-06,153,153.0
15,15,2026-08-07,153,153.0
15,15,2026-08-08,138,149.25
15,15,2026-08-09,110,141.4
15,15,2026-08-10,153,143.33
15,15,2026-08-11,153,144.71
15,15,2026-08-12,153,144.71
15,15,2026-08-13,153,144.71
15,15,2026-08-14,153,144.71
15,15,2026-08-15,138,144.71
15,15,2026-08-16,110,144.71
15,15,2026-08-17,153,144.71
15,15,2026-08-18,153,144.71
15,15,2026-08-19,153,144.71
15,15,2026-08-20,153,144.71
15,15,2026-08-21,153,144.71
15,15,2026-08-22,138,144.71
15,15,2026-08-23,110,144.71
15,15,2026-08-24,159,145.57
15,15,2026-08-25,159,146.43
15,15,2026-08-26,159,147.29
15,15,2026-08-27,159,148.14
15,15,2026-08-28,159,149.0
15,15,2026-08-29,138,149.0
15,15,2026-08-30,110,149.0
15,15,2026-08-31,159,149.0
15,15,2026-09-01,159,149.0
15,15,2026-09-02,159,149.0
15,15,2026-09-03,159,149.0
15,15,2026-09-04,159,149.0
15,15,2026-09-05,138,149.0
15,15,2026-09-06,110,149.0
15,15,2026-09-07,110,142.0
15,15,2026-09-08,159,142.0
15,15,2026-09-09,159,142.0
15,15,2026-09-10,159,142.0
15,15,2026-09-11,159,142.0
15,15,2026-09-12,138,142.0
15,15,2026-09-13,110,142.0
15,15,2026-09-14,159,149.0
15,15,2026-09-15,159,149.0
15,15,2026-09-16,159,149.0
15,15,2026-09-17,159,149.0
15,15,2026-09-18,159,149.0
15,15,2026-09-19,138,149.0
15,15,2026-09-20,110,149.0
15,15,2026-09-21,159,149.0
15,15,2026-09-22,159,149.0
15,15,2026-09-23,159,149.0
15,15,2026-09-24,159,149.0
15,15,2026-09-25,159,149.0
15,15,2026-09-26,138,149.0
15,15,2026-09-27,110,149.0
15,15,2026-09-28,159,149.0
15,15,2026-09-29,159,149.0
15,15,2026-09-30,159,149.0
15,15,2026-10-01,159,149.0
15,15,2026-10-02,159,149.0
15,15,2026-10-03,138,149.0
15,15,2026-10-04,110,149.0
15,15,2026-10-05,159,149.0
15,15,2026-10-06,159,149.0
15,15,2026-10-07,159,149.0
15,15,2026-10-08,159,149.0
15,15,2026-10-09,159,149.0
15,15,2026-10-10,138,149.0
15,15,2026-10-11,110,149.0
15,15,2026-10-12,159,149.0
15,15,2026-10-13,159,149.0
15,15,2026-10-14,159,149.0
15,15,2026-10-15,159,149.0
15,15,2026-10-16,159,149.0
15,15,2026-10-17,138,149.0
15,15,2026-10-18,110,149.0
15,15,2026-10-19,159,149.0
15,15,2026-10-20,159,149.0
15,15,2026-10-21,159,149.0
15,15,2026-10-22,159,149.0
15,15,2026-10-23,159,149.0
15,15,2026-10-24,138,149.0
15,15,2026-10-25,110,149.0
15,15,2026-10-26,159,149.0
15,15,2026-10-27,159,149.0
15,15,2026-10-28,159,149.0
15,15,2026-10-29,159,149.0
15,15,2026-10-30,159,149.0
15,15,2026-10-31,138,149.0
151,151,2026-08-05,211,211.0
151,151,2026-08-06,211,211.0
151,151,2026-08-07,211,211.0
151,151,2026-08-08,225,214.5
151,151,2026-08-09,185,208.6
151,151,2026-08-10,209,208.67
151,151,2026-08-11,211,209.0
151,151,2026-08-12,211,209.0
151,151,2026-08-13,211,209.0
151,151,2026-08-14,211,209.0
151,151,2026-08-15,225,209.0
151,151,2026-08-16,185,209.0
151,151,2026-08-17,209,209.0
151,151,2026-08-18,211,209.0
151,151,2026-08-19,211,209.0
151,151,2026-08-20,211,209.0
151,151,2026-08-21,211,209.0
151,151,2026-08-22,225,209.0
151,151,2026-08-23,185,209.0
151,151,2026-08-24,209,209.0
151,151,2026-08-25,211,209.0
151,151,2026-08-26,211,209.0
151,151,2026-08-27,211,209.0
151,151,2026-08-28,211,209.0
151,151,2026-08-29,225,209.0
151,151,2026-08-30,185,209.0
151,151,2026-08-31,209,209.0
151,151,2026-09-01,211,209.0
151,151,2026-09-02,211,209.0
151,151,2026-09-03,211,209.0
151,151,2026-09-04,211,209.0
151,151,2026-09-05,225,209.0
151,151,2026-09-06,185,209.0
151,151,2026-09-07,182,205.14
151,151,2026-09-08,209,204.86
151,151,2026-09-09,211,204.86
151,151,2026-09-10,211,204.86
151,151,2026-09-11,211,204.86
151,151,2026-09-12,225,204.86
151,151,2026-09-13,185,204.86
151,151,2026-09-14,209,208.71
151,151,2026-09-15,211,209.0
151,151,2026-09-16,211,209.0
151,151,2026-09-17,211,209.0
151,151,2026-09-18,211,209.0
151,151,2026-09-19,225,209.0
151,151,2026-09-20,185,209.0
151,151,2026-09-21,209,209.0
151,151,2026-09-22,211,209.0
151,151,2026-09-23,211,209.0
151,151,2026-09-24,211,209.0
151,151,2026-09-25,211,209.0
151,151,2026-09-26,225,209.0
151,151,2026-09-27,185,209.0
151,151,2026-09-28,209,209.0
151,151,2026-09-29,211,209.0
151,151,2026-09-30,211,209.0
151,151,2026-10-01,211,209.0
151,151,2026-10-02,211,209.0
151,151,2026-10-03,225,209.0
151,151,2026-10-04,185,209.0
151,151,2026-10-05,209,209.0
151,151,2026-10-06,211,209.0
151,151,2026-10-07,211,209.0
151,151,2026-10-08,211,209.0
151,151,2026-10-09,211,209.0
151,151,2026-10-10,225,209.0
151,151,2026-10-11,185,209.0
151,151,2026-10-12,209,209.0
151,151,2026-10-13,211,209.0
151,151,2026-10-14,211,209.0
151,151,2026-10-15,211,209.0
151,151,2026-10-16,211,209.0
151,151,2026-10-17,225,209.0
151,151,2026-10-18,185,209.0
151,151,2026-10-19,209,209.0
151,151,2026-10-20,211,209.0
151,151,2026-10-21,211,209.0
151,151,2026-10-22,211,209.0
151,151,2026-10-23,211,209.0
151,151,2026-10-24,225,209.0
151,151,2026-10-25,185,209.0
151,151,2026-10-26,209,209.0
151,151,2026-10-27,211,209.0
151,151,2026-10-28,211,209.0
151,151,2026-10-29,211,209.0
151,151,2026-10-30,211,209.0
151,151,2026-10-31,225,209.0
152,152,2026-08-05,189,189.0
152,152,2026-08-06,189,189.0
152,152,2026-08-07,189,189.0
152,152,2026-08-08,124,172.75
152,152,2026-08-09,101,158.4
152,152,2026-08-10,189,163.5
152,152,2026-08-11,189,167.14
152,152,2026-08-12,189,167.14
152,152,2026-08-13,189,167.14
152,152,2026-08-14,189,167.14
152,152,2026-08-15,124,167.14
152,152,2026-08-16,101,167.14
152,152,2026-08-17,189,167.14
152,152,2026-08-18,189,167.14
152,152,2026-08-19,189,167.14
152,152,2026-08-20,189,167.14
152,152,2026-08-21,189,167.14
152,152,2026-08-22,124,167.14
152,152,2026-08-23,97,166.57
152,152,2026-08-24,212,169.86
152,152,2026-08-25,212,173.14
152,152,2026-08-26,212,176.43
152,152,2026-08-27,212,179.71
152,152,2026-08-28,214,183.29
152,152,2026-08-29,121,182.86
152,152,2026-08-30,97,182.86
152,152,2026-08-31,212,182.86
152,152,2026-09-01,212,182.86
152,152,2026-09-02,212,182.86
152,152,2026-09-03,212,182.86
152,152,2026-09-04,214,182.86
152,152,2026-09-05,121,182.86
152,152,2026-09-06,97,182.86
152,152,2026-09-07,97,166.43
152,152,2026-09-08,212,166.43
152,152,2026-09-09,212,166.43
152,152,2026-09-10,212,166.43
152,152,2026-09-11,214,166.43
152,152,2026-09-12,121,166.43
152,152,2026-09-13,97,166.43
152,152,2026-09-14,212,182.86
152,152,2026-09-15,212,182.86
152,152,2026-09-16,212,182.86
152,152,2026-09-17,212,182.86
152,152,2026-09-18,214,182.86
152,152,2026-09-19,121,182.86
152,152,2026-09-20,97,182.86
152,152,2026-09-21,212,182.86
152,152,2026-09-22,212,182.86
152,152,2026-09-23,212,182.86
152,152,2026-09-24,212,182.86
152,152,2026-09-25,214,182.86
152,152,2026-09-26,121,182.86
152,152,2026-09-27,97,182.86
152,152,2026-09-28,212,182.86
152,152,2026-09-29,212,182.86
152,152,2026-09-30,212,182.86
152,152,2026-10-01,212,182.86
152,152,2026-10-02,214,182.86
152,152,2026-10-03,121,182.86
152,152,2026-10-04,97,182.86
152,152,2026-10-05,212,182.86
152,152,2026-10-06,212,182.86
152,152,2026-10-07,212,182.86
152,152,2026-10-08,212,182.86
152,152,2026-10-09,214,182.86
152,152,2026-10-10,121,182.86
152,152,2026-10-11,97,182.86
152,152,2026-10-12,212,182.86
152,152,2026-10-13,212,182.86
152,152,2026-10-14,212,182.86
152,152,2026-10-15,212,182.86
152,152,2026-10-16,214,182.86
152,152,2026-10-17,121,182.86
152,152,2026-10-18,97,182.86
152,152,2026-10-19,212,182.86
152,152,2026-10-20,212,182.86
152,152,2026-10-21,212,182.86
152,152,2026-10-22,212,182.86
152,152,2026-10-23,214,182.86
152,152,2026-10-24,121,182.86
152,152,2026-10-25,97,182.86
152,152,2026-10-26,212,182.86
152,152,2026-10-27,212,182.86
152,152,2026-10-28,212,182.86
152,152,2026-10-29,212,182.86
152,152,2026-10-30,214,182.86
152,152,2026-10-31,121,182.86
155,155,2026-08-05,204,204.0
155,155,2026-08-06,204,204.0
155,155,2026-08-07,204,204.0
155,155,2026-08-08,182,198.5
155,155,2026-08-09,146,188.0
155,155,2026-08-10,204,190.67
155,155,2026-08-11,204,192.57
155,155,2026-08-12,204,192.57
155,155,2026-08-13,204,192.57
155,155,2026-08-14,204,192.57
155,155,2026-08-15,182,192.57
155,155,2026-08-16,146,192.57
155,155,2026-08-17,204,192.57
155,155,2026-08-18,204,192.57
155,155,2026-08-19,204,192.57
155,155,2026-08-20,204,192.57
155,155,2026-08-21,204,192.57
155,155,2026-08-22,182,192.57
155,155,2026-08-23,146,192.57
155,155,2026-08-24,204,192.57
155,155,2026-08-25,204,192.57
155,155,2026-08-26,204,192.57
155,155,2026-08-27,204,192.57
155,155,2026-08-28,204,192.57
155,155,2026-08-29,182,192.57
155,155,2026-08-30,146,192.57
155,155,2026-08-31,204,192.57
155,155,2026-09-01,204,192.57
155,155,2026-09-02,204,192.57
155,155,2026-09-03,204,192.57
155,155,2026-09-04,204,192.57
155,155,2026-09-05,182,192.57
155,155,2026-09-06,146,192.57
155,155,2026-09-07,146,184.29
155,155,2026-09-08,204,184.29
155,155,2026-09-09,204,184.29
155,155,2026-09-10,204,184.29
155,155,2026-09-11,204,184.29
155,155,2026-09-12,182,184.29
155,155,2026-09-13,146,184.29
155,155,2026-09-14,204,192.57
155,155,2026-09-15,204,192.57
155,155,2026-09-16,204,192.57
155,155,2026-09-17,204,192.57
155,155,2026-09-18,204,192.57
155,155,2026-09-19,182,192.57
155,155,2026-09-20,146,192.57
155,155,2026-09-21,204,192.57
155,155,2026-09-22,204,192.57
155,155,2026-09-23,204,192.57
155,155,2026-09-24,204,192.57
155,155,2026-09-25,204,192.57
155,155,2026-09-26,182,192.57
155,155,2026-09-27,146,192.57
155,155,2026-09-28,204,192.57
155,155,2026-09-29,204,192.57
155,155,2026-09-30,204,192.57
155,155,2026-10-01,204,192.57
155,155,2026-10-02,204,192.57
155,155,2026-10-03,182,192.57
155,155,2026-10-04,146,192.57
155,155,2026-10-05,204,192.57
155,155,2026-10-06,204,192.57
155,155,2026-10-07,204,192.57
155,155,2026-10-08,204,192.57
155,155,2026-10-09,204,192.57
155,155,2026-10-10,182,192.57
155,155,2026-10-11,146,192.57
155,155,2026-10-12,204,192.57
155,155,2026-10-13,204,192.57
155,155,2026-10-14,204,192.57
155,155,2026-10-15,204,192.57
155,155,2026-10-16,204,192.57
155,155,2026-10-17,182,192.57
155,155,2026-10-18,146,192.57
155,155,2026-10-19,204,192.57
155,155,2026-10-20,204,192.57
155,155,2026-10-21,204,192.57
155,155,2026-10-22,204,192.57
155,155,2026-10-23,204,192.57
155,155,2026-10-24,182,192.57
155,155,2026-10-25,146,192.57
155,155,2026-10-26,204,192.57
155,155,2026-10-27,204,192.57
155,155,2026-10-28,204,192.57
155,155,2026-10-29,204,192.57
155,155,2026-10-30,204,192.57
155,155,2026-10-31,182,192.57
156,156,2026-08-05,136,136.0
156,156,2026-08-06,136,136.0
156,156,2026-08-07,136,136.0
156,156,2026-08-08,0,102.0
156,156,2026-08-09,0,81.6
156,156,2026-08-10,136,90.67
156,156,2026-08-11,136,97.14
156,156,2026-08-12,136,97.14
156,156,2026-08-13,136,97.14
156,156,2026-08-14,136,97.14
156,156,2026-08-15,0,97.14
156,156,2026-08-16,0,97.14
156,156,2026-08-17,136,97.14
156,156,2026-08-18,136,97.14
156,156,2026-08-19,136,97.14
156,156,2026-08-20,136,97.14
156,156,2026-08-21,136,97.14
156,156,2026-08-22,0,97.14
156,156,2026-08-23,0,97.14
156,156,2026-08-24,136,97.14
156,156,2026-08-25,136,97.14
156,156,2026-08-26,136,97.14
156,156,2026-08-27,136,97.14
156,156,2026-08-28,136,97.14
156,156,2026-08-29,0,97.14
156,156,2026-08-30,0,97.14
156,156,2026-08-31,136,97.14
156,156,2026-09-01,136,97.14
156,156,2026-09-02,136,97.14
156,156,2026-09-03,136,97.14
156,156,2026-09-04,136,97.14
156,156,2026-09-05,0,97.14
156,156,2026-09-06,0,97.14
156,156,2026-09-07,0,77.71
156,156,2026-09-08,136,77.71
156,156,2026-09-09,136,77.71
156,156,2026-09-10,136,77.71
156,156,2026-09-11,136,77.71
156,156,2026-09-12,0,77.71
156,156,2026-09-13,0,77.71
156,156,2026-09-14,136,97.14
156,156,2026-09-15,136,97.14
156,156,2026-09-16,136,97.14
156,156,2026-09-17,136,97.14
156,156,2026-09-18,136,97.14
156,156,2026-09-19,0,97.14
156,156,2026-09-20,0,97.14
156,156,2026-09-21,136,97.14
156,156,2026-09-22,136,97.14
156,156,2026-09-23,136,97.14
156,156,2026-09-24,136,97.14
156,156,2026-09-25,136,97.14
156,156,2026-09-26,0,97.14
156,156,2026-09-27,0,97.14
156,156,2026-09-28,136,97.14
156,156,2026-09-29,136,97.14
156,156,2026-09-30,136,97.14
156,156,2026-10-01,136,97.14
156,156,2026-10-02,136,97.14
156,156,2026-10-03,0,97.14
156,156,2026-10-04,0,97.14
156,156,2026-10-05,136,97.14
156,156,2026-10-06,136,97.14
156,156,2026-10-07,136,97.14
156,156,2026-10-08,136,97.14
156,156,2026-10-09,136,97.14
156,156,2026-10-10,0,97.14
156,156,2026-10-11,0,97.14
156,156,2026-10-12,136,97.14
156,156,2026-10-13,136,97.14
156,156,2026-10-14,136,97.14
156,156,2026-10-15,136,97.14
156,156,2026-10-16,136,97.14
156,156,2026-10-17,0,97.14
156,156,2026-10-18,0,97.14
156,156,2026-10-19,136,97.14
156,156,2026-10-20,136,97.14
156,156,2026-10-21,136,97.14
156,156,2026-10-22,136,97.14
156,156,2026-10-23,136,97.14
156,156,2026-10-24,0,97.14
156,156,2026-10-25,0,97.14
156,156,2026-10-26,136,97.14
156,156,2026-10-27,136,97.14
156,156,2026-10-28,136,97.14
156,156,2026-10-29,136,97.14
156,156,2026-10-30,136,97.14
156,156,2026-10-31,0,97.14
157,157,2026-08-05,125,125.0
157,157,2026-08-06,125,125.0
157,157,2026-08-07,125,125.0
157,157,2026-08-08,0,93.75
157,157,2026-08-09,0,75.0
157,157,2026-08-10,125,83.33
157,157,2026-08-11,125,89.29
157,157,2026-08-12,125,89.29
157,157,2026-08-13,125,89.29
157,157,2026-08-14,125,89.29
157,157,2026-08-15,0,89.29
157,157,2026-08-16,0,89.29
157,157,2026-08-17,125,89.29
157,157,2026-08-18,125,89.29
157,157,2026-08-19,125,89.29
157,157,2026-08-20,125,89.29
157,157,2026-08-21,125,89.29
157,157,2026-08-22,0,89.29
157,157,2026-08-23,0,89.29
157,157,2026-08-24,131,90.14
157,157,2026-08-25,131,91.0
157,157,2026-08-26,131,91.86
157,157,2026-08-27,131,92.71
157,157,2026-08-28,131,93.57
157,157,2026-08-29,0,93.57
157,157,2026-08-30,0,93.57
157,157,2026-08-31,131,93.57
157,157,2026-09-01,131,93.57
157,157,2026-09-02,131,93.57
157,157,2026-09-03,131,93.57
157,157,2026-09-04,131,93.57
157,157,2026-09-05,0,93.57
157,157,2026-09-06,0,93.57
157,157,2026-09-07,0,74.86
157,157,2026-09-08,131,74.86
157,157,2026-09-09,131,74.86
157,157,2026-09-10,131,74.86
157,157,2026-09-11,131,74.86
157,157,2026-09-12,0,74.86
157,157,2026-09-13,0,74.86
157,157,2026-09-14,131,93.57
157,157,2026-09-15,131,93.57
157,157,2026-09-16,131,93.57
157,157,2026-09-17,131,93.57
157,157,2026-09-18,131,93.57
157,157,2026-09-19,0,93.57
157,157,2026-09-20,0,93.57
157,157,2026-09-21,131,93.57
157,157,2026-09-22,131,93.57
157,157,2026-09-23,131,93.57
157,157,2026-09-24,131,93.57
157,157,2026-09-25,131,93.57
157,157,2026-09-26,0,93.57
157,157,2026-09-27,0,93.57
157,157,2026-09-28,131,93.57
157,157,2026-09-29,131,93.57
157,157,2026-09-30,131,93.57
157,157,2026-10-01,131,93.57
157,157,2026-10-02,131,93.57
157,157,2026-10-03,0,93.57
157,157,2026-10-04,0,93.57
157,157,2026-10-05,131,93.57
157,157,2026-10-06,131,93.57
157,157,2026-10-07,131,93.57
157,157,2026-10-08,131,93.57
157,157,2026-10-09,131,93.57
157,157,2026-10-10,0,93.57
157,157,2026-10-11,0,93.57
157,157,2026-10-12,131,93.57
157,157,2026-10-13,131,93.57
157,157,2026-10-14,131,93.57
157,157,2026-10-15,131,93.57
157,157,2026-10-16,131,93.57
157,157,2026-10-17,0,93.57
157,157,2026-10-18,0,93.57
157,157,2026-10-19,131,93.57
157,157,2026-10-20,131,93.57
157,157,2026-10-21,131,93.57
157,157,2026-10-22,131,93.57
157,157,2026-10-23,131,93.57
157,157,2026-10-24,0,93.57
157,157,2026-10-25,0,93.57
157,157,2026-10-26,131,93.57
157,157,2026-10-27,131,93.57
157,157,2026-10-28,131,93.57
157,157,2026-10-29,131,93.57
157,157,2026-10-30,131,93.57
157,157,2026-10-31,0,93.57
165,165,2026-08-05,19,19.0
165,165,2026-08-06,19,19.0
165,165,2026-08-07,19,19.0
165,165,2026-08-08,0,14.25
165,165,2026-08-09,0,11.4
165,165,2026-08-10,19,12.67
165,165,2026-08-11,19,13.57
165,165,2026-08-12,19,13.57
165,165,2026-08-13,19,13.57
165,165,2026-08-14,19,13.57
165,165,2026-08-15,0,13.57
165,165,2026-08-16,0,13.57
165,165,2026-08-17,19,13.57
165,165,2026-08-18,19,13.57
165,165,2026-08-19,19,13.57
165,165,2026-08-20,19,13.57
165,165,2026-08-21,19,13.57
165,165,2026-08-22,0,13.57
165,165,2026-08-23,0,13.57
165,165,2026-08-24,19,13.57
165,165,2026-08-25,19,13.57
165,165,2026-08-26,19,13.57
165,165,2026-08-27,19,13.57
165,165,2026-08-28,19,13.57
165,165,2026-08-29,0,13.57
165,165,2026-08-30,0,13.57
165,165,2026-08-31,19,13.57
165,165,2026-09-01,19,13.57
165,165,2026-09-02,19,13.57
165,165,2026-09-03,19,13.57
165,165,2026-09-04,19,13.57
165,165,2026-09-05,0,13.57
165,165,2026-09-06,0,13.57
165,165,2026-09-07,0,10.86
165,165,2026-09-08,19,10.86
165,165,2026-09-09,19,10.86
165,165,2026-09-10,19,10.86
165,165,2026-09-11,19,10.86
165,165,2026-09-12,0,10.86
165,165,2026-09-13,0,10.86
165,165,2026-09-14,19,13.57
165,165,2026-09-15,19,13.57
165,165,2026-09-16,19,13.57
165,165,2026-09-17,19,13.57
165,165,2026-09-18,19,13.57
165,165,2026-09-19,0,13.57
165,165,2026-09-20,0,13.57
165,165,2026-09-21,19,13.57
165,165,2026-09-22,19,13.57
165,165,2026-09-23,19,13.57
165,165,2026-09-24,19,13.57
165,165,2026-09-25,19,13.57
165,165,2026-09-26,0,13.57
165,165,2026-09-27,0,13.57
165,165,2026-09-28,19,13.57
165,165,2026-09-29,19,13.57
165,165,2026-09-30,19,13.57
165,165,2026-10-01,19,13.57
165,165,2026-10-02,19,13.57
165,165,2026-10-03,0,13.57
165,165,2026-10-04,0,13.57
165,165,2026-10-05,19,13.57
165,165,2026-10-06,19,13.57
165,165,2026-10-07,19,13.57
165,165,2026-10-08,19,13.57
165,165,2026-10-09,19,13.57
165,165,2026-10-10,0,13.57
165,165,2026-10-11,0,13.57
165,165,2026-10-12,19,13.57
165,165,2026-10-13,19,13.57
165,165,2026-10-14,19,13.57
165,165,2026-10-15,19,13.57
165,165,2026-10-16,19,13.57
165,165,2026-10-17,0,13.57
165,165,2026-10-18,0,13.57
165,165,2026-10-19,19,13.57
165,165,2026-10-20,19,13.57
165,165,2026-10-21,19,13.57
165,165,2026-10-22,19,13.57
165,165,2026-10-23,19,13.57
165,165,2026-10-24,0,13.57
165,165,2026-10-25,0,13.57
165,165,2026-10-26,19,13.57
165,165,2026-10-27,19,13.57
165,165,2026-10-28,19,13.57
165,165,2026-10-29,19,13.57
165,165,2026-10-30,19,13.57
165,165,2026-10-31,0,13.57
169,169,2026-08-05,10,10.0
169,169,2026-08-06,10,10.0
169,169,2026-08-07,10,10.0
169,169,2026-08-08,1,7.75
169,169,2026-08-09,0,6.2
169,169,2026-08-10,9,6.67
169,169,2026-08-11,10,7.14
169,169,2026-08-12,10,7.14
169,169,2026-08-13,10,7.14
169,169,2026-08-14,10,7.14
169,169,2026-08-15,1,7.14
169,169,2026-08-16,0,7.14
169,169,2026-08-17,9,7.14
169,169,2026-08-18,10,7.14
169,169,2026-08-19,10,7.14
169,169,2026-08-20,10,7.14
169,169,2026-08-21,10,7.14
169,169,2026-08-22,1,7.14
169,169,2026-08-23,0,7.14
169,169,2026-08-24,9,7.14
169,169,2026-08-25,10,7.14
169,169,2026-08-26,10,7.14
169,169,2026-08-27,10,7.14
169,169,2026-08-28,10,7.14
169,169,2026-08-29,1,7.14
169,169,2026-08-30,0,7.14
169,169,2026-08-31,9,7.14
169,169,2026-09-01,10,7.14
169,169,2026-09-02,10,7.14
169,169,2026-09-03,10,7.14
169,169,2026-09-04,10,7.14
169,169,2026-09-05,1,7.14
169,169,2026-09-06,0,7.14
169,169,2026-09-07,1,6.0
169,169,2026-09-08,10,6.0
169,169,2026-09-09,10,6.0
169,169,2026-09-10,10,6.0
169,169,2026-09-11,10,6.0
169,169,2026-09-12,1,6.0
169,169,2026-09-13,0,6.0
169,169,2026-09-14,9,7.14
169,169,2026-09-15,10,7.14
169,169,2026-09-16,10,7.14
169,169,2026-09-17,10,7.14
169,169,2026-09-18,10,7.14
169,169,2026-09-19,1,7.14
169,169,2026-09-20,0,7.14
169,169,2026-09-21,9,7.14
169,169,2026-09-22,10,7.14
169,169,2026-09-23,10,7.14
169,169,2026-09-24,10,7.14
169,169,2026-09-25,10,7.14
169,169,2026-09-26,1,7.14
169,169,2026-09-27,0,7.14
169,169,2026-09-28,9,7.14
169,169,2026-09-29,10,7.14
169,169,2026-09-30,10,7.14
169,169,2026-10-01,10,7.14
169,169,2026-10-02,10,7.14
169,169,2026-10-03,1,7.14
169,169,2026-10-04,0,7.14
169,169,2026-10-05,9,7.14
169,169,2026-10-06,10,7.14
169,169,2026-10-07,10,7.14
169,169,2026-10-08,10,7.14
169,169,2026-10-09,10,7.14
169,169,2026-10-10,1,7.14
169,169,2026-10-11,0,7.14
169,169,2026-10-12,9,7.14
169,169,2026-10-13,10,7.14
169,169,2026-10-14,10,7.14
169,169,2026-10-15,10,7.14
169,169,2026-10-16,10,7.14
169,169,2026-10-17,1,7.14
169,169,2026-10-18,0,7.14
169,169,2026-10-19,9,7.14
169,169,2026-10-20,10,7.14
169,169,2026-10-21,10,7.14
169,169,2026-10-22,10,7.14
169,169,2026-10-23,10,7.14
169,169,2026-10-24,1,7.14
169,169,2026-10-25,0,7.14
169,169,2026-10-26,9,7.14
169,169,2026-10-27,10,7.14
169,169,2026-10-28,10,7.14
169,169,2026-10-29,10,7.14
169,169,2026-10-30,10,7.14
169,169,2026-10-31,1,7.14
171,171,2026-08-05,23,23.0
171,171,2026-08-06,23,23.0
171,171,2026-08-07,23,23.0
171,171,2026-08-08,0,17.25
171,171,2026-08-09,0,13.8
171,171,2026-08-10,23,15.33
171,171,2026-08-11,23,16.43
171,171,2026-08-12,23,16.43
171,171,2026-08-13,23,16.43
171,171,2026-08-14,23,16.43
171,171,2026-08-15,0,16.43
171,171,2026-08-16,0,16.43
171,171,2026-08-17,23,16.43
171,171,2026-08-18,23,16.43
171,171,2026-08-19,23,16.43
171,171,2026-08-20,23,16.43
171,171,2026-08-21,23,16.43
171,171,2026-08-22,0,16.43
171,171,2026-08-23,0,16.43
171,171,2026-08-24,83,25.0
171,171,2026-08-25,83,33.57
171,171,2026-08-26,83,42.14
171,171,2026-08-27,83,50.71
171,171,2026-08-28,83,59.29
171,171,2026-08-29,42,65.29
171,171,2026-08-30,0,65.29
171,171,2026-08-31,83,65.29
171,171,2026-09-01,83,65.29
171,171,2026-09-02,83,65.29
171,171,2026-09-03,83,65.29
171,171,2026-09-04,83,65.29
171,171,2026-09-05,42,65.29
171,171,2026-09-06,0,65.29
171,171,2026-09-07,0,53.43
171,171,2026-09-08,83,53.43
171,171,2026-09-09,83,53.43
171,171,2026-09-10,83,53.43
171,171,2026-09-11,83,53.43
171,171,2026-09-12,42,53.43
171,171,2026-09-13,0,53.43
171,171,2026-09-14,83,65.29
171,171,2026-09-15,83,65.29
171,171,2026-09-16,83,65.29
171,171,2026-09-17,83,65.29
171,171,2026-09-18,83,65.29
171,171,2026-09-19,42,65.29
171,171,2026-09-20,0,65.29
171,171,2026-09-21,83,65.29
171,171,2026-09-22,83,65.29
171,171,2026-09-23,83,65.29
171,171,2026-09-24,83,65.29
171,171,2026-09-25,83,65.29
171,171,2026-09-26,42,65.29
171,171,2026-09-27,0,65.29
171,171,2026-09-28,83,65.29
171,171,2026-09-29,83,65.29
171,171,2026-09-30,83,65.29
171,171,2026-10-01,83,65.29
171,171,2026-10-02,83,65.29
171,171,2026-10-03,42,65.29
171,171,2026-10-04,0,65.29
171,171,2026-10-05,83,65.29
171,171,2026-10-06,83,65.29
171,171,2026-10-07,83,65.29
171,171,2026-10-08,83,65.29
171,171,2026-10-09,83,65.29
171,171,2026-10-10,42,65.29
171,171,2026-10-11,0,65.29
171,171,2026-10-12,83,65.29
171,171,2026-10-13,83,65.29
171,171,2026-10-14,83,65.29
171,171,2026-10-15,83,65.29
171,171,2026-10-16,83,65.29
171,171,2026-10-17,42,65.29
171,171,2026-10-18,0,65.29
171,171,2026-10-19,83,65.29
171,171,2026-10-20,83,65.29
171,171,2026-10-21,83,65.29
171,171,2026-10-22,83,65.29
171,171,2026-10-23,83,65.29
171,171,2026-10-24,42,65.29
171,171,2026-10-25,0,65.29
171,171,2026-10-26,83,65.29
171,171,2026-10-27,83,65.29
171,171,2026-10-28,83,65.29
171,171,2026-10-29,83,65.29
171,171,2026-10-30,83,65.29
171,171,2026-10-31,42,65.29
172,172,2026-08-05,34,34.0
172,172,2026-08-06,34,34.0
172,172,2026-08-07,34,34.0
172,172,2026-08-08,0,25.5
172,172,2026-08-09,0,20.4
172,172,2026-08-10,34,22.67
172,172,2026-08-11,34,24.29
172,172,2026-08-12,34,24.29
172,172,2026-08-13,34,24.29
172,172,2026-08-14,34,24.29
172,172,2026-08-15,0,24.29
172,172,2026-08-16,0,24.29
172,172,2026-08-17,34,24.29
172,172,2026-08-18,34,24.29
172,172,2026-08-19,34,24.29
172,172,2026-08-20,34,24.29
172,172,2026-08-21,34,24.29
172,172,2026-08-22,0,24.29
172,172,2026-08-23,42,30.29
172,172,2026-08-24,126,43.43
172,172,2026-08-25,126,56.57
172,172,2026-08-26,126,69.71
172,172,2026-08-27,126,82.86
172,172,2026-08-28,126,96.0
172,172,2026-08-29,42,102.0
172,172,2026-08-30,42,102.0
172,172,2026-08-31,126,102.0
172,172,2026-09-01,126,102.0
172,172,2026-09-02,126,102.0
172,172,2026-09-03,126,102.0
172,172,2026-09-04,126,102.0
172,172,2026-09-05,42,102.0
172,172,2026-09-06,42,102.0
172,172,2026-09-07,42,90.0
172,172,2026-09-08,126,90.0
172,172,2026-09-09,126,90.0
172,172,2026-09-10,126,90.0
172,172,2026-09-11,126,90.0
172,172,2026-09-12,42,90.0
172,172,2026-09-13,42,90.0
172,172,2026-09-14,126,102.0
172,172,2026-09-15,126,102.0
172,172,2026-09-16,126,102.0
172,172,2026-09-17,126,102.0
172,172,2026-09-18,126,102.0
172,172,2026-09-19,42,102.0
172,172,2026-09-20,42,102.0
172,172,2026-09-21,126,102.0
172,172,2026-09-22,126,102.0
172,172,2026-09-23,126,102.0
172,172,2026-09-24,126,102.0
172,172,2026-09-25,126,102.0
172,172,2026-09-26,42,102.0
172,172,2026-09-27,42,102.0
172,172,2026-09-28,126,102.0
172,172,2026-09-29,126,102.0
172,172,2026-09-30,126,102.0
172,172,2026-10-01,126,102.0
172,172,2026-10-02,126,102.0
172,172,2026-10-03,42,102.0
172,172,2026-10-04,42,102.0
172,172,2026-10-05,126,102.0
172,172,2026-10-06,126,102.0
172,172,2026-10-07,126,102.0
172,172,2026-10-08,126,102.0
172,172,2026-10-09,126,102.0
172,172,2026-10-10,42,102.0
172,172,2026-10-11,42,102.0
172,172,2026-10-12,126,102.0
172,172,2026-10-13,126,102.0
172,172,2026-10-14,126,102.0
172,172,2026-10-15,126,102.0
172,172,2026-10-16,126,102.0
172,172,2026-10-17,42,102.0
172,172,2026-10-18,42,102.0
172,172,2026-10-19,126,102.0
172,172,2026-10-20,126,102.0
172,172,2026-10-21,126,102.0
172,172,2026-10-22,126,102.0
172,172,2026-10-23,126,102.0
172,172,2026-10-24,42,102.0
172,172,2026-10-25,42,102.0
172,172,2026-10-26,126,102.0
172,172,2026-10-27,126,102.0
172,172,2026-10-28,126,102.0
172,172,2026-10-29,126,102.0
172,172,2026-10-30,126,102.0
172,172,2026-10-31,42,102.0
18,18,2026-08-05,126,126.0
18,18,2026-08-06,126,126.0
18,18,2026-08-07,126,126.0
18,18,2026-08-08,120,124.5
18,18,2026-08-09,100,119.6
18,18,2026-08-10,126,120.67
18,18,2026-08-11,126,121.43
18,18,2026-08-12,126,121.43
18,18,2026-08-13,126,121.43
18,18,2026-08-14,126,121.43
18,18,2026-08-15,120,121.43
18,18,2026-08-16,100,121.43
18,18,2026-08-17,126,121.43
18,18,2026-08-18,126,121.43
18,18,2026-08-19,126,121.43
18,18,2026-08-20,126,121.43
18,18,2026-08-21,126,121.43
18,18,2026-08-22,120,121.43
18,18,2026-08-23,98,121.14
18,18,2026-08-24,130,121.71
18,18,2026-08-25,130,122.29
18,18,2026-08-26,130,122.86
18,18,2026-08-27,130,123.43
18,18,2026-08-28,130,124.0
18,18,2026-08-29,121,124.14
18,18,2026-08-30,98,124.14
18,18,2026-08-31,130,124.14
18,18,2026-09-01,130,124.14
18,18,2026-09-02,130,124.14
18,18,2026-09-03,130,124.14
18,18,2026-09-04,130,124.14
18,18,2026-09-05,121,124.14
18,18,2026-09-06,98,124.14
18,18,2026-09-07,98,119.57
18,18,2026-09-08,130,119.57
18,18,2026-09-09,130,119.57
18,18,2026-09-10,130,119.57
18,18,2026-09-11,130,119.57
18,18,2026-09-12,121,119.57
18,18,2026-09-13,98,119.57
18,18,2026-09-14,130,124.14
18,18,2026-09-15,130,124.14
18,18,2026-09-16,130,124.14
18,18,2026-09-17,130,124.14
18,18,2026-09-18,130,124.14
18,18,2026-09-19,121,124.14
18,18,2026-09-20,98,124.14
18,18,2026-09-21,130,124.14
18,18,2026-09-22,130,124.14
18,18,2026-09-23,130,124.14
18,18,2026-09-24,130,124.14
18,18,2026-09-25,130,124.14
18,18,2026-09-26,121,124.14
18,18,2026-09-27,98,124.14
18,18,2026-09-28,130,124.14
18,18,2026-09-29,130,124.14
18,18,2026-09-30,130,124.14
18,18,2026-10-01,130,124.14
18,18,2026-10-02,130,124.14
18,18,2026-10-03,121,124.14
18,18,2026-10-04,98,124.14
18,18,2026-10-05,130,124.14
18,18,2026-10-06,130,124.14
18,18,2026-10-07,130,124.14
18,18,2026-10-08,130,124.14
18,18,2026-10-09,130,124.14
18,18,2026-10-10,121,124.14
18,18,2026-10-11,98,124.14
18,18,2026-10-12,130,124.14
18,18,2026-10-13,130,124.14
18,18,2026-10-14,130,124.14
18,18,2026-10-15,130,124.14
18,18,2026-10-16,130,124.14
18,18,2026-10-17,121,124.14
18,18,2026-10-18,98,124.14
18,18,2026-10-19,130,124.14
18,18,2026-10-20,130,124.14
18,18,2026-10-21,130,124.14
18,18,2026-10-22,130,124.14
18,18,2026-10-23,130,124.14
18,18,2026-10-24,121,124.14
18,18,2026-10-25,98,124.14
18,18,2026-10-26,130,124.14
18,18,2026-10-27,130,124.14
18,18,2026-10-28,130,124.14
18,18,2026-10-29,130,124.14
18,18,2026-10-30,130,124.14
18,18,2026-10-31,121,124.14
192,192,2026-08-05,19,19.0
192,192,2026-08-06,19,19.0
192,192,2026-08-07,19,19.0
192,192,2026-08-08,0,14.25
192,192,2026-08-09,0,11.4
192,192,2026-08-10,19,12.67
192,192,2026-08-11,19,13.57
192,192,2026-08-12,19,13.57
192,192,2026-08-13,19,13.57
192,192,2026-08-14,19,13.57
192,192,2026-08-15,0,13.57
192,192,2026-08-16,0,13.57
192,192,2026-08-17,19,13.57
192,192,2026-08-18,19,13.57
192,192,2026-08-19,19,13.57
192,192,2026-08-20,19,13.57
192,192,2026-08-21,19,13.57
192,192,2026-08-22,0,13.57
192,192,2026-08-23,0,13.57
192,192,2026-08-24,19,13.57
192,192,2026-08-25,19,13.57
192,192,2026-08-26,19,13.57
192,192,2026-08-27,19,13.57
192,192,2026-08-28,19,13.57
192,192,2026-08-29,0,13.57
192,192,2026-08-30,0,13.57
192,192,2026-08-31,19,13.57
192,192,2026-09-01,19,13.57
192,192,2026-09-02,19,13.57
192,192,2026-09-03,19,13.57
192,192,2026-09-04,19,13.57
192,192,2026-09-05,0,13.57
192,192,2026-09-06,0,13.57
192,192,2026-09-07,0,10.86
192,192,2026-09-08,19,10.86
192,192,2026-09-09,19,10.86
192,192,2026-09-10,19,10.86
192,192,2026-09-11,19,10.86
192,192,2026-09-12,0,10.86
192,192,2026-09-13,0,10.86
192,192,2026-09-14,19,13.57
192,192,2026-09-15,19,13.57
192,192,2026-09-16,19,13.57
192,192,2026-09-17,19,13.57
192,192,2026-09-18,19,13.57
192,192,2026-09-19,0,13.57
192,192,2026-09-20,0,13.57
192,192,2026-09-21,19,13.57
192,192,2026-09-22,19,13.57
192,192,2026-09-23,19,13.57
192,192,2026-09-24,19,13.57
192,192,2026-09-25,19,13.57
192,192,2026-09-26,0,13.57
192,192,2026-09-27,0,13.57
192,192,2026-09-28,19,13.57
192,192,2026-09-29,19,13.57
192,192,2026-09-30,19,13.57
192,192,2026-10-01,19,13.57
192,192,2026-10-02,19,13.57
192,192,2026-10-03,0,13.57
192,192,2026-10-04,0,13.57
192,192,2026-10-05,19,13.57
192,192,2026-10-06,19,13.57
192,192,2026-10-07,19,13.57
192,192,2026-10-08,19,13.57
192,192,2026-10-09,19,13.57
192,192,2026-10-10,0,13.57
192,192,2026-10-11,0,13.57
192,192,2026-10-12,19,13.57
192,192,2026-10-13,19,13.57
192,192,2026-10-14,19,13.57
192,192,2026-10-15,19,13.57
192,192,2026-10-16,19,13.57
192,192,2026-10-17,0,13.57
192,192,2026-10-18,0,13.57
192,192,2026-10-19,19,13.57
192,192,2026-10-20,19,13.57
192,192,2026-10-21,19,13.57
192,192,2026-10-22,19,13.57
192,192,2026-10-23,19,13.57
192,192,2026-10-24,0,13.57
192,192,2026-10-25,0,13.57
192,192,2026-10-26,19,13.57
192,192,2026-10-27,19,13.57
192,192,2026-10-28,19,13.57
192,192,2026-10-29,19,13.57
192,192,2026-10-30,19,13.57
192,192,2026-10-31,0,13.57
2,2,2026-08-05,60,60.0
2,2,2026-08-06,60,60.0
2,2,2026-08-07,60,60.0
2,2,2026-08-08,0,45.0
2,2,2026-08-09,0,36.0
2,2,2026-08-10,60,40.0
2,2,2026-08-11,60,42.86
2,2,2026-08-12,60,42.86
2,2,2026-08-13,60,42.86
2,2,2026-08-14,60,42.86
2,2,2026-08-15,0,42.86
2,2,2026-08-16,0,42.86
2,2,2026-08-17,60,42.86
2,2,2026-08-18,60,42.86
2,2,2026-08-19,60,42.86
2,2,2026-08-20,60,42.86
2,2,2026-08-21,60,42.86
2,2,2026-08-22,0,42.86
2,2,2026-08-23,0,42.86
2,2,2026-08-24,60,42.86
2,2,2026-08-25,60,42.86
2,2,2026-08-26,60,42.86
2,2,2026-08-27,60,42.86
2,2,2026-08-28,60,42.86
2,2,2026-08-29,0,42.86
2,2,2026-08-30,0,42.86
2,2,2026-08-31,60,42.86
2,2,2026-09-01,60,42.86
2,2,2026-09-02,60,42.86
2,2,2026-09-03,60,42.86
2,2,2026-09-04,60,42.86
2,2,2026-09-05,0,42.86
2,2,2026-09-06,0,42.86
2,2,2026-09-07,0,34.29
2,2,2026-09-08,60,34.29
2,2,2026-09-09,60,34.29
2,2,2026-09-10,60,34.29
2,2,2026-09-11,60,34.29
2,2,2026-09-12,0,34.29
2,2,2026-09-13,0,34.29
2,2,2026-09-14,60,42.86
2,2,2026-09-15,60,42.86
2,2,2026-09-16,60,42.86
2,2,2026-09-17,60,42.86
2,2,2026-09-18,60,42.86
2,2,2026-09-19,0,42.86
2,2,2026-09-20,0,42.86
2,2,2026-09-21,60,42.86
2,2,2026-09-22,60,42.86
2,2,2026-09-23,60,42.86
2,2,2026-09-24,60,42.86
2,2,2026-09-25,60,42.86
2,2,2026-09-26,0,42.86
2,2,2026-09-27,0,42.86
2,2,2026-09-28,60,42.86
2,2,2026-09-29,60,42.86
2,2,2026-09-30,60,42.86
2,2,2026-10-01,60,42.86
2,2,2026-10-02,60,42.86
2,2,2026-10-03,0,42.86
2,2,2026-10-04,0,42.86
2,2,2026-10-05,60,42.86
2,2,2026-10-06,60,42.86
2,2,2026-10-07,60,42.86
2,2,2026-10-08,60,42.86
2,2,2026-10-09,60,42.86
2,2,2026-10-10,0,42.86
2,2,2026-10-11,0,42.86
2,2,2026-10-12,60,42.86
2,2,2026-10-13,60,42.86
2,2,2026-10-14,60,42.86
2,2,2026-10-15,60,42.86
2,2,2026-10-16,60,42.86
2,2,2026-10-17,0,42.86
2,2,2026-10-18,0,42.86
2,2,2026-10-19,60,42.86
2,2,2026-10-20,60,42.86
2,2,2026-10-21,60,42.86
2,2,2026-10-22,60,42.86
2,2,2026-10-23,60,42.86
2,2,2026-10-24,0,42.86
2,2,2026-10-25,0,42.86
2,2,2026-10-26,60,42.86
2,2,2026-10-27,60,42.86
2,2,2026-10-28,60,42.86
2,2,2026-10-29,60,42.86
2,2,2026-10-30,60,42.86
2,2,2026-10-31,0,42.86
20,20,2026-08-05,346,346.0
20,20,2026-08-06,346,346.0
20,20,2026-08-07,346,346.0
20,20,2026-08-08,251,322.25
20,20,2026-08-09,248,307.4
20,20,2026-08-10,350,314.5
20,20,2026-08-11,346,319.0
20,20,2026-08-12,346,319.0
20,20,2026-08-13,346,319.0
20,20,2026-08-14,346,319.0
20,20,2026-08-15,251,319.0
20,20,2026-08-16,248,319.0
20,20,2026-08-17,350,319.0
20,20,2026-08-18,346,319.0
20,20,2026-08-19,346,319.0
20,20,2026-08-20,346,319.0
20,20,2026-08-21,346,319.0
20,20,2026-08-22,251,319.0
20,20,2026-08-23,243,318.29
20,20,2026-08-24,338,316.57
20,20,2026-08-25,338,315.43
20,20,2026-08-26,338,314.29
20,20,2026-08-27,338,313.14
20,20,2026-08-28,338,312.0
20,20,2026-08-29,255,312.57
20,20,2026-08-30,243,312.57
20,20,2026-08-31,338,312.57
20,20,2026-09-01,338,312.57
20,20,2026-09-02,338,312.57
20,20,2026-09-03,338,312.57
20,20,2026-09-04,338,312.57
20,20,2026-09-05,255,312.57
20,20,2026-09-06,243,312.57
20,20,2026-09-07,244,299.14
20,20,2026-09-08,338,299.14
20,20,2026-09-09,338,299.14
20,20,2026-09-10,338,299.14
20,20,2026-09-11,338,299.14
20,20,2026-09-12,255,299.14
20,20,2026-09-13,243,299.14
20,20,2026-09-14,338,312.57
20,20,2026-09-15,338,312.57
20,20,2026-09-16,338,312.57
20,20,2026-09-17,338,312.57
20,20,2026-09-18,338,312.57
20,20,2026-09-19,255,312.57
20,20,2026-09-20,243,312.57
20,20,2026-09-21,338,312.57
20,20,2026-09-22,338,312.57
20,20,2026-09-23,338,312.57
20,20,2026-09-24,338,312.57
20,20,2026-09-25,338,312.57
20,20,2026-09-26,255,312.57
20,20,2026-09-27,243,312.57
20,20,2026-09-28,338,312.57
20,20,2026-09-29,338,312.57
20,20,2026-09-30,338,312.57
20,20,2026-10-01,338,312.57
20,20,2026-10-02,338,312.57
20,20,2026-10-03,255,312.57
20,20,2026-10-04,243,312.57
20,20,2026-10-05,338,312.57
20,20,2026-10-06,338,312.57
20,20,2026-10-07,338,312.57
20,20,2026-10-08,338,312.57
20,20,2026-10-09,338,312.57
20,20,2026-10-10,255,312.57
20,20,2026-10-11,243,312.57
20,20,2026-10-12,338,312.57
20,20,2026-10-13,338,312.57
20,20,2026-10-14,338,312.57
20,20,2026-10-15,338,312.57
20,20,2026-10-16,338,312.57
20,20,2026-10-17,255,312.57
20,20,2026-10-18,243,312.57
20,20,2026-10-19,338,312.57
20,20,2026-10-20,338,312.57
20,20,2026-10-21,338,312.57
20,20,2026-10-22,338,312.57
20,20,2026-10-23,338,312.57
20,20,2026-10-24,255,312.57
20,20,2026-10-25,243,312.57
20,20,2026-10-26,338,312.57
20,20,2026-10-27,338,312.57
20,20,2026-10-28,338,312.57
20,20,2026-10-29,338,312.57
20,20,2026-10-30,338,312.57
20,20,2026-10-31,255,312.57
201,201,2026-08-05,76,76.0
201,201,2026-08-06,76,76.0
201,201,2026-08-07,76,76.0
201,201,2026-08-08,63,72.75
201,201,2026-08-09,0,58.2
201,201,2026-08-10,76,61.17
201,201,2026-08-11,76,63.29
201,201,2026-08-12,76,63.29
201,201,2026-08-13,76,63.29
201,201,2026-08-14,76,63.29
201,201,2026-08-15,63,63.29
201,201,2026-08-16,0,63.29
201,201,2026-08-17,76,63.29
201,201,2026-08-18,76,63.29
201,201,2026-08-19,76,63.29
201,201,2026-08-20,76,63.29
201,201,2026-08-21,76,63.29
201,201,2026-08-22,63,63.29
201,201,2026-08-23,0,63.29
201,201,2026-08-24,76,63.29
201,201,2026-08-25,76,63.29
201,201,2026-08-26,76,63.29
201,201,2026-08-27,76,63.29
201,201,2026-08-28,76,63.29
201,201,2026-08-29,63,63.29
201,201,2026-08-30,0,63.29
201,201,2026-08-31,76,63.29
201,201,2026-09-01,76,63.29
201,201,2026-09-02,76,63.29
201,201,2026-09-03,76,63.29
201,201,2026-09-04,76,63.29
201,201,2026-09-05,63,63.29
201,201,2026-09-06,0,63.29
201,201,2026-09-07,0,52.43
201,201,2026-09-08,76,52.43
201,201,2026-09-09,76,52.43
201,201,2026-09-10,76,52.43
201,201,2026-09-11,76,52.43
201,201,2026-09-12,63,52.43
201,201,2026-09-13,0,52.43
201,201,2026-09-14,76,63.29
201,201,2026-09-15,76,63.29
201,201,2026-09-16,76,63.29
201,201,2026-09-17,76,63.29
201,201,2026-09-18,76,63.29
201,201,2026-09-19,63,63.29
201,201,2026-09-20,0,63.29
201,201,2026-09-21,76,63.29
201,201,2026-09-22,76,63.29
201,201,2026-09-23,76,63.29
201,201,2026-09-24,76,63.29
201,201,2026-09-25,76,63.29
201,201,2026-09-26,63,63.29
201,201,2026-09-27,0,63.29
201,201,2026-09-28,76,63.29
201,201,2026-09-29,76,63.29
201,201,2026-09-30,76,63.29
201,201,2026-10-01,76,63.29
201,201,2026-10-02,76,63.29
201,201,2026-10-03,63,63.29
201,201,2026-10-04,0,63.29
201,201,2026-10-05,76,63.29
201,201,2026-10-06,76,63.29
201,201,2026-10-07,76,63.29
201,201,2026-10-08,76,63.29
201,201,2026-10-09,76,63.29
201,201,2026-10-10,63,63.29
201,201,2026-10-11,0,63.29
201,201,2026-10-12,76,63.29
201,201,2026-10-13,76,63.29
201,201,2026-10-14,76,63.29
201,201,2026-10-15,76,63.29
201,201,2026-10-16,76,63.29
201,201,2026-10-17,63,63.29
201,201,2026-10-18,0,63.29
201,201,2026-10-19,76,63.29
201,201,2026-10-20,76,63.29
201,201,2026-10-21,76,63.29
201,201,2026-10-22,76,63.29
201,201,2026-10-23,76,63.29
201,201,2026-10-24,63,63.29
201,201,2026-10-25,0,63.29
201,201,2026-10-26,76,63.29
201,201,2026-10-27,76,63.29
201,201,2026-10-28,76,63.29
201,201,2026-10-29,76,63.29
201,201,2026-10-30,76,63.29
201,201,2026-10-31,63,63.29
206,206,2026-08-05,19,19.0
206,206,2026-08-06,19,19.0
206,206,2026-08-07,19,19.0
206,206,2026-08-08,0,14.25
206,206,2026-08-09,0,11.4
206,206,2026-08-10,19,12.67
206,206,2026-08-11,19,13.57
206,206,2026-08-12,19,13.57
206,206,2026-08-13,19,13.57
206,206,2026-08-14,19,13.57
206,206,2026-08-15,0,13.57
206,206,2026-08-16,0,13.57
206,206,2026-08-17,19,13.57
206,206,2026-08-18,19,13.57
206,206,2026-08-19,19,13.57
206,206,2026-08-20,19,13.57
206,206,2026-08-21,19,13.57
206,206,2026-08-22,0,13.57
206,206,2026-08-23,0,13.57
206,206,2026-08-24,25,14.43
206,206,2026-08-25,25,15.29
206,206,2026-08-26,25,16.14
206,206,2026-08-27,25,17.0
206,206,2026-08-28,25,17.86
206,206,2026-08-29,0,17.86
206,206,2026-08-30,0,17.86
206,206,2026-08-31,25,17.86
206,206,2026-09-01,25,17.86
206,206,2026-09-02,25,17.86
206,206,2026-09-03,25,17.86
206,206,2026-09-04,25,17.86
206,206,2026-09-05,0,17.86
206,206,2026-09-06,0,17.86
206,206,2026-09-07,0,14.29
206,206,2026-09-08,25,14.29
206,206,2026-09-09,25,14.29
206,206,2026-09-10,25,14.29
206,206,2026-09-11,25,14.29
206,206,2026-09-12,0,14.29
206,206,2026-09-13,0,14.29
206,206,2026-09-14,25,17.86
206,206,2026-09-15,25,17.86
206,206,2026-09-16,25,17.86
206,206,2026-09-17,25,17.86
206,206,2026-09-18,25,17.86
206,206,2026-09-19,0,17.86
206,206,2026-09-20,0,17.86
206,206,2026-09-21,25,17.86
206,206,2026-09-22,25,17.86
206,206,2026-09-23,25,17.86
206,206,2026-09-24,25,17.86
206,206,2026-09-25,25,17.86
206,206,2026-09-26,0,17.86
206,206,2026-09-27,0,17.86
206,206,2026-09-28,25,17.86
206,206,2026-09-29,25,17.86
206,206,2026-09-30,25,17.86
206,206,2026-10-01,25,17.86
206,206,2026-10-02,25,17.86
206,206,2026-10-03,0,17.86
206,206,2026-10-04,0,17.86
206,206,2026-10-05,25,17.86
206,206,2026-10-06,25,17.86
206,206,2026-10-07,25,17.86
206,206,2026-10-08,25,17.86
206,206,2026-10-09,25,17.86
206,206,2026-10-10,0,17.86
206,206,2026-10-11,0,17.86
206,206,2026-10-12,25,17.86
206,206,2026-10-13,25,17.86
206,206,2026-10-14,25,17.86
206,206,2026-10-15,25,17.86
206,206,2026-10-16,25,17.86
206,206,2026-10-17,0,17.86
206,206,2026-10-18,0,17.86
206,206,2026-10-19,25,17.86
206,206,2026-10-20,25,17.86
206,206,2026-10-21,25,17.86
206,206,2026-10-22,25,17.86
206,206,2026-10-23,25,17.86
206,206,2026-10-24,0,17.86
206,206,2026-10-25,0,17.86
206,206,2026-10-26,25,17.86
206,206,2026-10-27,25,17.86
206,206,2026-10-28,25,17.86
206,206,2026-10-29,25,17.86
206,206,2026-10-30,25,17.86
206,206,2026-10-31,0,17.86
21,21,2026-08-05,175,175.0
21,21,2026-08-06,175,175.0
21,21,2026-08-07,175,175.0
21,21,2026-08-08,150,168.75
21,21,2026-08-09,129,160.8
21,21,2026-08-10,175,163.17
21,21,2026-08-11,175,164.86
21,21,2026-08-12,175,164.86
21,21,2026-08-13,175,164.86
21,21,2026-08-14,175,164.86
21,21,2026-08-15,150,164.86
21,21,2026-08-16,129,164.86
21,21,2026-08-17,175,164.86
21,21,2026-08-18,175,164.86
21,21,2026-08-19,175,164.86
21,21,2026-08-20,175,164.86
21,21,2026-08-21,175,164.86
21,21,2026-08-22,150,164.86
21,21,2026-08-23,128,164.71
21,21,2026-08-24,176,164.86
21,21,2026-08-25,176,165.0
21,21,2026-08-26,176,165.14
21,21,2026-08-27,176,165.29
21,21,2026-08-28,176,165.43
21,21,2026-08-29,148,165.14
21,21,2026-08-30,128,165.14
21,21,2026-08-31,176,165.14
21,21,2026-09-01,176,165.14
21,21,2026-09-02,176,165.14
21,21,2026-09-03,176,165.14
21,21,2026-09-04,176,165.14
21,21,2026-09-05,148,165.14
21,21,2026-09-06,128,165.14
21,21,2026-09-07,128,158.29
21,21,2026-09-08,176,158.29
21,21,2026-09-09,176,158.29
21,21,2026-09-10,176,158.29
21,21,2026-09-11,176,158.29
21,21,2026-09-12,148,158.29
21,21,2026-09-13,128,158.29
21,21,2026-09-14,176,165.14
21,21,2026-09-15,176,165.14
21,21,2026-09-16,176,165.14
21,21,2026-09-17,176,165.14
21,21,2026-09-18,176,165.14
21,21,2026-09-19,148,165.14
21,21,2026-09-20,128,165.14
21,21,2026-09-21,176,165.14
21,21,2026-09-22,176,165.14
21,21,2026-09-23,176,165.14
21,21,2026-09-24,176,165.14
21,21,2026-09-25,176,165.14
21,21,2026-09-26,148,165.14
21,21,2026-09-27,128,165.14
21,21,2026-09-28,176,165.14
21,21,2026-09-29,176,165.14
21,21,2026-09-30,176,165.14
21,21,2026-10-01,176,165.14
21,21,2026-10-02,176,165.14
21,21,2026-10-03,148,165.14
21,21,2026-10-04,128,165.14
21,21,2026-10-05,176,165.14
21,21,2026-10-06,176,165.14
21,21,2026-10-07,176,165.14
21,21,2026-10-08,176,165.14
21,21,2026-10-09,176,165.14
21,21,2026-10-10,148,165.14
21,21,2026-10-11,128,165.14
21,21,2026-10-12,176,165.14
21,21,2026-10-13,176,165.14
21,21,2026-10-14,176,165.14
21,21,2026-10-15,176,165.14
21,21,2026-10-16,176,165.14
21,21,2026-10-17,148,165.14
21,21,2026-10-18,128,165.14
21,21,2026-10-19,176,165.14
21,21,2026-10-20,176,165.14
21,21,2026-10-21,176,165.14
21,21,2026-10-22,176,165.14
21,21,2026-10-23,176,165.14
21,21,2026-10-24,148,165.14
21,21,2026-10-25,128,165.14
21,21,2026-10-26,176,165.14
21,21,2026-10-27,176,165.14
21,21,2026-10-28,176,165.14
21,21,2026-10-29,176,165.14
21,21,2026-10-30,176,165.14
21,21,2026-10-31,148,165.14
22,22,2026-08-05,239,239.0
22,22,2026-08-06,239,239.0
22,22,2026-08-07,239,239.0
22,22,2026-08-08,224,235.25
22,22,2026-08-09,193,226.8
22,22,2026-08-10,240,229.0
22,22,2026-08-11,239,230.43
22,22,2026-08-12,239,230.43
22,22,2026-08-13,239,230.43
22,22,2026-08-14,239,230.43
22,22,2026-08-15,224,230.43
22,22,2026-08-16,193,230.43
22,22,2026-08-17,240,230.43
22,22,2026-08-18,239,230.43
22,22,2026-08-19,239,230.43
22,22,2026-08-20,239,230.43
22,22,2026-08-21,239,230.43
22,22,2026-08-22,224,230.43
22,22,2026-08-23,193,230.43
22,22,2026-08-24,240,230.43
22,22,2026-08-25,239,230.43
22,22,2026-08-26,239,230.43
22,22,2026-08-27,239,230.43
22,22,2026-08-28,239,230.43
22,22,2026-08-29,224,230.43
22,22,2026-08-30,193,230.43
22,22,2026-08-31,240,230.43
22,22,2026-09-01,239,230.43
22,22,2026-09-02,239,230.43
22,22,2026-09-03,239,230.43
22,22,2026-09-04,239,230.43
22,22,2026-09-05,224,230.43
22,22,2026-09-06,193,230.43
22,22,2026-09-07,194,223.86
22,22,2026-09-08,240,224.0
22,22,2026-09-09,239,224.0
22,22,2026-09-10,239,224.0
22,22,2026-09-11,239,224.0
22,22,2026-09-12,224,224.0
22,22,2026-09-13,193,224.0
22,22,2026-09-14,240,230.57
22,22,2026-09-15,239,230.43
22,22,2026-09-16,239,230.43
22,22,2026-09-17,239,230.43
22,22,2026-09-18,239,230.43
22,22,2026-09-19,224,230.43
22,22,2026-09-20,193,230.43
22,22,2026-09-21,240,230.43
22,22,2026-09-22,239,230.43
22,22,2026-09-23,239,230.43
22,22,2026-09-24,239,230.43
22,22,2026-09-25,239,230.43
22,22,2026-09-26,224,230.43
22,22,2026-09-27,193,230.43
22,22,2026-09-28,240,230.43
22,22,2026-09-29,239,230.43
22,22,2026-09-30,239,230.43
22,22,2026-10-01,239,230.43
22,22,2026-10-02,239,230.43
22,22,2026-10-03,224,230.43
22,22,2026-10-04,193,230.43
22,22,2026-10-05,240,230.43
22,22,2026-10-06,239,230.43
22,22,2026-10-07,239,230.43
22,22,2026-10-08,239,230.43
22,22,2026-10-09,239,230.43
22,22,2026-10-10,224,230.43
22,22,2026-10-11,193,230.43
22,22,2026-10-12,240,230.43
22,22,2026-10-13,239,230.43
22,22,2026-10-14,239,230.43
22,22,2026-10-15,239,230.43
22,22,2026-10-16,239,230.43
22,22,2026-10-17,224,230.43
22,22,2026-10-18,193,230.43
22,22,2026-10-19,240,230.43
22,22,2026-10-20,239,230.43
22,22,2026-10-21,239,230.43
22,22,2026-10-22,239,230.43
22,22,2026-10-23,239,230.43
22,22,2026-10-24,224,230.43
22,22,2026-10-25,193,230.43
22,22,2026-10-26,240,230.43
22,22,2026-10-27,239,230.43
22,22,2026-10-28,239,230.43
22,22,2026-10-29,239,230.43
22,22,2026-10-30,239,230.43
22,22,2026-10-31,224,230.43
24,24,2026-08-05,98,98.0
24,24,2026-08-06,98,98.0
24,24,2026-08-07,98,98.0
24,24,2026-08-08,0,73.5
24,24,2026-08-09,0,58.8
24,24,2026-08-10,98,65.33
24,24,2026-08-11,98,70.0
24,24,2026-08-12,98,70.0
24,24,2026-08-13,98,70.0
24,24,2026-08-14,98,70.0
24,24,2026-08-15,0,70.0
24,24,2026-08-16,0,70.0
24,24,2026-08-17,98,70.0
24,24,2026-08-18,98,70.0
24,24,2026-08-19,98,70.0
24,24,2026-08-20,98,70.0
24,24,2026-08-21,98,70.0
24,24,2026-08-22,0,70.0
24,24,2026-08-23,0,70.0
24,24,2026-08-24,101,70.43
24,24,2026-08-25,101,70.86
24,24,2026-08-26,101,71.29
24,24,2026-08-27,101,71.71
24,24,2026-08-28,101,72.14
24,24,2026-08-29,0,72.14
24,24,2026-08-30,0,72.14
24,24,2026-08-31,101,72.14
24,24,2026-09-01,101,72.14
24,24,2026-09-02,101,72.14
24,24,2026-09-03,101,72.14
24,24,2026-09-04,101,72.14
24,24,2026-09-05,0,72.14
24,24,2026-09-06,0,72.14
24,24,2026-09-07,0,57.71
24,24,2026-09-08,101,57.71
24,24,2026-09-09,101,57.71
24,24,2026-09-10,101,57.71
24,24,2026-09-11,101,57.71
24,24,2026-09-12,0,57.71
24,24,2026-09-13,0,57.71
24,24,2026-09-14,101,72.14
24,24,2026-09-15,101,72.14
24,24,2026-09-16,101,72.14
24,24,2026-09-17,101,72.14
24,24,2026-09-18,101,72.14
24,24,2026-09-19,0,72.14
24,24,2026-09-20,0,72.14
24,24,2026-09-21,101,72.14
24,24,2026-09-22,101,72.14
24,24,2026-09-23,101,72.14
24,24,2026-09-24,101,72.14
24,24,2026-09-25,101,72.14
24,24,2026-09-26,0,72.14
24,24,2026-09-27,0,72.14
24,24,2026-09-28,101,72.14
24,24,2026-09-29,101,72.14
24,24,2026-09-30,101,72.14
24,24,2026-10-01,101,72.14
24,24,2026-10-02,101,72.14
24,24,2026-10-03,0,72.14
24,24,2026-10-04,0,72.14
24,24,2026-10-05,101,72.14
24,24,2026-10-06,101,72.14
24,24,2026-10-07,101,72.14
24,24,2026-10-08,101,72.14
24,24,2026-10-09,101,72.14
24,24,2026-10-10,0,72.14
24,24,2026-10-11,0,72.14
24,24,2026-10-12,101,72.14
24,24,2026-10-13,101,72.14
24,24,2026-10-14,101,72.14
24,24,2026-10-15,101,72.14
24,24,2026-10-16,101,72.14
24,24,2026-10-17,0,72.14
24,24,2026-10-18,0,72.14
24,24,2026-10-19,101,72.14
24,24,2026-10-20,101,72.14
24,24,2026-10-21,101,72.14
24,24,2026-10-22,101,72.14
24,24,2026-10-23,101,72.14
24,24,2026-10-24,0,72.14
24,24,2026-10-25,0,72.14
24,24,2026-10-26,101,72.14
24,24,2026-10-27,101,72.14
24,24,2026-10-28,101,72.14
24,24,2026-10-29,101,72.14
24,24,2026-10-30,101,72.14
24,24,2026-10-31,0,72.14
26,26,2026-08-05,86,86.0
26,26,2026-08-06,86,86.0
26,26,2026-08-07,86,86.0
26,26,2026-08-08,0,64.5
26,26,2026-08-09,0,51.6
26,26,2026-08-10,86,57.33
26,26,2026-08-11,86,61.43
26,26,2026-08-12,86,61.43
26,26,2026-08-13,86,61.43
26,26,2026-08-14,86,61.43
26,26,2026-08-15,0,61.43
26,26,2026-08-16,0,61.43
26,26,2026-08-17,86,61.43
26,26,2026-08-18,86,61.43
26,26,2026-08-19,86,61.43
26,26,2026-08-20,86,61.43
26,26,2026-08-21,86,61.43
26,26,2026-08-22,0,61.43
26,26,2026-08-23,0,61.43
26,26,2026-08-24,86,61.43
26,26,2026-08-25,86,61.43
26,26,2026-08-26,86,61.43
26,26,2026-08-27,86,61.43
26,26,2026-08-28,86,61.43
26,26,2026-08-29,0,61.43
26,26,2026-08-30,0,61.43
26,26,2026-08-31,86,61.43
26,26,2026-09-01,86,61.43
26,26,2026-09-02,86,61.43
26,26,2026-09-03,86,61.43
26,26,2026-09-04,86,61.43
26,26,2026-09-05,0,61.43
26,26,2026-09-06,0,61.43
26,26,2026-09-07,0,49.14
26,26,2026-09-08,86,49.14
26,26,2026-09-09,86,49.14
26,26,2026-09-10,86,49.14
26,26,2026-09-11,86,49.14
26,26,2026-09-12,0,49.14
26,26,2026-09-13,0,49.14
26,26,2026-09-14,86,61.43
26,26,2026-09-15,86,61.43
26,26,2026-09-16,86,61.43
26,26,2026-09-17,86,61.43
26,26,2026-09-18,86,61.43
26,26,2026-09-19,0,61.43
26,26,2026-09-20,0,61.43
26,26,2026-09-21,86,61.43
26,26,2026-09-22,86,61.43
26,26,2026-09-23,86,61.43
26,26,2026-09-24,86,61.43
26,26,2026-09-25,86,61.43
26,26,2026-09-26,0,61.43
26,26,2026-09-27,0,61.43
26,26,2026-09-28,86,61.43
26,26,2026-09-29,86,61.43
26,26,2026-09-30,86,61.43
26,26,2026-10-01,86,61.43
26,26,2026-10-02,86,61.43
26,26,2026-10-03,0,61.43
26,26,2026-10-04,0,61.43
26,26,2026-10-05,86,61.43
26,26,2026-10-06,86,61.43
26,26,2026-10-07,86,61.43
26,26,2026-10-08,86,61.43
26,26,2026-10-09,86,61.43
26,26,2026-10-10,0,61.43
26,26,2026-10-11,0,61.43
26,26,2026-10-12,86,61.43
26,26,2026-10-13,86,61.43
26,26,2026-10-14,86,61.43
26,26,2026-10-15,86,61.43
26,26,2026-10-16,86,61.43
26,26,2026-10-17,0,61.43
26,26,2026-10-18,0,61.43
26,26,2026-10-19,86,61.43
26,26,2026-10-20,86,61.43
26,26,2026-10-21,86,61.43
26,26,2026-10-22,86,61.43
26,26,2026-10-23,86,61.43
26,26,2026-10-24,0,61.43
26,26,2026-10-25,0,61.43
26,26,2026-10-26,86,61.43
26,26,2026-10-27,86,61.43
26,26,2026-10-28,86,61.43
26,26,2026-10-29,86,61.43
26,26,2026-10-30,86,61.43
26,26,2026-10-31,0,61.43
28,28,2026-08-05,158,158.0
28,28,2026-08-06,158,158.0
28,28,2026-08-07,158,158.0
28,28,2026-08-08,130,151.0
28,28,2026-08-09,116,144.0
28,28,2026-08-10,160,146.67
28,28,2026-08-11,158,148.29
28,28,2026-08-12,158,148.29
28,28,2026-08-13,158,148.29
28,28,2026-08-14,158,148.29
28,28,2026-08-15,130,148.29
28,28,2026-08-16,116,148.29
28,28,2026-08-17,160,148.29
28,28,2026-08-18,158,148.29
28,28,2026-08-19,158,148.29
28,28,2026-08-20,158,148.29
28,28,2026-08-21,158,148.29
28,28,2026-08-22,130,148.29
28,28,2026-08-23,116,148.29
28,28,2026-08-24,164,148.86
28,28,2026-08-25,162,149.43
28,28,2026-08-26,162,150.0
28,28,2026-08-27,162,150.57
28,28,2026-08-28,162,151.14
28,28,2026-08-29,130,151.14
28,28,2026-08-30,116,151.14
28,28,2026-08-31,164,151.14
28,28,2026-09-01,162,151.14
28,28,2026-09-02,162,151.14
28,28,2026-09-03,162,151.14
28,28,2026-09-04,162,151.14
28,28,2026-09-05,130,151.14
28,28,2026-09-06,116,151.14
28,28,2026-09-07,116,144.29
28,28,2026-09-08,164,144.57
28,28,2026-09-09,162,144.57
28,28,2026-09-10,162,144.57
28,28,2026-09-11,162,144.57
28,28,2026-09-12,130,144.57
28,28,2026-09-13,116,144.57
28,28,2026-09-14,164,151.43
28,28,2026-09-15,162,151.14
28,28,2026-09-16,162,151.14
28,28,2026-09-17,162,151.14
28,28,2026-09-18,162,151.14
28,28,2026-09-19,130,151.14
28,28,2026-09-20,116,151.14
28,28,2026-09-21,164,151.14
28,28,2026-09-22,162,151.14
28,28,2026-09-23,162,151.14
28,28,2026-09-24,162,151.14
28,28,2026-09-25,162,151.14
28,28,2026-09-26,130,151.14
28,28,2026-09-27,116,151.14
28,28,2026-09-28,164,151.14
28,28,2026-09-29,162,151.14
28,28,2026-09-30,162,151.14
28,28,2026-10-01,162,151.14
28,28,2026-10-02,162,151.14
28,28,2026-10-03,130,151.14
28,28,2026-10-04,116,151.14
28,28,2026-10-05,164,151.14
28,28,2026-10-06,162,151.14
28,28,2026-10-07,162,151.14
28,28,2026-10-08,162,151.14
28,28,2026-10-09,162,151.14
28,28,2026-10-10,130,151.14
28,28,2026-10-11,116,151.14
28,28,2026-10-12,164,151.14
28,28,2026-10-13,162,151.14
28,28,2026-10-14,162,151.14
28,28,2026-10-15,162,151.14
28,28,2026-10-16,162,151.14
28,28,2026-10-17,130,151.14
28,28,2026-10-18,116,151.14
28,28,2026-10-19,164,151.14
28,28,2026-10-20,162,151.14
28,28,2026-10-21,162,151.14
28,28,2026-10-22,162,151.14
28,28,2026-10-23,162,151.14
28,28,2026-10-24,130,151.14
28,28,2026-10-25,116,151.14
28,28,2026-10-26,164,151.14
28,28,2026-10-27,162,151.14
28,28,2026-10-28,162,151.14
28,28,2026-10-29,162,151.14
28,28,2026-10-30,162,151.14
28,28,2026-10-31,130,151.14
29,29,2026-08-05,162,162.0
29,29,2026-08-06,162,162.0
29,29,2026-08-07,162,162.0
29,29,2026-08-08,165,162.75
29,29,2026-08-09,137,157.6
29,29,2026-08-10,162,158.33
29,29,2026-08-11,162,158.86
29,29,2026-08-12,162,158.86
29,29,2026-08-13,162,158.86
29,29,2026-08-14,162,158.86
29,29,2026-08-15,165,158.86
29,29,2026-08-16,137,158.86
29,29,2026-08-17,162,158.86
29,29,2026-08-18,162,158.86
29,29,2026-08-19,162,158.86
29,29,2026-08-20,162,158.86
29,29,2026-08-21,162,158.86
29,29,2026-08-22,165,158.86
29,29,2026-08-23,137,158.86
29,29,2026-08-24,162,158.86
29,29,2026-08-25,162,158.86
29,29,2026-08-26,162,158.86
29,29,2026-08-27,162,158.86
29,29,2026-08-28,162,158.86
29,29,2026-08-29,165,158.86
29,29,2026-08-30,137,158.86
29,29,2026-08-31,162,158.86
29,29,2026-09-01,162,158.86
29,29,2026-09-02,162,158.86
29,29,2026-09-03,162,158.86
29,29,2026-09-04,162,158.86
29,29,2026-09-05,165,158.86
29,29,2026-09-06,137,158.86
29,29,2026-09-07,137,155.29
29,29,2026-09-08,162,155.29
29,29,2026-09-09,162,155.29
29,29,2026-09-10,162,155.29
29,29,2026-09-11,162,155.29
29,29,2026-09-12,165,155.29
29,29,2026-09-13,137,155.29
29,29,2026-09-14,162,158.86
29,29,2026-09-15,162,158.86
29,29,2026-09-16,162,158.86
29,29,2026-09-17,162,158.86
29,29,2026-09-18,162,158.86
29,29,2026-09-19,165,158.86
29,29,2026-09-20,137,158.86
29,29,2026-09-21,162,158.86
29,29,2026-09-22,162,158.86
29,29,2026-09-23,162,158.86
29,29,2026-09-24,162,158.86
29,29,2026-09-25,162,158.86
29,29,2026-09-26,165,158.86
29,29,2026-09-27,137,158.86
29,29,2026-09-28,162,158.86
29,29,2026-09-29,162,158.86
29,29,2026-09-30,162,158.86
29,29,2026-10-01,162,158.86
29,29,2026-10-02,162,158.86
29,29,2026-10-03,165,158.86
29,29,2026-10-04,137,158.86
29,29,2026-10-05,162,158.86
29,29,2026-10-06,162,158.86
29,29,2026-10-07,162,158.86
29,29,2026-10-08,162,158.86
29,29,2026-10-09,162,158.86
29,29,2026-10-10,165,158.86
29,29,2026-10-11,137,158.86
29,29,2026-10-12,162,158.86
29,29,2026-10-13,162,158.86
29,29,2026-10-14,162,158.86
29,29,2026-10-15,162,158.86
29,29,2026-10-16,162,158.86
29,29,2026-10-17,165,158.86
29,29,2026-10-18,137,158.86
29,29,2026-10-19,162,158.86
29,29,2026-10-20,162,158.86
29,29,2026-10-21,162,158.86
29,29,2026-10-22,162,158.86
29,29,2026-10-23,162,158.86
29,29,2026-10-24,165,158.86
29,29,2026-10-25,137,158.86
29,29,2026-10-26,162,158.86
29,29,2026-10-27,162,158.86
29,29,2026-10-28,162,158.86
29,29,2026-10-29,162,158.86
29,29,2026-10-30,162,158.86
29,29,2026-10-31,165,158.86
3,3,2026-08-05,236,236.0
3,3,2026-08-06,236,236.0
3,3,2026-08-07,236,236.0
3,3,2026-08-08,195,225.75
3,3,2026-08-09,148,210.2
3,3,2026-08-10,235,214.33
3,3,2026-08-11,236,217.43
3,3,2026-08-12,236,217.43
3,3,2026-08-13,236,217.43
3,3,2026-08-14,236,217.43
3,3,2026-08-15,195,217.43
3,3,2026-08-16,148,217.43
3,3,2026-08-17,235,217.43
3,3,2026-08-18,236,217.43
3,3,2026-08-19,236,217.43
3,3,2026-08-20,236,217.43
3,3,2026-08-21,236,217.43
3,3,2026-08-22,195,217.43
3,3,2026-08-23,150,217.71
3,3,2026-08-24,242,218.71
3,3,2026-08-25,243,219.71
3,3,2026-08-26,243,220.71
3,3,2026-08-27,243,221.71
3,3,2026-08-28,243,222.71
3,3,2026-08-29,195,222.71
3,3,2026-08-30,150,222.71
3,3,2026-08-31,242,222.71
3,3,2026-09-01,243,222.71
3,3,2026-09-02,243,222.71
3,3,2026-09-03,243,222.71
3,3,2026-09-04,243,222.71
3,3,2026-09-05,195,222.71
3,3,2026-09-06,150,222.71
3,3,2026-09-07,150,209.57
3,3,2026-09-08,242,209.43
3,3,2026-09-09,243,209.43
3,3,2026-09-10,243,209.43
3,3,2026-09-11,243,209.43
3,3,2026-09-12,195,209.43
3,3,2026-09-13,150,209.43
3,3,2026-09-14,242,222.57
3,3,2026-09-15,243,222.71
3,3,2026-09-16,243,222.71
3,3,2026-09-17,243,222.71
3,3,2026-09-18,243,222.71
3,3,2026-09-19,195,222.71
3,3,2026-09-20,150,222.71
3,3,2026-09-21,242,222.71
3,3,2026-09-22,243,222.71
3,3,2026-09-23,243,222.71
3,3,2026-09-24,243,222.71
3,3,2026-09-25,243,222.71
3,3,2026-09-26,195,222.71
3,3,2026-09-27,150,222.71
3,3,2026-09-28,242,222.71
3,3,2026-09-29,243,222.71
3,3,2026-09-30,243,222.71
3,3,2026-10-01,243,222.71
3,3,2026-10-02,243,222.71
3,3,2026-10-03,195,222.71
3,3,2026-10-04,150,222.71
3,3,2026-10-05,242,222.71
3,3,2026-10-06,243,222.71
3,3,2026-10-07,243,222.71
3,3,2026-10-08,243,222.71
3,3,2026-10-09,243,222.71
3,3,2026-10-10,195,222.71
3,3,2026-10-11,150,222.71
3,3,2026-10-12,242,222.71
3,3,2026-10-13,243,222.71
3,3,2026-10-14,243,222.71
3,3,2026-10-15,243,222.71
3,3,2026-10-16,243,222.71
3,3,2026-10-17,195,222.71
3,3,2026-10-18,150,222.71
3,3,2026-10-19,242,222.71
3,3,2026-10-20,243,222.71
3,3,2026-10-21,243,222.71
3,3,2026-10-22,243,222.71
3,3,2026-10-23,243,222.71
3,3,2026-10-24,195,222.71
3,3,2026-10-25,150,222.71
3,3,2026-10-26,242,222.71
3,3,2026-10-27,243,222.71
3,3,2026-10-28,243,222.71
3,3,2026-10-29,243,222.71
3,3,2026-10-30,243,222.71
3,3,2026-10-31,195,222.71
30,30,2026-08-05,112,112.0
30,30,2026-08-06,112,112.0
30,30,2026-08-07,112,112.0
30,30,2026-08-08,106,110.5
30,30,2026-08-09,82,104.8
30,30,2026-08-10,112,106.0
30,30,2026-08-11,112,106.86
30,30,2026-08-12,112,106.86
30,30,2026-08-13,112,106.86
30,30,2026-08-14,112,106.86
30,30,2026-08-15,106,106.86
30,30,2026-08-16,82,106.86
30,30,2026-08-17,112,106.86
30,30,2026-08-18,112,106.86
30,30,2026-08-19,112,106.86
30,30,2026-08-20,112,106.86
30,30,2026-08-21,112,106.86
30,30,2026-08-22,106,106.86
30,30,2026-08-23,82,106.86
30,30,2026-08-24,114,107.14
30,30,2026-08-25,114,107.43
30,30,2026-08-26,114,107.71
30,30,2026-08-27,114,108.0
30,30,2026-08-28,114,108.29
30,30,2026-08-29,106,108.29
30,30,2026-08-30,82,108.29
30,30,2026-08-31,114,108.29
30,30,2026-09-01,114,108.29
30,30,2026-09-02,114,108.29
30,30,2026-09-03,114,108.29
30,30,2026-09-04,114,108.29
30,30,2026-09-05,106,108.29
30,30,2026-09-06,82,108.29
30,30,2026-09-07,82,103.71
30,30,2026-09-08,114,103.71
30,30,2026-09-09,114,103.71
30,30,2026-09-10,114,103.71
30,30,2026-09-11,114,103.71
30,30,2026-09-12,106,103.71
30,30,2026-09-13,82,103.71
30,30,2026-09-14,114,108.29
30,30,2026-09-15,114,108.29
30,30,2026-09-16,114,108.29
30,30,2026-09-17,114,108.29
30,30,2026-09-18,114,108.29
30,30,2026-09-19,106,108.29
30,30,2026-09-20,82,108.29
30,30,2026-09-21,114,108.29
30,30,2026-09-22,114,108.29
30,30,2026-09-23,114,108.29
30,30,2026-09-24,114,108.29
30,30,2026-09-25,114,108.29
30,30,2026-09-26,106,108.29
30,30,2026-09-27,82,108.29
30,30,2026-09-28,114,108.29
30,30,2026-09-29,114,108.29
30,30,2026-09-30,114,108.29
30,30,2026-10-01,114,108.29
30,30,2026-10-02,114,108.29
30,30,2026-10-03,106,108.29
30,30,2026-10-04,82,108.29
30,30,2026-10-05,114,108.29
30,30,2026-10-06,114,108.29
30,30,2026-10-07,114,108.29
30,30,2026-10-08,114,108.29
30,30,2026-10-09,114,108.29
30,30,2026-10-10,106,108.29
30,30,2026-10-11,82,108.29
30,30,2026-10-12,114,108.29
30,30,2026-10-13,114,108.29
30,30,2026-10-14,114,108.29
30,30,2026-10-15,114,108.29
30,30,2026-10-16,114,108.29
30,30,2026-10-17,106,108.29
30,30,2026-10-18,82,108.29
30,30,2026-10-19,114,108.29
30,30,2026-10-20,114,108.29
30,30,2026-10-21,114,108.29
30,30,2026-10-22,114,108.29
30,30,2026-10-23,114,108.29
30,30,2026-10-24,106,108.29
30,30,2026-10-25,82,108.29
30,30,2026-10-26,114,108.29
30,30,2026-10-27,114,108.29
30,30,2026-10-28,114,108.29
30,30,2026-10-29,114,108.29
30,30,2026-10-30,114,108.29
30,30,2026-10-31,106,108.29
31,31,2026-08-05,55,55.0
31,31,2026-08-06,55,55.0
31,31,2026-08-07,55,55.0
31,31,2026-08-08,0,41.25
31,31,2026-08-09,0,33.0
31,31,2026-08-10,55,36.67
31,31,2026-08-11,55,39.29
31,31,2026-08-12,55,39.29
31,31,2026-08-13,55,39.29
31,31,2026-08-14,55,39.29
31,31,2026-08-15,0,39.29
31,31,2026-08-16,0,39.29
31,31,2026-08-17,55,39.29
31,31,2026-08-18,55,39.29
31,31,2026-08-19,55,39.29
31,31,2026-08-20,55,39.29
31,31,2026-08-21,55,39.29
31,31,2026-08-22,0,39.29
31,31,2026-08-23,0,39.29
31,31,2026-08-24,55,39.29
31,31,2026-08-25,55,39.29
31,31,2026-08-26,55,39.29
31,31,2026-08-27,55,39.29
31,31,2026-08-28,55,39.29
31,31,2026-08-29,0,39.29
31,31,2026-08-30,0,39.29
31,31,2026-08-31,55,39.29
31,31,2026-09-01,55,39.29
31,31,2026-09-02,55,39.29
31,31,2026-09-03,55,39.29
31,31,2026-09-04,55,39.29
31,31,2026-09-05,0,39.29
31,31,2026-09-06,0,39.29
31,31,2026-09-07,0,31.43
31,31,2026-09-08,55,31.43
31,31,2026-09-09,55,31.43
31,31,2026-09-10,55,31.43
31,31,2026-09-11,55,31.43
31,31,2026-09-12,0,31.43
31,31,2026-09-13,0,31.43
31,31,2026-09-14,55,39.29
31,31,2026-09-15,55,39.29
31,31,2026-09-16,55,39.29
31,31,2026-09-17,55,39.29
31,31,2026-09-18,55,39.29
31,31,2026-09-19,0,39.29
31,31,2026-09-20,0,39.29
31,31,2026-09-21,55,39.29
31,31,2026-09-22,55,39.29
31,31,2026-09-23,55,39.29
31,31,2026-09-24,55,39.29
31,31,2026-09-25,55,39.29
31,31,2026-09-26,0,39.29
31,31,2026-09-27,0,39.29
31,31,2026-09-28,55,39.29
31,31,2026-09-29,55,39.29
31,31,2026-09-30,55,39.29
31,31,2026-10-01,55,39.29
31,31,2026-10-02,55,39.29
31,31,2026-10-03,0,39.29
31,31,2026-10-04,0,39.29
31,31,2026-10-05,55,39.29
31,31,2026-10-06,55,39.29
31,31,2026-10-07,55,39.29
31,31,2026-10-08,55,39.29
31,31,2026-10-09,55,39.29
31,31,2026-10-10,0,39.29
31,31,2026-10-11,0,39.29
31,31,2026-10-12,55,39.29
31,31,2026-10-13,55,39.29
31,31,2026-10-14,55,39.29
31,31,2026-10-15,55,39.29
31,31,2026-10-16,55,39.29
31,31,2026-10-17,0,39.29
31,31,2026-10-18,0,39.29
31,31,2026-10-19,55,39.29
31,31,2026-10-20,55,39.29
31,31,2026-10-21,55,39.29
31,31,2026-10-22,55,39.29
31,31,2026-10-23,55,39.29
31,31,2026-10-24,0,39.29
31,31,2026-10-25,0,39.29
31,31,2026-10-26,55,39.29
31,31,2026-10-27,55,39.29
31,31,2026-10-28,55,39.29
31,31,2026-10-29,55,39.29
31,31,2026-10-30,55,39.29
31,31,2026-10-31,0,39.29
34,34,2026-08-05,232,232.0
34,34,2026-08-06,232,232.0
34,34,2026-08-07,232,232.0
34,34,2026-08-08,210,226.5
34,34,2026-08-09,205,222.2
34,34,2026-08-10,230,223.5
34,34,2026-08-11,232,224.71
34,34,2026-08-12,232,224.71
34,34,2026-08-13,232,224.71
34,34,2026-08-14,232,224.71
34,34,2026-08-15,210,224.71
34,34,2026-08-16,205,224.71
34,34,2026-08-17,230,224.71
34,34,2026-08-18,232,224.71
34,34,2026-08-19,232,224.71
34,34,2026-08-20,232,224.71
34,34,2026-08-21,232,224.71
34,34,2026-08-22,210,224.71
34,34,2026-08-23,205,224.71
34,34,2026-08-24,234,225.29
34,34,2026-08-25,236,225.86
34,34,2026-08-26,236,226.43
34,34,2026-08-27,236,227.0
34,34,2026-08-28,236,227.57
34,34,2026-08-29,210,227.57
34,34,2026-08-30,205,227.57
34,34,2026-08-31,234,227.57
34,34,2026-09-01,236,227.57
34,34,2026-09-02,236,227.57
34,34,2026-09-03,236,227.57
34,34,2026-09-04,236,227.57
34,34,2026-09-05,210,227.57
34,34,2026-09-06,205,227.57
34,34,2026-09-07,202,223.0
34,34,2026-09-08,234,222.71
34,34,2026-09-09,236,222.71
34,34,2026-09-10,236,222.71
34,34,2026-09-11,236,222.71
34,34,2026-09-12,210,222.71
34,34,2026-09-13,205,222.71
34,34,2026-09-14,234,227.29
34,34,2026-09-15,236,227.57
34,34,2026-09-16,236,227.57
34,34,2026-09-17,236,227.57
34,34,2026-09-18,236,227.57
34,34,2026-09-19,210,227.57
34,34,2026-09-20,205,227.57
34,34,2026-09-21,234,227.57
34,34,2026-09-22,236,227.57
34,34,2026-09-23,236,227.57
34,34,2026-09-24,236,227.57
34,34,2026-09-25,236,227.57
34,34,2026-09-26,210,227.57
34,34,2026-09-27,205,227.57
34,34,2026-09-28,234,227.57
34,34,2026-09-29,236,227.57
34,34,2026-09-30,236,227.57
34,34,2026-10-01,236,227.57
34,34,2026-10-02,236,227.57
34,34,2026-10-03,210,227.57
34,34,2026-10-04,205,227.57
34,34,2026-10-05,234,227.57
34,34,2026-10-06,236,227.57
34,34,2026-10-07,236,227.57
34,34,2026-10-08,236,227.57
34,34,2026-10-09,236,227.57
34,34,2026-10-10,210,227.57
34,34,2026-10-11,205,227.57
34,34,2026-10-12,234,227.57
34,34,2026-10-13,236,227.57
34,34,2026-10-14,236,227.57
34,34,2026-10-15,236,227.57
34,34,2026-10-16,236,227.57
34,34,2026-10-17,210,227.57
34,34,2026-10-18,205,227.57
34,34,2026-10-19,234,227.57
34,34,2026-10-20,236,227.57
34,34,2026-10-21,236,227.57
34,34,2026-10-22,236,227.57
34,34,2026-10-23,236,227.57
34,34,2026-10-24,210,227.57
34,34,2026-10-25,205,227.57
34,34,2026-10-26,234,227.57
34,34,2026-10-27,236,227.57
34,34,2026-10-28,236,227.57
34,34,2026-10-29,236,227.57
34,34,2026-10-30,236,227.57
34,34,2026-10-31,210,227.57
35,35,2026-08-05,145,145.0
35,35,2026-08-06,145,145.0
35,35,2026-08-07,145,145.0
35,35,2026-08-08,121,139.0
35,35,2026-08-09,123,135.8
35,35,2026-08-10,145,137.33
35,35,2026-08-11,145,138.43
35,35,2026-08-12,145,138.43
35,35,2026-08-13,145,138.43
35,35,2026-08-14,145,138.43
35,35,2026-08-15,121,138.43
35,35,2026-08-16,123,138.43
35,35,2026-08-17,145,138.43
35,35,2026-08-18,145,138.43
35,35,2026-08-19,145,138.43
35,35,2026-08-20,145,138.43
35,35,2026-08-21,145,138.43
35,35,2026-08-22,121,138.43
35,35,2026-08-23,202,149.71
35,35,2026-08-24,221,160.57
35,35,2026-08-25,221,171.43
35,35,2026-08-26,221,182.29
35,35,2026-08-27,221,193.14
35,35,2026-08-28,221,204.0
35,35,2026-08-29,205,216.0
35,35,2026-08-30,202,216.0
35,35,2026-08-31,221,216.0
35,35,2026-09-01,221,216.0
35,35,2026-09-02,221,216.0
35,35,2026-09-03,221,216.0
35,35,2026-09-04,221,216.0
35,35,2026-09-05,205,216.0
35,35,2026-09-06,202,216.0
35,35,2026-09-07,202,213.29
35,35,2026-09-08,221,213.29
35,35,2026-09-09,221,213.29
35,35,2026-09-10,221,213.29
35,35,2026-09-11,221,213.29
35,35,2026-09-12,205,213.29
35,35,2026-09-13,202,213.29
35,35,2026-09-14,221,216.0
35,35,2026-09-15,221,216.0
35,35,2026-09-16,221,216.0
35,35,2026-09-17,221,216.0
35,35,2026-09-18,221,216.0
35,35,2026-09-19,205,216.0
35,35,2026-09-20,202,216.0
35,35,2026-09-21,221,216.0
35,35,2026-09-22,221,216.0
35,35,2026-09-23,221,216.0
35,35,2026-09-24,221,216.0
35,35,2026-09-25,221,216.0
35,35,2026-09-26,205,216.0
35,35,2026-09-27,202,216.0
35,35,2026-09-28,221,216.0
35,35,2026-09-29,221,216.0
35,35,2026-09-30,221,216.0
35,35,2026-10-01,221,216.0
35,35,2026-10-02,221,216.0
35,35,2026-10-03,205,216.0
35,35,2026-10-04,202,216.0
35,35,2026-10-05,221,216.0
35,35,2026-10-06,221,216.0
35,35,2026-10-07,221,216.0
35,35,2026-10-08,221,216.0
35,35,2026-10-09,221,216.0
35,35,2026-10-10,205,216.0
35,35,2026-10-11,202,216.0
35,35,2026-10-12,221,216.0
35,35,2026-10-13,221,216.0
35,35,2026-10-14,221,216.0
35,35,2026-10-15,221,216.0
35,35,2026-10-16,221,216.0
35,35,2026-10-17,205,216.0
35,35,2026-10-18,202,216.0
35,35,2026-10-19,221,216.0
35,35,2026-10-20,221,216.0
35,35,2026-10-21,221,216.0
35,35,2026-10-22,221,216.0
35,35,2026-10-23,221,216.0
35,35,2026-10-24,205,216.0
35,35,2026-10-25,202,216.0
35,35,2026-10-26,221,216.0
35,35,2026-10-27,221,216.0
35,35,2026-10-28,221,216.0
35,35,2026-10-29,221,216.0
35,35,2026-10-30,221,216.0
35,35,2026-10-31,205,216.0
36,36,2026-08-05,166,166.0
36,36,2026-08-06,166,166.0
36,36,2026-08-07,166,166.0
36,36,2026-08-08,175,168.25
36,36,2026-08-09,163,167.2
36,36,2026-08-10,166,167.0
36,36,2026-08-11,166,166.86
36,36,2026-08-12,166,166.86
36,36,2026-08-13,166,166.86
36,36,2026-08-14,166,166.86
36,36,2026-08-15,175,166.86
36,36,2026-08-16,163,166.86
36,36,2026-08-17,166,166.86
36,36,2026-08-18,166,166.86
36,36,2026-08-19,166,166.86
36,36,2026-08-20,166,166.86
36,36,2026-08-21,166,166.86
36,36,2026-08-22,175,166.86
36,36,2026-08-23,163,166.86
36,36,2026-08-24,166,166.86
36,36,2026-08-25,166,166.86
36,36,2026-08-26,166,166.86
36,36,2026-08-27,166,166.86
36,36,2026-08-28,166,166.86
36,36,2026-08-29,175,166.86
36,36,2026-08-30,163,166.86
36,36,2026-08-31,166,166.86
36,36,2026-09-01,166,166.86
36,36,2026-09-02,166,166.86
36,36,2026-09-03,166,166.86
36,36,2026-09-04,166,166.86
36,36,2026-09-05,175,166.86
36,36,2026-09-06,163,166.86
36,36,2026-09-07,162,166.29
36,36,2026-09-08,166,166.29
36,36,2026-09-09,166,166.29
36,36,2026-09-10,166,166.29
36,36,2026-09-11,166,166.29
36,36,2026-09-12,175,166.29
36,36,2026-09-13,163,166.29
36,36,2026-09-14,166,166.86
36,36,2026-09-15,166,166.86
36,36,2026-09-16,166,166.86
36,36,2026-09-17,166,166.86
36,36,2026-09-18,166,166.86
36,36,2026-09-19,175,166.86
36,36,2026-09-20,163,166.86
36,36,2026-09-21,166,166.86
36,36,2026-09-22,166,166.86
36,36,2026-09-23,166,166.86
36,36,2026-09-24,166,166.86
36,36,2026-09-25,166,166.86
36,36,2026-09-26,175,166.86
36,36,2026-09-27,163,166.86
36,36,2026-09-28,166,166.86
36,36,2026-09-29,166,166.86
36,36,2026-09-30,166,166.86
36,36,2026-10-01,166,166.86
36,36,2026-10-02,166,166.86
36,36,2026-10-03,175,166.86
36,36,2026-10-04,163,166.86
36,36,2026-10-05,166,166.86
36,36,2026-10-06,166,166.86
36,36,2026-10-07,166,166.86
36,36,2026-10-08,166,166.86
36,36,2026-10-09,166,166.86
36,36,2026-10-10,175,166.86
36,36,2026-10-11,163,166.86
36,36,2026-10-12,166,166.86
36,36,2026-10-13,166,166.86
36,36,2026-10-14,166,166.86
36,36,2026-10-15,166,166.86
36,36,2026-10-16,166,166.86
36,36,2026-10-17,175,166.86
36,36,2026-10-18,163,166.86
36,36,2026-10-19,166,166.86
36,36,2026-10-20,166,166.86
36,36,2026-10-21,166,166.86
36,36,2026-10-22,166,166.86
36,36,2026-10-23,166,166.86
36,36,2026-10-24,175,166.86
36,36,2026-10-25,163,166.86
36,36,2026-10-26,166,166.86
36,36,2026-10-27,166,166.86
36,36,2026-10-28,166,166.86
36,36,2026-10-29,166,166.86
36,36,2026-10-30,166,166.86
36,36,2026-10-31,175,166.86
37,37,2026-08-05,100,100.0
37,37,2026-08-06,100,100.0
37,37,2026-08-07,100,100.0
37,37,2026-08-08,0,75.0
37,37,2026-08-09,0,60.0
37,37,2026-08-10,100,66.67
37,37,2026-08-11,100,71.43
37,37,2026-08-12,100,71.43
37,37,2026-08-13,100,71.43
37,37,2026-08-14,100,71.43
37,37,2026-08-15,0,71.43
37,37,2026-08-16,0,71.43
37,37,2026-08-17,100,71.43
37,37,2026-08-18,100,71.43
37,37,2026-08-19,100,71.43
37,37,2026-08-20,100,71.43
37,37,2026-08-21,100,71.43
37,37,2026-08-22,0,71.43
37,37,2026-08-23,0,71.43
37,37,2026-08-24,100,71.43
37,37,2026-08-25,100,71.43
37,37,2026-08-26,100,71.43
37,37,2026-08-27,100,71.43
37,37,2026-08-28,100,71.43
37,37,2026-08-29,0,71.43
37,37,2026-08-30,0,71.43
37,37,2026-08-31,100,71.43
37,37,2026-09-01,100,71.43
37,37,2026-09-02,100,71.43
37,37,2026-09-03,100,71.43
37,37,2026-09-04,100,71.43
37,37,2026-09-05,0,71.43
37,37,2026-09-06,0,71.43
37,37,2026-09-07,0,57.14
37,37,2026-09-08,100,57.14
37,37,2026-09-09,100,57.14
37,37,2026-09-10,100,57.14
37,37,2026-09-11,100,57.14
37,37,2026-09-12,0,57.14
37,37,2026-09-13,0,57.14
37,37,2026-09-14,100,71.43
37,37,2026-09-15,100,71.43
37,37,2026-09-16,100,71.43
37,37,2026-09-17,100,71.43
37,37,2026-09-18,100,71.43
37,37,2026-09-19,0,71.43
37,37,2026-09-20,0,71.43
37,37,2026-09-21,100,71.43
37,37,2026-09-22,100,71.43
37,37,2026-09-23,100,71.43
37,37,2026-09-24,100,71.43
37,37,2026-09-25,100,71.43
37,37,2026-09-26,0,71.43
37,37,2026-09-27,0,71.43
37,37,2026-09-28,100,71.43
37,37,2026-09-29,100,71.43
37,37,2026-09-30,100,71.43
37,37,2026-10-01,100,71.43
37,37,2026-10-02,100,71.43
37,37,2026-10-03,0,71.43
37,37,2026-10-04,0,71.43
37,37,2026-10-05,100,71.43
37,37,2026-10-06,100,71.43
37,37,2026-10-07,100,71.43
37,37,2026-10-08,100,71.43
37,37,2026-10-09,100,71.43
37,37,2026-10-10,0,71.43
37,37,2026-10-11,0,71.43
37,37,2026-10-12,100,71.43
37,37,2026-10-13,100,71.43
37,37,2026-10-14,100,71.43
37,37,2026-10-15,100,71.43
37,37,2026-10-16,100,71.43
37,37,2026-10-17,0,71.43
37,37,2026-10-18,0,71.43
37,37,2026-10-19,100,71.43
37,37,2026-10-20,100,71.43
37,37,2026-10-21,100,71.43
37,37,2026-10-22,100,71.43
37,37,2026-10-23,100,71.43
37,37,2026-10-24,0,71.43
37,37,2026-10-25,0,71.43
37,37,2026-10-26,100,71.43
37,37,2026-10-27,100,71.43
37,37,2026-10-28,100,71.43
37,37,2026-10-29,100,71.43
37,37,2026-10-30,100,71.43
37,37,2026-10-31,0,71.43
39,39,2026-08-05,94,94.0
39,39,2026-08-06,94,94.0
39,39,2026-08-07,94,94.0
39,39,2026-08-08,42,81.0
39,39,2026-08-09,42,73.2
39,39,2026-08-10,94,76.67
39,39,2026-08-11,94,79.14
39,39,2026-08-12,94,79.14
39,39,2026-08-13,94,79.14
39,39,2026-08-14,94,79.14
39,39,2026-08-15,42,79.14
39,39,2026-08-16,42,79.14
39,39,2026-08-17,94,79.14
39,39,2026-08-18,94,79.14
39,39,2026-08-19,94,79.14
39,39,2026-08-20,94,79.14
39,39,2026-08-21,94,79.14
39,39,2026-08-22,42,79.14
39,39,2026-08-23,42,79.14
39,39,2026-08-24,94,79.14
39,39,2026-08-25,94,79.14
39,39,2026-08-26,94,79.14
39,39,2026-08-27,94,79.14
39,39,2026-08-28,94,79.14
39,39,2026-08-29,42,79.14
39,39,2026-08-30,42,79.14
39,39,2026-08-31,94,79.14
39,39,2026-09-01,94,79.14
39,39,2026-09-02,94,79.14
39,39,2026-09-03,94,79.14
39,39,2026-09-04,94,79.14
39,39,2026-09-05,42,79.14
39,39,2026-09-06,42,79.14
39,39,2026-09-07,42,71.71
39,39,2026-09-08,94,71.71
39,39,2026-09-09,94,71.71
39,39,2026-09-10,94,71.71
39,39,2026-09-11,94,71.71
39,39,2026-09-12,42,71.71
39,39,2026-09-13,42,71.71
39,39,2026-09-14,94,79.14
39,39,2026-09-15,94,79.14
39,39,2026-09-16,94,79.14
39,39,2026-09-17,94,79.14
39,39,2026-09-18,94,79.14
39,39,2026-09-19,42,79.14
39,39,2026-09-20,42,79.14
39,39,2026-09-21,94,79.14
39,39,2026-09-22,94,79.14
39,39,2026-09-23,94,79.14
39,39,2026-09-24,94,79.14
39,39,2026-09-25,94,79.14
39,39,2026-09-26,42,79.14
39,39,2026-09-27,42,79.14
39,39,2026-09-28,94,79.14
39,39,2026-09-29,94,79.14
39,39,2026-09-30,94,79.14
39,39,2026-10-01,94,79.14
39,39,2026-10-02,94,79.14
39,39,2026-10-03,42,79.14
39,39,2026-10-04,42,79.14
39,39,2026-10-05,94,79.14
39,39,2026-10-06,94,79.14
39,39,2026-10-07,94,79.14
39,39,2026-10-08,94,79.14
39,39,2026-10-09,94,79.14
39,39,2026-10-10,42,79.14
39,39,2026-10-11,42,79.14
39,39,2026-10-12,94,79.14
39,39,2026-10-13,94,79.14
39,39,2026-10-14,94,79.14
39,39,2026-10-15,94,79.14
39,39,2026-10-16,94,79.14
39,39,2026-10-17,42,79.14
39,39,2026-10-18,42,79.14
39,39,2026-10-19,94,79.14
39,39,2026-10-20,94,79.14
39,39,2026-10-21,94,79.14
39,39,2026-10-22,94,79.14
39,39,2026-10-23,94,79.14
39,39,2026-10-24,42,79.14
39,39,2026-10-25,42,79.14
39,39,2026-10-26,94,79.14
39,39,2026-10-27,94,79.14
39,39,2026-10-28,94,79.14
39,39,2026-10-29,94,79.14
39,39,2026-10-30,94,79.14
39,39,2026-10-31,42,79.14
4,4,2026-08-05,248,248.0
4,4,2026-08-06,248,248.0
4,4,2026-08-07,248,248.0
4,4,2026-08-08,254,249.5
4,4,2026-08-09,229,245.4
4,4,2026-08-10,248,245.83
4,4,2026-08-11,248,246.14
4,4,2026-08-12,248,246.14
4,4,2026-08-13,248,246.14
4,4,2026-08-14,248,246.14
4,4,2026-08-15,254,246.14
4,4,2026-08-16,229,246.14
4,4,2026-08-17,248,246.14
4,4,2026-08-18,248,246.14
4,4,2026-08-19,248,246.14
4,4,2026-08-20,248,246.14
4,4,2026-08-21,248,246.14
4,4,2026-08-22,254,246.14
4,4,2026-08-23,229,246.14
4,4,2026-08-24,250,246.43
4,4,2026-08-25,250,246.71
4,4,2026-08-26,250,247.0
4,4,2026-08-27,250,247.29
4,4,2026-08-28,250,247.57
4,4,2026-08-29,254,247.57
4,4,2026-08-30,229,247.57
4,4,2026-08-31,250,247.57
4,4,2026-09-01,250,247.57
4,4,2026-09-02,250,247.57
4,4,2026-09-03,250,247.57
4,4,2026-09-04,250,247.57
4,4,2026-09-05,254,247.57
4,4,2026-09-06,229,247.57
4,4,2026-09-07,229,244.57
4,4,2026-09-08,250,244.57
4,4,2026-09-09,250,244.57
4,4,2026-09-10,250,244.57
4,4,2026-09-11,250,244.57
4,4,2026-09-12,254,244.57
4,4,2026-09-13,229,244.57
4,4,2026-09-14,250,247.57
4,4,2026-09-15,250,247.57
4,4,2026-09-16,250,247.57
4,4,2026-09-17,250,247.57
4,4,2026-09-18,250,247.57
4,4,2026-09-19,254,247.57
4,4,2026-09-20,229,247.57
4,4,2026-09-21,250,247.57
4,4,2026-09-22,250,247.57
4,4,2026-09-23,250,247.57
4,4,2026-09-24,250,247.57
4,4,2026-09-25,250,247.57
4,4,2026-09-26,254,247.57
4,4,2026-09-27,229,247.57
4,4,2026-09-28,250,247.57
4,4,2026-09-29,250,247.57
4,4,2026-09-30,250,247.57
4,4,2026-10-01,250,247.57
4,4,2026-10-02,250,247.57
4,4,2026-10-03,254,247.57
4,4,2026-10-04,229,247.57
4,4,2026-10-05,250,247.57
4,4,2026-10-06,250,247.57
4,4,2026-10-07,250,247.57
4,4,2026-10-08,250,247.57
4,4,2026-10-09,250,247.57
4,4,2026-10-10,254,247.57
4,4,2026-10-11,229,247.57
4,4,2026-10-12,250,247.57
4,4,2026-10-13,250,247.57
4,4,2026-10-14,250,247.57
4,4,2026-10-15,250,247.57
4,4,2026-10-16,250,247.57
4,4,2026-10-17,254,247.57
4,4,2026-10-18,229,247.57
4,4,2026-10-19,250,247.57
4,4,2026-10-20,250,247.57
4,4,2026-10-21,250,247.57
4,4,2026-10-22,250,247.57
4,4,2026-10-23,250,247.57
4,4,2026-10-24,254,247.57
4,4,2026-10-25,229,247.57
4,4,2026-10-26,250,247.57
4,4,2026-10-27,250,247.57
4,4,2026-10-28,250,247.57
4,4,2026-10-29,250,247.57
4,4,2026-10-30,250,247.57
4,4,2026-10-31,254,247.57
43,43,2026-08-05,112,112.0
43,43,2026-08-06,112,112.0
43,43,2026-08-07,112,112.0
43,43,2026-08-08,58,98.5
43,43,2026-08-09,60,90.8
43,43,2026-08-10,112,94.33
43,43,2026-08-11,112,96.86
43,43,2026-08-12,112,96.86
43,43,2026-08-13,112,96.86
43,43,2026-08-14,112,96.86
43,43,2026-08-15,58,96.86
43,43,2026-08-16,60,96.86
43,43,2026-08-17,112,96.86
43,43,2026-08-18,112,96.86
43,43,2026-08-19,112,96.86
43,43,2026-08-20,112,96.86
43,43,2026-08-21,112,96.86
43,43,2026-08-22,58,96.86
43,43,2026-08-23,60,96.86
43,43,2026-08-24,112,96.86
43,43,2026-08-25,112,96.86
43,43,2026-08-26,112,96.86
43,43,2026-08-27,112,96.86
43,43,2026-08-28,112,96.86
43,43,2026-08-29,58,96.86
43,43,2026-08-30,60,96.86
43,43,2026-08-31,112,96.86
43,43,2026-09-01,112,96.86
43,43,2026-09-02,112,96.86
43,43,2026-09-03,112,96.86
43,43,2026-09-04,112,96.86
43,43,2026-09-05,58,96.86
43,43,2026-09-06,60,96.86
43,43,2026-09-07,60,89.43
43,43,2026-09-08,112,89.43
43,43,2026-09-09,112,89.43
43,43,2026-09-10,112,89.43
43,43,2026-09-11,112,89.43
43,43,2026-09-12,58,89.43
43,43,2026-09-13,60,89.43
43,43,2026-09-14,112,96.86
43,43,2026-09-15,112,96.86
43,43,2026-09-16,112,96.86
43,43,2026-09-17,112,96.86
43,43,2026-09-18,112,96.86
43,43,2026-09-19,58,96.86
43,43,2026-09-20,60,96.86
43,43,2026-09-21,112,96.86
43,43,2026-09-22,112,96.86
43,43,2026-09-23,112,96.86
43,43,2026-09-24,112,96.86
43,43,2026-09-25,112,96.86
43,43,2026-09-26,58,96.86
43,43,2026-09-27,60,96.86
43,43,2026-09-28,112,96.86
43,43,2026-09-29,112,96.86
43,43,2026-09-30,112,96.86
43,43,2026-10-01,112,96.86
43,43,2026-10-02,112,96.86
43,43,2026-10-03,58,96.86
43,43,2026-10-04,60,96.86
43,43,2026-10-05,112,96.86
43,43,2026-10-06,112,96.86
43,43,2026-10-07,112,96.86
43,43,2026-10-08,112,96.86
43,43,2026-10-09,112,96.86
43,43,2026-10-10,58,96.86
43,43,2026-10-11,60,96.86
43,43,2026-10-12,112,96.86
43,43,2026-10-13,112,96.86
43,43,2026-10-14,112,96.86
43,43,2026-10-15,112,96.86
43,43,2026-10-16,112,96.86
43,43,2026-10-17,58,96.86
43,43,2026-10-18,60,96.86
43,43,2026-10-19,112,96.86
43,43,2026-10-20,112,96.86
43,43,2026-10-21,112,96.86
43,43,2026-10-22,112,96.86
43,43,2026-10-23,112,96.86
43,43,2026-10-24,58,96.86
43,43,2026-10-25,60,96.86
43,43,2026-10-26,112,96.86
43,43,2026-10-27,112,96.86
43,43,2026-10-28,112,96.86
43,43,2026-10-29,112,96.86
43,43,2026-10-30,112,96.86
43,43,2026-10-31,58,96.86
44,44,2026-08-05,133,133.0
44,44,2026-08-06,133,133.0
44,44,2026-08-07,133,133.0
44,44,2026-08-08,80,119.75
44,44,2026-08-09,68,109.4
44,44,2026-08-10,133,113.33
44,44,2026-08-11,133,116.14
44,44,2026-08-12,133,116.14
44,44,2026-08-13,133,116.14
44,44,2026-08-14,133,116.14
44,44,2026-08-15,80,116.14
44,44,2026-08-16,68,116.14
44,44,2026-08-17,133,116.14
44,44,2026-08-18,133,116.14
44,44,2026-08-19,133,116.14
44,44,2026-08-20,133,116.14
44,44,2026-08-21,133,116.14
44,44,2026-08-22,80,116.14
44,44,2026-08-23,75,117.14
44,44,2026-08-24,141,118.29
44,44,2026-08-25,141,119.43
44,44,2026-08-26,141,120.57
44,44,2026-08-27,141,121.71
44,44,2026-08-28,141,122.86
44,44,2026-08-29,77,122.43
44,44,2026-08-30,75,122.43
44,44,2026-08-31,141,122.43
44,44,2026-09-01,141,122.43
44,44,2026-09-02,141,122.43
44,44,2026-09-03,141,122.43
44,44,2026-09-04,141,122.43
44,44,2026-09-05,77,122.43
44,44,2026-09-06,75,122.43
44,44,2026-09-07,75,113.0
44,44,2026-09-08,141,113.0
44,44,2026-09-09,141,113.0
44,44,2026-09-10,141,113.0
44,44,2026-09-11,141,113.0
44,44,2026-09-12,77,113.0
44,44,2026-09-13,75,113.0
44,44,2026-09-14,141,122.43
44,44,2026-09-15,141,122.43
44,44,2026-09-16,141,122.43
44,44,2026-09-17,141,122.43
44,44,2026-09-18,141,122.43
44,44,2026-09-19,77,122.43
44,44,2026-09-20,75,122.43
44,44,2026-09-21,141,122.43
44,44,2026-09-22,141,122.43
44,44,2026-09-23,141,122.43
44,44,2026-09-24,141,122.43
44,44,2026-09-25,141,122.43
44,44,2026-09-26,77,122.43
44,44,2026-09-27,75,122.43
44,44,2026-09-28,141,122.43
44,44,2026-09-29,141,122.43
44,44,2026-09-30,141,122.43
44,44,2026-10-01,141,122.43
44,44,2026-10-02,141,122.43
44,44,2026-10-03,77,122.43
44,44,2026-10-04,75,122.43
44,44,2026-10-05,141,122.43
44,44,2026-10-06,141,122.43
44,44,2026-10-07,141,122.43
44,44,2026-10-08,141,122.43
44,44,2026-10-09,141,122.43
44,44,2026-10-10,77,122.43
44,44,2026-10-11,75,122.43
44,44,2026-10-12,141,122.43
44,44,2026-10-13,141,122.43
44,44,2026-10-14,141,122.43
44,44,2026-10-15,141,122.43
44,44,2026-10-16,141,122.43
44,44,2026-10-17,77,122.43
44,44,2026-10-18,75,122.43
44,44,2026-10-19,141,122.43
44,44,2026-10-20,141,122.43
44,44,2026-10-21,141,122.43
44,44,2026-10-22,141,122.43
44,44,2026-10-23,141,122.43
44,44,2026-10-24,77,122.43
44,44,2026-10-25,75,122.43
44,44,2026-10-26,141,122.43
44,44,2026-10-27,141,122.43
44,44,2026-10-28,141,122.43
44,44,2026-10-29,141,122.43
44,44,2026-10-30,141,122.43
44,44,2026-10-31,77,122.43
47,47,2026-08-05,251,251.0
47,47,2026-08-06,251,251.0
47,47,2026-08-07,251,251.0
47,47,2026-08-08,219,243.0
47,47,2026-08-09,217,237.8
47,47,2026-08-10,251,240.0
47,47,2026-08-11,251,241.57
47,47,2026-08-12,251,241.57
47,47,2026-08-13,251,241.57
47,47,2026-08-14,251,241.57
47,47,2026-08-15,219,241.57
47,47,2026-08-16,217,241.57
47,47,2026-08-17,251,241.57
47,47,2026-08-18,251,241.57
47,47,2026-08-19,251,241.57
47,47,2026-08-20,251,241.57
47,47,2026-08-21,251,241.57
47,47,2026-08-22,219,241.57
47,47,2026-08-23,217,241.57
47,47,2026-08-24,251,241.57
47,47,2026-08-25,251,241.57
47,47,2026-08-26,251,241.57
47,47,2026-08-27,251,241.57
47,47,2026-08-28,251,241.57
47,47,2026-08-29,219,241.57
47,47,2026-08-30,217,241.57
47,47,2026-08-31,251,241.57
47,47,2026-09-01,251,241.57
47,47,2026-09-02,251,241.57
47,47,2026-09-03,251,241.57
47,47,2026-09-04,251,241.57
47,47,2026-09-05,219,241.57
47,47,2026-09-06,217,241.57
47,47,2026-09-07,217,236.71
47,47,2026-09-08,251,236.71
47,47,2026-09-09,251,236.71
47,47,2026-09-10,251,236.71
47,47,2026-09-11,251,236.71
47,47,2026-09-12,219,236.71
47,47,2026-09-13,217,236.71
47,47,2026-09-14,251,241.57
47,47,2026-09-15,251,241.57
47,47,2026-09-16,251,241.57
47,47,2026-09-17,251,241.57
47,47,2026-09-18,251,241.57
47,47,2026-09-19,219,241.57
47,47,2026-09-20,217,241.57
47,47,2026-09-21,251,241.57
47,47,2026-09-22,251,241.57
47,47,2026-09-23,251,241.57
47,47,2026-09-24,251,241.57
47,47,2026-09-25,251,241.57
47,47,2026-09-26,219,241.57
47,47,2026-09-27,217,241.57
47,47,2026-09-28,251,241.57
47,47,2026-09-29,251,241.57
47,47,2026-09-30,251,241.57
47,47,2026-10-01,251,241.57
47,47,2026-10-02,251,241.57
47,47,2026-10-03,219,241.57
47,47,2026-10-04,217,241.57
47,47,2026-10-05,251,241.57
47,47,2026-10-06,251,241.57
47,47,2026-10-07,251,241.57
47,47,2026-10-08,251,241.57
47,47,2026-10-09,251,241.57
47,47,2026-10-10,219,241.57
47,47,2026-10-11,217,241.57
47,47,2026-10-12,251,241.57
47,47,2026-10-13,251,241.57
47,47,2026-10-14,251,241.57
47,47,2026-10-15,251,241.57
47,47,2026-10-16,251,241.57
47,47,2026-10-17,219,241.57
47,47,2026-10-18,217,241.57
47,47,2026-10-19,251,241.57
47,47,2026-10-20,251,241.57
47,47,2026-10-21,251,241.57
47,47,2026-10-22,251,241.57
47,47,2026-10-23,251,241.57
47,47,2026-10-24,219,241.57
47,47,2026-10-25,217,241.57
47,47,2026-10-26,251,241.57
47,47,2026-10-27,251,241.57
47,47,2026-10-28,251,241.57
47,47,2026-10-29,251,241.57
47,47,2026-10-30,251,241.57
47,47,2026-10-31,219,241.57
48,48,2026-08-05,63,63.0
48,48,2026-08-06,63,63.0
48,48,2026-08-07,63,63.0
48,48,2026-08-08,0,47.25
48,48,2026-08-09,0,37.8
48,48,2026-08-10,63,42.0
48,48,2026-08-11,63,45.0
48,48,2026-08-12,63,45.0
48,48,2026-08-13,63,45.0
48,48,2026-08-14,63,45.0
48,48,2026-08-15,0,45.0
48,48,2026-08-16,0,45.0
48,48,2026-08-17,63,45.0
48,48,2026-08-18,63,45.0
48,48,2026-08-19,63,45.0
48,48,2026-08-20,63,45.0
48,48,2026-08-21,63,45.0
48,48,2026-08-22,0,45.0
48,48,2026-08-23,0,45.0
48,48,2026-08-24,69,45.86
48,48,2026-08-25,69,46.71
48,48,2026-08-26,69,47.57
48,48,2026-08-27,69,48.43
48,48,2026-08-28,69,49.29
48,48,2026-08-29,0,49.29
48,48,2026-08-30,0,49.29
48,48,2026-08-31,69,49.29
48,48,2026-09-01,69,49.29
48,48,2026-09-02,69,49.29
48,48,2026-09-03,69,49.29
48,48,2026-09-04,69,49.29
48,48,2026-09-05,0,49.29
48,48,2026-09-06,0,49.29
48,48,2026-09-07,0,39.43
48,48,2026-09-08,69,39.43
48,48,2026-09-09,69,39.43
48,48,2026-09-10,69,39.43
48,48,2026-09-11,69,39.43
48,48,2026-09-12,0,39.43
48,48,2026-09-13,0,39.43
48,48,2026-09-14,69,49.29
48,48,2026-09-15,69,49.29
48,48,2026-09-16,69,49.29
48,48,2026-09-17,69,49.29
48,48,2026-09-18,69,49.29
48,48,2026-09-19,0,49.29
48,48,2026-09-20,0,49.29
48,48,2026-09-21,69,49.29
48,48,2026-09-22,69,49.29
48,48,2026-09-23,69,49.29
48,48,2026-09-24,69,49.29
48,48,2026-09-25,69,49.29
48,48,2026-09-26,0,49.29
48,48,2026-09-27,0,49.29
48,48,2026-09-28,69,49.29
48,48,2026-09-29,69,49.29
48,48,2026-09-30,69,49.29
48,48,2026-10-01,69,49.29
48,48,2026-10-02,69,49.29
48,48,2026-10-03,0,49.29
48,48,2026-10-04,0,49.29
48,48,2026-10-05,69,49.29
48,48,2026-10-06,69,49.29
48,48,2026-10-07,69,49.29
48,48,2026-10-08,69,49.29
48,48,2026-10-09,69,49.29
48,48,2026-10-10,0,49.29
48,48,2026-10-11,0,49.29
48,48,2026-10-12,69,49.29
48,48,2026-10-13,69,49.29
48,48,2026-10-14,69,49.29
48,48,2026-10-15,69,49.29
48,48,2026-10-16,69,49.29
48,48,2026-10-17,0,49.29
48,48,2026-10-18,0,49.29
48,48,2026-10-19,69,49.29
48,48,2026-10-20,69,49.29
48,48,2026-10-21,69,49.29
48,48,2026-10-22,69,49.29
48,48,2026-10-23,69,49.29
48,48,2026-10-24,0,49.29
48,48,2026-10-25,0,49.29
48,48,2026-10-26,69,49.29
48,48,2026-10-27,69,49.29
48,48,2026-10-28,69,49.29
48,48,2026-10-29,69,49.29
48,48,2026-10-30,69,49.29
48,48,2026-10-31,0,49.29
49,49,2026-08-05,269,269.0
49,49,2026-08-06,269,269.0
49,49,2026-08-07,269,269.0
49,49,2026-08-08,256,265.75
49,49,2026-08-09,227,258.0
49,49,2026-08-10,269,259.83
49,49,2026-08-11,269,261.14
49,49,2026-08-12,269,261.14
49,49,2026-08-13,269,261.14
49,49,2026-08-14,269,261.14
49,49,2026-08-15,256,261.14
49,49,2026-08-16,227,261.14
49,49,2026-08-17,269,261.14
49,49,2026-08-18,269,261.14
49,49,2026-08-19,269,261.14
49,49,2026-08-20,269,261.14
49,49,2026-08-21,269,261.14
49,49,2026-08-22,256,261.14
49,49,2026-08-23,227,261.14
49,49,2026-08-24,271,261.43
49,49,2026-08-25,271,261.71
49,49,2026-08-26,271,262.0
49,49,2026-08-27,271,262.29
49,49,2026-08-28,271,262.57
49,49,2026-08-29,256,262.57
49,49,2026-08-30,227,262.57
49,49,2026-08-31,271,262.57
49,49,2026-09-01,271,262.57
49,49,2026-09-02,271,262.57
49,49,2026-09-03,271,262.57
49,49,2026-09-04,271,262.57
49,49,2026-09-05,256,262.57
49,49,2026-09-06,227,262.57
49,49,2026-09-07,228,256.43
49,49,2026-09-08,271,256.43
49,49,2026-09-09,271,256.43
49,49,2026-09-10,271,256.43
49,49,2026-09-11,271,256.43
49,49,2026-09-12,256,256.43
49,49,2026-09-13,227,256.43
49,49,2026-09-14,271,262.57
49,49,2026-09-15,271,262.57
49,49,2026-09-16,271,262.57
49,49,2026-09-17,271,262.57
49,49,2026-09-18,271,262.57
49,49,2026-09-19,256,262.57
49,49,2026-09-20,227,262.57
49,49,2026-09-21,271,262.57
49,49,2026-09-22,271,262.57
49,49,2026-09-23,271,262.57
49,49,2026-09-24,271,262.57
49,49,2026-09-25,271,262.57
49,49,2026-09-26,256,262.57
49,49,2026-09-27,227,262.57
49,49,2026-09-28,271,262.57
49,49,2026-09-29,271,262.57
49,49,2026-09-30,271,262.57
49,49,2026-10-01,271,262.57
49,49,2026-10-02,271,262.57
49,49,2026-10-03,256,262.57
49,49,2026-10-04,227,262.57
49,49,2026-10-05,271,262.57
49,49,2026-10-06,271,262.57
49,49,2026-10-07,271,262.57
49,49,2026-10-08,271,262.57
49,49,2026-10-09,271,262.57
49,49,2026-10-10,256,262.57
49,49,2026-10-11,227,262.57
49,49,2026-10-12,271,262.57
49,49,2026-10-13,271,262.57
49,49,2026-10-14,271,262.57
49,49,2026-10-15,271,262.57
49,49,2026-10-16,271,262.57
49,49,2026-10-17,256,262.57
49,49,2026-10-18,227,262.57
49,49,2026-10-19,271,262.57
49,49,2026-10-20,271,262.57
49,49,2026-10-21,271,262.57
49,49,2026-10-22,271,262.57
49,49,2026-10-23,271,262.57
49,49,2026-10-24,256,262.57
49,49,2026-10-25,227,262.57
49,49,2026-10-26,271,262.57
49,49,2026-10-27,271,262.57
49,49,2026-10-28,271,262.57
49,49,2026-10-29,271,262.57
49,49,2026-10-30,271,262.57
49,49,2026-10-31,256,262.57
49B,49B,2026-08-05,221,221.0
49B,49B,2026-08-06,221,221.0
49B,49B,2026-08-07,221,221.0
49B,49B,2026-08-08,176,209.75
49B,49B,2026-08-09,156,199.0
49B,49B,2026-08-10,221,202.67
49B,49B,2026-08-11,221,205.29
49B,49B,2026-08-12,221,205.29
49B,49B,2026-08-13,221,205.29
49B,49B,2026-08-14,221,205.29
49B,49B,2026-08-15,176,205.29
49B,49B,2026-08-16,156,205.29
49B,49B,2026-08-17,221,205.29
49B,49B,2026-08-18,221,205.29
49B,49B,2026-08-19,221,205.29
49B,49B,2026-08-20,221,205.29
49B,49B,2026-08-21,221,205.29
49B,49B,2026-08-22,176,205.29
49B,49B,2026-08-23,156,205.29
49B,49B,2026-08-24,220,205.14
49B,49B,2026-08-25,221,205.14
49B,49B,2026-08-26,221,205.14
49B,49B,2026-08-27,221,205.14
49B,49B,2026-08-28,221,205.14
49B,49B,2026-08-29,177,205.29
49B,49B,2026-08-30,156,205.29
49B,49B,2026-08-31,220,205.29
49B,49B,2026-09-01,221,205.29
49B,49B,2026-09-02,221,205.29
49B,49B,2026-09-03,221,205.29
49B,49B,2026-09-04,221,205.29
49B,49B,2026-09-05,177,205.29
49B,49B,2026-09-06,156,205.29
49B,49B,2026-09-07,155,196.0
49B,49B,2026-09-08,220,195.86
49B,49B,2026-09-09,221,195.86
49B,49B,2026-09-10,221,195.86
49B,49B,2026-09-11,221,195.86
49B,49B,2026-09-12,177,195.86
49B,49B,2026-09-13,156,195.86
49B,49B,2026-09-14,220,205.14
49B,49B,2026-09-15,221,205.29
49B,49B,2026-09-16,221,205.29
49B,49B,2026-09-17,221,205.29
49B,49B,2026-09-18,221,205.29
49B,49B,2026-09-19,177,205.29
49B,49B,2026-09-20,156,205.29
49B,49B,2026-09-21,220,205.29
49B,49B,2026-09-22,221,205.29
49B,49B,2026-09-23,221,205.29
49B,49B,2026-09-24,221,205.29
49B,49B,2026-09-25,221,205.29
49B,49B,2026-09-26,177,205.29
49B,49B,2026-09-27,156,205.29
49B,49B,2026-09-28,220,205.29
49B,49B,2026-09-29,221,205.29
49B,49B,2026-09-30,221,205.29
49B,49B,2026-10-01,221,205.29
49B,49B,2026-10-02,221,205.29
49B,49B,2026-10-03,177,205.29
49B,49B,2026-10-04,156,205.29
49B,49B,2026-10-05,220,205.29
49B,49B,2026-10-06,221,205.29
49B,49B,2026-10-07,221,205.29
49B,49B,2026-10-08,221,205.29
49B,49B,2026-10-09,221,205.29
49B,49B,2026-10-10,177,205.29
49B,49B,2026-10-11,156,205.29
49B,49B,2026-10-12,220,205.29
49B,49B,2026-10-13,221,205.29
49B,49B,2026-10-14,221,205.29
49B,49B,2026-10-15,221,205.29
49B,49B,2026-10-16,221,205.29
49B,49B,2026-10-17,177,205.29
49B,49B,2026-10-18,156,205.29
49B,49B,2026-10-19,220,205.29
49B,49B,2026-10-20,221,205.29
49B,49B,2026-10-21,221,205.29
49B,49B,2026-10-22,221,205.29
49B,49B,2026-10-23,221,205.29
49B,49B,2026-10-24,177,205.29
49B,49B,2026-10-25,156,205.29
49B,49B,2026-10-26,220,205.29
49B,49B,2026-10-27,221,205.29
49B,49B,2026-10-28,221,205.29
49B,49B,2026-10-29,221,205.29
49B,49B,2026-10-30,221,205.29
49B,49B,2026-10-31,177,205.29
50,50,2026-08-05,166,166.0
50,50,2026-08-06,166,166.0
50,50,2026-08-07,166,166.0
50,50,2026-08-08,150,162.0
50,50,2026-08-09,128,155.2
50,50,2026-08-10,166,157.0
50,50,2026-08-11,166,158.29
50,50,2026-08-12,166,158.29
50,50,2026-08-13,166,158.29
50,50,2026-08-14,166,158.29
50,50,2026-08-15,150,158.29
50,50,2026-08-16,128,158.29
50,50,2026-08-17,166,158.29
50,50,2026-08-18,166,158.29
50,50,2026-08-19,166,158.29
50,50,2026-08-20,166,158.29
50,50,2026-08-21,166,158.29
50,50,2026-08-22,150,158.29
50,50,2026-08-23,128,158.29
50,50,2026-08-24,173,159.29
50,50,2026-08-25,173,160.29
50,50,2026-08-26,173,161.29
50,50,2026-08-27,173,162.29
50,50,2026-08-28,173,163.29
50,50,2026-08-29,150,163.29
50,50,2026-08-30,128,163.29
50,50,2026-08-31,173,163.29
50,50,2026-09-01,173,163.29
50,50,2026-09-02,173,163.29
50,50,2026-09-03,173,163.29
50,50,2026-09-04,173,163.29
50,50,2026-09-05,150,163.29
50,50,2026-09-06,128,163.29
50,50,2026-09-07,128,156.86
50,50,2026-09-08,173,156.86
50,50,2026-09-09,173,156.86
50,50,2026-09-10,173,156.86
50,50,2026-09-11,173,156.86
50,50,2026-09-12,150,156.86
50,50,2026-09-13,128,156.86
50,50,2026-09-14,173,163.29
50,50,2026-09-15,173,163.29
50,50,2026-09-16,173,163.29
50,50,2026-09-17,173,163.29
50,50,2026-09-18,173,163.29
50,50,2026-09-19,150,163.29
50,50,2026-09-20,128,163.29
50,50,2026-09-21,173,163.29
50,50,2026-09-22,173,163.29
50,50,2026-09-23,173,163.29
50,50,2026-09-24,173,163.29
50,50,2026-09-25,173,163.29
50,50,2026-09-26,150,163.29
50,50,2026-09-27,128,163.29
50,50,2026-09-28,173,163.29
50,50,2026-09-29,173,163.29
50,50,2026-09-30,173,163.29
50,50,2026-10-01,173,163.29
50,50,2026-10-02,173,163.29
50,50,2026-10-03,150,163.29
50,50,2026-10-04,128,163.29
50,50,2026-10-05,173,163.29
50,50,2026-10-06,173,163.29
50,50,2026-10-07,173,163.29
50,50,2026-10-08,173,163.29
50,50,2026-10-09,173,163.29
50,50,2026-10-10,150,163.29
50,50,2026-10-11,128,163.29
50,50,2026-10-12,173,163.29
50,50,2026-10-13,173,163.29
50,50,2026-10-14,173,163.29
50,50,2026-10-15,173,163.29
50,50,2026-10-16,173,163.29
50,50,2026-10-17,150,163.29
50,50,2026-10-18,128,163.29
50,50,2026-10-19,173,163.29
50,50,2026-10-20,173,163.29
50,50,2026-10-21,173,163.29
50,50,2026-10-22,173,163.29
50,50,2026-10-23,173,163.29
50,50,2026-10-24,150,163.29
50,50,2026-10-25,128,163.29
50,50,2026-10-26,173,163.29
50,50,2026-10-27,173,163.29
50,50,2026-10-28,173,163.29
50,50,2026-10-29,173,163.29
50,50,2026-10-30,173,163.29
50,50,2026-10-31,150,163.29
51,51,2026-08-05,98,98.0
51,51,2026-08-06,98,98.0
51,51,2026-08-07,98,98.0
51,51,2026-08-08,90,96.0
51,51,2026-08-09,80,92.8
51,51,2026-08-10,98,93.67
51,51,2026-08-11,98,94.29
51,51,2026-08-12,98,94.29
51,51,2026-08-13,98,94.29
51,51,2026-08-14,98,94.29
51,51,2026-08-15,90,94.29
51,51,2026-08-16,80,94.29
51,51,2026-08-17,98,94.29
51,51,2026-08-18,98,94.29
51,51,2026-08-19,98,94.29
51,51,2026-08-20,98,94.29
51,51,2026-08-21,98,94.29
51,51,2026-08-22,90,94.29
51,51,2026-08-23,80,94.29
51,51,2026-08-24,98,94.29
51,51,2026-08-25,98,94.29
51,51,2026-08-26,98,94.29
51,51,2026-08-27,98,94.29
51,51,2026-08-28,98,94.29
51,51,2026-08-29,90,94.29
51,51,2026-08-30,80,94.29
51,51,2026-08-31,98,94.29
51,51,2026-09-01,98,94.29
51,51,2026-09-02,98,94.29
51,51,2026-09-03,98,94.29
51,51,2026-09-04,98,94.29
51,51,2026-09-05,90,94.29
51,51,2026-09-06,80,94.29
51,51,2026-09-07,80,91.71
51,51,2026-09-08,98,91.71
51,51,2026-09-09,98,91.71
51,51,2026-09-10,98,91.71
51,51,2026-09-11,98,91.71
51,51,2026-09-12,90,91.71
51,51,2026-09-13,80,91.71
51,51,2026-09-14,98,94.29
51,51,2026-09-15,98,94.29
51,51,2026-09-16,98,94.29
51,51,2026-09-17,98,94.29
51,51,2026-09-18,98,94.29
51,51,2026-09-19,90,94.29
51,51,2026-09-20,80,94.29
51,51,2026-09-21,98,94.29
51,51,2026-09-22,98,94.29
51,51,2026-09-23,98,94.29
51,51,2026-09-24,98,94.29
51,51,2026-09-25,98,94.29
51,51,2026-09-26,90,94.29
51,51,2026-09-27,80,94.29
51,51,2026-09-28,98,94.29
51,51,2026-09-29,98,94.29
51,51,2026-09-30,98,94.29
51,51,2026-10-01,98,94.29
51,51,2026-10-02,98,94.29
51,51,2026-10-03,90,94.29
51,51,2026-10-04,80,94.29
51,51,2026-10-05,98,94.29
51,51,2026-10-06,98,94.29
51,51,2026-10-07,98,94.29
51,51,2026-10-08,98,94.29
51,51,2026-10-09,98,94.29
51,51,2026-10-10,90,94.29
51,51,2026-10-11,80,94.29
51,51,2026-10-12,98,94.29
51,51,2026-10-13,98,94.29
51,51,2026-10-14,98,94.29
51,51,2026-10-15,98,94.29
51,51,2026-10-16,98,94.29
51,51,2026-10-17,90,94.29
51,51,2026-10-18,80,94.29
51,51,2026-10-19,98,94.29
51,51,2026-10-20,98,94.29
51,51,2026-10-21,98,94.29
51,51,2026-10-22,98,94.29
51,51,2026-10-23,98,94.29
51,51,2026-10-24,90,94.29
51,51,2026-10-25,80,94.29
51,51,2026-10-26,98,94.29
51,51,2026-10-27,98,94.29
51,51,2026-10-28,98,94.29
51,51,2026-10-29,98,94.29
51,51,2026-10-30,98,94.29
51,51,2026-10-31,90,94.29
52,52,2026-08-05,190,190.0
52,52,2026-08-06,190,190.0
52,52,2026-08-07,190,190.0
52,52,2026-08-08,148,179.5
52,52,2026-08-09,117,167.0
52,52,2026-08-10,190,170.83
52,52,2026-08-11,190,173.57
52,52,2026-08-12,190,173.57
52,52,2026-08-13,190,173.57
52,52,2026-08-14,190,173.57
52,52,2026-08-15,148,173.57
52,52,2026-08-16,117,173.57
52,52,2026-08-17,190,173.57
52,52,2026-08-18,190,173.57
52,52,2026-08-19,190,173.57
52,52,2026-08-20,190,173.57
52,52,2026-08-21,190,173.57
52,52,2026-08-22,148,173.57
52,52,2026-08-23,117,173.57
52,52,2026-08-24,190,173.57
52,52,2026-08-25,190,173.57
52,52,2026-08-26,190,173.57
52,52,2026-08-27,190,173.57
52,52,2026-08-28,190,173.57
52,52,2026-08-29,148,173.57
52,52,2026-08-30,117,173.57
52,52,2026-08-31,190,173.57
52,52,2026-09-01,190,173.57
52,52,2026-09-02,190,173.57
52,52,2026-09-03,190,173.57
52,52,2026-09-04,190,173.57
52,52,2026-09-05,148,173.57
52,52,2026-09-06,117,173.57
52,52,2026-09-07,117,163.14
52,52,2026-09-08,190,163.14
52,52,2026-09-09,190,163.14
52,52,2026-09-10,190,163.14
52,52,2026-09-11,190,163.14
52,52,2026-09-12,148,163.14
52,52,2026-09-13,117,163.14
52,52,2026-09-14,190,173.57
52,52,2026-09-15,190,173.57
52,52,2026-09-16,190,173.57
52,52,2026-09-17,190,173.57
52,52,2026-09-18,190,173.57
52,52,2026-09-19,148,173.57
52,52,2026-09-20,117,173.57
52,52,2026-09-21,190,173.57
52,52,2026-09-22,190,173.57
52,52,2026-09-23,190,173.57
52,52,2026-09-24,190,173.57
52,52,2026-09-25,190,173.57
52,52,2026-09-26,148,173.57
52,52,2026-09-27,117,173.57
52,52,2026-09-28,190,173.57
52,52,2026-09-29,190,173.57
52,52,2026-09-30,190,173.57
52,52,2026-10-01,190,173.57
52,52,2026-10-02,190,173.57
52,52,2026-10-03,148,173.57
52,52,2026-10-04,117,173.57
52,52,2026-10-05,190,173.57
52,52,2026-10-06,190,173.57
52,52,2026-10-07,190,173.57
52,52,2026-10-08,190,173.57
52,52,2026-10-09,190,173.57
52,52,2026-10-10,148,173.57
52,52,2026-10-11,117,173.57
52,52,2026-10-12,190,173.57
52,52,2026-10-13,190,173.57
52,52,2026-10-14,190,173.57
52,52,2026-10-15,190,173.57
52,52,2026-10-16,190,173.57
52,52,2026-10-17,148,173.57
52,52,2026-10-18,117,173.57
52,52,2026-10-19,190,173.57
52,52,2026-10-20,190,173.57
52,52,2026-10-21,190,173.57
52,52,2026-10-22,190,173.57
52,52,2026-10-23,190,173.57
52,52,2026-10-24,148,173.57
52,52,2026-10-25,117,173.57
52,52,2026-10-26,190,173.57
52,52,2026-10-27,190,173.57
52,52,2026-10-28,190,173.57
52,52,2026-10-29,190,173.57
52,52,2026-10-30,190,173.57
52,52,2026-10-31,148,173.57
52A,52A,2026-08-05,142,142.0
52A,52A,2026-08-06,142,142.0
52A,52A,2026-08-07,142,142.0
52A,52A,2026-08-08,84,127.5
52A,52A,2026-08-09,64,114.8
52A,52A,2026-08-10,142,119.33
52A,52A,2026-08-11,142,122.57
52A,52A,2026-08-12,142,122.57
52A,52A,2026-08-13,142,122.57
52A,52A,2026-08-14,142,122.57
52A,52A,2026-08-15,84,122.57
52A,52A,2026-08-16,64,122.57
52A,52A,2026-08-17,142,122.57
52A,52A,2026-08-18,142,122.57
52A,52A,2026-08-19,142,122.57
52A,52A,2026-08-20,142,122.57
52A,52A,2026-08-21,142,122.57
52A,52A,2026-08-22,84,122.57
52A,52A,2026-08-23,64,122.57
52A,52A,2026-08-24,142,122.57
52A,52A,2026-08-25,142,122.57
52A,52A,2026-08-26,142,122.57
52A,52A,2026-08-27,142,122.57
52A,52A,2026-08-28,142,122.57
52A,52A,2026-08-29,84,122.57
52A,52A,2026-08-30,64,122.57
52A,52A,2026-08-31,142,122.57
52A,52A,2026-09-01,142,122.57
52A,52A,2026-09-02,142,122.57
52A,52A,2026-09-03,142,122.57
52A,52A,2026-09-04,142,122.57
52A,52A,2026-09-05,84,122.57
52A,52A,2026-09-06,64,122.57
52A,52A,2026-09-07,64,111.43
52A,52A,2026-09-08,142,111.43
52A,52A,2026-09-09,142,111.43
52A,52A,2026-09-10,142,111.43
52A,52A,2026-09-11,142,111.43
52A,52A,2026-09-12,84,111.43
52A,52A,2026-09-13,64,111.43
52A,52A,2026-09-14,142,122.57
52A,52A,2026-09-15,142,122.57
52A,52A,2026-09-16,142,122.57
52A,52A,2026-09-17,142,122.57
52A,52A,2026-09-18,142,122.57
52A,52A,2026-09-19,84,122.57
52A,52A,2026-09-20,64,122.57
52A,52A,2026-09-21,142,122.57
52A,52A,2026-09-22,142,122.57
52A,52A,2026-09-23,142,122.57
52A,52A,2026-09-24,142,122.57
52A,52A,2026-09-25,142,122.57
52A,52A,2026-09-26,84,122.57
52A,52A,2026-09-27,64,122.57
52A,52A,2026-09-28,142,122.57
52A,52A,2026-09-29,142,122.57
52A,52A,2026-09-30,142,122.57
52A,52A,2026-10-01,142,122.57
52A,52A,2026-10-02,142,122.57
52A,52A,2026-10-03,84,122.57
52A,52A,2026-10-04,64,122.57
52A,52A,2026-10-05,142,122.57
52A,52A,2026-10-06,142,122.57
52A,52A,2026-10-07,142,122.57
52A,52A,2026-10-08,142,122.57
52A,52A,2026-10-09,142,122.57
52A,52A,2026-10-10,84,122.57
52A,52A,2026-10-11,64,122.57
52A,52A,2026-10-12,142,122.57
52A,52A,2026-10-13,142,122.57
52A,52A,2026-10-14,142,122.57
52A,52A,2026-10-15,142,122.57
52A,52A,2026-10-16,142,122.57
52A,52A,2026-10-17,84,122.57
52A,52A,2026-10-18,64,122.57
52A,52A,2026-10-19,142,122.57
52A,52A,2026-10-20,142,122.57
52A,52A,2026-10-21,142,122.57
52A,52A,2026-10-22,142,122.57
52A,52A,2026-10-23,142,122.57
52A,52A,2026-10-24,84,122.57
52A,52A,2026-10-25,64,122.57
52A,52A,2026-10-26,142,122.57
52A,52A,2026-10-27,142,122.57
52A,52A,2026-10-28,142,122.57
52A,52A,2026-10-29,142,122.57
52A,52A,2026-10-30,142,122.57
52A,52A,2026-10-31,84,122.57
53,53,2026-08-05,304,304.0
53,53,2026-08-06,304,304.0
53,53,2026-08-07,304,304.0
53,53,2026-08-08,294,301.5
53,53,2026-08-09,274,296.0
53,53,2026-08-10,304,297.33
53,53,2026-08-11,304,298.29
53,53,2026-08-12,304,298.29
53,53,2026-08-13,304,298.29
53,53,2026-08-14,304,298.29
53,53,2026-08-15,294,298.29
53,53,2026-08-16,274,298.29
53,53,2026-08-17,304,298.29
53,53,2026-08-18,304,298.29
53,53,2026-08-19,304,298.29
53,53,2026-08-20,304,298.29
53,53,2026-08-21,304,298.29
53,53,2026-08-22,294,298.29
53,53,2026-08-23,248,294.57
53,53,2026-08-24,340,299.71
53,53,2026-08-25,339,304.71
53,53,2026-08-26,339,309.71
53,53,2026-08-27,339,314.71
53,53,2026-08-28,339,319.71
53,53,2026-08-29,272,316.57
53,53,2026-08-30,248,316.57
53,53,2026-08-31,340,316.57
53,53,2026-09-01,339,316.57
53,53,2026-09-02,339,316.57
53,53,2026-09-03,339,316.57
53,53,2026-09-04,339,316.57
53,53,2026-09-05,272,316.57
53,53,2026-09-06,248,316.57
53,53,2026-09-07,247,303.29
53,53,2026-09-08,340,303.43
53,53,2026-09-09,339,303.43
53,53,2026-09-10,339,303.43
53,53,2026-09-11,339,303.43
53,53,2026-09-12,272,303.43
53,53,2026-09-13,248,303.43
53,53,2026-09-14,340,316.71
53,53,2026-09-15,339,316.57
53,53,2026-09-16,339,316.57
53,53,2026-09-17,339,316.57
53,53,2026-09-18,339,316.57
53,53,2026-09-19,272,316.57
53,53,2026-09-20,248,316.57
53,53,2026-09-21,340,316.57
53,53,2026-09-22,339,316.57
53,53,2026-09-23,339,316.57
53,53,2026-09-24,339,316.57
53,53,2026-09-25,339,316.57
53,53,2026-09-26,272,316.57
53,53,2026-09-27,248,316.57
53,53,2026-09-28,340,316.57
53,53,2026-09-29,339,316.57
53,53,2026-09-30,339,316.57
53,53,2026-10-01,339,316.57
53,53,2026-10-02,339,316.57
53,53,2026-10-03,272,316.57
53,53,2026-10-04,248,316.57
53,53,2026-10-05,340,316.57
53,53,2026-10-06,339,316.57
53,53,2026-10-07,339,316.57
53,53,2026-10-08,339,316.57
53,53,2026-10-09,339,316.57
53,53,2026-10-10,272,316.57
53,53,2026-10-11,248,316.57
53,53,2026-10-12,340,316.57
53,53,2026-10-13,339,316.57
53,53,2026-10-14,339,316.57
53,53,2026-10-15,339,316.57
53,53,2026-10-16,339,316.57
53,53,2026-10-17,272,316.57
53,53,2026-10-18,248,316.57
53,53,2026-10-19,340,316.57
53,53,2026-10-20,339,316.57
53,53,2026-10-21,339,316.57
53,53,2026-10-22,339,316.57
53,53,2026-10-23,339,316.57
53,53,2026-10-24,272,316.57
53,53,2026-10-25,248,316.57
53,53,2026-10-26,340,316.57
53,53,2026-10-27,339,316.57
53,53,2026-10-28,339,316.57
53,53,2026-10-29,339,316.57
53,53,2026-10-30,339,316.57
53,53,2026-10-31,272,316.57
53A,53A,2026-08-05,170,170.0
53A,53A,2026-08-06,170,170.0
53A,53A,2026-08-07,170,170.0
53A,53A,2026-08-08,122,158.0
53A,53A,2026-08-09,102,146.8
53A,53A,2026-08-10,168,150.33
53A,53A,2026-08-11,170,153.14
53A,53A,2026-08-12,170,153.14
53A,53A,2026-08-13,170,153.14
53A,53A,2026-08-14,170,153.14
53A,53A,2026-08-15,122,153.14
53A,53A,2026-08-16,102,153.14
53A,53A,2026-08-17,168,153.14
53A,53A,2026-08-18,170,153.14
53A,53A,2026-08-19,170,153.14
53A,53A,2026-08-20,170,153.14
53A,53A,2026-08-21,170,153.14
53A,53A,2026-08-22,122,153.14
53A,53A,2026-08-23,102,153.14
53A,53A,2026-08-24,171,153.57
53A,53A,2026-08-25,173,154.0
53A,53A,2026-08-26,173,154.43
53A,53A,2026-08-27,173,154.86
53A,53A,2026-08-28,173,155.29
53A,53A,2026-08-29,122,155.29
53A,53A,2026-08-30,102,155.29
53A,53A,2026-08-31,171,155.29
53A,53A,2026-09-01,173,155.29
53A,53A,2026-09-02,173,155.29
53A,53A,2026-09-03,173,155.29
53A,53A,2026-09-04,173,155.29
53A,53A,2026-09-05,122,155.29
53A,53A,2026-09-06,102,155.29
53A,53A,2026-09-07,102,145.43
53A,53A,2026-09-08,171,145.14
53A,53A,2026-09-09,173,145.14
53A,53A,2026-09-10,173,145.14
53A,53A,2026-09-11,173,145.14
53A,53A,2026-09-12,122,145.14
53A,53A,2026-09-13,102,145.14
53A,53A,2026-09-14,171,155.0
53A,53A,2026-09-15,173,155.29
53A,53A,2026-09-16,173,155.29
53A,53A,2026-09-17,173,155.29
53A,53A,2026-09-18,173,155.29
53A,53A,2026-09-19,122,155.29
53A,53A,2026-09-20,102,155.29
53A,53A,2026-09-21,171,155.29
53A,53A,2026-09-22,173,155.29
53A,53A,2026-09-23,173,155.29
53A,53A,2026-09-24,173,155.29
53A,53A,2026-09-25,173,155.29
53A,53A,2026-09-26,122,155.29
53A,53A,2026-09-27,102,155.29
53A,53A,2026-09-28,171,155.29
53A,53A,2026-09-29,173,155.29
53A,53A,2026-09-30,173,155.29
53A,53A,2026-10-01,173,155.29
53A,53A,2026-10-02,173,155.29
53A,53A,2026-10-03,122,155.29
53A,53A,2026-10-04,102,155.29
53A,53A,2026-10-05,171,155.29
53A,53A,2026-10-06,173,155.29
53A,53A,2026-10-07,173,155.29
53A,53A,2026-10-08,173,155.29
53A,53A,2026-10-09,173,155.29
53A,53A,2026-10-10,122,155.29
53A,53A,2026-10-11,102,155.29
53A,53A,2026-10-12,171,155.29
53A,53A,2026-10-13,173,155.29
53A,53A,2026-10-14,173,155.29
53A,53A,2026-10-15,173,155.29
53A,53A,2026-10-16,173,155.29
53A,53A,2026-10-17,122,155.29
53A,53A,2026-10-18,102,155.29
53A,53A,2026-10-19,171,155.29
53A,53A,2026-10-20,173,155.29
53A,53A,2026-10-21,173,155.29
53A,53A,2026-10-22,173,155.29
53A,53A,2026-10-23,173,155.29
53A,53A,2026-10-24,122,155.29
53A,53A,2026-10-25,102,155.29
53A,53A,2026-10-26,171,155.29
53A,53A,2026-10-27,173,155.29
53A,53A,2026-10-28,173,155.29
53A,53A,2026-10-29,173,155.29
53A,53A,2026-10-30,173,155.29
53A,53A,2026-10-31,122,155.29
54,54,2026-08-05,259,259.0
54,54,2026-08-06,259,259.0
54,54,2026-08-07,259,259.0
54,54,2026-08-08,240,254.25
54,54,2026-08-09,229,249.2
54,54,2026-08-10,257,250.5
54,54,2026-08-11,259,251.71
54,54,2026-08-12,259,251.71
54,54,2026-08-13,259,251.71
54,54,2026-08-14,259,251.71
54,54,2026-08-15,240,251.71
54,54,2026-08-16,229,251.71
54,54,2026-08-17,257,251.71
54,54,2026-08-18,259,251.71
54,54,2026-08-19,259,251.71
54,54,2026-08-20,259,251.71
54,54,2026-08-21,259,251.71
54,54,2026-08-22,240,251.71
54,54,2026-08-23,223,250.86
54,54,2026-08-24,270,252.71
54,54,2026-08-25,272,254.57
54,54,2026-08-26,272,256.43
54,54,2026-08-27,272,258.29
54,54,2026-08-28,272,260.14
54,54,2026-08-29,238,259.86
54,54,2026-08-30,223,259.86
54,54,2026-08-31,270,259.86
54,54,2026-09-01,272,259.86
54,54,2026-09-02,272,259.86
54,54,2026-09-03,272,259.86
54,54,2026-09-04,272,259.86
54,54,2026-09-05,238,259.86
54,54,2026-09-06,223,259.86
54,54,2026-09-07,222,253.0
54,54,2026-09-08,270,252.71
54,54,2026-09-09,272,252.71
54,54,2026-09-10,272,252.71
54,54,2026-09-11,272,252.71
54,54,2026-09-12,238,252.71
54,54,2026-09-13,223,252.71
54,54,2026-09-14,270,259.57
54,54,2026-09-15,272,259.86
54,54,2026-09-16,272,259.86
54,54,2026-09-17,272,259.86
54,54,2026-09-18,272,259.86
54,54,2026-09-19,238,259.86
54,54,2026-09-20,223,259.86
54,54,2026-09-21,270,259.86
54,54,2026-09-22,272,259.86
54,54,2026-09-23,272,259.86
54,54,2026-09-24,272,259.86
54,54,2026-09-25,272,259.86
54,54,2026-09-26,238,259.86
54,54,2026-09-27,223,259.86
54,54,2026-09-28,270,259.86
54,54,2026-09-29,272,259.86
54,54,2026-09-30,272,259.86
54,54,2026-10-01,272,259.86
54,54,2026-10-02,272,259.86
54,54,2026-10-03,238,259.86
54,54,2026-10-04,223,259.86
54,54,2026-10-05,270,259.86
54,54,2026-10-06,272,259.86
54,54,2026-10-07,272,259.86
54,54,2026-10-08,272,259.86
54,54,2026-10-09,272,259.86
54,54,2026-10-10,238,259.86
54,54,2026-10-11,223,259.86
54,54,2026-10-12,270,259.86
54,54,2026-10-13,272,259.86
54,54,2026-10-14,272,259.86
54,54,2026-10-15,272,259.86
54,54,2026-10-16,272,259.86
54,54,2026-10-17,238,259.86
54,54,2026-10-18,223,259.86
54,54,2026-10-19,270,259.86
54,54,2026-10-20,272,259.86
54,54,2026-10-21,272,259.86
54,54,2026-10-22,272,259.86
54,54,2026-10-23,272,259.86
54,54,2026-10-24,238,259.86
54,54,2026-10-25,223,259.86
54,54,2026-10-26,270,259.86
54,54,2026-10-27,272,259.86
54,54,2026-10-28,272,259.86
54,54,2026-10-29,272,259.86
54,54,2026-10-30,272,259.86
54,54,2026-10-31,238,259.86
54A,54A,2026-08-05,43,43.0
54A,54A,2026-08-06,43,43.0
54A,54A,2026-08-07,43,43.0
54A,54A,2026-08-08,0,32.25
54A,54A,2026-08-09,0,25.8
54A,54A,2026-08-10,43,28.67
54A,54A,2026-08-11,43,30.71
54A,54A,2026-08-12,43,30.71
54A,54A,2026-08-13,43,30.71
54A,54A,2026-08-14,43,30.71
54A,54A,2026-08-15,0,30.71
54A,54A,2026-08-16,0,30.71
54A,54A,2026-08-17,43,30.71
54A,54A,2026-08-18,43,30.71
54A,54A,2026-08-19,43,30.71
54A,54A,2026-08-20,43,30.71
54A,54A,2026-08-21,43,30.71
54A,54A,2026-08-22,0,30.71
54A,54A,2026-08-23,0,30.71
54A,54A,2026-08-24,38,30.0
54A,54A,2026-08-25,38,29.29
54A,54A,2026-08-26,38,28.57
54A,54A,2026-08-27,38,27.86
54A,54A,2026-08-28,38,27.14
54A,54A,2026-08-29,0,27.14
54A,54A,2026-08-30,0,27.14
54A,54A,2026-08-31,38,27.14
54A,54A,2026-09-01,38,27.14
54A,54A,2026-09-02,38,27.14
54A,54A,2026-09-03,38,27.14
54A,54A,2026-09-04,38,27.14
54A,54A,2026-09-05,0,27.14
54A,54A,2026-09-06,0,27.14
54A,54A,2026-09-07,0,21.71
54A,54A,2026-09-08,38,21.71
54A,54A,2026-09-09,38,21.71
54A,54A,2026-09-10,38,21.71
54A,54A,2026-09-11,38,21.71
54A,54A,2026-09-12,0,21.71
54A,54A,2026-09-13,0,21.71
54A,54A,2026-09-14,38,27.14
54A,54A,2026-09-15,38,27.14
54A,54A,2026-09-16,38,27.14
54A,54A,2026-09-17,38,27.14
54A,54A,2026-09-18,38,27.14
54A,54A,2026-09-19,0,27.14
54A,54A,2026-09-20,0,27.14
54A,54A,2026-09-21,38,27.14
54A,54A,2026-09-22,38,27.14
54A,54A,2026-09-23,38,27.14
54A,54A,2026-09-24,38,27.14
54A,54A,2026-09-25,38,27.14
54A,54A,2026-09-26,0,27.14
54A,54A,2026-09-27,0,27.14
54A,54A,2026-09-28,38,27.14
54A,54A,2026-09-29,38,27.14
54A,54A,2026-09-30,38,27.14
54A,54A,2026-10-01,38,27.14
54A,54A,2026-10-02,38,27.14
54A,54A,2026-10-03,0,27.14
54A,54A,2026-10-04,0,27.14
54A,54A,2026-10-05,38,27.14
54A,54A,2026-10-06,38,27.14
54A,54A,2026-10-07,38,27.14
54A,54A,2026-10-08,38,27.14
54A,54A,2026-10-09,38,27.14
54A,54A,2026-10-10,0,27.14
54A,54A,2026-10-11,0,27.14
54A,54A,2026-10-12,38,27.14
54A,54A,2026-10-13,38,27.14
54A,54A,2026-10-14,38,27.14
54A,54A,2026-10-15,38,27.14
54A,54A,2026-10-16,38,27.14
54A,54A,2026-10-17,0,27.14
54A,54A,2026-10-18,0,27.14
54A,54A,2026-10-19,38,27.14
54A,54A,2026-10-20,38,27.14
54A,54A,2026-10-21,38,27.14
54A,54A,2026-10-22,38,27.14
54A,54A,2026-10-23,38,27.14
54A,54A,2026-10-24,0,27.14
54A,54A,2026-10-25,0,27.14
54A,54A,2026-10-26,38,27.14
54A,54A,2026-10-27,38,27.14
54A,54A,2026-10-28,38,27.14
54A,54A,2026-10-29,38,27.14
54A,54A,2026-10-30,38,27.14
54A,54A,2026-10-31,0,27.14
54B,54B,2026-08-05,110,110.0
54B,54B,2026-08-06,110,110.0
54B,54B,2026-08-07,110,110.0
54B,54B,2026-08-08,106,109.0
54B,54B,2026-08-09,78,102.8
54B,54B,2026-08-10,110,104.0
54B,54B,2026-08-11,110,104.86
54B,54B,2026-08-12,110,104.86
54B,54B,2026-08-13,110,104.86
54B,54B,2026-08-14,110,104.86
54B,54B,2026-08-15,106,104.86
54B,54B,2026-08-16,78,104.86
54B,54B,2026-08-17,110,104.86
54B,54B,2026-08-18,110,104.86
54B,54B,2026-08-19,110,104.86
54B,54B,2026-08-20,110,104.86
54B,54B,2026-08-21,110,104.86
54B,54B,2026-08-22,106,104.86
54B,54B,2026-08-23,78,104.86
54B,54B,2026-08-24,110,104.86
54B,54B,2026-08-25,110,104.86
54B,54B,2026-08-26,110,104.86
54B,54B,2026-08-27,110,104.86
54B,54B,2026-08-28,110,104.86
54B,54B,2026-08-29,106,104.86
54B,54B,2026-08-30,78,104.86
54B,54B,2026-08-31,110,104.86
54B,54B,2026-09-01,110,104.86
54B,54B,2026-09-02,110,104.86
54B,54B,2026-09-03,110,104.86
54B,54B,2026-09-04,110,104.86
54B,54B,2026-09-05,106,104.86
54B,54B,2026-09-06,78,104.86
54B,54B,2026-09-07,78,100.29
54B,54B,2026-09-08,110,100.29
54B,54B,2026-09-09,110,100.29
54B,54B,2026-09-10,110,100.29
54B,54B,2026-09-11,110,100.29
54B,54B,2026-09-12,106,100.29
54B,54B,2026-09-13,78,100.29
54B,54B,2026-09-14,110,104.86
54B,54B,2026-09-15,110,104.86
54B,54B,2026-09-16,110,104.86
54B,54B,2026-09-17,110,104.86
54B,54B,2026-09-18,110,104.86
54B,54B,2026-09-19,106,104.86
54B,54B,2026-09-20,78,104.86
54B,54B,2026-09-21,110,104.86
54B,54B,2026-09-22,110,104.86
54B,54B,2026-09-23,110,104.86
54B,54B,2026-09-24,110,104.86
54B,54B,2026-09-25,110,104.86
54B,54B,2026-09-26,106,104.86
54B,54B,2026-09-27,78,104.86
54B,54B,2026-09-28,110,104.86
54B,54B,2026-09-29,110,104.86
54B,54B,2026-09-30,110,104.86
54B,54B,2026-10-01,110,104.86
54B,54B,2026-10-02,110,104.86
54B,54B,2026-10-03,106,104.86
54B,54B,2026-10-04,78,104.86
54B,54B,2026-10-05,110,104.86
54B,54B,2026-10-06,110,104.86
54B,54B,2026-10-07,110,104.86
54B,54B,2026-10-08,110,104.86
54B,54B,2026-10-09,110,104.86
54B,54B,2026-10-10,106,104.86
54B,54B,2026-10-11,78,104.86
54B,54B,2026-10-12,110,104.86
54B,54B,2026-10-13,110,104.86
54B,54B,2026-10-14,110,104.86
54B,54B,2026-10-15,110,104.86
54B,54B,2026-10-16,110,104.86
54B,54B,2026-10-17,106,104.86
54B,54B,2026-10-18,78,104.86
54B,54B,2026-10-19,110,104.86
54B,54B,2026-10-20,110,104.86
54B,54B,2026-10-21,110,104.86
54B,54B,2026-10-22,110,104.86
54B,54B,2026-10-23,110,104.86
54B,54B,2026-10-24,106,104.86
54B,54B,2026-10-25,78,104.86
54B,54B,2026-10-26,110,104.86
54B,54B,2026-10-27,110,104.86
54B,54B,2026-10-28,110,104.86
54B,54B,2026-10-29,110,104.86
54B,54B,2026-10-30,110,104.86
54B,54B,2026-10-31,106,104.86
55,55,2026-08-05,276,276.0
55,55,2026-08-06,276,276.0
55,55,2026-08-07,276,276.0
55,55,2026-08-08,237,266.25
55,55,2026-08-09,227,258.4
55,55,2026-08-10,275,261.17
55,55,2026-08-11,276,263.29
55,55,2026-08-12,276,263.29
55,55,2026-08-13,276,263.29
55,55,2026-08-14,276,263.29
55,55,2026-08-15,237,263.29
55,55,2026-08-16,227,263.29
55,55,2026-08-17,275,263.29
55,55,2026-08-18,276,263.29
55,55,2026-08-19,276,263.29
55,55,2026-08-20,276,263.29
55,55,2026-08-21,276,263.29
55,55,2026-08-22,237,263.29
55,55,2026-08-23,227,263.29
55,55,2026-08-24,264,261.71
55,55,2026-08-25,264,260.0
55,55,2026-08-26,264,258.29
55,55,2026-08-27,264,256.57
55,55,2026-08-28,264,254.86
55,55,2026-08-29,240,255.29
55,55,2026-08-30,227,255.29
55,55,2026-08-31,264,255.29
55,55,2026-09-01,264,255.29
55,55,2026-09-02,264,255.29
55,55,2026-09-03,264,255.29
55,55,2026-09-04,264,255.29
55,55,2026-09-05,240,255.29
55,55,2026-09-06,227,255.29
55,55,2026-09-07,226,249.86
55,55,2026-09-08,264,249.86
55,55,2026-09-09,264,249.86
55,55,2026-09-10,264,249.86
55,55,2026-09-11,264,249.86
55,55,2026-09-12,240,249.86
55,55,2026-09-13,227,249.86
55,55,2026-09-14,264,255.29
55,55,2026-09-15,264,255.29
55,55,2026-09-16,264,255.29
55,55,2026-09-17,264,255.29
55,55,2026-09-18,264,255.29
55,55,2026-09-19,240,255.29
55,55,2026-09-20,227,255.29
55,55,2026-09-21,264,255.29
55,55,2026-09-22,264,255.29
55,55,2026-09-23,264,255.29
55,55,2026-09-24,264,255.29
55,55,2026-09-25,264,255.29
55,55,2026-09-26,240,255.29
55,55,2026-09-27,227,255.29
55,55,2026-09-28,264,255.29
55,55,2026-09-29,264,255.29
55,55,2026-09-30,264,255.29
55,55,2026-10-01,264,255.29
55,55,2026-10-02,264,255.29
55,55,2026-10-03,240,255.29
55,55,2026-10-04,227,255.29
55,55,2026-10-05,264,255.29
55,55,2026-10-06,264,255.29
55,55,2026-10-07,264,255.29
55,55,2026-10-08,264,255.29
55,55,2026-10-09,264,255.29
55,55,2026-10-10,240,255.29
55,55,2026-10-11,227,255.29
55,55,2026-10-12,264,255.29
55,55,2026-10-13,264,255.29
55,55,2026-10-14,264,255.29
55,55,2026-10-15,264,255.29
55,55,2026-10-16,264,255.29
55,55,2026-10-17,240,255.29
55,55,2026-10-18,227,255.29
55,55,2026-10-19,264,255.29
55,55,2026-10-20,264,255.29
55,55,2026-10-21,264,255.29
55,55,2026-10-22,264,255.29
55,55,2026-10-23,264,255.29
55,55,2026-10-24,240,255.29
55,55,2026-10-25,227,255.29
55,55,2026-10-26,264,255.29
55,55,2026-10-27,264,255.29
55,55,2026-10-28,264,255.29
55,55,2026-10-29,264,255.29
55,55,2026-10-30,264,255.29
55,55,2026-10-31,240,255.29
55A,55A,2026-08-05,38,38.0
55A,55A,2026-08-06,38,38.0
55A,55A,2026-08-07,38,38.0
55A,55A,2026-08-08,0,28.5
55A,55A,2026-08-09,0,22.8
55A,55A,2026-08-10,38,25.33
55A,55A,2026-08-11,38,27.14
55A,55A,2026-08-12,38,27.14
55A,55A,2026-08-13,38,27.14
55A,55A,2026-08-14,38,27.14
55A,55A,2026-08-15,0,27.14
55A,55A,2026-08-16,0,27.14
55A,55A,2026-08-17,38,27.14
55A,55A,2026-08-18,38,27.14
55A,55A,2026-08-19,38,27.14
55A,55A,2026-08-20,38,27.14
55A,55A,2026-08-21,38,27.14
55A,55A,2026-08-22,0,27.14
55A,55A,2026-08-23,0,27.14
55A,55A,2026-08-24,38,27.14
55A,55A,2026-08-25,38,27.14
55A,55A,2026-08-26,38,27.14
55A,55A,2026-08-27,38,27.14
55A,55A,2026-08-28,38,27.14
55A,55A,2026-08-29,0,27.14
55A,55A,2026-08-30,0,27.14
55A,55A,2026-08-31,38,27.14
55A,55A,2026-09-01,38,27.14
55A,55A,2026-09-02,38,27.14
55A,55A,2026-09-03,38,27.14
55A,55A,2026-09-04,38,27.14
55A,55A,2026-09-05,0,27.14
55A,55A,2026-09-06,0,27.14
55A,55A,2026-09-07,0,21.71
55A,55A,2026-09-08,38,21.71
55A,55A,2026-09-09,38,21.71
55A,55A,2026-09-10,38,21.71
55A,55A,2026-09-11,38,21.71
55A,55A,2026-09-12,0,21.71
55A,55A,2026-09-13,0,21.71
55A,55A,2026-09-14,38,27.14
55A,55A,2026-09-15,38,27.14
55A,55A,2026-09-16,38,27.14
55A,55A,2026-09-17,38,27.14
55A,55A,2026-09-18,38,27.14
55A,55A,2026-09-19,0,27.14
55A,55A,2026-09-20,0,27.14
55A,55A,2026-09-21,38,27.14
55A,55A,2026-09-22,38,27.14
55A,55A,2026-09-23,38,27.14
55A,55A,2026-09-24,38,27.14
55A,55A,2026-09-25,38,27.14
55A,55A,2026-09-26,0,27.14
55A,55A,2026-09-27,0,27.14
55A,55A,2026-09-28,38,27.14
55A,55A,2026-09-29,38,27.14
55A,55A,2026-09-30,38,27.14
55A,55A,2026-10-01,38,27.14
55A,55A,2026-10-02,38,27.14
55A,55A,2026-10-03,0,27.14
55A,55A,2026-10-04,0,27.14
55A,55A,2026-10-05,38,27.14
55A,55A,2026-10-06,38,27.14
55A,55A,2026-10-07,38,27.14
55A,55A,2026-10-08,38,27.14
55A,55A,2026-10-09,38,27.14
55A,55A,2026-10-10,0,27.14
55A,55A,2026-10-11,0,27.14
55A,55A,2026-10-12,38,27.14
55A,55A,2026-10-13,38,27.14
55A,55A,2026-10-14,38,27.14
55A,55A,2026-10-15,38,27.14
55A,55A,2026-10-16,38,27.14
55A,55A,2026-10-17,0,27.14
55A,55A,2026-10-18,0,27.14
55A,55A,2026-10-19,38,27.14
55A,55A,2026-10-20,38,27.14
55A,55A,2026-10-21,38,27.14
55A,55A,2026-10-22,38,27.14
55A,55A,2026-10-23,38,27.14
55A,55A,2026-10-24,0,27.14
55A,55A,2026-10-25,0,27.14
55A,55A,2026-10-26,38,27.14
55A,55A,2026-10-27,38,27.14
55A,55A,2026-10-28,38,27.14
55A,55A,2026-10-29,38,27.14
55A,55A,2026-10-30,38,27.14
55A,55A,2026-10-31,0,27.14
55N,55N,2026-08-05,80,80.0
55N,55N,2026-08-06,80,80.0
55N,55N,2026-08-07,80,80.0
55N,55N,2026-08-08,56,74.0
55N,55N,2026-08-09,0,59.2
55N,55N,2026-08-10,80,62.67
55N,55N,2026-08-11,80,65.14
55N,55N,2026-08-12,80,65.14
55N,55N,2026-08-13,80,65.14
55N,55N,2026-08-14,80,65.14
55N,55N,2026-08-15,56,65.14
55N,55N,2026-08-16,0,65.14
55N,55N,2026-08-17,80,65.14
55N,55N,2026-08-18,80,65.14
55N,55N,2026-08-19,80,65.14
55N,55N,2026-08-20,80,65.14
55N,55N,2026-08-21,80,65.14
55N,55N,2026-08-22,56,65.14
55N,55N,2026-08-23,0,65.14
55N,55N,2026-08-24,80,65.14
55N,55N,2026-08-25,80,65.14
55N,55N,2026-08-26,80,65.14
55N,55N,2026-08-27,80,65.14
55N,55N,2026-08-28,80,65.14
55N,55N,2026-08-29,56,65.14
55N,55N,2026-08-30,0,65.14
55N,55N,2026-08-31,80,65.14
55N,55N,2026-09-01,80,65.14
55N,55N,2026-09-02,80,65.14
55N,55N,2026-09-03,80,65.14
55N,55N,2026-09-04,80,65.14
55N,55N,2026-09-05,56,65.14
55N,55N,2026-09-06,0,65.14
55N,55N,2026-09-07,0,53.71
55N,55N,2026-09-08,80,53.71
55N,55N,2026-09-09,80,53.71
55N,55N,2026-09-10,80,53.71
55N,55N,2026-09-11,80,53.71
55N,55N,2026-09-12,56,53.71
55N,55N,2026-09-13,0,53.71
55N,55N,2026-09-14,80,65.14
55N,55N,2026-09-15,80,65.14
55N,55N,2026-09-16,80,65.14
55N,55N,2026-09-17,80,65.14
55N,55N,2026-09-18,80,65.14
55N,55N,2026-09-19,56,65.14
55N,55N,2026-09-20,0,65.14
55N,55N,2026-09-21,80,65.14
55N,55N,2026-09-22,80,65.14
55N,55N,2026-09-23,80,65.14
55N,55N,2026-09-24,80,65.14
55N,55N,2026-09-25,80,65.14
55N,55N,2026-09-26,56,65.14
55N,55N,2026-09-27,0,65.14
55N,55N,2026-09-28,80,65.14
55N,55N,2026-09-29,80,65.14
55N,55N,2026-09-30,80,65.14
55N,55N,2026-10-01,80,65.14
55N,55N,2026-10-02,80,65.14
55N,55N,2026-10-03,56,65.14
55N,55N,2026-10-04,0,65.14
55N,55N,2026-10-05,80,65.14
55N,55N,2026-10-06,80,65.14
55N,55N,2026-10-07,80,65.14
55N,55N,2026-10-08,80,65.14
55N,55N,2026-10-09,80,65.14
55N,55N,2026-10-10,56,65.14
55N,55N,2026-10-11,0,65.14
55N,55N,2026-10-12,80,65.14
55N,55N,2026-10-13,80,65.14
55N,55N,2026-10-14,80,65.14
55N,55N,2026-10-15,80,65.14
55N,55N,2026-10-16,80,65.14
55N,55N,2026-10-17,56,65.14
55N,55N,2026-10-18,0,65.14
55N,55N,2026-10-19,80,65.14
55N,55N,2026-10-20,80,65.14
55N,55N,2026-10-21,80,65.14
55N,55N,2026-10-22,80,65.14
55N,55N,2026-10-23,80,65.14
55N,55N,2026-10-24,56,65.14
55N,55N,2026-10-25,0,65.14
55N,55N,2026-10-26,80,65.14
55N,55N,2026-10-27,80,65.14
55N,55N,2026-10-28,80,65.14
55N,55N,2026-10-29,80,65.14
55N,55N,2026-10-30,80,65.14
55N,55N,2026-10-31,56,65.14
56,56,2026-08-05,166,166.0
56,56,2026-08-06,166,166.0
56,56,2026-08-07,166,166.0
56,56,2026-08-08,116,153.5
56,56,2026-08-09,110,144.8
56,56,2026-08-10,166,148.33
56,56,2026-08-11,166,150.86
56,56,2026-08-12,166,150.86
56,56,2026-08-13,166,150.86
56,56,2026-08-14,166,150.86
56,56,2026-08-15,116,150.86
56,56,2026-08-16,110,150.86
56,56,2026-08-17,166,150.86
56,56,2026-08-18,166,150.86
56,56,2026-08-19,166,150.86
56,56,2026-08-20,166,150.86
56,56,2026-08-21,166,150.86
56,56,2026-08-22,116,150.86
56,56,2026-08-23,110,150.86
56,56,2026-08-24,167,151.0
56,56,2026-08-25,167,151.14
56,56,2026-08-26,167,151.29
56,56,2026-08-27,167,151.43
56,56,2026-08-28,167,151.57
56,56,2026-08-29,116,151.57
56,56,2026-08-30,110,151.57
56,56,2026-08-31,167,151.57
56,56,2026-09-01,167,151.57
56,56,2026-09-02,167,151.57
56,56,2026-09-03,167,151.57
56,56,2026-09-04,167,151.57
56,56,2026-09-05,116,151.57
56,56,2026-09-06,110,151.57
56,56,2026-09-07,110,143.43
56,56,2026-09-08,167,143.43
56,56,2026-09-09,167,143.43
56,56,2026-09-10,167,143.43
56,56,2026-09-11,167,143.43
56,56,2026-09-12,116,143.43
56,56,2026-09-13,110,143.43
56,56,2026-09-14,167,151.57
56,56,2026-09-15,167,151.57
56,56,2026-09-16,167,151.57
56,56,2026-09-17,167,151.57
56,56,2026-09-18,167,151.57
56,56,2026-09-19,116,151.57
56,56,2026-09-20,110,151.57
56,56,2026-09-21,167,151.57
56,56,2026-09-22,167,151.57
56,56,2026-09-23,167,151.57
56,56,2026-09-24,167,151.57
56,56,2026-09-25,167,151.57
56,56,2026-09-26,116,151.57
56,56,2026-09-27,110,151.57
56,56,2026-09-28,167,151.57
56,56,2026-09-29,167,151.57
56,56,2026-09-30,167,151.57
56,56,2026-10-01,167,151.57
56,56,2026-10-02,167,151.57
56,56,2026-10-03,116,151.57
56,56,2026-10-04,110,151.57
56,56,2026-10-05,167,151.57
56,56,2026-10-06,167,151.57
56,56,2026-10-07,167,151.57
56,56,2026-10-08,167,151.57
56,56,2026-10-09,167,151.57
56,56,2026-10-10,116,151.57
56,56,2026-10-11,110,151.57
56,56,2026-10-12,167,151.57
56,56,2026-10-13,167,151.57
56,56,2026-10-14,167,151.57
56,56,2026-10-15,167,151.57
56,56,2026-10-16,167,151.57
56,56,2026-10-17,116,151.57
56,56,2026-10-18,110,151.57
56,56,2026-10-19,167,151.57
56,56,2026-10-20,167,151.57
56,56,2026-10-21,167,151.57
56,56,2026-10-22,167,151.57
56,56,2026-10-23,167,151.57
56,56,2026-10-24,116,151.57
56,56,2026-10-25,110,151.57
56,56,2026-10-26,167,151.57
56,56,2026-10-27,167,151.57
56,56,2026-10-28,167,151.57
56,56,2026-10-29,167,151.57
56,56,2026-10-30,167,151.57
56,56,2026-10-31,116,151.57
57,57,2026-08-05,126,126.0
57,57,2026-08-06,126,126.0
57,57,2026-08-07,126,126.0
57,57,2026-08-08,77,113.75
57,57,2026-08-09,54,101.8
57,57,2026-08-10,126,105.83
57,57,2026-08-11,126,108.71
57,57,2026-08-12,126,108.71
57,57,2026-08-13,126,108.71
57,57,2026-08-14,126,108.71
57,57,2026-08-15,77,108.71
57,57,2026-08-16,54,108.71
57,57,2026-08-17,126,108.71
57,57,2026-08-18,126,108.71
57,57,2026-08-19,126,108.71
57,57,2026-08-20,126,108.71
57,57,2026-08-21,126,108.71
57,57,2026-08-22,77,108.71
57,57,2026-08-23,57,109.14
57,57,2026-08-24,130,109.71
57,57,2026-08-25,130,110.29
57,57,2026-08-26,130,110.86
57,57,2026-08-27,130,111.43
57,57,2026-08-28,130,112.0
57,57,2026-08-29,77,112.0
57,57,2026-08-30,57,112.0
57,57,2026-08-31,130,112.0
57,57,2026-09-01,130,112.0
57,57,2026-09-02,130,112.0
57,57,2026-09-03,130,112.0
57,57,2026-09-04,130,112.0
57,57,2026-09-05,77,112.0
57,57,2026-09-06,57,112.0
57,57,2026-09-07,57,101.57
57,57,2026-09-08,130,101.57
57,57,2026-09-09,130,101.57
57,57,2026-09-10,130,101.57
57,57,2026-09-11,130,101.57
57,57,2026-09-12,77,101.57
57,57,2026-09-13,57,101.57
57,57,2026-09-14,130,112.0
57,57,2026-09-15,130,112.0
57,57,2026-09-16,130,112.0
57,57,2026-09-17,130,112.0
57,57,2026-09-18,130,112.0
57,57,2026-09-19,77,112.0
57,57,2026-09-20,57,112.0
57,57,2026-09-21,130,112.0
57,57,2026-09-22,130,112.0
57,57,2026-09-23,130,112.0
57,57,2026-09-24,130,112.0
57,57,2026-09-25,130,112.0
57,57,2026-09-26,77,112.0
57,57,2026-09-27,57,112.0
57,57,2026-09-28,130,112.0
57,57,2026-09-29,130,112.0
57,57,2026-09-30,130,112.0
57,57,2026-10-01,130,112.0
57,57,2026-10-02,130,112.0
57,57,2026-10-03,77,112.0
57,57,2026-10-04,57,112.0
57,57,2026-10-05,130,112.0
57,57,2026-10-06,130,112.0
57,57,2026-10-07,130,112.0
57,57,2026-10-08,130,112.0
57,57,2026-10-09,130,112.0
57,57,2026-10-10,77,112.0
57,57,2026-10-11,57,112.0
57,57,2026-10-12,130,112.0
57,57,2026-10-13,130,112.0
57,57,2026-10-14,130,112.0
57,57,2026-10-15,130,112.0
57,57,2026-10-16,130,112.0
57,57,2026-10-17,77,112.0
57,57,2026-10-18,57,112.0
57,57,2026-10-19,130,112.0
57,57,2026-10-20,130,112.0
57,57,2026-10-21,130,112.0
57,57,2026-10-22,130,112.0
57,57,2026-10-23,130,112.0
57,57,2026-10-24,77,112.0
57,57,2026-10-25,57,112.0
57,57,2026-10-26,130,112.0
57,57,2026-10-27,130,112.0
57,57,2026-10-28,130,112.0
57,57,2026-10-29,130,112.0
57,57,2026-10-30,130,112.0
57,57,2026-10-31,77,112.0
59,59,2026-08-05,113,113.0
59,59,2026-08-06,113,113.0
59,59,2026-08-07,113,113.0
59,59,2026-08-08,85,106.0
59,59,2026-08-09,0,84.8
59,59,2026-08-10,113,89.5
59,59,2026-08-11,113,92.86
59,59,2026-08-12,113,92.86
59,59,2026-08-13,113,92.86
59,59,2026-08-14,113,92.86
59,59,2026-08-15,85,92.86
59,59,2026-08-16,0,92.86
59,59,2026-08-17,113,92.86
59,59,2026-08-18,113,92.86
59,59,2026-08-19,113,92.86
59,59,2026-08-20,113,92.86
59,59,2026-08-21,113,92.86
59,59,2026-08-22,85,92.86
59,59,2026-08-23,0,92.86
59,59,2026-08-24,114,93.0
59,59,2026-08-25,114,93.14
59,59,2026-08-26,114,93.29
59,59,2026-08-27,114,93.43
59,59,2026-08-28,114,93.57
59,59,2026-08-29,85,93.57
59,59,2026-08-30,0,93.57
59,59,2026-08-31,114,93.57
59,59,2026-09-01,114,93.57
59,59,2026-09-02,114,93.57
59,59,2026-09-03,114,93.57
59,59,2026-09-04,114,93.57
59,59,2026-09-05,85,93.57
59,59,2026-09-06,0,93.57
59,59,2026-09-07,0,77.29
59,59,2026-09-08,114,77.29
59,59,2026-09-09,114,77.29
59,59,2026-09-10,114,77.29
59,59,2026-09-11,114,77.29
59,59,2026-09-12,85,77.29
59,59,2026-09-13,0,77.29
59,59,2026-09-14,114,93.57
59,59,2026-09-15,114,93.57
59,59,2026-09-16,114,93.57
59,59,2026-09-17,114,93.57
59,59,2026-09-18,114,93.57
59,59,2026-09-19,85,93.57
59,59,2026-09-20,0,93.57
59,59,2026-09-21,114,93.57
59,59,2026-09-22,114,93.57
59,59,2026-09-23,114,93.57
59,59,2026-09-24,114,93.57
59,59,2026-09-25,114,93.57
59,59,2026-09-26,85,93.57
59,59,2026-09-27,0,93.57
59,59,2026-09-28,114,93.57
59,59,2026-09-29,114,93.57
59,59,2026-09-30,114,93.57
59,59,2026-10-01,114,93.57
59,59,2026-10-02,114,93.57
59,59,2026-10-03,85,93.57
59,59,2026-10-04,0,93.57
59,59,2026-10-05,114,93.57
59,59,2026-10-06,114,93.57
59,59,2026-10-07,114,93.57
59,59,2026-10-08,114,93.57
59,59,2026-10-09,114,93.57
59,59,2026-10-10,85,93.57
59,59,2026-10-11,0,93.57
59,59,2026-10-12,114,93.57
59,59,2026-10-13,114,93.57
59,59,2026-10-14,114,93.57
59,59,2026-10-15,114,93.57
59,59,2026-10-16,114,93.57
59,59,2026-10-17,85,93.57
59,59,2026-10-18,0,93.57
59,59,2026-10-19,114,93.57
59,59,2026-10-20,114,93.57
59,59,2026-10-21,114,93.57
59,59,2026-10-22,114,93.57
59,59,2026-10-23,114,93.57
59,59,2026-10-24,85,93.57
59,59,2026-10-25,0,93.57
59,59,2026-10-26,114,93.57
59,59,2026-10-27,114,93.57
59,59,2026-10-28,114,93.57
59,59,2026-10-29,114,93.57
59,59,2026-10-30,114,93.57
59,59,2026-10-31,85,93.57
6,6,2026-08-05,189,189.0
6,6,2026-08-06,189,189.0
6,6,2026-08-07,189,189.0
6,6,2026-08-08,205,193.0
6,6,2026-08-09,168,188.0
6,6,2026-08-10,190,188.33
6,6,2026-08-11,189,188.43
6,6,2026-08-12,189,188.43
6,6,2026-08-13,189,188.43
6,6,2026-08-14,189,188.43
6,6,2026-08-15,205,188.43
6,6,2026-08-16,168,188.43
6,6,2026-08-17,190,188.43
6,6,2026-08-18,189,188.43
6,6,2026-08-19,189,188.43
6,6,2026-08-20,189,188.43
6,6,2026-08-21,189,188.43
6,6,2026-08-22,205,188.43
6,6,2026-08-23,168,188.43
6,6,2026-08-24,190,188.43
6,6,2026-08-25,189,188.43
6,6,2026-08-26,189,188.43
6,6,2026-08-27,189,188.43
6,6,2026-08-28,189,188.43
6,6,2026-08-29,205,188.43
6,6,2026-08-30,168,188.43
6,6,2026-08-31,190,188.43
6,6,2026-09-01,189,188.43
6,6,2026-09-02,189,188.43
6,6,2026-09-03,189,188.43
6,6,2026-09-04,189,188.43
6,6,2026-09-05,205,188.43
6,6,2026-09-06,168,188.43
6,6,2026-09-07,168,185.29
6,6,2026-09-08,190,185.43
6,6,2026-09-09,189,185.43
6,6,2026-09-10,189,185.43
6,6,2026-09-11,189,185.43
6,6,2026-09-12,205,185.43
6,6,2026-09-13,168,185.43
6,6,2026-09-14,190,188.57
6,6,2026-09-15,189,188.43
6,6,2026-09-16,189,188.43
6,6,2026-09-17,189,188.43
6,6,2026-09-18,189,188.43
6,6,2026-09-19,205,188.43
6,6,2026-09-20,168,188.43
6,6,2026-09-21,190,188.43
6,6,2026-09-22,189,188.43
6,6,2026-09-23,189,188.43
6,6,2026-09-24,189,188.43
6,6,2026-09-25,189,188.43
6,6,2026-09-26,205,188.43
6,6,2026-09-27,168,188.43
6,6,2026-09-28,190,188.43
6,6,2026-09-29,189,188.43
6,6,2026-09-30,189,188.43
6,6,2026-10-01,189,188.43
6,6,2026-10-02,189,188.43
6,6,2026-10-03,205,188.43
6,6,2026-10-04,168,188.43
6,6,2026-10-05,190,188.43
6,6,2026-10-06,189,188.43
6,6,2026-10-07,189,188.43
6,6,2026-10-08,189,188.43
6,6,2026-10-09,189,188.43
6,6,2026-10-10,205,188.43
6,6,2026-10-11,168,188.43
6,6,2026-10-12,190,188.43
6,6,2026-10-13,189,188.43
6,6,2026-10-14,189,188.43
6,6,2026-10-15,189,188.43
6,6,2026-10-16,189,188.43
6,6,2026-10-17,205,188.43
6,6,2026-10-18,168,188.43
6,6,2026-10-19,190,188.43
6,6,2026-10-20,189,188.43
6,6,2026-10-21,189,188.43
6,6,2026-10-22,189,188.43
6,6,2026-10-23,189,188.43
6,6,2026-10-24,205,188.43
6,6,2026-10-25,168,188.43
6,6,2026-10-26,190,188.43
6,6,2026-10-27,189,188.43
6,6,2026-10-28,189,188.43
6,6,2026-10-29,189,188.43
6,6,2026-10-30,189,188.43
6,6,2026-10-31,205,188.43
60,60,2026-08-05,249,249.0
60,60,2026-08-06,249,249.0
60,60,2026-08-07,249,249.0
60,60,2026-08-08,220,241.75
60,60,2026-08-09,220,237.4
60,60,2026-08-10,249,239.33
60,60,2026-08-11,249,240.71
60,60,2026-08-12,249,240.71
60,60,2026-08-13,249,240.71
60,60,2026-08-14,249,240.71
60,60,2026-08-15,220,240.71
60,60,2026-08-16,220,240.71
60,60,2026-08-17,249,240.71
60,60,2026-08-18,249,240.71
60,60,2026-08-19,249,240.71
60,60,2026-08-20,249,240.71
60,60,2026-08-21,249,240.71
60,60,2026-08-22,220,240.71
60,60,2026-08-23,220,240.71
60,60,2026-08-24,252,241.14
60,60,2026-08-25,252,241.57
60,60,2026-08-26,252,242.0
60,60,2026-08-27,252,242.43
60,60,2026-08-28,252,242.86
60,60,2026-08-29,220,242.86
60,60,2026-08-30,220,242.86
60,60,2026-08-31,252,242.86
60,60,2026-09-01,252,242.86
60,60,2026-09-02,252,242.86
60,60,2026-09-03,252,242.86
60,60,2026-09-04,252,242.86
60,60,2026-09-05,220,242.86
60,60,2026-09-06,220,242.86
60,60,2026-09-07,219,238.14
60,60,2026-09-08,252,238.14
60,60,2026-09-09,252,238.14
60,60,2026-09-10,252,238.14
60,60,2026-09-11,252,238.14
60,60,2026-09-12,220,238.14
60,60,2026-09-13,220,238.14
60,60,2026-09-14,252,242.86
60,60,2026-09-15,252,242.86
60,60,2026-09-16,252,242.86
60,60,2026-09-17,252,242.86
60,60,2026-09-18,252,242.86
60,60,2026-09-19,220,242.86
60,60,2026-09-20,220,242.86
60,60,2026-09-21,252,242.86
60,60,2026-09-22,252,242.86
60,60,2026-09-23,252,242.86
60,60,2026-09-24,252,242.86
60,60,2026-09-25,252,242.86
60,60,2026-09-26,220,242.86
60,60,2026-09-27,220,242.86
60,60,2026-09-28,252,242.86
60,60,2026-09-29,252,242.86
60,60,2026-09-30,252,242.86
60,60,2026-10-01,252,242.86
60,60,2026-10-02,252,242.86
60,60,2026-10-03,220,242.86
60,60,2026-10-04,220,242.86
60,60,2026-10-05,252,242.86
60,60,2026-10-06,252,242.86
60,60,2026-10-07,252,242.86
60,60,2026-10-08,252,242.86
60,60,2026-10-09,252,242.86
60,60,2026-10-10,220,242.86
60,60,2026-10-11,220,242.86
60,60,2026-10-12,252,242.86
60,60,2026-10-13,252,242.86
60,60,2026-10-14,252,242.86
60,60,2026-10-15,252,242.86
60,60,2026-10-16,252,242.86
60,60,2026-10-17,220,242.86
60,60,2026-10-18,220,242.86
60,60,2026-10-19,252,242.86
60,60,2026-10-20,252,242.86
60,60,2026-10-21,252,242.86
60,60,2026-10-22,252,242.86
60,60,2026-10-23,252,242.86
60,60,2026-10-24,220,242.86
60,60,2026-10-25,220,242.86
60,60,2026-10-26,252,242.86
60,60,2026-10-27,252,242.86
60,60,2026-10-28,252,242.86
60,60,2026-10-29,252,242.86
60,60,2026-10-30,252,242.86
60,60,2026-10-31,220,242.86
62,62,2026-08-05,187,187.0
62,62,2026-08-06,187,187.0
62,62,2026-08-07,187,187.0
62,62,2026-08-08,172,183.25
62,62,2026-08-09,148,176.2
62,62,2026-08-10,187,178.0
62,62,2026-08-11,187,179.29
62,62,2026-08-12,187,179.29
62,62,2026-08-13,187,179.29
62,62,2026-08-14,187,179.29
62,62,2026-08-15,172,179.29
62,62,2026-08-16,148,179.29
62,62,2026-08-17,187,179.29
62,62,2026-08-18,187,179.29
62,62,2026-08-19,187,179.29
62,62,2026-08-20,187,179.29
62,62,2026-08-21,187,179.29
62,62,2026-08-22,172,179.29
62,62,2026-08-23,148,179.29
62,62,2026-08-24,193,180.14
62,62,2026-08-25,193,181.0
62,62,2026-08-26,193,181.86
62,62,2026-08-27,193,182.71
62,62,2026-08-28,193,183.57
62,62,2026-08-29,172,183.57
62,62,2026-08-30,148,183.57
62,62,2026-08-31,193,183.57
62,62,2026-09-01,193,183.57
62,62,2026-09-02,193,183.57
62,62,2026-09-03,193,183.57
62,62,2026-09-04,193,183.57
62,62,2026-09-05,172,183.57
62,62,2026-09-06,148,183.57
62,62,2026-09-07,148,177.14
62,62,2026-09-08,193,177.14
62,62,2026-09-09,193,177.14
62,62,2026-09-10,193,177.14
62,62,2026-09-11,193,177.14
62,62,2026-09-12,172,177.14
62,62,2026-09-13,148,177.14
62,62,2026-09-14,193,183.57
62,62,2026-09-15,193,183.57
62,62,2026-09-16,193,183.57
62,62,2026-09-17,193,183.57
62,62,2026-09-18,193,183.57
62,62,2026-09-19,172,183.57
62,62,2026-09-20,148,183.57
62,62,2026-09-21,193,183.57
62,62,2026-09-22,193,183.57
62,62,2026-09-23,193,183.57
62,62,2026-09-24,193,183.57
62,62,2026-09-25,193,183.57
62,62,2026-09-26,172,183.57
62,62,2026-09-27,148,183.57
62,62,2026-09-28,193,183.57
62,62,2026-09-29,193,183.57
62,62,2026-09-30,193,183.57
62,62,2026-10-01,193,183.57
62,62,2026-10-02,193,183.57
62,62,2026-10-03,172,183.57
62,62,2026-10-04,148,183.57
62,62,2026-10-05,193,183.57
62,62,2026-10-06,193,183.57
62,62,2026-10-07,193,183.57
62,62,2026-10-08,193,183.57
62,62,2026-10-09,193,183.57
62,62,2026-10-10,172,183.57
62,62,2026-10-11,148,183.57
62,62,2026-10-12,193,183.57
62,62,2026-10-13,193,183.57
62,62,2026-10-14,193,183.57
62,62,2026-10-15,193,183.57
62,62,2026-10-16,193,183.57
62,62,2026-10-17,172,183.57
62,62,2026-10-18,148,183.57
62,62,2026-10-19,193,183.57
62,62,2026-10-20,193,183.57
62,62,2026-10-21,193,183.57
62,62,2026-10-22,193,183.57
62,62,2026-10-23,193,183.57
62,62,2026-10-24,172,183.57
62,62,2026-10-25,148,183.57
62,62,2026-10-26,193,183.57
62,62,2026-10-27,193,183.57
62,62,2026-10-28,193,183.57
62,62,2026-10-29,193,183.57
62,62,2026-10-30,193,183.57
62,62,2026-10-31,172,183.57
62H,62H,2026-08-05,76,76.0
62H,62H,2026-08-06,76,76.0
62H,62H,2026-08-07,76,76.0
62H,62H,2026-08-08,58,71.5
62H,62H,2026-08-09,0,57.2
62H,62H,2026-08-10,76,60.33
62H,62H,2026-08-11,76,62.57
62H,62H,2026-08-12,76,62.57
62H,62H,2026-08-13,76,62.57
62H,62H,2026-08-14,76,62.57
62H,62H,2026-08-15,58,62.57
62H,62H,2026-08-16,0,62.57
62H,62H,2026-08-17,76,62.57
62H,62H,2026-08-18,76,62.57
62H,62H,2026-08-19,76,62.57
62H,62H,2026-08-20,76,62.57
62H,62H,2026-08-21,76,62.57
62H,62H,2026-08-22,58,62.57
62H,62H,2026-08-23,0,62.57
62H,62H,2026-08-24,76,62.57
62H,62H,2026-08-25,76,62.57
62H,62H,2026-08-26,76,62.57
62H,62H,2026-08-27,76,62.57
62H,62H,2026-08-28,76,62.57
62H,62H,2026-08-29,58,62.57
62H,62H,2026-08-30,0,62.57
62H,62H,2026-08-31,76,62.57
62H,62H,2026-09-01,76,62.57
62H,62H,2026-09-02,76,62.57
62H,62H,2026-09-03,76,62.57
62H,62H,2026-09-04,76,62.57
62H,62H,2026-09-05,58,62.57
62H,62H,2026-09-06,0,62.57
62H,62H,2026-09-07,0,51.71
62H,62H,2026-09-08,76,51.71
62H,62H,2026-09-09,76,51.71
62H,62H,2026-09-10,76,51.71
62H,62H,2026-09-11,76,51.71
62H,62H,2026-09-12,58,51.71
62H,62H,2026-09-13,0,51.71
62H,62H,2026-09-14,76,62.57
62H,62H,2026-09-15,76,62.57
62H,62H,2026-09-16,76,62.57
62H,62H,2026-09-17,76,62.57
62H,62H,2026-09-18,76,62.57
62H,62H,2026-09-19,58,62.57
62H,62H,2026-09-20,0,62.57
62H,62H,2026-09-21,76,62.57
62H,62H,2026-09-22,76,62.57
62H,62H,2026-09-23,76,62.57
62H,62H,2026-09-24,76,62.57
62H,62H,2026-09-25,76,62.57
62H,62H,2026-09-26,58,62.57
62H,62H,2026-09-27,0,62.57
62H,62H,2026-09-28,76,62.57
62H,62H,2026-09-29,76,62.57
62H,62H,2026-09-30,76,62.57
62H,62H,2026-10-01,76,62.57
62H,62H,2026-10-02,76,62.57
62H,62H,2026-10-03,58,62.57
62H,62H,2026-10-04,0,62.57
62H,62H,2026-10-05,76,62.57
62H,62H,2026-10-06,76,62.57
62H,62H,2026-10-07,76,62.57
62H,62H,2026-10-08,76,62.57
62H,62H,2026-10-09,76,62.57
62H,62H,2026-10-10,58,62.57
62H,62H,2026-10-11,0,62.57
62H,62H,2026-10-12,76,62.57
62H,62H,2026-10-13,76,62.57
62H,62H,2026-10-14,76,62.57
62H,62H,2026-10-15,76,62.57
62H,62H,2026-10-16,76,62.57
62H,62H,2026-10-17,58,62.57
62H,62H,2026-10-18,0,62.57
62H,62H,2026-10-19,76,62.57
62H,62H,2026-10-20,76,62.57
62H,62H,2026-10-21,76,62.57
62H,62H,2026-10-22,76,62.57
62H,62H,2026-10-23,76,62.57
62H,62H,2026-10-24,58,62.57
62H,62H,2026-10-25,0,62.57
62H,62H,2026-10-26,76,62.57
62H,62H,2026-10-27,76,62.57
62H,62H,2026-10-28,76,62.57
62H,62H,2026-10-29,76,62.57
62H,62H,2026-10-30,76,62.57
62H,62H,2026-10-31,58,62.57
63,63,2026-08-05,302,302.0
63,63,2026-08-06,302,302.0
63,63,2026-08-07,302,302.0
63,63,2026-08-08,272,294.5
63,63,2026-08-09,262,288.0
63,63,2026-08-10,305,290.83
63,63,2026-08-11,302,292.43
63,63,2026-08-12,302,292.43
63,63,2026-08-13,302,292.43
63,63,2026-08-14,302,292.43
63,63,2026-08-15,272,292.43
63,63,2026-08-16,262,292.43
63,63,2026-08-17,305,292.43
63,63,2026-08-18,302,292.43
63,63,2026-08-19,302,292.43
63,63,2026-08-20,302,292.43
63,63,2026-08-21,302,292.43
63,63,2026-08-22,272,292.43
63,63,2026-08-23,264,292.71
63,63,2026-08-24,306,292.86
63,63,2026-08-25,304,293.14
63,63,2026-08-26,304,293.43
63,63,2026-08-27,304,293.71
63,63,2026-08-28,304,294.0
63,63,2026-08-29,262,292.57
63,63,2026-08-30,264,292.57
63,63,2026-08-31,306,292.57
63,63,2026-09-01,304,292.57
63,63,2026-09-02,304,292.57
63,63,2026-09-03,304,292.57
63,63,2026-09-04,304,292.57
63,63,2026-09-05,262,292.57
63,63,2026-09-06,264,292.57
63,63,2026-09-07,263,286.43
63,63,2026-09-08,306,286.71
63,63,2026-09-09,304,286.71
63,63,2026-09-10,304,286.71
63,63,2026-09-11,304,286.71
63,63,2026-09-12,262,286.71
63,63,2026-09-13,264,286.71
63,63,2026-09-14,306,292.86
63,63,2026-09-15,304,292.57
63,63,2026-09-16,304,292.57
63,63,2026-09-17,304,292.57
63,63,2026-09-18,304,292.57
63,63,2026-09-19,262,292.57
63,63,2026-09-20,264,292.57
63,63,2026-09-21,306,292.57
63,63,2026-09-22,304,292.57
63,63,2026-09-23,304,292.57
63,63,2026-09-24,304,292.57
63,63,2026-09-25,304,292.57
63,63,2026-09-26,262,292.57
63,63,2026-09-27,264,292.57
63,63,2026-09-28,306,292.57
63,63,2026-09-29,304,292.57
63,63,2026-09-30,304,292.57
63,63,2026-10-01,304,292.57
63,63,2026-10-02,304,292.57
63,63,2026-10-03,262,292.57
63,63,2026-10-04,264,292.57
63,63,2026-10-05,306,292.57
63,63,2026-10-06,304,292.57
63,63,2026-10-07,304,292.57
63,63,2026-10-08,304,292.57
63,63,2026-10-09,304,292.57
63,63,2026-10-10,262,292.57
63,63,2026-10-11,264,292.57
63,63,2026-10-12,306,292.57
63,63,2026-10-13,304,292.57
63,63,2026-10-14,304,292.57
63,63,2026-10-15,304,292.57
63,63,2026-10-16,304,292.57
63,63,2026-10-17,262,292.57
63,63,2026-10-18,264,292.57
63,63,2026-10-19,306,292.57
63,63,2026-10-20,304,292.57
63,63,2026-10-21,304,292.57
63,63,2026-10-22,304,292.57
63,63,2026-10-23,304,292.57
63,63,2026-10-24,262,292.57
63,63,2026-10-25,264,292.57
63,63,2026-10-26,306,292.57
63,63,2026-10-27,304,292.57
63,63,2026-10-28,304,292.57
63,63,2026-10-29,304,292.57
63,63,2026-10-30,304,292.57
63,63,2026-10-31,262,292.57
63W,63W,2026-08-05,117,117.0
63W,63W,2026-08-06,117,117.0
63W,63W,2026-08-07,117,117.0
63W,63W,2026-08-08,80,107.75
63W,63W,2026-08-09,62,98.6
63W,63W,2026-08-10,117,101.67
63W,63W,2026-08-11,117,103.86
63W,63W,2026-08-12,117,103.86
63W,63W,2026-08-13,117,103.86
63W,63W,2026-08-14,117,103.86
63W,63W,2026-08-15,80,103.86
63W,63W,2026-08-16,62,103.86
63W,63W,2026-08-17,117,103.86
63W,63W,2026-08-18,117,103.86
63W,63W,2026-08-19,117,103.86
63W,63W,2026-08-20,117,103.86
63W,63W,2026-08-21,117,103.86
63W,63W,2026-08-22,80,103.86
63W,63W,2026-08-23,62,103.86
63W,63W,2026-08-24,118,104.0
63W,63W,2026-08-25,118,104.14
63W,63W,2026-08-26,118,104.29
63W,63W,2026-08-27,118,104.43
63W,63W,2026-08-28,118,104.57
63W,63W,2026-08-29,80,104.57
63W,63W,2026-08-30,62,104.57
63W,63W,2026-08-31,118,104.57
63W,63W,2026-09-01,118,104.57
63W,63W,2026-09-02,118,104.57
63W,63W,2026-09-03,118,104.57
63W,63W,2026-09-04,118,104.57
63W,63W,2026-09-05,80,104.57
63W,63W,2026-09-06,62,104.57
63W,63W,2026-09-07,62,96.57
63W,63W,2026-09-08,118,96.57
63W,63W,2026-09-09,118,96.57
63W,63W,2026-09-10,118,96.57
63W,63W,2026-09-11,118,96.57
63W,63W,2026-09-12,80,96.57
63W,63W,2026-09-13,62,96.57
63W,63W,2026-09-14,118,104.57
63W,63W,2026-09-15,118,104.57
63W,63W,2026-09-16,118,104.57
63W,63W,2026-09-17,118,104.57
63W,63W,2026-09-18,118,104.57
63W,63W,2026-09-19,80,104.57
63W,63W,2026-09-20,62,104.57
63W,63W,2026-09-21,118,104.57
63W,63W,2026-09-22,118,104.57
63W,63W,2026-09-23,118,104.57
63W,63W,2026-09-24,118,104.57
63W,63W,2026-09-25,118,104.57
63W,63W,2026-09-26,80,104.57
63W,63W,2026-09-27,62,104.57
63W,63W,2026-09-28,118,104.57
63W,63W,2026-09-29,118,104.57
63W,63W,2026-09-30,118,104.57
63W,63W,2026-10-01,118,104.57
63W,63W,2026-10-02,118,104.57
63W,63W,2026-10-03,80,104.57
63W,63W,2026-10-04,62,104.57
63W,63W,2026-10-05,118,104.57
63W,63W,2026-10-06,118,104.57
63W,63W,2026-10-07,118,104.57
63W,63W,2026-10-08,118,104.57
63W,63W,2026-10-09,118,104.57
63W,63W,2026-10-10,80,104.57
63W,63W,2026-10-11,62,104.57
63W,63W,2026-10-12,118,104.57
63W,63W,2026-10-13,118,104.57
63W,63W,2026-10-14,118,104.57
63W,63W,2026-10-15,118,104.57
63W,63W,2026-10-16,118,104.57
63W,63W,2026-10-17,80,104.57
63W,63W,2026-10-18,62,104.57
63W,63W,2026-10-19,118,104.57
63W,63W,2026-10-20,118,104.57
63W,63W,2026-10-21,118,104.57
63W,63W,2026-10-22,118,104.57
63W,63W,2026-10-23,118,104.57
63W,63W,2026-10-24,80,104.57
63W,63W,2026-10-25,62,104.57
63W,63W,2026-10-26,118,104.57
63W,63W,2026-10-27,118,104.57
63W,63W,2026-10-28,118,104.57
63W,63W,2026-10-29,118,104.57
63W,63W,2026-10-30,118,104.57
63W,63W,2026-10-31,80,104.57
65,65,2026-08-05,170,170.0
65,65,2026-08-06,170,170.0
65,65,2026-08-07,170,170.0
65,65,2026-08-08,156,166.5
65,65,2026-08-09,125,158.2
65,65,2026-08-10,168,159.83
65,65,2026-08-11,170,161.29
65,65,2026-08-12,170,161.29
65,65,2026-08-13,170,161.29
65,65,2026-08-14,170,161.29
65,65,2026-08-15,156,161.29
65,65,2026-08-16,125,161.29
65,65,2026-08-17,168,161.29
65,65,2026-08-18,170,161.29
65,65,2026-08-19,170,161.29
65,65,2026-08-20,170,161.29
65,65,2026-08-21,170,161.29
65,65,2026-08-22,156,161.29
65,65,2026-08-23,122,160.86
65,65,2026-08-24,202,165.71
65,65,2026-08-25,204,170.57
65,65,2026-08-26,204,175.43
65,65,2026-08-27,204,180.29
65,65,2026-08-28,204,185.14
65,65,2026-08-29,161,185.86
65,65,2026-08-30,122,185.86
65,65,2026-08-31,202,185.86
65,65,2026-09-01,204,185.86
65,65,2026-09-02,204,185.86
65,65,2026-09-03,204,185.86
65,65,2026-09-04,204,185.86
65,65,2026-09-05,161,185.86
65,65,2026-09-06,122,185.86
65,65,2026-09-07,120,174.14
65,65,2026-09-08,202,173.86
65,65,2026-09-09,204,173.86
65,65,2026-09-10,204,173.86
65,65,2026-09-11,204,173.86
65,65,2026-09-12,161,173.86
65,65,2026-09-13,122,173.86
65,65,2026-09-14,202,185.57
65,65,2026-09-15,204,185.86
65,65,2026-09-16,204,185.86
65,65,2026-09-17,204,185.86
65,65,2026-09-18,204,185.86
65,65,2026-09-19,161,185.86
65,65,2026-09-20,122,185.86
65,65,2026-09-21,202,185.86
65,65,2026-09-22,204,185.86
65,65,2026-09-23,204,185.86
65,65,2026-09-24,204,185.86
65,65,2026-09-25,204,185.86
65,65,2026-09-26,161,185.86
65,65,2026-09-27,122,185.86
65,65,2026-09-28,202,185.86
65,65,2026-09-29,204,185.86
65,65,2026-09-30,204,185.86
65,65,2026-10-01,204,185.86
65,65,2026-10-02,204,185.86
65,65,2026-10-03,161,185.86
65,65,2026-10-04,122,185.86
65,65,2026-10-05,202,185.86
65,65,2026-10-06,204,185.86
65,65,2026-10-07,204,185.86
65,65,2026-10-08,204,185.86
65,65,2026-10-09,204,185.86
65,65,2026-10-10,161,185.86
65,65,2026-10-11,122,185.86
65,65,2026-10-12,202,185.86
65,65,2026-10-13,204,185.86
65,65,2026-10-14,204,185.86
65,65,2026-10-15,204,185.86
65,65,2026-10-16,204,185.86
65,65,2026-10-17,161,185.86
65,65,2026-10-18,122,185.86
65,65,2026-10-19,202,185.86
65,65,2026-10-20,204,185.86
65,65,2026-10-21,204,185.86
65,65,2026-10-22,204,185.86
65,65,2026-10-23,204,185.86
65,65,2026-10-24,161,185.86
65,65,2026-10-25,122,185.86
65,65,2026-10-26,202,185.86
65,65,2026-10-27,204,185.86
65,65,2026-10-28,204,185.86
65,65,2026-10-29,204,185.86
65,65,2026-10-30,204,185.86
65,65,2026-10-31,161,185.86
66,66,2026-08-05,398,398.0
66,66,2026-08-06,398,398.0
66,66,2026-08-07,398,398.0
66,66,2026-08-08,382,394.0
66,66,2026-08-09,305,376.2
66,66,2026-08-10,404,380.83
66,66,2026-08-11,398,383.29
66,66,2026-08-12,398,383.29
66,66,2026-08-13,398,383.29
66,66,2026-08-14,398,383.29
66,66,2026-08-15,382,383.29
66,66,2026-08-16,305,383.29
66,66,2026-08-17,404,383.29
66,66,2026-08-18,398,383.29
66,66,2026-08-19,398,383.29
66,66,2026-08-20,398,383.29
66,66,2026-08-21,398,383.29
66,66,2026-08-22,382,383.29
66,66,2026-08-23,280,379.71
66,66,2026-08-24,445,385.57
66,66,2026-08-25,450,393.0
66,66,2026-08-26,450,400.43
66,66,2026-08-27,450,407.86
66,66,2026-08-28,450,415.29
66,66,2026-08-29,373,414.0
66,66,2026-08-30,280,414.0
66,66,2026-08-31,445,414.0
66,66,2026-09-01,450,414.0
66,66,2026-09-02,450,414.0
66,66,2026-09-03,450,414.0
66,66,2026-09-04,450,414.0
66,66,2026-09-05,373,414.0
66,66,2026-09-06,280,414.0
66,66,2026-09-07,279,390.29
66,66,2026-09-08,445,389.57
66,66,2026-09-09,450,389.57
66,66,2026-09-10,450,389.57
66,66,2026-09-11,450,389.57
66,66,2026-09-12,373,389.57
66,66,2026-09-13,280,389.57
66,66,2026-09-14,445,413.29
66,66,2026-09-15,450,414.0
66,66,2026-09-16,450,414.0
66,66,2026-09-17,450,414.0
66,66,2026-09-18,450,414.0
66,66,2026-09-19,373,414.0
66,66,2026-09-20,280,414.0
66,66,2026-09-21,445,414.0
66,66,2026-09-22,450,414.0
66,66,2026-09-23,450,414.0
66,66,2026-09-24,450,414.0
66,66,2026-09-25,450,414.0
66,66,2026-09-26,373,414.0
66,66,2026-09-27,280,414.0
66,66,2026-09-28,445,414.0
66,66,2026-09-29,450,414.0
66,66,2026-09-30,450,414.0
66,66,2026-10-01,450,414.0
66,66,2026-10-02,450,414.0
66,66,2026-10-03,373,414.0
66,66,2026-10-04,280,414.0
66,66,2026-10-05,445,414.0
66,66,2026-10-06,450,414.0
66,66,2026-10-07,450,414.0
66,66,2026-10-08,450,414.0
66,66,2026-10-09,450,414.0
66,66,2026-10-10,373,414.0
66,66,2026-10-11,280,414.0
66,66,2026-10-12,445,414.0
66,66,2026-10-13,450,414.0
66,66,2026-10-14,450,414.0
66,66,2026-10-15,450,414.0
66,66,2026-10-16,450,414.0
66,66,2026-10-17,373,414.0
66,66,2026-10-18,280,414.0
66,66,2026-10-19,445,414.0
66,66,2026-10-20,450,414.0
66,66,2026-10-21,450,414.0
66,66,2026-10-22,450,414.0
66,66,2026-10-23,450,414.0
66,66,2026-10-24,373,414.0
66,66,2026-10-25,280,414.0
66,66,2026-10-26,445,414.0
66,66,2026-10-27,450,414.0
66,66,2026-10-28,450,414.0
66,66,2026-10-29,450,414.0
66,66,2026-10-30,450,414.0
66,66,2026-10-31,373,414.0
67,67,2026-08-05,217,217.0
67,67,2026-08-06,217,217.0
67,67,2026-08-07,217,217.0
67,67,2026-08-08,207,214.5
67,67,2026-08-09,168,205.2
67,67,2026-08-10,220,207.67
67,67,2026-08-11,217,209.0
67,67,2026-08-12,217,209.0
67,67,2026-08-13,217,209.0
67,67,2026-08-14,217,209.0
67,67,2026-08-15,207,209.0
67,67,2026-08-16,168,209.0
67,67,2026-08-17,220,209.0
67,67,2026-08-18,217,209.0
67,67,2026-08-19,217,209.0
67,67,2026-08-20,217,209.0
67,67,2026-08-21,217,209.0
67,67,2026-08-22,207,209.0
67,67,2026-08-23,167,208.86
67,67,2026-08-24,228,210.0
67,67,2026-08-25,225,211.14
67,67,2026-08-26,227,212.57
67,67,2026-08-27,225,213.71
67,67,2026-08-28,225,214.86
67,67,2026-08-29,208,215.0
67,67,2026-08-30,167,215.0
67,67,2026-08-31,228,215.0
67,67,2026-09-01,225,215.0
67,67,2026-09-02,227,215.0
67,67,2026-09-03,225,215.0
67,67,2026-09-04,225,215.0
67,67,2026-09-05,208,215.0
67,67,2026-09-06,167,215.0
67,67,2026-09-07,168,206.43
67,67,2026-09-08,228,206.86
67,67,2026-09-09,227,206.86
67,67,2026-09-10,225,206.86
67,67,2026-09-11,225,206.86
67,67,2026-09-12,208,206.86
67,67,2026-09-13,167,206.86
67,67,2026-09-14,228,215.43
67,67,2026-09-15,225,215.0
67,67,2026-09-16,227,215.0
67,67,2026-09-17,225,215.0
67,67,2026-09-18,225,215.0
67,67,2026-09-19,208,215.0
67,67,2026-09-20,167,215.0
67,67,2026-09-21,228,215.0
67,67,2026-09-22,225,215.0
67,67,2026-09-23,227,215.0
67,67,2026-09-24,225,215.0
67,67,2026-09-25,225,215.0
67,67,2026-09-26,208,215.0
67,67,2026-09-27,167,215.0
67,67,2026-09-28,228,215.0
67,67,2026-09-29,225,215.0
67,67,2026-09-30,227,215.0
67,67,2026-10-01,225,215.0
67,67,2026-10-02,225,215.0
67,67,2026-10-03,208,215.0
67,67,2026-10-04,167,215.0
67,67,2026-10-05,228,215.0
67,67,2026-10-06,225,215.0
67,67,2026-10-07,227,215.0
67,67,2026-10-08,225,215.0
67,67,2026-10-09,225,215.0
67,67,2026-10-10,208,215.0
67,67,2026-10-11,167,215.0
67,67,2026-10-12,228,215.0
67,67,2026-10-13,225,215.0
67,67,2026-10-14,227,215.0
67,67,2026-10-15,225,215.0
67,67,2026-10-16,225,215.0
67,67,2026-10-17,208,215.0
67,67,2026-10-18,167,215.0
67,67,2026-10-19,228,215.0
67,67,2026-10-20,225,215.0
67,67,2026-10-21,227,215.0
67,67,2026-10-22,225,215.0
67,67,2026-10-23,225,215.0
67,67,2026-10-24,208,215.0
67,67,2026-10-25,167,215.0
67,67,2026-10-26,228,215.0
67,67,2026-10-27,225,215.0
67,67,2026-10-28,227,215.0
67,67,2026-10-29,225,215.0
67,67,2026-10-30,225,215.0
67,67,2026-10-31,208,215.0
68,68,2026-08-05,96,96.0
68,68,2026-08-06,96,96.0
68,68,2026-08-07,96,96.0
68,68,2026-08-08,70,89.5
68,68,2026-08-09,56,82.8
68,68,2026-08-10,96,85.0
68,68,2026-08-11,96,86.57
68,68,2026-08-12,96,86.57
68,68,2026-08-13,96,86.57
68,68,2026-08-14,96,86.57
68,68,2026-08-15,70,86.57
68,68,2026-08-16,56,86.57
68,68,2026-08-17,96,86.57
68,68,2026-08-18,96,86.57
68,68,2026-08-19,96,86.57
68,68,2026-08-20,96,86.57
68,68,2026-08-21,96,86.57
68,68,2026-08-22,70,86.57
68,68,2026-08-23,56,86.57
68,68,2026-08-24,99,87.0
68,68,2026-08-25,99,87.43
68,68,2026-08-26,99,87.86
68,68,2026-08-27,99,88.29
68,68,2026-08-28,99,88.71
68,68,2026-08-29,70,88.71
68,68,2026-08-30,56,88.71
68,68,2026-08-31,99,88.71
68,68,2026-09-01,99,88.71
68,68,2026-09-02,99,88.71
68,68,2026-09-03,99,88.71
68,68,2026-09-04,99,88.71
68,68,2026-09-05,70,88.71
68,68,2026-09-06,56,88.71
68,68,2026-09-07,56,82.57
68,68,2026-09-08,99,82.57
68,68,2026-09-09,99,82.57
68,68,2026-09-10,99,82.57
68,68,2026-09-11,99,82.57
68,68,2026-09-12,70,82.57
68,68,2026-09-13,56,82.57
68,68,2026-09-14,99,88.71
68,68,2026-09-15,99,88.71
68,68,2026-09-16,99,88.71
68,68,2026-09-17,99,88.71
68,68,2026-09-18,99,88.71
68,68,2026-09-19,70,88.71
68,68,2026-09-20,56,88.71
68,68,2026-09-21,99,88.71
68,68,2026-09-22,99,88.71
68,68,2026-09-23,99,88.71
68,68,2026-09-24,99,88.71
68,68,2026-09-25,99,88.71
68,68,2026-09-26,70,88.71
68,68,2026-09-27,56,88.71
68,68,2026-09-28,99,88.71
68,68,2026-09-29,99,88.71
68,68,2026-09-30,99,88.71
68,68,2026-10-01,99,88.71
68,68,2026-10-02,99,88.71
68,68,2026-10-03,70,88.71
68,68,2026-10-04,56,88.71
68,68,2026-10-05,99,88.71
68,68,2026-10-06,99,88.71
68,68,2026-10-07,99,88.71
68,68,2026-10-08,99,88.71
68,68,2026-10-09,99,88.71
68,68,2026-10-10,70,88.71
68,68,2026-10-11,56,88.71
68,68,2026-10-12,99,88.71
68,68,2026-10-13,99,88.71
68,68,2026-10-14,99,88.71
68,68,2026-10-15,99,88.71
68,68,2026-10-16,99,88.71
68,68,2026-10-17,70,88.71
68,68,2026-10-18,56,88.71
68,68,2026-10-19,99,88.71
68,68,2026-10-20,99,88.71
68,68,2026-10-21,99,88.71
68,68,2026-10-22,99,88.71
68,68,2026-10-23,99,88.71
68,68,2026-10-24,70,88.71
68,68,2026-10-25,56,88.71
68,68,2026-10-26,99,88.71
68,68,2026-10-27,99,88.71
68,68,2026-10-28,99,88.71
68,68,2026-10-29,99,88.71
68,68,2026-10-30,99,88.71
68,68,2026-10-31,70,88.71
7,7,2026-08-05,140,140.0
7,7,2026-08-06,140,140.0
7,7,2026-08-07,140,140.0
7,7,2026-08-08,0,105.0
7,7,2026-08-09,0,84.0
7,7,2026-08-10,140,93.33
7,7,2026-08-11,140,100.0
7,7,2026-08-12,140,100.0
7,7,2026-08-13,140,100.0
7,7,2026-08-14,140,100.0
7,7,2026-08-15,0,100.0
7,7,2026-08-16,0,100.0
7,7,2026-08-17,140,100.0
7,7,2026-08-18,140,100.0
7,7,2026-08-19,140,100.0
7,7,2026-08-20,140,100.0
7,7,2026-08-21,140,100.0
7,7,2026-08-22,0,100.0
7,7,2026-08-23,0,100.0
7,7,2026-08-24,132,98.86
7,7,2026-08-25,132,97.71
7,7,2026-08-26,132,96.57
7,7,2026-08-27,132,95.43
7,7,2026-08-28,132,94.29
7,7,2026-08-29,0,94.29
7,7,2026-08-30,0,94.29
7,7,2026-08-31,132,94.29
7,7,2026-09-01,132,94.29
7,7,2026-09-02,132,94.29
7,7,2026-09-03,132,94.29
7,7,2026-09-04,132,94.29
7,7,2026-09-05,0,94.29
7,7,2026-09-06,0,94.29
7,7,2026-09-07,0,75.43
7,7,2026-09-08,132,75.43
7,7,2026-09-09,132,75.43
7,7,2026-09-10,132,75.43
7,7,2026-09-11,132,75.43
7,7,2026-09-12,0,75.43
7,7,2026-09-13,0,75.43
7,7,2026-09-14,132,94.29
7,7,2026-09-15,132,94.29
7,7,2026-09-16,132,94.29
7,7,2026-09-17,132,94.29
7,7,2026-09-18,132,94.29
7,7,2026-09-19,0,94.29
7,7,2026-09-20,0,94.29
7,7,2026-09-21,132,94.29
7,7,2026-09-22,132,94.29
7,7,2026-09-23,132,94.29
7,7,2026-09-24,132,94.29
7,7,2026-09-25,132,94.29
7,7,2026-09-26,0,94.29
7,7,2026-09-27,0,94.29
7,7,2026-09-28,132,94.29
7,7,2026-09-29,132,94.29
7,7,2026-09-30,132,94.29
7,7,2026-10-01,132,94.29
7,7,2026-10-02,132,94.29
7,7,2026-10-03,0,94.29
7,7,2026-10-04,0,94.29
7,7,2026-10-05,132,94.29
7,7,2026-10-06,132,94.29
7,7,2026-10-07,132,94.29
7,7,2026-10-08,132,94.29
7,7,2026-10-09,132,94.29
7,7,2026-10-10,0,94.29
7,7,2026-10-11,0,94.29
7,7,2026-10-12,132,94.29
7,7,2026-10-13,132,94.29
7,7,2026-10-14,132,94.29
7,7,2026-10-15,132,94.29
7,7,2026-10-16,132,94.29
7,7,2026-10-17,0,94.29
7,7,2026-10-18,0,94.29
7,7,2026-10-19,132,94.29
7,7,2026-10-20,132,94.29
7,7,2026-10-21,132,94.29
7,7,2026-10-22,132,94.29
7,7,2026-10-23,132,94.29
7,7,2026-10-24,0,94.29
7,7,2026-10-25,0,94.29
7,7,2026-10-26,132,94.29
7,7,2026-10-27,132,94.29
7,7,2026-10-28,132,94.29
7,7,2026-10-29,132,94.29
7,7,2026-10-30,132,94.29
7,7,2026-10-31,0,94.29
70,70,2026-08-05,211,211.0
70,70,2026-08-06,211,211.0
70,70,2026-08-07,211,211.0
70,70,2026-08-08,146,194.75
70,70,2026-08-09,131,182.0
70,70,2026-08-10,210,186.67
70,70,2026-08-11,211,190.14
70,70,2026-08-12,211,190.14
70,70,2026-08-13,211,190.14
70,70,2026-08-14,211,190.14
70,70,2026-08-15,146,190.14
70,70,2026-08-16,131,190.14
70,70,2026-08-17,210,190.14
70,70,2026-08-18,211,190.14
70,70,2026-08-19,211,190.14
70,70,2026-08-20,211,190.14
70,70,2026-08-21,211,190.14
70,70,2026-08-22,146,190.14
70,70,2026-08-23,134,190.57
70,70,2026-08-24,212,190.86
70,70,2026-08-25,213,191.14
70,70,2026-08-26,214,191.57
70,70,2026-08-27,213,191.86
70,70,2026-08-28,213,192.14
70,70,2026-08-29,149,192.57
70,70,2026-08-30,134,192.57
70,70,2026-08-31,212,192.57
70,70,2026-09-01,213,192.57
70,70,2026-09-02,214,192.57
70,70,2026-09-03,213,192.57
70,70,2026-09-04,213,192.57
70,70,2026-09-05,149,192.57
70,70,2026-09-06,134,192.57
70,70,2026-09-07,133,181.29
70,70,2026-09-08,212,181.14
70,70,2026-09-09,214,181.14
70,70,2026-09-10,213,181.14
70,70,2026-09-11,213,181.14
70,70,2026-09-12,149,181.14
70,70,2026-09-13,134,181.14
70,70,2026-09-14,212,192.43
70,70,2026-09-15,213,192.57
70,70,2026-09-16,214,192.57
70,70,2026-09-17,213,192.57
70,70,2026-09-18,213,192.57
70,70,2026-09-19,149,192.57
70,70,2026-09-20,134,192.57
70,70,2026-09-21,212,192.57
70,70,2026-09-22,213,192.57
70,70,2026-09-23,214,192.57
70,70,2026-09-24,213,192.57
70,70,2026-09-25,213,192.57
70,70,2026-09-26,149,192.57
70,70,2026-09-27,134,192.57
70,70,2026-09-28,212,192.57
70,70,2026-09-29,213,192.57
70,70,2026-09-30,214,192.57
70,70,2026-10-01,213,192.57
70,70,2026-10-02,213,192.57
70,70,2026-10-03,149,192.57
70,70,2026-10-04,134,192.57
70,70,2026-10-05,212,192.57
70,70,2026-10-06,213,192.57
70,70,2026-10-07,214,192.57
70,70,2026-10-08,213,192.57
70,70,2026-10-09,213,192.57
70,70,2026-10-10,149,192.57
70,70,2026-10-11,134,192.57
70,70,2026-10-12,212,192.57
70,70,2026-10-13,213,192.57
70,70,2026-10-14,214,192.57
70,70,2026-10-15,213,192.57
70,70,2026-10-16,213,192.57
70,70,2026-10-17,149,192.57
70,70,2026-10-18,134,192.57
70,70,2026-10-19,212,192.57
70,70,2026-10-20,213,192.57
70,70,2026-10-21,214,192.57
70,70,2026-10-22,213,192.57
70,70,2026-10-23,213,192.57
70,70,2026-10-24,149,192.57
70,70,2026-10-25,134,192.57
70,70,2026-10-26,212,192.57
70,70,2026-10-27,213,192.57
70,70,2026-10-28,214,192.57
70,70,2026-10-29,213,192.57
70,70,2026-10-30,213,192.57
70,70,2026-10-31,149,192.57
71,71,2026-08-05,199,199.0
71,71,2026-08-06,199,199.0
71,71,2026-08-07,199,199.0
71,71,2026-08-08,187,196.0
71,71,2026-08-09,155,187.8
71,71,2026-08-10,195,189.0
71,71,2026-08-11,199,190.43
71,71,2026-08-12,199,190.43
71,71,2026-08-13,199,190.43
71,71,2026-08-14,199,190.43
71,71,2026-08-15,187,190.43
71,71,2026-08-16,155,190.43
71,71,2026-08-17,195,190.43
71,71,2026-08-18,199,190.43
71,71,2026-08-19,199,190.43
71,71,2026-08-20,199,190.43
71,71,2026-08-21,199,190.43
71,71,2026-08-22,187,190.43
71,71,2026-08-23,155,190.43
71,71,2026-08-24,195,190.43
71,71,2026-08-25,199,190.43
71,71,2026-08-26,199,190.43
71,71,2026-08-27,199,190.43
71,71,2026-08-28,199,190.43
71,71,2026-08-29,187,190.43
71,71,2026-08-30,155,190.43
71,71,2026-08-31,195,190.43
71,71,2026-09-01,199,190.43
71,71,2026-09-02,199,190.43
71,71,2026-09-03,199,190.43
71,71,2026-09-04,199,190.43
71,71,2026-09-05,187,190.43
71,71,2026-09-06,155,190.43
71,71,2026-09-07,151,184.14
71,71,2026-09-08,195,183.57
71,71,2026-09-09,199,183.57
71,71,2026-09-10,199,183.57
71,71,2026-09-11,199,183.57
71,71,2026-09-12,187,183.57
71,71,2026-09-13,155,183.57
71,71,2026-09-14,195,189.86
71,71,2026-09-15,199,190.43
71,71,2026-09-16,199,190.43
71,71,2026-09-17,199,190.43
71,71,2026-09-18,199,190.43
71,71,2026-09-19,187,190.43
71,71,2026-09-20,155,190.43
71,71,2026-09-21,195,190.43
71,71,2026-09-22,199,190.43
71,71,2026-09-23,199,190.43
71,71,2026-09-24,199,190.43
71,71,2026-09-25,199,190.43
71,71,2026-09-26,187,190.43
71,71,2026-09-27,155,190.43
71,71,2026-09-28,195,190.43
71,71,2026-09-29,199,190.43
71,71,2026-09-30,199,190.43
71,71,2026-10-01,199,190.43
71,71,2026-10-02,199,190.43
71,71,2026-10-03,187,190.43
71,71,2026-10-04,155,190.43
71,71,2026-10-05,195,190.43
71,71,2026-10-06,199,190.43
71,71,2026-10-07,199,190.43
71,71,2026-10-08,199,190.43
71,71,2026-10-09,199,190.43
71,71,2026-10-10,187,190.43
71,71,2026-10-11,155,190.43
71,71,2026-10-12,195,190.43
71,71,2026-10-13,199,190.43
71,71,2026-10-14,199,190.43
71,71,2026-10-15,199,190.43
71,71,2026-10-16,199,190.43
71,71,2026-10-17,187,190.43
71,71,2026-10-18,155,190.43
71,71,2026-10-19,195,190.43
71,71,2026-10-20,199,190.43
71,71,2026-10-21,199,190.43
71,71,2026-10-22,199,190.43
71,71,2026-10-23,199,190.43
71,71,2026-10-24,187,190.43
71,71,2026-10-25,155,190.43
71,71,2026-10-26,195,190.43
71,71,2026-10-27,199,190.43
71,71,2026-10-28,199,190.43
71,71,2026-10-29,199,190.43
71,71,2026-10-30,199,190.43
71,71,2026-10-31,187,190.43
72,72,2026-08-05,296,296.0
72,72,2026-08-06,296,296.0
72,72,2026-08-07,296,296.0
72,72,2026-08-08,252,285.0
72,72,2026-08-09,238,275.6
72,72,2026-08-10,293,278.5
72,72,2026-08-11,296,281.0
72,72,2026-08-12,296,281.0
72,72,2026-08-13,296,281.0
72,72,2026-08-14,296,281.0
72,72,2026-08-15,252,281.0
72,72,2026-08-16,238,281.0
72,72,2026-08-17,293,281.0
72,72,2026-08-18,296,281.0
72,72,2026-08-19,296,281.0
72,72,2026-08-20,296,281.0
72,72,2026-08-21,296,281.0
72,72,2026-08-22,252,281.0
72,72,2026-08-23,234,280.43
72,72,2026-08-24,295,280.71
72,72,2026-08-25,299,281.14
72,72,2026-08-26,299,281.57
72,72,2026-08-27,299,282.0
72,72,2026-08-28,299,282.43
72,72,2026-08-29,247,281.71
72,72,2026-08-30,234,281.71
72,72,2026-08-31,295,281.71
72,72,2026-09-01,299,281.71
72,72,2026-09-02,299,281.71
72,72,2026-09-03,299,281.71
72,72,2026-09-04,299,281.71
72,72,2026-09-05,247,281.71
72,72,2026-09-06,234,281.71
72,72,2026-09-07,231,272.57
72,72,2026-09-08,295,272.0
72,72,2026-09-09,299,272.0
72,72,2026-09-10,299,272.0
72,72,2026-09-11,299,272.0
72,72,2026-09-12,247,272.0
72,72,2026-09-13,234,272.0
72,72,2026-09-14,295,281.14
72,72,2026-09-15,299,281.71
72,72,2026-09-16,299,281.71
72,72,2026-09-17,299,281.71
72,72,2026-09-18,299,281.71
72,72,2026-09-19,247,281.71
72,72,2026-09-20,234,281.71
72,72,2026-09-21,295,281.71
72,72,2026-09-22,299,281.71
72,72,2026-09-23,299,281.71
72,72,2026-09-24,299,281.71
72,72,2026-09-25,299,281.71
72,72,2026-09-26,247,281.71
72,72,2026-09-27,234,281.71
72,72,2026-09-28,295,281.71
72,72,2026-09-29,299,281.71
72,72,2026-09-30,299,281.71
72,72,2026-10-01,299,281.71
72,72,2026-10-02,299,281.71
72,72,2026-10-03,247,281.71
72,72,2026-10-04,234,281.71
72,72,2026-10-05,295,281.71
72,72,2026-10-06,299,281.71
72,72,2026-10-07,299,281.71
72,72,2026-10-08,299,281.71
72,72,2026-10-09,299,281.71
72,72,2026-10-10,247,281.71
72,72,2026-10-11,234,281.71
72,72,2026-10-12,295,281.71
72,72,2026-10-13,299,281.71
72,72,2026-10-14,299,281.71
72,72,2026-10-15,299,281.71
72,72,2026-10-16,299,281.71
72,72,2026-10-17,247,281.71
72,72,2026-10-18,234,281.71
72,72,2026-10-19,295,281.71
72,72,2026-10-20,299,281.71
72,72,2026-10-21,299,281.71
72,72,2026-10-22,299,281.71
72,72,2026-10-23,299,281.71
72,72,2026-10-24,247,281.71
72,72,2026-10-25,234,281.71
72,72,2026-10-26,295,281.71
72,72,2026-10-27,299,281.71
72,72,2026-10-28,299,281.71
72,72,2026-10-29,299,281.71
72,72,2026-10-30,299,281.71
72,72,2026-10-31,247,281.71
73,73,2026-08-05,185,185.0
73,73,2026-08-06,185,185.0
73,73,2026-08-07,185,185.0
73,73,2026-08-08,116,167.75
73,73,2026-08-09,98,153.8
73,73,2026-08-10,185,159.0
73,73,2026-08-11,185,162.71
73,73,2026-08-12,185,162.71
73,73,2026-08-13,185,162.71
73,73,2026-08-14,185,162.71
73,73,2026-08-15,116,162.71
73,73,2026-08-16,98,162.71
73,73,2026-08-17,185,162.71
73,73,2026-08-18,185,162.71
73,73,2026-08-19,185,162.71
73,73,2026-08-20,185,162.71
73,73,2026-08-21,185,162.71
73,73,2026-08-22,116,162.71
73,73,2026-08-23,105,163.71
73,73,2026-08-24,186,163.86
73,73,2026-08-25,186,164.0
73,73,2026-08-26,186,164.14
73,73,2026-08-27,186,164.29
73,73,2026-08-28,187,164.57
73,73,2026-08-29,114,164.29
73,73,2026-08-30,105,164.29
73,73,2026-08-31,186,164.29
73,73,2026-09-01,186,164.29
73,73,2026-09-02,186,164.29
73,73,2026-09-03,186,164.29
73,73,2026-09-04,187,164.29
73,73,2026-09-05,114,164.29
73,73,2026-09-06,105,164.29
73,73,2026-09-07,105,152.71
73,73,2026-09-08,186,152.71
73,73,2026-09-09,186,152.71
73,73,2026-09-10,186,152.71
73,73,2026-09-11,187,152.71
73,73,2026-09-12,114,152.71
73,73,2026-09-13,105,152.71
73,73,2026-09-14,186,164.29
73,73,2026-09-15,186,164.29
73,73,2026-09-16,186,164.29
73,73,2026-09-17,186,164.29
73,73,2026-09-18,187,164.29
73,73,2026-09-19,114,164.29
73,73,2026-09-20,105,164.29
73,73,2026-09-21,186,164.29
73,73,2026-09-22,186,164.29
73,73,2026-09-23,186,164.29
73,73,2026-09-24,186,164.29
73,73,2026-09-25,187,164.29
73,73,2026-09-26,114,164.29
73,73,2026-09-27,105,164.29
73,73,2026-09-28,186,164.29
73,73,2026-09-29,186,164.29
73,73,2026-09-30,186,164.29
73,73,2026-10-01,186,164.29
73,73,2026-10-02,187,164.29
73,73,2026-10-03,114,164.29
73,73,2026-10-04,105,164.29
73,73,2026-10-05,186,164.29
73,73,2026-10-06,186,164.29
73,73,2026-10-07,186,164.29
73,73,2026-10-08,186,164.29
73,73,2026-10-09,187,164.29
73,73,2026-10-10,114,164.29
73,73,2026-10-11,105,164.29
73,73,2026-10-12,186,164.29
73,73,2026-10-13,186,164.29
73,73,2026-10-14,186,164.29
73,73,2026-10-15,186,164.29
73,73,2026-10-16,187,164.29
73,73,2026-10-17,114,164.29
73,73,2026-10-18,105,164.29
73,73,2026-10-19,186,164.29
73,73,2026-10-20,186,164.29
73,73,2026-10-21,186,164.29
73,73,2026-10-22,186,164.29
73,73,2026-10-23,187,164.29
73,73,2026-10-24,114,164.29
73,73,2026-10-25,105,164.29
73,73,2026-10-26,186,164.29
73,73,2026-10-27,186,164.29
73,73,2026-10-28,186,164.29
73,73,2026-10-29,186,164.29
73,73,2026-10-30,187,164.29
73,73,2026-10-31,114,164.29
74,74,2026-08-05,248,248.0
74,74,2026-08-06,248,248.0
74,74,2026-08-07,248,248.0
74,74,2026-08-08,211,238.75
74,74,2026-08-09,154,221.8
74,74,2026-08-10,246,225.83
74,74,2026-08-11,248,229.0
74,74,2026-08-12,248,229.0
74,74,2026-08-13,248,229.0
74,74,2026-08-14,248,229.0
74,74,2026-08-15,211,229.0
74,74,2026-08-16,154,229.0
74,74,2026-08-17,246,229.0
74,74,2026-08-18,248,229.0
74,74,2026-08-19,248,229.0
74,74,2026-08-20,248,229.0
74,74,2026-08-21,248,229.0
74,74,2026-08-22,211,229.0
74,74,2026-08-23,229,239.71
74,74,2026-08-24,283,245.0
74,74,2026-08-25,282,249.86
74,74,2026-08-26,282,254.71
74,74,2026-08-27,282,259.57
74,74,2026-08-28,282,264.43
74,74,2026-08-29,237,268.14
74,74,2026-08-30,229,268.14
74,74,2026-08-31,283,268.14
74,74,2026-09-01,282,268.14
74,74,2026-09-02,282,268.14
74,74,2026-09-03,282,268.14
74,74,2026-09-04,282,268.14
74,74,2026-09-05,237,268.14
74,74,2026-09-06,229,268.14
74,74,2026-09-07,228,260.29
74,74,2026-09-08,283,260.43
74,74,2026-09-09,282,260.43
74,74,2026-09-10,282,260.43
74,74,2026-09-11,282,260.43
74,74,2026-09-12,237,260.43
74,74,2026-09-13,229,260.43
74,74,2026-09-14,283,268.29
74,74,2026-09-15,282,268.14
74,74,2026-09-16,282,268.14
74,74,2026-09-17,282,268.14
74,74,2026-09-18,282,268.14
74,74,2026-09-19,237,268.14
74,74,2026-09-20,229,268.14
74,74,2026-09-21,283,268.14
74,74,2026-09-22,282,268.14
74,74,2026-09-23,282,268.14
74,74,2026-09-24,282,268.14
74,74,2026-09-25,282,268.14
74,74,2026-09-26,237,268.14
74,74,2026-09-27,229,268.14
74,74,2026-09-28,283,268.14
74,74,2026-09-29,282,268.14
74,74,2026-09-30,282,268.14
74,74,2026-10-01,282,268.14
74,74,2026-10-02,282,268.14
74,74,2026-10-03,237,268.14
74,74,2026-10-04,229,268.14
74,74,2026-10-05,283,268.14
74,74,2026-10-06,282,268.14
74,74,2026-10-07,282,268.14
74,74,2026-10-08,282,268.14
74,74,2026-10-09,282,268.14
74,74,2026-10-10,237,268.14
74,74,2026-10-11,229,268.14
74,74,2026-10-12,283,268.14
74,74,2026-10-13,282,268.14
74,74,2026-10-14,282,268.14
74,74,2026-10-15,282,268.14
74,74,2026-10-16,282,268.14
74,74,2026-10-17,237,268.14
74,74,2026-10-18,229,268.14
74,74,2026-10-19,283,268.14
74,74,2026-10-20,282,268.14
74,74,2026-10-21,282,268.14
74,74,2026-10-22,282,268.14
74,74,2026-10-23,282,268.14
74,74,2026-10-24,237,268.14
74,74,2026-10-25,229,268.14
74,74,2026-10-26,283,268.14
74,74,2026-10-27,282,268.14
74,74,2026-10-28,282,268.14
74,74,2026-10-29,282,268.14
74,74,2026-10-30,282,268.14
74,74,2026-10-31,237,268.14
75,75,2026-08-05,168,168.0
75,75,2026-08-06,168,168.0
75,75,2026-08-07,168,168.0
75,75,2026-08-08,136,160.0
75,75,2026-08-09,116,151.2
75,75,2026-08-10,168,154.0
75,75,2026-08-11,168,156.0
75,75,2026-08-12,168,156.0
75,75,2026-08-13,168,156.0
75,75,2026-08-14,168,156.0
75,75,2026-08-15,136,156.0
75,75,2026-08-16,116,156.0
75,75,2026-08-17,168,156.0
75,75,2026-08-18,168,156.0
75,75,2026-08-19,168,156.0
75,75,2026-08-20,168,156.0
75,75,2026-08-21,168,156.0
75,75,2026-08-22,136,156.0
75,75,2026-08-23,116,156.0
75,75,2026-08-24,168,156.0
75,75,2026-08-25,168,156.0
75,75,2026-08-26,168,156.0
75,75,2026-08-27,168,156.0
75,75,2026-08-28,168,156.0
75,75,2026-08-29,136,156.0
75,75,2026-08-30,116,156.0
75,75,2026-08-31,168,156.0
75,75,2026-09-01,168,156.0
75,75,2026-09-02,168,156.0
75,75,2026-09-03,168,156.0
75,75,2026-09-04,168,156.0
75,75,2026-09-05,136,156.0
75,75,2026-09-06,116,156.0
75,75,2026-09-07,116,148.57
75,75,2026-09-08,168,148.57
75,75,2026-09-09,168,148.57
75,75,2026-09-10,168,148.57
75,75,2026-09-11,168,148.57
75,75,2026-09-12,136,148.57
75,75,2026-09-13,116,148.57
75,75,2026-09-14,168,156.0
75,75,2026-09-15,168,156.0
75,75,2026-09-16,168,156.0
75,75,2026-09-17,168,156.0
75,75,2026-09-18,168,156.0
75,75,2026-09-19,136,156.0
75,75,2026-09-20,116,156.0
75,75,2026-09-21,168,156.0
75,75,2026-09-22,168,156.0
75,75,2026-09-23,168,156.0
75,75,2026-09-24,168,156.0
75,75,2026-09-25,168,156.0
75,75,2026-09-26,136,156.0
75,75,2026-09-27,116,156.0
75,75,2026-09-28,168,156.0
75,75,2026-09-29,168,156.0
75,75,2026-09-30,168,156.0
75,75,2026-10-01,168,156.0
75,75,2026-10-02,168,156.0
75,75,2026-10-03,136,156.0
75,75,2026-10-04,116,156.0
75,75,2026-10-05,168,156.0
75,75,2026-10-06,168,156.0
75,75,2026-10-07,168,156.0
75,75,2026-10-08,168,156.0
75,75,2026-10-09,168,156.0
75,75,2026-10-10,136,156.0
75,75,2026-10-11,116,156.0
75,75,2026-10-12,168,156.0
75,75,2026-10-13,168,156.0
75,75,2026-10-14,168,156.0
75,75,2026-10-15,168,156.0
75,75,2026-10-16,168,156.0
75,75,2026-10-17,136,156.0
75,75,2026-10-18,116,156.0
75,75,2026-10-19,168,156.0
75,75,2026-10-20,168,156.0
75,75,2026-10-21,168,156.0
75,75,2026-10-22,168,156.0
75,75,2026-10-23,168,156.0
75,75,2026-10-24,136,156.0
75,75,2026-10-25,116,156.0
75,75,2026-10-26,168,156.0
75,75,2026-10-27,168,156.0
75,75,2026-10-28,168,156.0
75,75,2026-10-29,168,156.0
75,75,2026-10-30,168,156.0
75,75,2026-10-31,136,156.0
76,76,2026-08-05,209,209.0
76,76,2026-08-06,209,209.0
76,76,2026-08-07,209,209.0
76,76,2026-08-08,140,191.75
76,76,2026-08-09,94,172.2
76,76,2026-08-10,208,178.17
76,76,2026-08-11,209,182.57
76,76,2026-08-12,209,182.57
76,76,2026-08-13,209,182.57
76,76,2026-08-14,209,182.57
76,76,2026-08-15,140,182.57
76,76,2026-08-16,94,182.57
76,76,2026-08-17,208,182.57
76,76,2026-08-18,209,182.57
76,76,2026-08-19,209,182.57
76,76,2026-08-20,209,182.57
76,76,2026-08-21,209,182.57
76,76,2026-08-22,140,182.57
76,76,2026-08-23,98,183.14
76,76,2026-08-24,208,183.14
76,76,2026-08-25,209,183.14
76,76,2026-08-26,209,183.14
76,76,2026-08-27,209,183.14
76,76,2026-08-28,209,183.14
76,76,2026-08-29,142,183.43
76,76,2026-08-30,98,183.43
76,76,2026-08-31,208,183.43
76,76,2026-09-01,209,183.43
76,76,2026-09-02,209,183.43
76,76,2026-09-03,209,183.43
76,76,2026-09-04,209,183.43
76,76,2026-09-05,142,183.43
76,76,2026-09-06,98,183.43
76,76,2026-09-07,98,167.71
76,76,2026-09-08,208,167.57
76,76,2026-09-09,209,167.57
76,76,2026-09-10,209,167.57
76,76,2026-09-11,209,167.57
76,76,2026-09-12,142,167.57
76,76,2026-09-13,98,167.57
76,76,2026-09-14,208,183.29
76,76,2026-09-15,209,183.43
76,76,2026-09-16,209,183.43
76,76,2026-09-17,209,183.43
76,76,2026-09-18,209,183.43
76,76,2026-09-19,142,183.43
76,76,2026-09-20,98,183.43
76,76,2026-09-21,208,183.43
76,76,2026-09-22,209,183.43
76,76,2026-09-23,209,183.43
76,76,2026-09-24,209,183.43
76,76,2026-09-25,209,183.43
76,76,2026-09-26,142,183.43
76,76,2026-09-27,98,183.43
76,76,2026-09-28,208,183.43
76,76,2026-09-29,209,183.43
76,76,2026-09-30,209,183.43
76,76,2026-10-01,209,183.43
76,76,2026-10-02,209,183.43
76,76,2026-10-03,142,183.43
76,76,2026-10-04,98,183.43
76,76,2026-10-05,208,183.43
76,76,2026-10-06,209,183.43
76,76,2026-10-07,209,183.43
76,76,2026-10-08,209,183.43
76,76,2026-10-09,209,183.43
76,76,2026-10-10,142,183.43
76,76,2026-10-11,98,183.43
76,76,2026-10-12,208,183.43
76,76,2026-10-13,209,183.43
76,76,2026-10-14,209,183.43
76,76,2026-10-15,209,183.43
76,76,2026-10-16,209,183.43
76,76,2026-10-17,142,183.43
76,76,2026-10-18,98,183.43
76,76,2026-10-19,208,183.43
76,76,2026-10-20,209,183.43
76,76,2026-10-21,209,183.43
76,76,2026-10-22,209,183.43
76,76,2026-10-23,209,183.43
76,76,2026-10-24,142,183.43
76,76,2026-10-25,98,183.43
76,76,2026-10-26,208,183.43
76,76,2026-10-27,209,183.43
76,76,2026-10-28,209,183.43
76,76,2026-10-29,209,183.43
76,76,2026-10-30,209,183.43
76,76,2026-10-31,142,183.43
77,77,2026-08-05,329,329.0
77,77,2026-08-06,329,329.0
77,77,2026-08-07,329,329.0
77,77,2026-08-08,249,309.0
77,77,2026-08-09,229,293.0
77,77,2026-08-10,329,299.0
77,77,2026-08-11,329,303.29
77,77,2026-08-12,329,303.29
77,77,2026-08-13,329,303.29
77,77,2026-08-14,329,303.29
77,77,2026-08-15,249,303.29
77,77,2026-08-16,229,303.29
77,77,2026-08-17,329,303.29
77,77,2026-08-18,329,303.29
77,77,2026-08-19,329,303.29
77,77,2026-08-20,329,303.29
77,77,2026-08-21,329,303.29
77,77,2026-08-22,249,303.29
77,77,2026-08-23,229,303.29
77,77,2026-08-24,328,303.14
77,77,2026-08-25,328,303.0
77,77,2026-08-26,328,302.86
77,77,2026-08-27,328,302.71
77,77,2026-08-28,328,302.57
77,77,2026-08-29,249,302.57
77,77,2026-08-30,229,302.57
77,77,2026-08-31,328,302.57
77,77,2026-09-01,328,302.57
77,77,2026-09-02,328,302.57
77,77,2026-09-03,328,302.57
77,77,2026-09-04,328,302.57
77,77,2026-09-05,249,302.57
77,77,2026-09-06,229,302.57
77,77,2026-09-07,227,288.14
77,77,2026-09-08,328,288.14
77,77,2026-09-09,328,288.14
77,77,2026-09-10,328,288.14
77,77,2026-09-11,328,288.14
77,77,2026-09-12,249,288.14
77,77,2026-09-13,229,288.14
77,77,2026-09-14,328,302.57
77,77,2026-09-15,328,302.57
77,77,2026-09-16,328,302.57
77,77,2026-09-17,328,302.57
77,77,2026-09-18,328,302.57
77,77,2026-09-19,249,302.57
77,77,2026-09-20,229,302.57
77,77,2026-09-21,328,302.57
77,77,2026-09-22,328,302.57
77,77,2026-09-23,328,302.57
77,77,2026-09-24,328,302.57
77,77,2026-09-25,328,302.57
77,77,2026-09-26,249,302.57
77,77,2026-09-27,229,302.57
77,77,2026-09-28,328,302.57
77,77,2026-09-29,328,302.57
77,77,2026-09-30,328,302.57
77,77,2026-10-01,328,302.57
77,77,2026-10-02,328,302.57
77,77,2026-10-03,249,302.57
77,77,2026-10-04,229,302.57
77,77,2026-10-05,328,302.57
77,77,2026-10-06,328,302.57
77,77,2026-10-07,328,302.57
77,77,2026-10-08,328,302.57
77,77,2026-10-09,328,302.57
77,77,2026-10-10,249,302.57
77,77,2026-10-11,229,302.57
77,77,2026-10-12,328,302.57
77,77,2026-10-13,328,302.57
77,77,2026-10-14,328,302.57
77,77,2026-10-15,328,302.57
77,77,2026-10-16,328,302.57
77,77,2026-10-17,249,302.57
77,77,2026-10-18,229,302.57
77,77,2026-10-19,328,302.57
77,77,2026-10-20,328,302.57
77,77,2026-10-21,328,302.57
77,77,2026-10-22,328,302.57
77,77,2026-10-23,328,302.57
77,77,2026-10-24,249,302.57
77,77,2026-10-25,229,302.57
77,77,2026-10-26,328,302.57
77,77,2026-10-27,328,302.57
77,77,2026-10-28,328,302.57
77,77,2026-10-29,328,302.57
77,77,2026-10-30,328,302.57
77,77,2026-10-31,249,302.57
78,78,2026-08-05,162,162.0
78,78,2026-08-06,162,162.0
78,78,2026-08-07,162,162.0
78,78,2026-08-08,134,155.0
78,78,2026-08-09,112,146.4
78,78,2026-08-10,162,149.0
78,78,2026-08-11,162,150.86
78,78,2026-08-12,162,150.86
78,78,2026-08-13,162,150.86
78,78,2026-08-14,162,150.86
78,78,2026-08-15,134,150.86
78,78,2026-08-16,112,150.86
78,78,2026-08-17,162,150.86
78,78,2026-08-18,162,150.86
78,78,2026-08-19,162,150.86
78,78,2026-08-20,162,150.86
78,78,2026-08-21,162,150.86
78,78,2026-08-22,134,150.86
78,78,2026-08-23,107,150.14
78,78,2026-08-24,167,150.86
78,78,2026-08-25,167,151.57
78,78,2026-08-26,167,152.29
78,78,2026-08-27,167,153.0
78,78,2026-08-28,167,153.71
78,78,2026-08-29,132,153.43
78,78,2026-08-30,107,153.43
78,78,2026-08-31,167,153.43
78,78,2026-09-01,167,153.43
78,78,2026-09-02,167,153.43
78,78,2026-09-03,167,153.43
78,78,2026-09-04,167,153.43
78,78,2026-09-05,132,153.43
78,78,2026-09-06,107,153.43
78,78,2026-09-07,107,144.86
78,78,2026-09-08,167,144.86
78,78,2026-09-09,167,144.86
78,78,2026-09-10,167,144.86
78,78,2026-09-11,167,144.86
78,78,2026-09-12,132,144.86
78,78,2026-09-13,107,144.86
78,78,2026-09-14,167,153.43
78,78,2026-09-15,167,153.43
78,78,2026-09-16,167,153.43
78,78,2026-09-17,167,153.43
78,78,2026-09-18,167,153.43
78,78,2026-09-19,132,153.43
78,78,2026-09-20,107,153.43
78,78,2026-09-21,167,153.43
78,78,2026-09-22,167,153.43
78,78,2026-09-23,167,153.43
78,78,2026-09-24,167,153.43
78,78,2026-09-25,167,153.43
78,78,2026-09-26,132,153.43
78,78,2026-09-27,107,153.43
78,78,2026-09-28,167,153.43
78,78,2026-09-29,167,153.43
78,78,2026-09-30,167,153.43
78,78,2026-10-01,167,153.43
78,78,2026-10-02,167,153.43
78,78,2026-10-03,132,153.43
78,78,2026-10-04,107,153.43
78,78,2026-10-05,167,153.43
78,78,2026-10-06,167,153.43
78,78,2026-10-07,167,153.43
78,78,2026-10-08,167,153.43
78,78,2026-10-09,167,153.43
78,78,2026-10-10,132,153.43
78,78,2026-10-11,107,153.43
78,78,2026-10-12,167,153.43
78,78,2026-10-13,167,153.43
78,78,2026-10-14,167,153.43
78,78,2026-10-15,167,153.43
78,78,2026-10-16,167,153.43
78,78,2026-10-17,132,153.43
78,78,2026-10-18,107,153.43
78,78,2026-10-19,167,153.43
78,78,2026-10-20,167,153.43
78,78,2026-10-21,167,153.43
78,78,2026-10-22,167,153.43
78,78,2026-10-23,167,153.43
78,78,2026-10-24,132,153.43
78,78,2026-10-25,107,153.43
78,78,2026-10-26,167,153.43
78,78,2026-10-27,167,153.43
78,78,2026-10-28,167,153.43
78,78,2026-10-29,167,153.43
78,78,2026-10-30,167,153.43
78,78,2026-10-31,132,153.43
79,79,2026-08-05,457,457.0
79,79,2026-08-06,457,457.0
79,79,2026-08-07,457,457.0
79,79,2026-08-08,374,436.25
79,79,2026-08-09,280,405.0
79,79,2026-08-10,447,412.0
79,79,2026-08-11,457,418.43
79,79,2026-08-12,457,418.43
79,79,2026-08-13,457,418.43
79,79,2026-08-14,457,418.43
79,79,2026-08-15,374,418.43
79,79,2026-08-16,280,418.43
79,79,2026-08-17,447,418.43
79,79,2026-08-18,457,418.43
79,79,2026-08-19,457,418.43
79,79,2026-08-20,457,418.43
79,79,2026-08-21,457,418.43
79,79,2026-08-22,374,418.43
79,79,2026-08-23,283,418.86
79,79,2026-08-24,446,418.71
79,79,2026-08-25,450,417.71
79,79,2026-08-26,450,416.71
79,79,2026-08-27,450,415.71
79,79,2026-08-28,450,414.71
79,79,2026-08-29,381,415.71
79,79,2026-08-30,283,415.71
79,79,2026-08-31,446,415.71
79,79,2026-09-01,450,415.71
79,79,2026-09-02,450,415.71
79,79,2026-09-03,450,415.71
79,79,2026-09-04,450,415.71
79,79,2026-09-05,381,415.71
79,79,2026-09-06,283,415.71
79,79,2026-09-07,280,392.0
79,79,2026-09-08,446,391.43
79,79,2026-09-09,450,391.43
79,79,2026-09-10,450,391.43
79,79,2026-09-11,450,391.43
79,79,2026-09-12,381,391.43
79,79,2026-09-13,283,391.43
79,79,2026-09-14,446,415.14
79,79,2026-09-15,450,415.71
79,79,2026-09-16,450,415.71
79,79,2026-09-17,450,415.71
79,79,2026-09-18,450,415.71
79,79,2026-09-19,381,415.71
79,79,2026-09-20,283,415.71
79,79,2026-09-21,446,415.71
79,79,2026-09-22,450,415.71
79,79,2026-09-23,450,415.71
79,79,2026-09-24,450,415.71
79,79,2026-09-25,450,415.71
79,79,2026-09-26,381,415.71
79,79,2026-09-27,283,415.71
79,79,2026-09-28,446,415.71
79,79,2026-09-29,450,415.71
79,79,2026-09-30,450,415.71
79,79,2026-10-01,450,415.71
79,79,2026-10-02,450,415.71
79,79,2026-10-03,381,415.71
79,79,2026-10-04,283,415.71
79,79,2026-10-05,446,415.71
79,79,2026-10-06,450,415.71
79,79,2026-10-07,450,415.71
79,79,2026-10-08,450,415.71
79,79,2026-10-09,450,415.71
79,79,2026-10-10,381,415.71
79,79,2026-10-11,283,415.71
79,79,2026-10-12,446,415.71
79,79,2026-10-13,450,415.71
79,79,2026-10-14,450,415.71
79,79,2026-10-15,450,415.71
79,79,2026-10-16,450,415.71
79,79,2026-10-17,381,415.71
79,79,2026-10-18,283,415.71
79,79,2026-10-19,446,415.71
79,79,2026-10-20,450,415.71
79,79,2026-10-21,450,415.71
79,79,2026-10-22,450,415.71
79,79,2026-10-23,450,415.71
79,79,2026-10-24,381,415.71
79,79,2026-10-25,283,415.71
79,79,2026-10-26,446,415.71
79,79,2026-10-27,450,415.71
79,79,2026-10-28,450,415.71
79,79,2026-10-29,450,415.71
79,79,2026-10-30,450,415.71
79,79,2026-10-31,381,415.71
8,8,2026-08-05,257,257.0
8,8,2026-08-06,257,257.0
8,8,2026-08-07,257,257.0
8,8,2026-08-08,187,239.5
8,8,2026-08-09,145,220.6
8,8,2026-08-10,257,226.67
8,8,2026-08-11,257,231.0
8,8,2026-08-12,257,231.0
8,8,2026-08-13,257,231.0
8,8,2026-08-14,257,231.0
8,8,2026-08-15,187,231.0
8,8,2026-08-16,145,231.0
8,8,2026-08-17,257,231.0
8,8,2026-08-18,257,231.0
8,8,2026-08-19,257,231.0
8,8,2026-08-20,257,231.0
8,8,2026-08-21,257,231.0
8,8,2026-08-22,187,231.0
8,8,2026-08-23,145,231.0
8,8,2026-08-24,257,231.0
8,8,2026-08-25,257,231.0
8,8,2026-08-26,257,231.0
8,8,2026-08-27,257,231.0
8,8,2026-08-28,257,231.0
8,8,2026-08-29,187,231.0
8,8,2026-08-30,145,231.0
8,8,2026-08-31,257,231.0
8,8,2026-09-01,257,231.0
8,8,2026-09-02,257,231.0
8,8,2026-09-03,257,231.0
8,8,2026-09-04,257,231.0
8,8,2026-09-05,187,231.0
8,8,2026-09-06,145,231.0
8,8,2026-09-07,145,215.0
8,8,2026-09-08,257,215.0
8,8,2026-09-09,257,215.0
8,8,2026-09-10,257,215.0
8,8,2026-09-11,257,215.0
8,8,2026-09-12,187,215.0
8,8,2026-09-13,145,215.0
8,8,2026-09-14,257,231.0
8,8,2026-09-15,257,231.0
8,8,2026-09-16,257,231.0
8,8,2026-09-17,257,231.0
8,8,2026-09-18,257,231.0
8,8,2026-09-19,187,231.0
8,8,2026-09-20,145,231.0
8,8,2026-09-21,257,231.0
8,8,2026-09-22,257,231.0
8,8,2026-09-23,257,231.0
8,8,2026-09-24,257,231.0
8,8,2026-09-25,257,231.0
8,8,2026-09-26,187,231.0
8,8,2026-09-27,145,231.0
8,8,2026-09-28,257,231.0
8,8,2026-09-29,257,231.0
8,8,2026-09-30,257,231.0
8,8,2026-10-01,257,231.0
8,8,2026-10-02,257,231.0
8,8,2026-10-03,187,231.0
8,8,2026-10-04,145,231.0
8,8,2026-10-05,257,231.0
8,8,2026-10-06,257,231.0
8,8,2026-10-07,257,231.0
8,8,2026-10-08,257,231.0
8,8,2026-10-09,257,231.0
8,8,2026-10-10,187,231.0
8,8,2026-10-11,145,231.0
8,8,2026-10-12,257,231.0
8,8,2026-10-13,257,231.0
8,8,2026-10-14,257,231.0
8,8,2026-10-15,257,231.0
8,8,2026-10-16,257,231.0
8,8,2026-10-17,187,231.0
8,8,2026-10-18,145,231.0
8,8,2026-10-19,257,231.0
8,8,2026-10-20,257,231.0
8,8,2026-10-21,257,231.0
8,8,2026-10-22,257,231.0
8,8,2026-10-23,257,231.0
8,8,2026-10-24,187,231.0
8,8,2026-10-25,145,231.0
8,8,2026-10-26,257,231.0
8,8,2026-10-27,257,231.0
8,8,2026-10-28,257,231.0
8,8,2026-10-29,257,231.0
8,8,2026-10-30,257,231.0
8,8,2026-10-31,187,231.0
80,80,2026-08-05,204,204.0
80,80,2026-08-06,204,204.0
80,80,2026-08-07,204,204.0
80,80,2026-08-08,177,197.25
80,80,2026-08-09,144,186.6
80,80,2026-08-10,203,189.33
80,80,2026-08-11,204,191.43
80,80,2026-08-12,204,191.43
80,80,2026-08-13,204,191.43
80,80,2026-08-14,204,191.43
80,80,2026-08-15,177,191.43
80,80,2026-08-16,144,191.43
80,80,2026-08-17,203,191.43
80,80,2026-08-18,204,191.43
80,80,2026-08-19,204,191.43
80,80,2026-08-20,204,191.43
80,80,2026-08-21,204,191.43
80,80,2026-08-22,177,191.43
80,80,2026-08-23,144,191.43
80,80,2026-08-24,207,192.0
80,80,2026-08-25,208,192.57
80,80,2026-08-26,208,193.14
80,80,2026-08-27,208,193.71
80,80,2026-08-28,208,194.29
80,80,2026-08-29,177,194.29
80,80,2026-08-30,144,194.29
80,80,2026-08-31,207,194.29
80,80,2026-09-01,208,194.29
80,80,2026-09-02,208,194.29
80,80,2026-09-03,208,194.29
80,80,2026-09-04,208,194.29
80,80,2026-09-05,177,194.29
80,80,2026-09-06,144,194.29
80,80,2026-09-07,144,185.29
80,80,2026-09-08,207,185.14
80,80,2026-09-09,208,185.14
80,80,2026-09-10,208,185.14
80,80,2026-09-11,208,185.14
80,80,2026-09-12,177,185.14
80,80,2026-09-13,144,185.14
80,80,2026-09-14,207,194.14
80,80,2026-09-15,208,194.29
80,80,2026-09-16,208,194.29
80,80,2026-09-17,208,194.29
80,80,2026-09-18,208,194.29
80,80,2026-09-19,177,194.29
80,80,2026-09-20,144,194.29
80,80,2026-09-21,207,194.29
80,80,2026-09-22,208,194.29
80,80,2026-09-23,208,194.29
80,80,2026-09-24,208,194.29
80,80,2026-09-25,208,194.29
80,80,2026-09-26,177,194.29
80,80,2026-09-27,144,194.29
80,80,2026-09-28,207,194.29
80,80,2026-09-29,208,194.29
80,80,2026-09-30,208,194.29
80,80,2026-10-01,208,194.29
80,80,2026-10-02,208,194.29
80,80,2026-10-03,177,194.29
80,80,2026-10-04,144,194.29
80,80,2026-10-05,207,194.29
80,80,2026-10-06,208,194.29
80,80,2026-10-07,208,194.29
80,80,2026-10-08,208,194.29
80,80,2026-10-09,208,194.29
80,80,2026-10-10,177,194.29
80,80,2026-10-11,144,194.29
80,80,2026-10-12,207,194.29
80,80,2026-10-13,208,194.29
80,80,2026-10-14,208,194.29
80,80,2026-10-15,208,194.29
80,80,2026-10-16,208,194.29
80,80,2026-10-17,177,194.29
80,80,2026-10-18,144,194.29
80,80,2026-10-19,207,194.29
80,80,2026-10-20,208,194.29
80,80,2026-10-21,208,194.29
80,80,2026-10-22,208,194.29
80,80,2026-10-23,208,194.29
80,80,2026-10-24,177,194.29
80,80,2026-10-25,144,194.29
80,80,2026-10-26,207,194.29
80,80,2026-10-27,208,194.29
80,80,2026-10-28,208,194.29
80,80,2026-10-29,208,194.29
80,80,2026-10-30,208,194.29
80,80,2026-10-31,177,194.29
81,81,2026-08-05,262,262.0
81,81,2026-08-06,262,262.0
81,81,2026-08-07,262,262.0
81,81,2026-08-08,234,255.0
81,81,2026-08-09,220,248.0
81,81,2026-08-10,260,250.0
81,81,2026-08-11,262,251.71
81,81,2026-08-12,262,251.71
81,81,2026-08-13,262,251.71
81,81,2026-08-14,262,251.71
81,81,2026-08-15,234,251.71
81,81,2026-08-16,220,251.71
81,81,2026-08-17,260,251.71
81,81,2026-08-18,262,251.71
81,81,2026-08-19,262,251.71
81,81,2026-08-20,262,251.71
81,81,2026-08-21,262,251.71
81,81,2026-08-22,234,251.71
81,81,2026-08-23,220,251.71
81,81,2026-08-24,260,251.71
81,81,2026-08-25,262,251.71
81,81,2026-08-26,262,251.71
81,81,2026-08-27,262,251.71
81,81,2026-08-28,262,251.71
81,81,2026-08-29,234,251.71
81,81,2026-08-30,220,251.71
81,81,2026-08-31,260,251.71
81,81,2026-09-01,262,251.71
81,81,2026-09-02,262,251.71
81,81,2026-09-03,262,251.71
81,81,2026-09-04,262,251.71
81,81,2026-09-05,234,251.71
81,81,2026-09-06,220,251.71
81,81,2026-09-07,218,245.71
81,81,2026-09-08,260,245.43
81,81,2026-09-09,262,245.43
81,81,2026-09-10,262,245.43
81,81,2026-09-11,262,245.43
81,81,2026-09-12,234,245.43
81,81,2026-09-13,220,245.43
81,81,2026-09-14,260,251.43
81,81,2026-09-15,262,251.71
81,81,2026-09-16,262,251.71
81,81,2026-09-17,262,251.71
81,81,2026-09-18,262,251.71
81,81,2026-09-19,234,251.71
81,81,2026-09-20,220,251.71
81,81,2026-09-21,260,251.71
81,81,2026-09-22,262,251.71
81,81,2026-09-23,262,251.71
81,81,2026-09-24,262,251.71
81,81,2026-09-25,262,251.71
81,81,2026-09-26,234,251.71
81,81,2026-09-27,220,251.71
81,81,2026-09-28,260,251.71
81,81,2026-09-29,262,251.71
81,81,2026-09-30,262,251.71
81,81,2026-10-01,262,251.71
81,81,2026-10-02,262,251.71
81,81,2026-10-03,234,251.71
81,81,2026-10-04,220,251.71
81,81,2026-10-05,260,251.71
81,81,2026-10-06,262,251.71
81,81,2026-10-07,262,251.71
81,81,2026-10-08,262,251.71
81,81,2026-10-09,262,251.71
81,81,2026-10-10,234,251.71
81,81,2026-10-11,220,251.71
81,81,2026-10-12,260,251.71
81,81,2026-10-13,262,251.71
81,81,2026-10-14,262,251.71
81,81,2026-10-15,262,251.71
81,81,2026-10-16,262,251.71
81,81,2026-10-17,234,251.71
81,81,2026-10-18,220,251.71
81,81,2026-10-19,260,251.71
81,81,2026-10-20,262,251.71
81,81,2026-10-21,262,251.71
81,81,2026-10-22,262,251.71
81,81,2026-10-23,262,251.71
81,81,2026-10-24,234,251.71
81,81,2026-10-25,220,251.71
81,81,2026-10-26,260,251.71
81,81,2026-10-27,262,251.71
81,81,2026-10-28,262,251.71
81,81,2026-10-29,262,251.71
81,81,2026-10-30,262,251.71
81,81,2026-10-31,234,251.71
81W,81W,2026-08-05,88,88.0
81W,81W,2026-08-06,88,88.0
81W,81W,2026-08-07,88,88.0
81W,81W,2026-08-08,90,88.5
81W,81W,2026-08-09,56,82.0
81W,81W,2026-08-10,88,83.0
81W,81W,2026-08-11,88,83.71
81W,81W,2026-08-12,88,83.71
81W,81W,2026-08-13,88,83.71
81W,81W,2026-08-14,88,83.71
81W,81W,2026-08-15,90,83.71
81W,81W,2026-08-16,56,83.71
81W,81W,2026-08-17,88,83.71
81W,81W,2026-08-18,88,83.71
81W,81W,2026-08-19,88,83.71
81W,81W,2026-08-20,88,83.71
81W,81W,2026-08-21,88,83.71
81W,81W,2026-08-22,90,83.71
81W,81W,2026-08-23,56,83.71
81W,81W,2026-08-24,88,83.71
81W,81W,2026-08-25,88,83.71
81W,81W,2026-08-26,88,83.71
81W,81W,2026-08-27,88,83.71
81W,81W,2026-08-28,88,83.71
81W,81W,2026-08-29,90,83.71
81W,81W,2026-08-30,56,83.71
81W,81W,2026-08-31,88,83.71
81W,81W,2026-09-01,88,83.71
81W,81W,2026-09-02,88,83.71
81W,81W,2026-09-03,88,83.71
81W,81W,2026-09-04,88,83.71
81W,81W,2026-09-05,90,83.71
81W,81W,2026-09-06,56,83.71
81W,81W,2026-09-07,56,79.14
81W,81W,2026-09-08,88,79.14
81W,81W,2026-09-09,88,79.14
81W,81W,2026-09-10,88,79.14
81W,81W,2026-09-11,88,79.14
81W,81W,2026-09-12,90,79.14
81W,81W,2026-09-13,56,79.14
81W,81W,2026-09-14,88,83.71
81W,81W,2026-09-15,88,83.71
81W,81W,2026-09-16,88,83.71
81W,81W,2026-09-17,88,83.71
81W,81W,2026-09-18,88,83.71
81W,81W,2026-09-19,90,83.71
81W,81W,2026-09-20,56,83.71
81W,81W,2026-09-21,88,83.71
81W,81W,2026-09-22,88,83.71
81W,81W,2026-09-23,88,83.71
81W,81W,2026-09-24,88,83.71
81W,81W,2026-09-25,88,83.71
81W,81W,2026-09-26,90,83.71
81W,81W,2026-09-27,56,83.71
81W,81W,2026-09-28,88,83.71
81W,81W,2026-09-29,88,83.71
81W,81W,2026-09-30,88,83.71
81W,81W,2026-10-01,88,83.71
81W,81W,2026-10-02,88,83.71
81W,81W,2026-10-03,90,83.71
81W,81W,2026-10-04,56,83.71
81W,81W,2026-10-05,88,83.71
81W,81W,2026-10-06,88,83.71
81W,81W,2026-10-07,88,83.71
81W,81W,2026-10-08,88,83.71
81W,81W,2026-10-09,88,83.71
81W,81W,2026-10-10,90,83.71
81W,81W,2026-10-11,56,83.71
81W,81W,2026-10-12,88,83.71
81W,81W,2026-10-13,88,83.71
81W,81W,2026-10-14,88,83.71
81W,81W,2026-10-15,88,83.71
81W,81W,2026-10-16,88,83.71
81W,81W,2026-10-17,90,83.71
81W,81W,2026-10-18,56,83.71
81W,81W,2026-10-19,88,83.71
81W,81W,2026-10-20,88,83.71
81W,81W,2026-10-21,88,83.71
81W,81W,2026-10-22,88,83.71
81W,81W,2026-10-23,88,83.71
81W,81W,2026-10-24,90,83.71
81W,81W,2026-10-25,56,83.71
81W,81W,2026-10-26,88,83.71
81W,81W,2026-10-27,88,83.71
81W,81W,2026-10-28,88,83.71
81W,81W,2026-10-29,88,83.71
81W,81W,2026-10-30,88,83.71
81W,81W,2026-10-31,90,83.71
82,82,2026-08-05,300,300.0
82,82,2026-08-06,300,300.0
82,82,2026-08-07,300,300.0
82,82,2026-08-08,284,296.0
82,82,2026-08-09,265,289.8
82,82,2026-08-10,299,291.33
82,82,2026-08-11,300,292.57
82,82,2026-08-12,300,292.57
82,82,2026-08-13,300,292.57
82,82,2026-08-14,300,292.57
82,82,2026-08-15,284,292.57
82,82,2026-08-16,265,292.57
82,82,2026-08-17,299,292.57
82,82,2026-08-18,300,292.57
82,82,2026-08-19,300,292.57
82,82,2026-08-20,300,292.57
82,82,2026-08-21,300,292.57
82,82,2026-08-22,284,292.57
82,82,2026-08-23,266,292.71
82,82,2026-08-24,281,290.14
82,82,2026-08-25,280,287.29
82,82,2026-08-26,280,284.43
82,82,2026-08-27,280,281.57
82,82,2026-08-28,280,278.71
82,82,2026-08-29,246,273.29
82,82,2026-08-30,266,273.29
82,82,2026-08-31,281,273.29
82,82,2026-09-01,280,273.29
82,82,2026-09-02,280,273.29
82,82,2026-09-03,280,273.29
82,82,2026-09-04,280,273.29
82,82,2026-09-05,246,273.29
82,82,2026-09-06,266,273.29
82,82,2026-09-07,267,271.29
82,82,2026-09-08,281,271.43
82,82,2026-09-09,280,271.43
82,82,2026-09-10,280,271.43
82,82,2026-09-11,280,271.43
82,82,2026-09-12,246,271.43
82,82,2026-09-13,266,271.43
82,82,2026-09-14,281,273.43
82,82,2026-09-15,280,273.29
82,82,2026-09-16,280,273.29
82,82,2026-09-17,280,273.29
82,82,2026-09-18,280,273.29
82,82,2026-09-19,246,273.29
82,82,2026-09-20,266,273.29
82,82,2026-09-21,281,273.29
82,82,2026-09-22,280,273.29
82,82,2026-09-23,280,273.29
82,82,2026-09-24,280,273.29
82,82,2026-09-25,280,273.29
82,82,2026-09-26,246,273.29
82,82,2026-09-27,266,273.29
82,82,2026-09-28,281,273.29
82,82,2026-09-29,280,273.29
82,82,2026-09-30,280,273.29
82,82,2026-10-01,280,273.29
82,82,2026-10-02,280,273.29
82,82,2026-10-03,246,273.29
82,82,2026-10-04,266,273.29
82,82,2026-10-05,281,273.29
82,82,2026-10-06,280,273.29
82,82,2026-10-07,280,273.29
82,82,2026-10-08,280,273.29
82,82,2026-10-09,280,273.29
82,82,2026-10-10,246,273.29
82,82,2026-10-11,266,273.29
82,82,2026-10-12,281,273.29
82,82,2026-10-13,280,273.29
82,82,2026-10-14,280,273.29
82,82,2026-10-15,280,273.29
82,82,2026-10-16,280,273.29
82,82,2026-10-17,246,273.29
82,82,2026-10-18,266,273.29
82,82,2026-10-19,281,273.29
82,82,2026-10-20,280,273.29
82,82,2026-10-21,280,273.29
82,82,2026-10-22,280,273.29
82,82,2026-10-23,280,273.29
82,82,2026-10-24,246,273.29
82,82,2026-10-25,266,273.29
82,82,2026-10-26,281,273.29
82,82,2026-10-27,280,273.29
82,82,2026-10-28,280,273.29
82,82,2026-10-29,280,273.29
82,82,2026-10-30,280,273.29
82,82,2026-10-31,246,273.29
84,84,2026-08-05,134,134.0
84,84,2026-08-06,134,134.0
84,84,2026-08-07,134,134.0
84,84,2026-08-08,88,122.5
84,84,2026-08-09,72,112.4
84,84,2026-08-10,134,116.0
84,84,2026-08-11,134,118.57
84,84,2026-08-12,134,118.57
84,84,2026-08-13,134,118.57
84,84,2026-08-14,134,118.57
84,84,2026-08-15,88,118.57
84,84,2026-08-16,72,118.57
84,84,2026-08-17,134,118.57
84,84,2026-08-18,134,118.57
84,84,2026-08-19,134,118.57
84,84,2026-08-20,134,118.57
84,84,2026-08-21,134,118.57
84,84,2026-08-22,88,118.57
84,84,2026-08-23,72,118.57
84,84,2026-08-24,142,119.71
84,84,2026-08-25,142,120.86
84,84,2026-08-26,142,122.0
84,84,2026-08-27,142,123.14
84,84,2026-08-28,142,124.29
84,84,2026-08-29,88,124.29
84,84,2026-08-30,72,124.29
84,84,2026-08-31,142,124.29
84,84,2026-09-01,142,124.29
84,84,2026-09-02,142,124.29
84,84,2026-09-03,142,124.29
84,84,2026-09-04,142,124.29
84,84,2026-09-05,88,124.29
84,84,2026-09-06,72,124.29
84,84,2026-09-07,72,114.29
84,84,2026-09-08,142,114.29
84,84,2026-09-09,142,114.29
84,84,2026-09-10,142,114.29
84,84,2026-09-11,142,114.29
84,84,2026-09-12,88,114.29
84,84,2026-09-13,72,114.29
84,84,2026-09-14,142,124.29
84,84,2026-09-15,142,124.29
84,84,2026-09-16,142,124.29
84,84,2026-09-17,142,124.29
84,84,2026-09-18,142,124.29
84,84,2026-09-19,88,124.29
84,84,2026-09-20,72,124.29
84,84,2026-09-21,142,124.29
84,84,2026-09-22,142,124.29
84,84,2026-09-23,142,124.29
84,84,2026-09-24,142,124.29
84,84,2026-09-25,142,124.29
84,84,2026-09-26,88,124.29
84,84,2026-09-27,72,124.29
84,84,2026-09-28,142,124.29
84,84,2026-09-29,142,124.29
84,84,2026-09-30,142,124.29
84,84,2026-10-01,142,124.29
84,84,2026-10-02,142,124.29
84,84,2026-10-03,88,124.29
84,84,2026-10-04,72,124.29
84,84,2026-10-05,142,124.29
84,84,2026-10-06,142,124.29
84,84,2026-10-07,142,124.29
84,84,2026-10-08,142,124.29
84,84,2026-10-09,142,124.29
84,84,2026-10-10,88,124.29
84,84,2026-10-11,72,124.29
84,84,2026-10-12,142,124.29
84,84,2026-10-13,142,124.29
84,84,2026-10-14,142,124.29
84,84,2026-10-15,142,124.29
84,84,2026-10-16,142,124.29
84,84,2026-10-17,88,124.29
84,84,2026-10-18,72,124.29
84,84,2026-10-19,142,124.29
84,84,2026-10-20,142,124.29
84,84,2026-10-21,142,124.29
84,84,2026-10-22,142,124.29
84,84,2026-10-23,142,124.29
84,84,2026-10-24,88,124.29
84,84,2026-10-25,72,124.29
84,84,2026-10-26,142,124.29
84,84,2026-10-27,142,124.29
84,84,2026-10-28,142,124.29
84,84,2026-10-29,142,124.29
84,84,2026-10-30,142,124.29
84,84,2026-10-31,88,124.29
85,85,2026-08-05,182,182.0
85,85,2026-08-06,182,182.0
85,85,2026-08-07,182,182.0
85,85,2026-08-08,150,174.0
85,85,2026-08-09,136,166.4
85,85,2026-08-10,182,169.0
85,85,2026-08-11,182,170.86
85,85,2026-08-12,182,170.86
85,85,2026-08-13,182,170.86
85,85,2026-08-14,182,170.86
85,85,2026-08-15,150,170.86
85,85,2026-08-16,136,170.86
85,85,2026-08-17,182,170.86
85,85,2026-08-18,182,170.86
85,85,2026-08-19,182,170.86
85,85,2026-08-20,182,170.86
85,85,2026-08-21,182,170.86
85,85,2026-08-22,150,170.86
85,85,2026-08-23,209,181.29
85,85,2026-08-24,244,190.14
85,85,2026-08-25,244,199.0
85,85,2026-08-26,244,207.86
85,85,2026-08-27,244,216.71
85,85,2026-08-28,244,225.57
85,85,2026-08-29,213,234.57
85,85,2026-08-30,209,234.57
85,85,2026-08-31,244,234.57
85,85,2026-09-01,244,234.57
85,85,2026-09-02,244,234.57
85,85,2026-09-03,244,234.57
85,85,2026-09-04,244,234.57
85,85,2026-09-05,213,234.57
85,85,2026-09-06,209,234.57
85,85,2026-09-07,208,229.43
85,85,2026-09-08,244,229.43
85,85,2026-09-09,244,229.43
85,85,2026-09-10,244,229.43
85,85,2026-09-11,244,229.43
85,85,2026-09-12,213,229.43
85,85,2026-09-13,209,229.43
85,85,2026-09-14,244,234.57
85,85,2026-09-15,244,234.57
85,85,2026-09-16,244,234.57
85,85,2026-09-17,244,234.57
85,85,2026-09-18,244,234.57
85,85,2026-09-19,213,234.57
85,85,2026-09-20,209,234.57
85,85,2026-09-21,244,234.57
85,85,2026-09-22,244,234.57
85,85,2026-09-23,244,234.57
85,85,2026-09-24,244,234.57
85,85,2026-09-25,244,234.57
85,85,2026-09-26,213,234.57
85,85,2026-09-27,209,234.57
85,85,2026-09-28,244,234.57
85,85,2026-09-29,244,234.57
85,85,2026-09-30,244,234.57
85,85,2026-10-01,244,234.57
85,85,2026-10-02,244,234.57
85,85,2026-10-03,213,234.57
85,85,2026-10-04,209,234.57
85,85,2026-10-05,244,234.57
85,85,2026-10-06,244,234.57
85,85,2026-10-07,244,234.57
85,85,2026-10-08,244,234.57
85,85,2026-10-09,244,234.57
85,85,2026-10-10,213,234.57
85,85,2026-10-11,209,234.57
85,85,2026-10-12,244,234.57
85,85,2026-10-13,244,234.57
85,85,2026-10-14,244,234.57
85,85,2026-10-15,244,234.57
85,85,2026-10-16,244,234.57
85,85,2026-10-17,213,234.57
85,85,2026-10-18,209,234.57
85,85,2026-10-19,244,234.57
85,85,2026-10-20,244,234.57
85,85,2026-10-21,244,234.57
85,85,2026-10-22,244,234.57
85,85,2026-10-23,244,234.57
85,85,2026-10-24,213,234.57
85,85,2026-10-25,209,234.57
85,85,2026-10-26,244,234.57
85,85,2026-10-27,244,234.57
85,85,2026-10-28,244,234.57
85,85,2026-10-29,244,234.57
85,85,2026-10-30,244,234.57
85,85,2026-10-31,213,234.57
85A,85A,2026-08-05,94,94.0
85A,85A,2026-08-06,94,94.0
85A,85A,2026-08-07,94,94.0
85A,85A,2026-08-08,56,84.5
85A,85A,2026-08-09,0,67.6
85A,85A,2026-08-10,94,72.0
85A,85A,2026-08-11,94,75.14
85A,85A,2026-08-12,94,75.14
85A,85A,2026-08-13,94,75.14
85A,85A,2026-08-14,94,75.14
85A,85A,2026-08-15,56,75.14
85A,85A,2026-08-16,0,75.14
85A,85A,2026-08-17,94,75.14
85A,85A,2026-08-18,94,75.14
85A,85A,2026-08-19,94,75.14
85A,85A,2026-08-20,94,75.14
85A,85A,2026-08-21,94,75.14
85A,85A,2026-08-22,56,75.14
85A,85A,2026-08-23,0,75.14
85A,85A,2026-08-24,94,75.14
85A,85A,2026-08-25,94,75.14
85A,85A,2026-08-26,94,75.14
85A,85A,2026-08-27,94,75.14
85A,85A,2026-08-28,94,75.14
85A,85A,2026-08-29,56,75.14
85A,85A,2026-08-30,0,75.14
85A,85A,2026-08-31,94,75.14
85A,85A,2026-09-01,94,75.14
85A,85A,2026-09-02,94,75.14
85A,85A,2026-09-03,94,75.14
85A,85A,2026-09-04,94,75.14
85A,85A,2026-09-05,56,75.14
85A,85A,2026-09-06,0,75.14
85A,85A,2026-09-07,0,61.71
85A,85A,2026-09-08,94,61.71
85A,85A,2026-09-09,94,61.71
85A,85A,2026-09-10,94,61.71
85A,85A,2026-09-11,94,61.71
85A,85A,2026-09-12,56,61.71
85A,85A,2026-09-13,0,61.71
85A,85A,2026-09-14,94,75.14
85A,85A,2026-09-15,94,75.14
85A,85A,2026-09-16,94,75.14
85A,85A,2026-09-17,94,75.14
85A,85A,2026-09-18,94,75.14
85A,85A,2026-09-19,56,75.14
85A,85A,2026-09-20,0,75.14
85A,85A,2026-09-21,94,75.14
85A,85A,2026-09-22,94,75.14
85A,85A,2026-09-23,94,75.14
85A,85A,2026-09-24,94,75.14
85A,85A,2026-09-25,94,75.14
85A,85A,2026-09-26,56,75.14
85A,85A,2026-09-27,0,75.14
85A,85A,2026-09-28,94,75.14
85A,85A,2026-09-29,94,75.14
85A,85A,2026-09-30,94,75.14
85A,85A,2026-10-01,94,75.14
85A,85A,2026-10-02,94,75.14
85A,85A,2026-10-03,56,75.14
85A,85A,2026-10-04,0,75.14
85A,85A,2026-10-05,94,75.14
85A,85A,2026-10-06,94,75.14
85A,85A,2026-10-07,94,75.14
85A,85A,2026-10-08,94,75.14
85A,85A,2026-10-09,94,75.14
85A,85A,2026-10-10,56,75.14
85A,85A,2026-10-11,0,75.14
85A,85A,2026-10-12,94,75.14
85A,85A,2026-10-13,94,75.14
85A,85A,2026-10-14,94,75.14
85A,85A,2026-10-15,94,75.14
85A,85A,2026-10-16,94,75.14
85A,85A,2026-10-17,56,75.14
85A,85A,2026-10-18,0,75.14
85A,85A,2026-10-19,94,75.14
85A,85A,2026-10-20,94,75.14
85A,85A,2026-10-21,94,75.14
85A,85A,2026-10-22,94,75.14
85A,85A,2026-10-23,94,75.14
85A,85A,2026-10-24,56,75.14
85A,85A,2026-10-25,0,75.14
85A,85A,2026-10-26,94,75.14
85A,85A,2026-10-27,94,75.14
85A,85A,2026-10-28,94,75.14
85A,85A,2026-10-29,94,75.14
85A,85A,2026-10-30,94,75.14
85A,85A,2026-10-31,56,75.14
86,86,2026-08-05,100,100.0
86,86,2026-08-06,100,100.0
86,86,2026-08-07,100,100.0
86,86,2026-08-08,0,75.0
86,86,2026-08-09,0,60.0
86,86,2026-08-10,100,66.67
86,86,2026-08-11,100,71.43
86,86,2026-08-12,100,71.43
86,86,2026-08-13,100,71.43
86,86,2026-08-14,100,71.43
86,86,2026-08-15,0,71.43
86,86,2026-08-16,0,71.43
86,86,2026-08-17,100,71.43
86,86,2026-08-18,100,71.43
86,86,2026-08-19,100,71.43
86,86,2026-08-20,100,71.43
86,86,2026-08-21,100,71.43
86,86,2026-08-22,0,71.43
86,86,2026-08-23,0,71.43
86,86,2026-08-24,106,72.29
86,86,2026-08-25,106,73.14
86,86,2026-08-26,106,74.0
86,86,2026-08-27,106,74.86
86,86,2026-08-28,106,75.71
86,86,2026-08-29,0,75.71
86,86,2026-08-30,0,75.71
86,86,2026-08-31,106,75.71
86,86,2026-09-01,106,75.71
86,86,2026-09-02,106,75.71
86,86,2026-09-03,106,75.71
86,86,2026-09-04,106,75.71
86,86,2026-09-05,0,75.71
86,86,2026-09-06,0,75.71
86,86,2026-09-07,0,60.57
86,86,2026-09-08,106,60.57
86,86,2026-09-09,106,60.57
86,86,2026-09-10,106,60.57
86,86,2026-09-11,106,60.57
86,86,2026-09-12,0,60.57
86,86,2026-09-13,0,60.57
86,86,2026-09-14,106,75.71
86,86,2026-09-15,106,75.71
86,86,2026-09-16,106,75.71
86,86,2026-09-17,106,75.71
86,86,2026-09-18,106,75.71
86,86,2026-09-19,0,75.71
86,86,2026-09-20,0,75.71
86,86,2026-09-21,106,75.71
86,86,2026-09-22,106,75.71
86,86,2026-09-23,106,75.71
86,86,2026-09-24,106,75.71
86,86,2026-09-25,106,75.71
86,86,2026-09-26,0,75.71
86,86,2026-09-27,0,75.71
86,86,2026-09-28,106,75.71
86,86,2026-09-29,106,75.71
86,86,2026-09-30,106,75.71
86,86,2026-10-01,106,75.71
86,86,2026-10-02,106,75.71
86,86,2026-10-03,0,75.71
86,86,2026-10-04,0,75.71
86,86,2026-10-05,106,75.71
86,86,2026-10-06,106,75.71
86,86,2026-10-07,106,75.71
86,86,2026-10-08,106,75.71
86,86,2026-10-09,106,75.71
86,86,2026-10-10,0,75.71
86,86,2026-10-11,0,75.71
86,86,2026-10-12,106,75.71
86,86,2026-10-13,106,75.71
86,86,2026-10-14,106,75.71
86,86,2026-10-15,106,75.71
86,86,2026-10-16,106,75.71
86,86,2026-10-17,0,75.71
86,86,2026-10-18,0,75.71
86,86,2026-10-19,106,75.71
86,86,2026-10-20,106,75.71
86,86,2026-10-21,106,75.71
86,86,2026-10-22,106,75.71
86,86,2026-10-23,106,75.71
86,86,2026-10-24,0,75.71
86,86,2026-10-25,0,75.71
86,86,2026-10-26,106,75.71
86,86,2026-10-27,106,75.71
86,86,2026-10-28,106,75.71
86,86,2026-10-29,106,75.71
86,86,2026-10-30,106,75.71
86,86,2026-10-31,0,75.71
87,87,2026-08-05,271,271.0
87,87,2026-08-06,271,271.0
87,87,2026-08-07,271,271.0
87,87,2026-08-08,218,257.75
87,87,2026-08-09,176,241.4
87,87,2026-08-10,268,245.83
87,87,2026-08-11,271,249.43
87,87,2026-08-12,271,249.43
87,87,2026-08-13,271,249.43
87,87,2026-08-14,271,249.43
87,87,2026-08-15,218,249.43
87,87,2026-08-16,176,249.43
87,87,2026-08-17,268,249.43
87,87,2026-08-18,271,249.43
87,87,2026-08-19,271,249.43
87,87,2026-08-20,271,249.43
87,87,2026-08-21,271,249.43
87,87,2026-08-22,218,249.43
87,87,2026-08-23,176,249.43
87,87,2026-08-24,260,248.29
87,87,2026-08-25,263,247.14
87,87,2026-08-26,263,246.0
87,87,2026-08-27,263,244.86
87,87,2026-08-28,263,243.71
87,87,2026-08-29,213,243.0
87,87,2026-08-30,176,243.0
87,87,2026-08-31,260,243.0
87,87,2026-09-01,263,243.0
87,87,2026-09-02,263,243.0
87,87,2026-09-03,263,243.0
87,87,2026-09-04,263,243.0
87,87,2026-09-05,213,243.0
87,87,2026-09-06,176,243.0
87,87,2026-09-07,178,231.29
87,87,2026-09-08,260,230.86
87,87,2026-09-09,263,230.86
87,87,2026-09-10,263,230.86
87,87,2026-09-11,263,230.86
87,87,2026-09-12,213,230.86
87,87,2026-09-13,176,230.86
87,87,2026-09-14,260,242.57
87,87,2026-09-15,263,243.0
87,87,2026-09-16,263,243.0
87,87,2026-09-17,263,243.0
87,87,2026-09-18,263,243.0
87,87,2026-09-19,213,243.0
87,87,2026-09-20,176,243.0
87,87,2026-09-21,260,243.0
87,87,2026-09-22,263,243.0
87,87,2026-09-23,263,243.0
87,87,2026-09-24,263,243.0
87,87,2026-09-25,263,243.0
87,87,2026-09-26,213,243.0
87,87,2026-09-27,176,243.0
87,87,2026-09-28,260,243.0
87,87,2026-09-29,263,243.0
87,87,2026-09-30,263,243.0
87,87,2026-10-01,263,243.0
87,87,2026-10-02,263,243.0
87,87,2026-10-03,213,243.0
87,87,2026-10-04,176,243.0
87,87,2026-10-05,260,243.0
87,87,2026-10-06,263,243.0
87,87,2026-10-07,263,243.0
87,87,2026-10-08,263,243.0
87,87,2026-10-09,263,243.0
87,87,2026-10-10,213,243.0
87,87,2026-10-11,176,243.0
87,87,2026-10-12,260,243.0
87,87,2026-10-13,263,243.0
87,87,2026-10-14,263,243.0
87,87,2026-10-15,263,243.0
87,87,2026-10-16,263,243.0
87,87,2026-10-17,213,243.0
87,87,2026-10-18,176,243.0
87,87,2026-10-19,260,243.0
87,87,2026-10-20,263,243.0
87,87,2026-10-21,263,243.0
87,87,2026-10-22,263,243.0
87,87,2026-10-23,263,243.0
87,87,2026-10-24,213,243.0
87,87,2026-10-25,176,243.0
87,87,2026-10-26,260,243.0
87,87,2026-10-27,263,243.0
87,87,2026-10-28,263,243.0
87,87,2026-10-29,263,243.0
87,87,2026-10-30,263,243.0
87,87,2026-10-31,213,243.0
88,88,2026-08-05,100,100.0
88,88,2026-08-06,100,100.0
88,88,2026-08-07,100,100.0
88,88,2026-08-08,68,92.0
88,88,2026-08-09,64,86.4
88,88,2026-08-10,100,88.67
88,88,2026-08-11,100,90.29
88,88,2026-08-12,100,90.29
88,88,2026-08-13,100,90.29
88,88,2026-08-14,100,90.29
88,88,2026-08-15,68,90.29
88,88,2026-08-16,64,90.29
88,88,2026-08-17,100,90.29
88,88,2026-08-18,100,90.29
88,88,2026-08-19,100,90.29
88,88,2026-08-20,100,90.29
88,88,2026-08-21,100,90.29
88,88,2026-08-22,68,90.29
88,88,2026-08-23,64,90.29
88,88,2026-08-24,100,90.29
88,88,2026-08-25,100,90.29
88,88,2026-08-26,100,90.29
88,88,2026-08-27,100,90.29
88,88,2026-08-28,100,90.29
88,88,2026-08-29,68,90.29
88,88,2026-08-30,64,90.29
88,88,2026-08-31,100,90.29
88,88,2026-09-01,100,90.29
88,88,2026-09-02,100,90.29
88,88,2026-09-03,100,90.29
88,88,2026-09-04,100,90.29
88,88,2026-09-05,68,90.29
88,88,2026-09-06,64,90.29
88,88,2026-09-07,64,85.14
88,88,2026-09-08,100,85.14
88,88,2026-09-09,100,85.14
88,88,2026-09-10,100,85.14
88,88,2026-09-11,100,85.14
88,88,2026-09-12,68,85.14
88,88,2026-09-13,64,85.14
88,88,2026-09-14,100,90.29
88,88,2026-09-15,100,90.29
88,88,2026-09-16,100,90.29
88,88,2026-09-17,100,90.29
88,88,2026-09-18,100,90.29
88,88,2026-09-19,68,90.29
88,88,2026-09-20,64,90.29
88,88,2026-09-21,100,90.29
88,88,2026-09-22,100,90.29
88,88,2026-09-23,100,90.29
88,88,2026-09-24,100,90.29
88,88,2026-09-25,100,90.29
88,88,2026-09-26,68,90.29
88,88,2026-09-27,64,90.29
88,88,2026-09-28,100,90.29
88,88,2026-09-29,100,90.29
88,88,2026-09-30,100,90.29
88,88,2026-10-01,100,90.29
88,88,2026-10-02,100,90.29
88,88,2026-10-03,68,90.29
88,88,2026-10-04,64,90.29
88,88,2026-10-05,100,90.29
88,88,2026-10-06,100,90.29
88,88,2026-10-07,100,90.29
88,88,2026-10-08,100,90.29
88,88,2026-10-09,100,90.29
88,88,2026-10-10,68,90.29
88,88,2026-10-11,64,90.29
88,88,2026-10-12,100,90.29
88,88,2026-10-13,100,90.29
88,88,2026-10-14,100,90.29
88,88,2026-10-15,100,90.29
88,88,2026-10-16,100,90.29
88,88,2026-10-17,68,90.29
88,88,2026-10-18,64,90.29
88,88,2026-10-19,100,90.29
88,88,2026-10-20,100,90.29
88,88,2026-10-21,100,90.29
88,88,2026-10-22,100,90.29
88,88,2026-10-23,100,90.29
88,88,2026-10-24,68,90.29
88,88,2026-10-25,64,90.29
88,88,2026-10-26,100,90.29
88,88,2026-10-27,100,90.29
88,88,2026-10-28,100,90.29
88,88,2026-10-29,100,90.29
88,88,2026-10-30,100,90.29
88,88,2026-10-31,68,90.29
8A,8A,2026-08-05,132,132.0
8A,8A,2026-08-06,132,132.0
8A,8A,2026-08-07,132,132.0
8A,8A,2026-08-08,122,129.5
8A,8A,2026-08-09,102,124.0
8A,8A,2026-08-10,132,125.33
8A,8A,2026-08-11,132,126.29
8A,8A,2026-08-12,132,126.29
8A,8A,2026-08-13,132,126.29
8A,8A,2026-08-14,132,126.29
8A,8A,2026-08-15,122,126.29
8A,8A,2026-08-16,102,126.29
8A,8A,2026-08-17,132,126.29
8A,8A,2026-08-18,132,126.29
8A,8A,2026-08-19,132,126.29
8A,8A,2026-08-20,132,126.29
8A,8A,2026-08-21,132,126.29
8A,8A,2026-08-22,122,126.29
8A,8A,2026-08-23,102,126.29
8A,8A,2026-08-24,134,126.57
8A,8A,2026-08-25,134,126.86
8A,8A,2026-08-26,134,127.14
8A,8A,2026-08-27,134,127.43
8A,8A,2026-08-28,134,127.71
8A,8A,2026-08-29,122,127.71
8A,8A,2026-08-30,102,127.71
8A,8A,2026-08-31,134,127.71
8A,8A,2026-09-01,134,127.71
8A,8A,2026-09-02,134,127.71
8A,8A,2026-09-03,134,127.71
8A,8A,2026-09-04,134,127.71
8A,8A,2026-09-05,122,127.71
8A,8A,2026-09-06,102,127.71
8A,8A,2026-09-07,102,123.14
8A,8A,2026-09-08,134,123.14
8A,8A,2026-09-09,134,123.14
8A,8A,2026-09-10,134,123.14
8A,8A,2026-09-11,134,123.14
8A,8A,2026-09-12,122,123.14
8A,8A,2026-09-13,102,123.14
8A,8A,2026-09-14,134,127.71
8A,8A,2026-09-15,134,127.71
8A,8A,2026-09-16,134,127.71
8A,8A,2026-09-17,134,127.71
8A,8A,2026-09-18,134,127.71
8A,8A,2026-09-19,122,127.71
8A,8A,2026-09-20,102,127.71
8A,8A,2026-09-21,134,127.71
8A,8A,2026-09-22,134,127.71
8A,8A,2026-09-23,134,127.71
8A,8A,2026-09-24,134,127.71
8A,8A,2026-09-25,134,127.71
8A,8A,2026-09-26,122,127.71
8A,8A,2026-09-27,102,127.71
8A,8A,2026-09-28,134,127.71
8A,8A,2026-09-29,134,127.71
8A,8A,2026-09-30,134,127.71
8A,8A,2026-10-01,134,127.71
8A,8A,2026-10-02,134,127.71
8A,8A,2026-10-03,122,127.71
8A,8A,2026-10-04,102,127.71
8A,8A,2026-10-05,134,127.71
8A,8A,2026-10-06,134,127.71
8A,8A,2026-10-07,134,127.71
8A,8A,2026-10-08,134,127.71
8A,8A,2026-10-09,134,127.71
8A,8A,2026-10-10,122,127.71
8A,8A,2026-10-11,102,127.71
8A,8A,2026-10-12,134,127.71
8A,8A,2026-10-13,134,127.71
8A,8A,2026-10-14,134,127.71
8A,8A,2026-10-15,134,127.71
8A,8A,2026-10-16,134,127.71
8A,8A,2026-10-17,122,127.71
8A,8A,2026-10-18,102,127.71
8A,8A,2026-10-19,134,127.71
8A,8A,2026-10-20,134,127.71
8A,8A,2026-10-21,134,127.71
8A,8A,2026-10-22,134,127.71
8A,8A,2026-10-23,134,127.71
8A,8A,2026-10-24,122,127.71
8A,8A,2026-10-25,102,127.71
8A,8A,2026-10-26,134,127.71
8A,8A,2026-10-27,134,127.71
8A,8A,2026-10-28,134,127.71
8A,8A,2026-10-29,134,127.71
8A,8A,2026-10-30,134,127.71
8A,8A,2026-10-31,122,127.71
9,9,2026-08-05,335,335.0
9,9,2026-08-06,335,335.0
9,9,2026-08-07,335,335.0
9,9,2026-08-08,315,330.0
9,9,2026-08-09,275,319.0
9,9,2026-08-10,336,321.83
9,9,2026-08-11,335,323.71
9,9,2026-08-12,335,323.71
9,9,2026-08-13,335,323.71
9,9,2026-08-14,335,323.71
9,9,2026-08-15,315,323.71
9,9,2026-08-16,275,323.71
9,9,2026-08-17,336,323.71
9,9,2026-08-18,335,323.71
9,9,2026-08-19,335,323.71
9,9,2026-08-20,335,323.71
9,9,2026-08-21,335,323.71
9,9,2026-08-22,315,323.71
9,9,2026-08-23,276,323.86
9,9,2026-08-24,363,327.71
9,9,2026-08-25,365,332.0
9,9,2026-08-26,365,336.29
9,9,2026-08-27,365,340.57
9,9,2026-08-28,365,344.86
9,9,2026-08-29,305,343.43
9,9,2026-08-30,276,343.43
9,9,2026-08-31,363,343.43
9,9,2026-09-01,365,343.43
9,9,2026-09-02,365,343.43
9,9,2026-09-03,365,343.43
9,9,2026-09-04,365,343.43
9,9,2026-09-05,305,343.43
9,9,2026-09-06,276,343.43
9,9,2026-09-07,276,331.0
9,9,2026-09-08,363,330.71
9,9,2026-09-09,365,330.71
9,9,2026-09-10,365,330.71
9,9,2026-09-11,365,330.71
9,9,2026-09-12,305,330.71
9,9,2026-09-13,276,330.71
9,9,2026-09-14,363,343.14
9,9,2026-09-15,365,343.43
9,9,2026-09-16,365,343.43
9,9,2026-09-17,365,343.43
9,9,2026-09-18,365,343.43
9,9,2026-09-19,305,343.43
9,9,2026-09-20,276,343.43
9,9,2026-09-21,363,343.43
9,9,2026-09-22,365,343.43
9,9,2026-09-23,365,343.43
9,9,2026-09-24,365,343.43
9,9,2026-09-25,365,343.43
9,9,2026-09-26,305,343.43
9,9,2026-09-27,276,343.43
9,9,2026-09-28,363,343.43
9,9,2026-09-29,365,343.43
9,9,2026-09-30,365,343.43
9,9,2026-10-01,365,343.43
9,9,2026-10-02,365,343.43
9,9,2026-10-03,305,343.43
9,9,2026-10-04,276,343.43
9,9,2026-10-05,363,343.43
9,9,2026-10-06,365,343.43
9,9,2026-10-07,365,343.43
9,9,2026-10-08,365,343.43
9,9,2026-10-09,365,343.43
9,9,2026-10-10,305,343.43
9,9,2026-10-11,276,343.43
9,9,2026-10-12,363,343.43
9,9,2026-10-13,365,343.43
9,9,2026-10-14,365,343.43
9,9,2026-10-15,365,343.43
9,9,2026-10-16,365,343.43
9,9,2026-10-17,305,343.43
9,9,2026-10-18,276,343.43
9,9,2026-10-19,363,343.43
9,9,2026-10-20,365,343.43
9,9,2026-10-21,365,343.43
9,9,2026-10-22,365,343.43
9,9,2026-10-23,365,343.43
9,9,2026-10-24,305,343.43
9,9,2026-10-25,276,343.43
9,9,2026-10-26,363,343.43
9,9,2026-10-27,365,343.43
9,9,2026-10-28,365,343.43
9,9,2026-10-29,365,343.43
9,9,2026-10-30,365,343.43
9,9,2026-10-31,305,343.43
90,90,2026-08-05,132,132.0
90,90,2026-08-06,132,132.0
90,90,2026-08-07,132,132.0
90,90,2026-08-08,108,126.0
90,90,2026-08-09,86,118.0
90,90,2026-08-10,132,120.33
90,90,2026-08-11,132,122.0
90,90,2026-08-12,132,122.0
90,90,2026-08-13,132,122.0
90,90,2026-08-14,132,122.0
90,90,2026-08-15,108,122.0
90,90,2026-08-16,86,122.0
90,90,2026-08-17,132,122.0
90,90,2026-08-18,132,122.0
90,90,2026-08-19,132,122.0
90,90,2026-08-20,132,122.0
90,90,2026-08-21,132,122.0
90,90,2026-08-22,108,122.0
90,90,2026-08-23,86,122.0
90,90,2026-08-24,132,122.0
90,90,2026-08-25,132,122.0
90,90,2026-08-26,132,122.0
90,90,2026-08-27,132,122.0
90,90,2026-08-28,132,122.0
90,90,2026-08-29,108,122.0
90,90,2026-08-30,86,122.0
90,90,2026-08-31,132,122.0
90,90,2026-09-01,132,122.0
90,90,2026-09-02,132,122.0
90,90,2026-09-03,132,122.0
90,90,2026-09-04,132,122.0
90,90,2026-09-05,108,122.0
90,90,2026-09-06,86,122.0
90,90,2026-09-07,86,115.43
90,90,2026-09-08,132,115.43
90,90,2026-09-09,132,115.43
90,90,2026-09-10,132,115.43
90,90,2026-09-11,132,115.43
90,90,2026-09-12,108,115.43
90,90,2026-09-13,86,115.43
90,90,2026-09-14,132,122.0
90,90,2026-09-15,132,122.0
90,90,2026-09-16,132,122.0
90,90,2026-09-17,132,122.0
90,90,2026-09-18,132,122.0
90,90,2026-09-19,108,122.0
90,90,2026-09-20,86,122.0
90,90,2026-09-21,132,122.0
90,90,2026-09-22,132,122.0
90,90,2026-09-23,132,122.0
90,90,2026-09-24,132,122.0
90,90,2026-09-25,132,122.0
90,90,2026-09-26,108,122.0
90,90,2026-09-27,86,122.0
90,90,2026-09-28,132,122.0
90,90,2026-09-29,132,122.0
90,90,2026-09-30,132,122.0
90,90,2026-10-01,132,122.0
90,90,2026-10-02,132,122.0
90,90,2026-10-03,108,122.0
90,90,2026-10-04,86,122.0
90,90,2026-10-05,132,122.0
90,90,2026-10-06,132,122.0
90,90,2026-10-07,132,122.0
90,90,2026-10-08,132,122.0
90,90,2026-10-09,132,122.0
90,90,2026-10-10,108,122.0
90,90,2026-10-11,86,122.0
90,90,2026-10-12,132,122.0
90,90,2026-10-13,132,122.0
90,90,2026-10-14,132,122.0
90,90,2026-10-15,132,122.0
90,90,2026-10-16,132,122.0
90,90,2026-10-17,108,122.0
90,90,2026-10-18,86,122.0
90,90,2026-10-19,132,122.0
90,90,2026-10-20,132,122.0
90,90,2026-10-21,132,122.0
90,90,2026-10-22,132,122.0
90,90,2026-10-23,132,122.0
90,90,2026-10-24,108,122.0
90,90,2026-10-25,86,122.0
90,90,2026-10-26,132,122.0
90,90,2026-10-27,132,122.0
90,90,2026-10-28,132,122.0
90,90,2026-10-29,132,122.0
90,90,2026-10-30,132,122.0
90,90,2026-10-31,108,122.0
91,91,2026-08-05,154,154.0
91,91,2026-08-06,154,154.0
91,91,2026-08-07,154,154.0
91,91,2026-08-08,102,141.0
91,91,2026-08-09,90,130.8
91,91,2026-08-10,154,134.67
91,91,2026-08-11,154,137.43
91,91,2026-08-12,154,137.43
91,91,2026-08-13,154,137.43
91,91,2026-08-14,154,137.43
91,91,2026-08-15,102,137.43
91,91,2026-08-16,90,137.43
91,91,2026-08-17,154,137.43
91,91,2026-08-18,154,137.43
91,91,2026-08-19,154,137.43
91,91,2026-08-20,154,137.43
91,91,2026-08-21,154,137.43
91,91,2026-08-22,102,137.43
91,91,2026-08-23,92,137.71
91,91,2026-08-24,155,137.86
91,91,2026-08-25,155,138.0
91,91,2026-08-26,155,138.14
91,91,2026-08-27,155,138.29
91,91,2026-08-28,155,138.43
91,91,2026-08-29,104,138.71
91,91,2026-08-30,92,138.71
91,91,2026-08-31,155,138.71
91,91,2026-09-01,155,138.71
91,91,2026-09-02,155,138.71
91,91,2026-09-03,155,138.71
91,91,2026-09-04,155,138.71
91,91,2026-09-05,104,138.71
91,91,2026-09-06,92,138.71
91,91,2026-09-07,92,129.71
91,91,2026-09-08,155,129.71
91,91,2026-09-09,155,129.71
91,91,2026-09-10,155,129.71
91,91,2026-09-11,155,129.71
91,91,2026-09-12,104,129.71
91,91,2026-09-13,92,129.71
91,91,2026-09-14,155,138.71
91,91,2026-09-15,155,138.71
91,91,2026-09-16,155,138.71
91,91,2026-09-17,155,138.71
91,91,2026-09-18,155,138.71
91,91,2026-09-19,104,138.71
91,91,2026-09-20,92,138.71
91,91,2026-09-21,155,138.71
91,91,2026-09-22,155,138.71
91,91,2026-09-23,155,138.71
91,91,2026-09-24,155,138.71
91,91,2026-09-25,155,138.71
91,91,2026-09-26,104,138.71
91,91,2026-09-27,92,138.71
91,91,2026-09-28,155,138.71
91,91,2026-09-29,155,138.71
91,91,2026-09-30,155,138.71
91,91,2026-10-01,155,138.71
91,91,2026-10-02,155,138.71
91,91,2026-10-03,104,138.71
91,91,2026-10-04,92,138.71
91,91,2026-10-05,155,138.71
91,91,2026-10-06,155,138.71
91,91,2026-10-07,155,138.71
91,91,2026-10-08,155,138.71
91,91,2026-10-09,155,138.71
91,91,2026-10-10,104,138.71
91,91,2026-10-11,92,138.71
91,91,2026-10-12,155,138.71
91,91,2026-10-13,155,138.71
91,91,2026-10-14,155,138.71
91,91,2026-10-15,155,138.71
91,91,2026-10-16,155,138.71
91,91,2026-10-17,104,138.71
91,91,2026-10-18,92,138.71
91,91,2026-10-19,155,138.71
91,91,2026-10-20,155,138.71
91,91,2026-10-21,155,138.71
91,91,2026-10-22,155,138.71
91,91,2026-10-23,155,138.71
91,91,2026-10-24,104,138.71
91,91,2026-10-25,92,138.71
91,91,2026-10-26,155,138.71
91,91,2026-10-27,155,138.71
91,91,2026-10-28,155,138.71
91,91,2026-10-29,155,138.71
91,91,2026-10-30,155,138.71
91,91,2026-10-31,104,138.71
92,92,2026-08-05,158,158.0
92,92,2026-08-06,158,158.0
92,92,2026-08-07,158,158.0
92,92,2026-08-08,120,148.5
92,92,2026-08-09,108,140.4
92,92,2026-08-10,158,143.33
92,92,2026-08-11,158,145.43
92,92,2026-08-12,158,145.43
92,92,2026-08-13,158,145.43
92,92,2026-08-14,158,145.43
92,92,2026-08-15,120,145.43
92,92,2026-08-16,108,145.43
92,92,2026-08-17,158,145.43
92,92,2026-08-18,158,145.43
92,92,2026-08-19,158,145.43
92,92,2026-08-20,158,145.43
92,92,2026-08-21,158,145.43
92,92,2026-08-22,120,145.43
92,92,2026-08-23,108,145.43
92,92,2026-08-24,162,146.0
92,92,2026-08-25,162,146.57
92,92,2026-08-26,162,147.14
92,92,2026-08-27,162,147.71
92,92,2026-08-28,162,148.29
92,92,2026-08-29,120,148.29
92,92,2026-08-30,108,148.29
92,92,2026-08-31,162,148.29
92,92,2026-09-01,162,148.29
92,92,2026-09-02,162,148.29
92,92,2026-09-03,162,148.29
92,92,2026-09-04,162,148.29
92,92,2026-09-05,120,148.29
92,92,2026-09-06,108,148.29
92,92,2026-09-07,108,140.57
92,92,2026-09-08,162,140.57
92,92,2026-09-09,162,140.57
92,92,2026-09-10,162,140.57
92,92,2026-09-11,162,140.57
92,92,2026-09-12,120,140.57
92,92,2026-09-13,108,140.57
92,92,2026-09-14,162,148.29
92,92,2026-09-15,162,148.29
92,92,2026-09-16,162,148.29
92,92,2026-09-17,162,148.29
92,92,2026-09-18,162,148.29
92,92,2026-09-19,120,148.29
92,92,2026-09-20,108,148.29
92,92,2026-09-21,162,148.29
92,92,2026-09-22,162,148.29
92,92,2026-09-23,162,148.29
92,92,2026-09-24,162,148.29
92,92,2026-09-25,162,148.29
92,92,2026-09-26,120,148.29
92,92,2026-09-27,108,148.29
92,92,2026-09-28,162,148.29
92,92,2026-09-29,162,148.29
92,92,2026-09-30,162,148.29
92,92,2026-10-01,162,148.29
92,92,2026-10-02,162,148.29
92,92,2026-10-03,120,148.29
92,92,2026-10-04,108,148.29
92,92,2026-10-05,162,148.29
92,92,2026-10-06,162,148.29
92,92,2026-10-07,162,148.29
92,92,2026-10-08,162,148.29
92,92,2026-10-09,162,148.29
92,92,2026-10-10,120,148.29
92,92,2026-10-11,108,148.29
92,92,2026-10-12,162,148.29
92,92,2026-10-13,162,148.29
92,92,2026-10-14,162,148.29
92,92,2026-10-15,162,148.29
92,92,2026-10-16,162,148.29
92,92,2026-10-17,120,148.29
92,92,2026-10-18,108,148.29
92,92,2026-10-19,162,148.29
92,92,2026-10-20,162,148.29
92,92,2026-10-21,162,148.29
92,92,2026-10-22,162,148.29
92,92,2026-10-23,162,148.29
92,92,2026-10-24,120,148.29
92,92,2026-10-25,108,148.29
92,92,2026-10-26,162,148.29
92,92,2026-10-27,162,148.29
92,92,2026-10-28,162,148.29
92,92,2026-10-29,162,148.29
92,92,2026-10-30,162,148.29
92,92,2026-10-31,120,148.29
93,93,2026-08-05,118,118.0
93,93,2026-08-06,118,118.0
93,93,2026-08-07,118,118.0
93,93,2026-08-08,78,108.0
93,93,2026-08-09,74,101.2
93,93,2026-08-10,118,104.0
93,93,2026-08-11,118,106.0
93,93,2026-08-12,118,106.0
93,93,2026-08-13,118,106.0
93,93,2026-08-14,118,106.0
93,93,2026-08-15,78,106.0
93,93,2026-08-16,74,106.0
93,93,2026-08-17,118,106.0
93,93,2026-08-18,118,106.0
93,93,2026-08-19,118,106.0
93,93,2026-08-20,118,106.0
93,93,2026-08-21,118,106.0
93,93,2026-08-22,78,106.0
93,93,2026-08-23,77,106.43
93,93,2026-08-24,125,107.43
93,93,2026-08-25,125,108.43
93,93,2026-08-26,125,109.43
93,93,2026-08-27,125,110.43
93,93,2026-08-28,125,111.43
93,93,2026-08-29,78,111.43
93,93,2026-08-30,77,111.43
93,93,2026-08-31,125,111.43
93,93,2026-09-01,125,111.43
93,93,2026-09-02,125,111.43
93,93,2026-09-03,125,111.43
93,93,2026-09-04,125,111.43
93,93,2026-09-05,78,111.43
93,93,2026-09-06,77,111.43
93,93,2026-09-07,77,104.57
93,93,2026-09-08,125,104.57
93,93,2026-09-09,125,104.57
93,93,2026-09-10,125,104.57
93,93,2026-09-11,125,104.57
93,93,2026-09-12,78,104.57
93,93,2026-09-13,77,104.57
93,93,2026-09-14,125,111.43
93,93,2026-09-15,125,111.43
93,93,2026-09-16,125,111.43
93,93,2026-09-17,125,111.43
93,93,2026-09-18,125,111.43
93,93,2026-09-19,78,111.43
93,93,2026-09-20,77,111.43
93,93,2026-09-21,125,111.43
93,93,2026-09-22,125,111.43
93,93,2026-09-23,125,111.43
93,93,2026-09-24,125,111.43
93,93,2026-09-25,125,111.43
93,93,2026-09-26,78,111.43
93,93,2026-09-27,77,111.43
93,93,2026-09-28,125,111.43
93,93,2026-09-29,125,111.43
93,93,2026-09-30,125,111.43
93,93,2026-10-01,125,111.43
93,93,2026-10-02,125,111.43
93,93,2026-10-03,78,111.43
93,93,2026-10-04,77,111.43
93,93,2026-10-05,125,111.43
93,93,2026-10-06,125,111.43
93,93,2026-10-07,125,111.43
93,93,2026-10-08,125,111.43
93,93,2026-10-09,125,111.43
93,93,2026-10-10,78,111.43
93,93,2026-10-11,77,111.43
93,93,2026-10-12,125,111.43
93,93,2026-10-13,125,111.43
93,93,2026-10-14,125,111.43
93,93,2026-10-15,125,111.43
93,93,2026-10-16,125,111.43
93,93,2026-10-17,78,111.43
93,93,2026-10-18,77,111.43
93,93,2026-10-19,125,111.43
93,93,2026-10-20,125,111.43
93,93,2026-10-21,125,111.43
93,93,2026-10-22,125,111.43
93,93,2026-10-23,125,111.43
93,93,2026-10-24,78,111.43
93,93,2026-10-25,77,111.43
93,93,2026-10-26,125,111.43
93,93,2026-10-27,125,111.43
93,93,2026-10-28,125,111.43
93,93,2026-10-29,125,111.43
93,93,2026-10-30,125,111.43
93,93,2026-10-31,78,111.43
94,94,2026-08-05,168,168.0
94,94,2026-08-06,168,168.0
94,94,2026-08-07,168,168.0
94,94,2026-08-08,116,155.0
94,94,2026-08-09,103,144.6
94,94,2026-08-10,168,148.5
94,94,2026-08-11,168,151.29
94,94,2026-08-12,168,151.29
94,94,2026-08-13,168,151.29
94,94,2026-08-14,168,151.29
94,94,2026-08-15,116,151.29
94,94,2026-08-16,103,151.29
94,94,2026-08-17,168,151.29
94,94,2026-08-18,168,151.29
94,94,2026-08-19,168,151.29
94,94,2026-08-20,168,151.29
94,94,2026-08-21,168,151.29
94,94,2026-08-22,116,151.29
94,94,2026-08-23,103,151.29
94,94,2026-08-24,170,151.57
94,94,2026-08-25,170,151.86
94,94,2026-08-26,170,152.14
94,94,2026-08-27,170,152.43
94,94,2026-08-28,170,152.71
94,94,2026-08-29,116,152.71
94,94,2026-08-30,103,152.71
94,94,2026-08-31,170,152.71
94,94,2026-09-01,170,152.71
94,94,2026-09-02,170,152.71
94,94,2026-09-03,170,152.71
94,94,2026-09-04,170,152.71
94,94,2026-09-05,116,152.71
94,94,2026-09-06,103,152.71
94,94,2026-09-07,103,143.14
94,94,2026-09-08,170,143.14
94,94,2026-09-09,170,143.14
94,94,2026-09-10,170,143.14
94,94,2026-09-11,170,143.14
94,94,2026-09-12,116,143.14
94,94,2026-09-13,103,143.14
94,94,2026-09-14,170,152.71
94,94,2026-09-15,170,152.71
94,94,2026-09-16,170,152.71
94,94,2026-09-17,170,152.71
94,94,2026-09-18,170,152.71
94,94,2026-09-19,116,152.71
94,94,2026-09-20,103,152.71
94,94,2026-09-21,170,152.71
94,94,2026-09-22,170,152.71
94,94,2026-09-23,170,152.71
94,94,2026-09-24,170,152.71
94,94,2026-09-25,170,152.71
94,94,2026-09-26,116,152.71
94,94,2026-09-27,103,152.71
94,94,2026-09-28,170,152.71
94,94,2026-09-29,170,152.71
94,94,2026-09-30,170,152.71
94,94,2026-10-01,170,152.71
94,94,2026-10-02,170,152.71
94,94,2026-10-03,116,152.71
94,94,2026-10-04,103,152.71
94,94,2026-10-05,170,152.71
94,94,2026-10-06,170,152.71
94,94,2026-10-07,170,152.71
94,94,2026-10-08,170,152.71
94,94,2026-10-09,170,152.71
94,94,2026-10-10,116,152.71
94,94,2026-10-11,103,152.71
94,94,2026-10-12,170,152.71
94,94,2026-10-13,170,152.71
94,94,2026-10-14,170,152.71
94,94,2026-10-15,170,152.71
94,94,2026-10-16,170,152.71
94,94,2026-10-17,116,152.71
94,94,2026-10-18,103,152.71
94,94,2026-10-19,170,152.71
94,94,2026-10-20,170,152.71
94,94,2026-10-21,170,152.71
94,94,2026-10-22,170,152.71
94,94,2026-10-23,170,152.71
94,94,2026-10-24,116,152.71
94,94,2026-10-25,103,152.71
94,94,2026-10-26,170,152.71
94,94,2026-10-27,170,152.71
94,94,2026-10-28,170,152.71
94,94,2026-10-29,170,152.71
94,94,2026-10-30,170,152.71
94,94,2026-10-31,116,152.71
95,95,2026-08-05,258,258.0
95,95,2026-08-06,258,258.0
95,95,2026-08-07,258,258.0
95,95,2026-08-08,235,252.25
95,95,2026-08-09,222,246.2
95,95,2026-08-10,258,248.17
95,95,2026-08-11,258,249.57
95,95,2026-08-12,258,249.57
95,95,2026-08-13,258,249.57
95,95,2026-08-14,258,249.57
95,95,2026-08-15,235,249.57
95,95,2026-08-16,222,249.57
95,95,2026-08-17,258,249.57
95,95,2026-08-18,258,249.57
95,95,2026-08-19,258,249.57
95,95,2026-08-20,258,249.57
95,95,2026-08-21,258,249.57
95,95,2026-08-22,235,249.57
95,95,2026-08-23,224,249.86
95,95,2026-08-24,256,249.57
95,95,2026-08-25,256,249.29
95,95,2026-08-26,256,249.0
95,95,2026-08-27,256,248.71
95,95,2026-08-28,256,248.43
95,95,2026-08-29,233,248.14
95,95,2026-08-30,224,248.14
95,95,2026-08-31,256,248.14
95,95,2026-09-01,256,248.14
95,95,2026-09-02,256,248.14
95,95,2026-09-03,256,248.14
95,95,2026-09-04,256,248.14
95,95,2026-09-05,233,248.14
95,95,2026-09-06,224,248.14
95,95,2026-09-07,224,243.57
95,95,2026-09-08,256,243.57
95,95,2026-09-09,256,243.57
95,95,2026-09-10,256,243.57
95,95,2026-09-11,256,243.57
95,95,2026-09-12,233,243.57
95,95,2026-09-13,224,243.57
95,95,2026-09-14,256,248.14
95,95,2026-09-15,256,248.14
95,95,2026-09-16,256,248.14
95,95,2026-09-17,256,248.14
95,95,2026-09-18,256,248.14
95,95,2026-09-19,233,248.14
95,95,2026-09-20,224,248.14
95,95,2026-09-21,256,248.14
95,95,2026-09-22,256,248.14
95,95,2026-09-23,256,248.14
95,95,2026-09-24,256,248.14
95,95,2026-09-25,256,248.14
95,95,2026-09-26,233,248.14
95,95,2026-09-27,224,248.14
95,95,2026-09-28,256,248.14
95,95,2026-09-29,256,248.14
95,95,2026-09-30,256,248.14
95,95,2026-10-01,256,248.14
95,95,2026-10-02,256,248.14
95,95,2026-10-03,233,248.14
95,95,2026-10-04,224,248.14
95,95,2026-10-05,256,248.14
95,95,2026-10-06,256,248.14
95,95,2026-10-07,256,248.14
95,95,2026-10-08,256,248.14
95,95,2026-10-09,256,248.14
95,95,2026-10-10,233,248.14
95,95,2026-10-11,224,248.14
95,95,2026-10-12,256,248.14
95,95,2026-10-13,256,248.14
95,95,2026-10-14,256,248.14
95,95,2026-10-15,256,248.14
95,95,2026-10-16,256,248.14
95,95,2026-10-17,233,248.14
95,95,2026-10-18,224,248.14
95,95,2026-10-19,256,248.14
95,95,2026-10-20,256,248.14
95,95,2026-10-21,256,248.14
95,95,2026-10-22,256,248.14
95,95,2026-10-23,256,248.14
95,95,2026-10-24,233,248.14
95,95,2026-10-25,224,248.14
95,95,2026-10-26,256,248.14
95,95,2026-10-27,256,248.14
95,95,2026-10-28,256,248.14
95,95,2026-10-29,256,248.14
95,95,2026-10-30,256,248.14
95,95,2026-10-31,233,248.14
96,96,2026-08-05,66,66.0
96,96,2026-08-06,66,66.0
96,96,2026-08-07,66,66.0
96,96,2026-08-08,0,49.5
96,96,2026-08-09,0,39.6
96,96,2026-08-10,66,44.0
96,96,2026-08-11,66,47.14
96,96,2026-08-12,66,47.14
96,96,2026-08-13,66,47.14
96,96,2026-08-14,66,47.14
96,96,2026-08-15,0,47.14
96,96,2026-08-16,0,47.14
96,96,2026-08-17,66,47.14
96,96,2026-08-18,66,47.14
96,96,2026-08-19,66,47.14
96,96,2026-08-20,66,47.14
96,96,2026-08-21,66,47.14
96,96,2026-08-22,0,47.14
96,96,2026-08-23,0,47.14
96,96,2026-08-24,66,47.14
96,96,2026-08-25,66,47.14
96,96,2026-08-26,66,47.14
96,96,2026-08-27,66,47.14
96,96,2026-08-28,66,47.14
96,96,2026-08-29,0,47.14
96,96,2026-08-30,0,47.14
96,96,2026-08-31,66,47.14
96,96,2026-09-01,66,47.14
96,96,2026-09-02,66,47.14
96,96,2026-09-03,66,47.14
96,96,2026-09-04,66,47.14
96,96,2026-09-05,0,47.14
96,96,2026-09-06,0,47.14
96,96,2026-09-07,0,37.71
96,96,2026-09-08,66,37.71
96,96,2026-09-09,66,37.71
96,96,2026-09-10,66,37.71
96,96,2026-09-11,66,37.71
96,96,2026-09-12,0,37.71
96,96,2026-09-13,0,37.71
96,96,2026-09-14,66,47.14
96,96,2026-09-15,66,47.14
96,96,2026-09-16,66,47.14
96,96,2026-09-17,66,47.14
96,96,2026-09-18,66,47.14
96,96,2026-09-19,0,47.14
96,96,2026-09-20,0,47.14
96,96,2026-09-21,66,47.14
96,96,2026-09-22,66,47.14
96,96,2026-09-23,66,47.14
96,96,2026-09-24,66,47.14
96,96,2026-09-25,66,47.14
96,96,2026-09-26,0,47.14
96,96,2026-09-27,0,47.14
96,96,2026-09-28,66,47.14
96,96,2026-09-29,66,47.14
96,96,2026-09-30,66,47.14
96,96,2026-10-01,66,47.14
96,96,2026-10-02,66,47.14
96,96,2026-10-03,0,47.14
96,96,2026-10-04,0,47.14
96,96,2026-10-05,66,47.14
96,96,2026-10-06,66,47.14
96,96,2026-10-07,66,47.14
96,96,2026-10-08,66,47.14
96,96,2026-10-09,66,47.14
96,96,2026-10-10,0,47.14
96,96,2026-10-11,0,47.14
96,96,2026-10-12,66,47.14
96,96,2026-10-13,66,47.14
96,96,2026-10-14,66,47.14
96,96,2026-10-15,66,47.14
96,96,2026-10-16,66,47.14
96,96,2026-10-17,0,47.14
96,96,2026-10-18,0,47.14
96,96,2026-10-19,66,47.14
96,96,2026-10-20,66,47.14
96,96,2026-10-21,66,47.14
96,96,2026-10-22,66,47.14
96,96,2026-10-23,66,47.14
96,96,2026-10-24,0,47.14
96,96,2026-10-25,0,47.14
96,96,2026-10-26,66,47.14
96,96,2026-10-27,66,47.14
96,96,2026-10-28,66,47.14
96,96,2026-10-29,66,47.14
96,96,2026-10-30,66,47.14
96,96,2026-10-31,0,47.14
97,97,2026-08-05,108,108.0
97,97,2026-08-06,108,108.0
97,97,2026-08-07,108,108.0
97,97,2026-08-08,91,103.75
97,97,2026-08-09,65,96.0
97,97,2026-08-10,108,98.0
97,97,2026-08-11,108,99.43
97,97,2026-08-12,108,99.43
97,97,2026-08-13,108,99.43
97,97,2026-08-14,108,99.43
97,97,2026-08-15,91,99.43
97,97,2026-08-16,65,99.43
97,97,2026-08-17,108,99.43
97,97,2026-08-18,108,99.43
97,97,2026-08-19,108,99.43
97,97,2026-08-20,108,99.43
97,97,2026-08-21,108,99.43
97,97,2026-08-22,91,99.43
97,97,2026-08-23,65,99.43
97,97,2026-08-24,108,99.43
97,97,2026-08-25,108,99.43
97,97,2026-08-26,108,99.43
97,97,2026-08-27,108,99.43
97,97,2026-08-28,108,99.43
97,97,2026-08-29,91,99.43
97,97,2026-08-30,65,99.43
97,97,2026-08-31,108,99.43
97,97,2026-09-01,108,99.43
97,97,2026-09-02,108,99.43
97,97,2026-09-03,108,99.43
97,97,2026-09-04,108,99.43
97,97,2026-09-05,91,99.43
97,97,2026-09-06,65,99.43
97,97,2026-09-07,65,93.29
97,97,2026-09-08,108,93.29
97,97,2026-09-09,108,93.29
97,97,2026-09-10,108,93.29
97,97,2026-09-11,108,93.29
97,97,2026-09-12,91,93.29
97,97,2026-09-13,65,93.29
97,97,2026-09-14,108,99.43
97,97,2026-09-15,108,99.43
97,97,2026-09-16,108,99.43
97,97,2026-09-17,108,99.43
97,97,2026-09-18,108,99.43
97,97,2026-09-19,91,99.43
97,97,2026-09-20,65,99.43
97,97,2026-09-21,108,99.43
97,97,2026-09-22,108,99.43
97,97,2026-09-23,108,99.43
97,97,2026-09-24,108,99.43
97,97,2026-09-25,108,99.43
97,97,2026-09-26,91,99.43
97,97,2026-09-27,65,99.43
97,97,2026-09-28,108,99.43
97,97,2026-09-29,108,99.43
97,97,2026-09-30,108,99.43
97,97,2026-10-01,108,99.43
97,97,2026-10-02,108,99.43
97,97,2026-10-03,91,99.43
97,97,2026-10-04,65,99.43
97,97,2026-10-05,108,99.43
97,97,2026-10-06,108,99.43
97,97,2026-10-07,108,99.43
97,97,2026-10-08,108,99.43
97,97,2026-10-09,108,99.43
97,97,2026-10-10,91,99.43
97,97,2026-10-11,65,99.43
97,97,2026-10-12,108,99.43
97,97,2026-10-13,108,99.43
97,97,2026-10-14,108,99.43
97,97,2026-10-15,108,99.43
97,97,2026-10-16,108,99.43
97,97,2026-10-17,91,99.43
97,97,2026-10-18,65,99.43
97,97,2026-10-19,108,99.43
97,97,2026-10-20,108,99.43
97,97,2026-10-21,108,99.43
97,97,2026-10-22,108,99.43
97,97,2026-10-23,108,99.43
97,97,2026-10-24,91,99.43
97,97,2026-10-25,65,99.43
97,97,2026-10-26,108,99.43
97,97,2026-10-27,108,99.43
97,97,2026-10-28,108,99.43
97,97,2026-10-29,108,99.43
97,97,2026-10-30,108,99.43
97,97,2026-10-31,91,99.43
Blue,Blue Line,2026-08-05,412,412.0
Blue,Blue Line,2026-08-06,412,412.0
Blue,Blue Line,2026-08-07,412,412.0
Blue,Blue Line,2026-08-08,380,404.0
Blue,Blue Line,2026-08-09,330,389.2
Blue,Blue Line,2026-08-10,354,383.33
Blue,Blue Line,2026-08-11,356,379.43
Blue,Blue Line,2026-08-12,356,371.43
Blue,Blue Line,2026-08-13,356,363.43
Blue,Blue Line,2026-08-14,356,355.43
Blue,Blue Line,2026-08-15,284,341.71
Blue,Blue Line,2026-08-16,258,331.43
Blue,Blue Line,2026-08-17,354,331.43
Blue,Blue Line,2026-08-18,356,331.43
Blue,Blue Line,2026-08-19,356,331.43
Blue,Blue Line,2026-08-20,356,331.43
Blue,Blue Line,2026-08-21,356,331.43
Blue,Blue Line,2026-08-22,284,331.43
Blue,Blue Line,2026-08-23,258,331.43
Blue,Blue Line,2026-08-24,354,331.43
Blue,Blue Line,2026-08-25,356,331.43
Blue,Blue Line,2026-08-26,356,331.43
Blue,Blue Line,2026-08-27,356,331.43
Blue,Blue Line,2026-08-28,356,331.43
Blue,Blue Line,2026-08-29,284,331.43
Blue,Blue Line,2026-08-30,258,331.43
Blue,Blue Line,2026-08-31,354,331.43
Blue,Blue Line,2026-09-01,356,331.43
Blue,Blue Line,2026-09-02,356,331.43
Blue,Blue Line,2026-09-03,356,331.43
Blue,Blue Line,2026-09-04,356,331.43
Blue,Blue Line,2026-09-05,284,331.43
Blue,Blue Line,2026-09-06,258,331.43
Blue,Blue Line,2026-09-07,256,317.43
Blue,Blue Line,2026-09-08,354,317.14
Blue,Blue Line,2026-09-09,356,317.14
Blue,Blue Line,2026-09-10,356,317.14
Blue,Blue Line,2026-09-11,356,317.14
Blue,Blue Line,2026-09-12,284,317.14
Blue,Blue Line,2026-09-13,258,317.14
Blue,Blue Line,2026-09-14,354,331.14
Blue,Blue Line,2026-09-15,356,331.43
Blue,Blue Line,2026-09-16,356,331.43
Blue,Blue Line,2026-09-17,356,331.43
Blue,Blue Line,2026-09-18,356,331.43
Blue,Blue Line,2026-09-19,284,331.43
Blue,Blue Line,2026-09-20,258,331.43
Blue,Blue Line,2026-09-21,354,331.43
Blue,Blue Line,2026-09-22,356,331.43
Blue,Blue Line,2026-09-23,356,331.43
Blue,Blue Line,2026-09-24,356,331.43
Blue,Blue Line,2026-09-25,356,331.43
Blue,Blue Line,2026-09-26,284,331.43
Blue,Blue Line,2026-09-27,258,331.43
Blue,Blue Line,2026-09-28,354,331.43
Blue,Blue Line,2026-09-29,356,331.43
Blue,Blue Line,2026-09-30,356,331.43
Blue,Blue Line,2026-10-01,356,331.43
Blue,Blue Line,2026-10-02,356,331.43
Blue,Blue Line,2026-10-03,284,331.43
Blue,Blue Line,2026-10-04,258,331.43
Blue,Blue Line,2026-10-05,354,331.43
Blue,Blue Line,2026-10-06,356,331.43
Blue,Blue Line,2026-10-07,356,331.43
Blue,Blue Line,2026-10-08,356,331.43
Blue,Blue Line,2026-10-09,356,331.43
Blue,Blue Line,2026-10-10,284,331.43
Blue,Blue Line,2026-10-11,258,331.43
Blue,Blue Line,2026-10-12,354,331.43
Blue,Blue Line,2026-10-13,356,331.43
Blue,Blue Line,2026-10-14,356,331.43
Blue,Blue Line,2026-10-15,356,331.43
Blue,Blue Line,2026-10-16,356,331.43
Blue,Blue Line,2026-10-17,284,331.43
Blue,Blue Line,2026-10-18,258,331.43
Blue,Blue Line,2026-10-19,354,331.43
Blue,Blue Line,2026-10-20,356,331.43
Blue,Blue Line,2026-10-21,356,331.43
Blue,Blue Line,2026-10-22,356,331.43
Blue,Blue Line,2026-10-23,356,331.43
Blue,Blue Line,2026-10-24,284,331.43
Blue,Blue Line,2026-10-25,258,331.43
Blue,Blue Line,2026-10-26,354,331.43
Blue,Blue Line,2026-10-27,356,331.43
Blue,Blue Line,2026-10-28,356,331.43
Blue,Blue Line,2026-10-29,356,331.43
Blue,Blue Line,2026-10-30,356,331.43
Blue,Blue Line,2026-10-31,284,331.43
Brn,Brown Line,2026-08-05,180,180.0
Brn,Brown Line,2026-08-06,180,180.0
Brn,Brown Line,2026-08-07,180,180.0
Brn,Brown Line,2026-08-08,130,167.5
Brn,Brown Line,2026-08-09,112,156.4
Brn,Brown Line,2026-08-10,178,160.0
Brn,Brown Line,2026-08-11,180,162.86
Brn,Brown Line,2026-08-12,180,162.86
Brn,Brown Line,2026-08-13,180,162.86
Brn,Brown Line,2026-08-14,180,162.86
Brn,Brown Line,2026-08-15,130,162.86
Brn,Brown Line,2026-08-16,112,162.86
Brn,Brown Line,2026-08-17,178,162.86
Brn,Brown Line,2026-08-18,180,162.86
Brn,Brown Line,2026-08-19,180,162.86
Brn,Brown Line,2026-08-20,180,162.86
Brn,Brown Line,2026-08-21,180,162.86
Brn,Brown Line,2026-08-22,130,162.86
Brn,Brown Line,2026-08-23,112,162.86
Brn,Brown Line,2026-08-24,178,162.86
Brn,Brown Line,2026-08-25,180,162.86
Brn,Brown Line,2026-08-26,180,162.86
Brn,Brown Line,2026-08-27,180,162.86
Brn,Brown Line,2026-08-28,180,162.86
Brn,Brown Line,2026-08-29,130,162.86
Brn,Brown Line,2026-08-30,112,162.86
Brn,Brown Line,2026-08-31,178,162.86
Brn,Brown Line,2026-09-01,180,162.86
Brn,Brown Line,2026-09-02,180,162.86
Brn,Brown Line,2026-09-03,180,162.86
Brn,Brown Line,2026-09-04,180,162.86
Brn,Brown Line,2026-09-05,130,162.86
Brn,Brown Line,2026-09-06,112,162.86
Brn,Brown Line,2026-09-07,110,153.14
Brn,Brown Line,2026-09-08,178,152.86
Brn,Brown Line,2026-09-09,180,152.86
Brn,Brown Line,2026-09-10,180,152.86
Brn,Brown Line,2026-09-11,180,152.86
Brn,Brown Line,2026-09-12,130,152.86
Brn,Brown Line,2026-09-13,112,152.86
Brn,Brown Line,2026-09-14,178,162.57
Brn,Brown Line,2026-09-15,180,162.86
Brn,Brown Line,2026-09-16,180,162.86
Brn,Brown Line,2026-09-17,180,162.86
Brn,Brown Line,2026-09-18,180,162.86
Brn,Brown Line,2026-09-19,130,162.86
Brn,Brown Line,2026-09-20,112,162.86
Brn,Brown Line,2026-09-21,178,162.86
Brn,Brown Line,2026-09-22,180,162.86
Brn,Brown Line,2026-09-23,180,162.86
Brn,Brown Line,2026-09-24,180,162.86
Brn,Brown Line,2026-09-25,180,162.86
Brn,Brown Line,2026-09-26,130,162.86
Brn,Brown Line,2026-09-27,112,162.86
Brn,Brown Line,2026-09-28,178,162.86
Brn,Brown Line,2026-09-29,180,162.86
Brn,Brown Line,2026-09-30,180,162.86
Brn,Brown Line,2026-10-01,180,162.86
Brn,Brown Line,2026-10-02,180,162.86
Brn,Brown Line,2026-10-03,130,162.86
Brn,Brown Line,2026-10-04,112,162.86
Brn,Brown Line,2026-10-05,178,162.86
Brn,Brown Line,2026-10-06,180,162.86
Brn,Brown Line,2026-10-07,180,162.86
Brn,Brown Line,2026-10-08,180,162.86
Brn,Brown Line,2026-10-09,180,162.86
Brn,Brown Line,2026-10-10,130,162.86
Brn,Brown Line,2026-10-11,112,162.86
Brn,Brown Line,2026-10-12,178,162.86
Brn,Brown Line,2026-10-13,180,162.86
Brn,Brown Line,2026-10-14,180,162.86
Brn,Brown Line,2026-10-15,180,162.86
Brn,Brown Line,2026-10-16,180,162.86
Brn,Brown Line,2026-10-17,130,162.86
Brn,Brown Line,2026-10-18,112,162.86
Brn,Brown Line,2026-10-19,178,162.86
Brn,Brown Line,2026-10-20,180,162.86
Brn,Brown Line,2026-10-21,180,162.86
Brn,Brown Line,2026-10-22,180,162.86
Brn,Brown Line,2026-10-23,180,162.86
Brn,Brown Line,2026-10-24,130,162.86
Brn,Brown Line,2026-10-25,112,162.86
Brn,Brown Line,2026-10-26,178,162.86
Brn,Brown Line,2026-10-27,180,162.86
Brn,Brown Line,2026-10-28,180,162.86
Brn,Brown Line,2026-10-29,180,162.86
Brn,Brown Line,2026-10-30,180,162.86
Brn,Brown Line,2026-10-31,130,162.86
G,Green Line,2026-08-05,256,256.0
G,Green Line,2026-08-06,256,256.0
G,Green Line,2026-08-07,256,256.0
G,Green Line,2026-08-08,228,249.0
G,Green Line,2026-08-09,224,244.0
G,Green Line,2026-08-10,256,246.0
G,Green Line,2026-08-11,256,247.43
G,Green Line,2026-08-12,256,247.43
G,Green Line,2026-08-13,256,247.43
G,Green Line,2026-08-14,256,247.43
G,Green Line,2026-08-15,228,247.43
G,Green Line,2026-08-16,224,247.43
G,Green Line,2026-08-17,256,247.43
G,Green Line,2026-08-18,256,247.43
G,Green Line,2026-08-19,256,247.43
G,Green Line,2026-08-20,256,247.43
G,Green Line,2026-08-21,256,247.43
G,Green Line,2026-08-22,228,247.43
G,Green Line,2026-08-23,224,247.43
G,Green Line,2026-08-24,256,247.43
G,Green Line,2026-08-25,256,247.43
G,Green Line,2026-08-26,256,247.43
G,Green Line,2026-08-27,256,247.43
G,Green Line,2026-08-28,256,247.43
G,Green Line,2026-08-29,228,247.43
G,Green Line,2026-08-30,224,247.43
G,Green Line,2026-08-31,256,247.43
G,Green Line,2026-09-01,256,247.43
G,Green Line,2026-09-02,256,247.43
G,Green Line,2026-09-03,256,247.43
G,Green Line,2026-09-04,256,247.43
G,Green Line,2026-09-05,228,247.43
G,Green Line,2026-09-06,224,247.43
G,Green Line,2026-09-07,224,242.86
G,Green Line,2026-09-08,256,242.86
G,Green Line,2026-09-09,256,242.86
G,Green Line,2026-09-10,256,242.86
G,Green Line,2026-09-11,256,242.86
G,Green Line,2026-09-12,228,242.86
G,Green Line,2026-09-13,224,242.86
G,Green Line,2026-09-14,256,247.43
G,Green Line,2026-09-15,256,247.43
G,Green Line,2026-09-16,256,247.43
G,Green Line,2026-09-17,256,247.43
G,Green Line,2026-09-18,256,247.43
G,Green Line,2026-09-19,228,247.43
G,Green Line,2026-09-20,224,247.43
G,Green Line,2026-09-21,256,247.43
G,Green Line,2026-09-22,256,247.43
G,Green Line,2026-09-23,256,247.43
G,Green Line,2026-09-24,256,247.43
G,Green Line,2026-09-25,256,247.43
G,Green Line,2026-09-26,228,247.43
G,Green Line,2026-09-27,224,247.43
G,Green Line,2026-09-28,256,247.43
G,Green Line,2026-09-29,256,247.43
G,Green Line,2026-09-30,256,247.43
G,Green Line,2026-10-01,256,247.43
G,Green Line,2026-10-02,256,247.43
G,Green Line,2026-10-03,228,247.43
G,Green Line,2026-10-04,224,247.43
G,Green Line,2026-10-05,256,247.43
G,Green Line,2026-10-06,256,247.43
G,Green Line,2026-10-07,256,247.43
G,Green Line,2026-10-08,256,247.43
G,Green Line,2026-10-09,256,247.43
G,Green Line,2026-10-10,228,247.43
G,Green Line,2026-10-11,224,247.43
G,Green Line,2026-10-12,256,247.43
G,Green Line,2026-10-13,256,247.43
G,Green Line,2026-10-14,256,247.43
G,Green Line,2026-10-15,256,247.43
G,Green Line,2026-10-16,256,247.43
G,Green Line,2026-10-17,228,247.43
G,Green Line,2026-10-18,224,247.43
G,Green Line,2026-10-19,256,247.43
G,Green Line,2026-10-20,256,247.43
G,Green Line,2026-10-21,256,247.43
G,Green Line,2026-10-22,256,247.43
G,Green Line,2026-10-23,256,247.43
G,Green Line,2026-10-24,228,247.43
G,Green Line,2026-10-25,224,247.43
G,Green Line,2026-10-26,256,247.43
G,Green Line,2026-10-27,256,247.43
G,Green Line,2026-10-28,256,247.43
G,Green Line,2026-10-29,256,247.43
G,Green Line,2026-10-30,256,247.43
G,Green Line,2026-10-31,228,247.43
J14,J14,2026-08-05,242,242.0
J14,J14,2026-08-06,242,242.0
J14,J14,2026-08-07,242,242.0
J14,J14,2026-08-08,187,228.25
J14,J14,2026-08-09,177,218.0
J14,J14,2026-08-10,242,222.0
J14,J14,2026-08-11,242,224.86
J14,J14,2026-08-12,242,224.86
J14,J14,2026-08-13,242,224.86
J14,J14,2026-08-14,242,224.86
J14,J14,2026-08-15,187,224.86
J14,J14,2026-08-16,177,224.86
J14,J14,2026-08-17,242,224.86
J14,J14,2026-08-18,242,224.86
J14,J14,2026-08-19,242,224.86
J14,J14,2026-08-20,242,224.86
J14,J14,2026-08-21,242,224.86
J14,J14,2026-08-22,187,224.86
J14,J14,2026-08-23,178,225.0
J14,J14,2026-08-24,242,225.0
J14,J14,2026-08-25,242,225.0
J14,J14,2026-08-26,242,225.0
J14,J14,2026-08-27,242,225.0
J14,J14,2026-08-28,242,225.0
J14,J14,2026-08-29,187,225.0
J14,J14,2026-08-30,178,225.0
J14,J14,2026-08-31,242,225.0
J14,J14,2026-09-01,242,225.0
J14,J14,2026-09-02,242,225.0
J14,J14,2026-09-03,242,225.0
J14,J14,2026-09-04,242,225.0
J14,J14,2026-09-05,187,225.0
J14,J14,2026-09-06,178,225.0
J14,J14,2026-09-07,178,215.86
J14,J14,2026-09-08,242,215.86
J14,J14,2026-09-09,242,215.86
J14,J14,2026-09-10,242,215.86
J14,J14,2026-09-11,242,215.86
J14,J14,2026-09-12,187,215.86
J14,J14,2026-09-13,178,215.86
J14,J14,2026-09-14,242,225.0
J14,J14,2026-09-15,242,225.0
J14,J14,2026-09-16,242,225.0
J14,J14,2026-09-17,242,225.0
J14,J14,2026-09-18,242,225.0
J14,J14,2026-09-19,187,225.0
J14,J14,2026-09-20,178,225.0
J14,J14,2026-09-21,242,225.0
J14,J14,2026-09-22,242,225.0
J14,J14,2026-09-23,242,225.0
J14,J14,2026-09-24,242,225.0
J14,J14,2026-09-25,242,225.0
J14,J14,2026-09-26,187,225.0
J14,J14,2026-09-27,178,225.0
J14,J14,2026-09-28,242,225.0
J14,J14,2026-09-29,242,225.0
J14,J14,2026-09-30,242,225.0
J14,J14,2026-10-01,242,225.0
J14,J14,2026-10-02,242,225.0
J14,J14,2026-10-03,187,225.0
J14,J14,2026-10-04,178,225.0
J14,J14,2026-10-05,242,225.0
J14,J14,2026-10-06,242,225.0
J14,J14,2026-10-07,242,225.0
J14,J14,2026-10-08,242,225.0
J14,J14,2026-10-09,242,225.0
J14,J14,2026-10-10,187,225.0
J14,J14,2026-10-11,178,225.0
J14,J14,2026-10-12,242,225.0
J14,J14,2026-10-13,242,225.0
J14,J14,2026-10-14,242,225.0
J14,J14,2026-10-15,242,225.0
J14,J14,2026-10-16,242,225.0
J14,J14,2026-10-17,187,225.0
J14,J14,2026-10-18,178,225.0
J14,J14,2026-10-19,242,225.0
J14,J14,2026-10-20,242,225.0
J14,J14,2026-10-21,242,225.0
J14,J14,2026-10-22,242,225.0
J14,J14,2026-10-23,242,225.0
J14,J14,2026-10-24,187,225.0
J14,J14,2026-10-25,178,225.0
J14,J14,2026-10-26,242,225.0
J14,J14,2026-10-27,242,225.0
J14,J14,2026-10-28,242,225.0
J14,J14,2026-10-29,242,225.0
J14,J14,2026-10-30,242,225.0
J14,J14,2026-10-31,187,225.0
N5,N5,2026-08-05,20,20.0
N5,N5,2026-08-06,20,20.0
N5,N5,2026-08-07,20,20.0
N5,N5,2026-08-08,20,20.0
N5,N5,2026-08-09,22,20.4
N5,N5,2026-08-10,20,20.33
N5,N5,2026-08-11,20,20.29
N5,N5,2026-08-12,20,20.29
N5,N5,2026-08-13,20,20.29
N5,N5,2026-08-14,20,20.29
N5,N5,2026-08-15,20,20.29
N5,N5,2026-08-16,22,20.29
N5,N5,2026-08-17,20,20.29
N5,N5,2026-08-18,20,20.29
N5,N5,2026-08-19,20,20.29
N5,N5,2026-08-20,20,20.29
N5,N5,2026-08-21,20,20.29
N5,N5,2026-08-22,20,20.29
N5,N5,2026-08-23,22,20.29
N5,N5,2026-08-24,20,20.29
N5,N5,2026-08-25,20,20.29
N5,N5,2026-08-26,20,20.29
N5,N5,2026-08-27,20,20.29
N5,N5,2026-08-28,20,20.29
N5,N5,2026-08-29,20,20.29
N5,N5,2026-08-30,22,20.29
N5,N5,2026-08-31,20,20.29
N5,N5,2026-09-01,20,20.29
N5,N5,2026-09-02,20,20.29
N5,N5,2026-09-03,20,20.29
N5,N5,2026-09-04,20,20.29
N5,N5,2026-09-05,20,20.29
N5,N5,2026-09-06,22,20.29
N5,N5,2026-09-07,22,20.57
N5,N5,2026-09-08,20,20.57
N5,N5,2026-09-09,20,20.57
N5,N5,2026-09-10,20,20.57
N5,N5,2026-09-11,20,20.57
N5,N5,2026-09-12,20,20.57
N5,N5,2026-09-13,22,20.57
N5,N5,2026-09-14,20,20.29
N5,N5,2026-09-15,20,20.29
N5,N5,2026-09-16,20,20.29
N5,N5,2026-09-17,20,20.29
N5,N5,2026-09-18,20,20.29
N5,N5,2026-09-19,20,20.29
N5,N5,2026-09-20,22,20.29
N5,N5,2026-09-21,20,20.29
N5,N5,2026-09-22,20,20.29
N5,N5,2026-09-23,20,20.29
N5,N5,2026-09-24,20,20.29
N5,N5,2026-09-25,20,20.29
N5,N5,2026-09-26,20,20.29
N5,N5,2026-09-27,22,20.29
N5,N5,2026-09-28,20,20.29
N5,N5,2026-09-29,20,20.29
N5,N5,2026-09-30,20,20.29
N5,N5,2026-10-01,20,20.29
N5,N5,2026-10-02,20,20.29
N5,N5,2026-10-03,20,20.29
N5,N5,2026-10-04,22,20.29
N5,N5,2026-10-05,20,20.29
N5,N5,2026-10-06,20,20.29
N5,N5,2026-10-07,20,20.29
N5,N5,2026-10-08,20,20.29
N5,N5,2026-10-09,20,20.29
N5,N5,2026-10-10,20,20.29
N5,N5,2026-10-11,22,20.29
N5,N5,2026-10-12,20,20.29
N5,N5,2026-10-13,20,20.29
N5,N5,2026-10-14,20,20.29
N5,N5,2026-10-15,20,20.29
N5,N5,2026-10-16,20,20.29
N5,N5,2026-10-17,20,20.29
N5,N5,2026-10-18,22,20.29
N5,N5,2026-10-19,20,20.29
N5,N5,2026-10-20,20,20.29
N5,N5,2026-10-21,20,20.29
N5,N5,2026-10-22,20,20.29
N5,N5,2026-10-23,20,20.29
N5,N5,2026-10-24,20,20.29
N5,N5,2026-10-25,22,20.29
N5,N5,2026-10-26,20,20.29
N5,N5,2026-10-27,20,20.29
N5,N5,2026-10-28,20,20.29
N5,N5,2026-10-29,20,20.29
N5,N5,2026-10-30,20,20.29
N5,N5,2026-10-31,20,20.29
Org,Orange Line,2026-08-05,144,144.0
Org,Orange Line,2026-08-06,144,144.0
Org,Orange Line,2026-08-07,144,144.0
Org,Orange Line,2026-08-08,120,138.0
Org,Orange Line,2026-08-09,114,133.2
Org,Orange Line,2026-08-10,144,135.0
Org,Orange Line,2026-08-11,144,136.29
Org,Orange Line,2026-08-12,144,136.29
Org,Orange Line,2026-08-13,144,136.29
Org,Orange Line,2026-08-14,144,136.29
Org,Orange Line,2026-08-15,120,136.29
Org,Orange Line,2026-08-16,114,136.29
Org,Orange Line,2026-08-17,144,136.29
Org,Orange Line,2026-08-18,144,136.29
Org,Orange Line,2026-08-19,144,136.29
Org,Orange Line,2026-08-20,144,136.29
Org,Orange Line,2026-08-21,144,136.29
Org,Orange Line,2026-08-22,120,136.29
Org,Orange Line,2026-08-23,114,136.29
Org,Orange Line,2026-08-24,144,136.29
Org,Orange Line,2026-08-25,144,136.29
Org,Orange Line,2026-08-26,144,136.29
Org,Orange Line,2026-08-27,144,136.29
Org,Orange Line,2026-08-28,144,136.29
Org,Orange Line,2026-08-29,120,136.29
Org,Orange Line,2026-08-30,114,136.29
Org,Orange Line,2026-08-31,144,136.29
Org,Orange Line,2026-09-01,144,136.29
Org,Orange Line,2026-09-02,144,136.29
Org,Orange Line,2026-09-03,144,136.29
Org,Orange Line,2026-09-04,144,136.29
Org,Orange Line,2026-09-05,120,136.29
Org,Orange Line,2026-09-06,114,136.29
Org,Orange Line,2026-09-07,114,132.0
Org,Orange Line,2026-09-08,144,132.0
Org,Orange Line,2026-09-09,144,132.0
Org,Orange Line,2026-09-10,144,132.0
Org,Orange Line,2026-09-11,144,132.0
Org,Orange Line,2026-09-12,120,132.0
Org,Orange Line,2026-09-13,114,132.0
Org,Orange Line,2026-09-14,144,136.29
Org,Orange Line,2026-09-15,144,136.29
Org,Orange Line,2026-09-16,144,136.29
Org,Orange Line,2026-09-17,144,136.29
Org,Orange Line,2026-09-18,144,136.29
Org,Orange Line,2026-09-19,120,136.29
Org,Orange Line,2026-09-20,114,136.29
Org,Orange Line,2026-09-21,144,136.29
Org,Orange Line,2026-09-22,144,136.29
Org,Orange Line,2026-09-23,144,136.29
Org,Orange Line,2026-09-24,144,136.29
Org,Orange Line,2026-09-25,144,136.29
Org,Orange Line,2026-09-26,120,136.29
Org,Orange Line,2026-09-27,114,136.29
Org,Orange Line,2026-09-28,144,136.29
Org,Orange Line,2026-09-29,144,136.29
Org,Orange Line,2026-09-30,144,136.29
Org,Orange Line,2026-10-01,144,136.29
Org,Orange Line,2026-10-02,144,136.29
Org,Orange Line,2026-10-03,120,136.29
Org,Orange Line,2026-10-04,114,136.29
Org,Orange Line,2026-10-05,144,136.29
Org,Orange Line,2026-10-06,144,136.29
Org,Orange Line,2026-10-07,144,136.29
Org,Orange Line,2026-10-08,144,136.29
Org,Orange Line,2026-10-09,144,136.29
Org,Orange Line,2026-10-10,120,136.29
Org,Orange Line,2026-10-11,114,136.29
Org,Orange Line,2026-10-12,144,136.29
Org,Orange Line,2026-10-13,144,136.29
Org,Orange Line,2026-10-14,144,136.29
Org,Orange Line,2026-10-15,144,136.29
Org,Orange Line,2026-10-16,144,136.29
Org,Orange Line,2026-10-17,120,136.29
Org,Orange Line,2026-10-18,114,136.29
Org,Orange Line,2026-10-19,144,136.29
Org,Orange Line,2026-10-20,144,136.29
Org,Orange Line,2026-10-21,144,136.29
Org,Orange Line,2026-10-22,144,136.29
Org,Orange Line,2026-10-23,144,136.29
Org,Orange Line,2026-10-24,120,136.29
Org,Orange Line,2026-10-25,114,136.29
Org,Orange Line,2026-10-26,144,136.29
Org,Orange Line,2026-10-27,144,136.29
Org,Orange Line,2026-10-28,144,136.29
Org,Orange Line,2026-10-29,144,136.29
Org,Orange Line,2026-10-30,144,136.29
Org,Orange Line,2026-10-31,120,136.29
P,Purple Line,2026-08-05,188,188.0
P,Purple Line,2026-08-06,188,188.0
P,Purple Line,2026-08-07,188,188.0
P,Purple Line,2026-08-08,202,191.5
P,Purple Line,2026-08-09,183,189.8
P,Purple Line,2026-08-10,189,189.67
P,Purple Line,2026-08-11,188,189.43
P,Purple Line,2026-08-12,188,189.43
P,Purple Line,2026-08-13,188,189.43
P,Purple Line,2026-08-14,188,189.43
P,Purple Line,2026-08-15,202,189.43
P,Purple Line,2026-08-16,183,189.43
P,Purple Line,2026-08-17,189,189.43
P,Purple Line,2026-08-18,188,189.43
P,Purple Line,2026-08-19,188,189.43
P,Purple Line,2026-08-20,188,189.43
P,Purple Line,2026-08-21,188,189.43
P,Purple Line,2026-08-22,202,189.43
P,Purple Line,2026-08-23,183,189.43
P,Purple Line,2026-08-24,189,189.43
P,Purple Line,2026-08-25,188,189.43
P,Purple Line,2026-08-26,188,189.43
P,Purple Line,2026-08-27,188,189.43
P,Purple Line,2026-08-28,188,189.43
P,Purple Line,2026-08-29,202,189.43
P,Purple Line,2026-08-30,183,189.43
P,Purple Line,2026-08-31,189,189.43
P,Purple Line,2026-09-01,188,189.43
P,Purple Line,2026-09-02,188,189.43
P,Purple Line,2026-09-03,188,189.43
P,Purple Line,2026-09-04,188,189.43
P,Purple Line,2026-09-05,202,189.43
P,Purple Line,2026-09-06,183,189.43
P,Purple Line,2026-09-07,178,187.86
P,Purple Line,2026-09-08,189,188.0
P,Purple Line,2026-09-09,188,188.0
P,Purple Line,2026-09-10,188,188.0
P,Purple Line,2026-09-11,188,188.0
P,Purple Line,2026-09-12,202,188.0
P,Purple Line,2026-09-13,183,188.0
P,Purple Line,2026-09-14,189,189.57
P,Purple Line,2026-09-15,188,189.43
P,Purple Line,2026-09-16,188,189.43
P,Purple Line,2026-09-17,188,189.43
P,Purple Line,2026-09-18,188,189.43
P,Purple Line,2026-09-19,202,189.43
P,Purple Line,2026-09-20,183,189.43
P,Purple Line,2026-09-21,189,189.43
P,Purple Line,2026-09-22,188,189.43
P,Purple Line,2026-09-23,188,189.43
P,Purple Line,2026-09-24,188,189.43
P,Purple Line,2026-09-25,188,189.43
P,Purple Line,2026-09-26,202,189.43
P,Purple Line,2026-09-27,183,189.43
P,Purple Line,2026-09-28,189,189.43
P,Purple Line,2026-09-29,188,189.43
P,Purple Line,2026-09-30,188,189.43
P,Purple Line,2026-10-01,188,189.43
P,Purple Line,2026-10-02,188,189.43
P,Purple Line,2026-10-03,202,189.43
P,Purple Line,2026-10-04,183,189.43
P,Purple Line,2026-10-05,189,189.43
P,Purple Line,2026-10-06,188,189.43
P,Purple Line,2026-10-07,188,189.43
P,Purple Line,2026-10-08,188,189.43
P,Purple Line,2026-10-09,188,189.43
P,Purple Line,2026-10-10,202,189.43
P,Purple Line,2026-10-11,183,189.43
P,Purple Line,2026-10-12,189,189.43
P,Purple Line,2026-10-13,188,189.43
P,Purple Line,2026-10-14,188,189.43
P,Purple Line,2026-10-15,188,189.43
P,Purple Line,2026-10-16,188,189.43
P,Purple Line,2026-10-17,202,189.43
P,Purple Line,2026-10-18,183,189.43
P,Purple Line,2026-10-19,189,189.43
P,Purple Line,2026-10-20,188,189.43
P,Purple Line,2026-10-21,188,189.43
P,Purple Line,2026-10-22,188,189.43
P,Purple Line,2026-10-23,188,189.43
P,Purple Line,2026-10-24,202,189.43
P,Purple Line,2026-10-25,183,189.43
P,Purple Line,2026-10-26,189,189.43
P,Purple Line,2026-10-27,188,189.43
P,Purple Line,2026-10-28,188,189.43
P,Purple Line,2026-10-29,188,189.43
P,Purple Line,2026-10-30,188,189.43
P,Purple Line,2026-10-31,202,189.43
Pink,Pink Line,2026-08-05,122,122.0
Pink,Pink Line,2026-08-06,122,122.0
Pink,Pink Line,2026-08-07,122,122.0
Pink,Pink Line,2026-08-08,108,118.5
Pink,Pink Line,2026-08-09,102,115.2
Pink,Pink Line,2026-08-10,122,116.33
Pink,Pink Line,2026-08-11,122,117.14
Pink,Pink Line,2026-08-12,122,117.14
Pink,Pink Line,2026-08-13,122,117.14
Pink,Pink Line,2026-08-14,122,117.14
Pink,Pink Line,2026-08-15,108,117.14
Pink,Pink Line,2026-08-16,102,117.14
Pink,Pink Line,2026-08-17,122,117.14
Pink,Pink Line,2026-08-18,122,117.14
Pink,Pink Line,2026-08-19,122,117.14
Pink,Pink Line,2026-08-20,122,117.14
Pink,Pink Line,2026-08-21,122,117.14
Pink,Pink Line,2026-08-22,108,117.14
Pink,Pink Line,2026-08-23,102,117.14
Pink,Pink Line,2026-08-24,122,117.14
Pink,Pink Line,2026-08-25,122,117.14
Pink,Pink Line,2026-08-26,122,117.14
Pink,Pink Line,2026-08-27,122,117.14
Pink,Pink Line,2026-08-28,122,117.14
Pink,Pink Line,2026-08-29,108,117.14
Pink,Pink Line,2026-08-30,102,117.14
Pink,Pink Line,2026-08-31,122,117.14
Pink,Pink Line,2026-09-01,122,117.14
Pink,Pink Line,2026-09-02,122,117.14
Pink,Pink Line,2026-09-03,122,117.14
Pink,Pink Line,2026-09-04,122,117.14
Pink,Pink Line,2026-09-05,108,117.14
Pink,Pink Line,2026-09-06,102,117.14
Pink,Pink Line,2026-09-07,102,114.29
Pink,Pink Line,2026-09-08,122,114.29
Pink,Pink Line,2026-09-09,122,114.29
Pink,Pink Line,2026-09-10,122,114.29
Pink,Pink Line,2026-09-11,122,114.29
Pink,Pink Line,2026-09-12,108,114.29
Pink,Pink Line,2026-09-13,102,114.29
Pink,Pink Line,2026-09-14,122,117.14
Pink,Pink Line,2026-09-15,122,117.14
Pink,Pink Line,2026-09-16,122,117.14
Pink,Pink Line,2026-09-17,122,117.14
Pink,Pink Line,2026-09-18,122,117.14
Pink,Pink Line,2026-09-19,108,117.14
Pink,Pink Line,2026-09-20,102,117.14
Pink,Pink Line,2026-09-21,122,117.14
Pink,Pink Line,2026-09-22,122,117.14
Pink,Pink Line,2026-09-23,122,117.14
Pink,Pink Line,2026-09-24,122,117.14
Pink,Pink Line,2026-09-25,122,117.14
Pink,Pink Line,2026-09-26,108,117.14
Pink,Pink Line,2026-09-27,102,117.14
Pink,Pink Line,2026-09-28,122,117.14
Pink,Pink Line,2026-09-29,122,117.14
Pink,Pink Line,2026-09-30,122,117.14
Pink,Pink Line,2026-10-01,122,117.14
Pink,Pink Line,2026-10-02,122,117.14
Pink,Pink Line,2026-10-03,108,117.14
Pink,Pink Line,2026-10-04,102,117.14
Pink,Pink Line,2026-10-05,122,117.14
Pink,Pink Line,2026-10-06,122,117.14
Pink,Pink Line,2026-10-07,122,117.14
Pink,Pink Line,2026-10-08,122,117.14
Pink,Pink Line,2026-10-09,122,117.14
Pink,Pink Line,2026-10-10,108,117.14
Pink,Pink Line,2026-10-11,102,117.14
Pink,Pink Line,2026-10-12,122,117.14
Pink,Pink Line,2026-10-13,122,117.14
Pink,Pink Line,2026-10-14,122,117.14
Pink,Pink Line,2026-10-15,122,117.14
Pink,Pink Line,2026-10-16,122,117.14
Pink,Pink Line,2026-10-17,108,117.14
Pink,Pink Line,2026-10-18,102,117.14
Pink,Pink Line,2026-10-19,122,117.14
Pink,Pink Line,2026-10-20,122,117.14
Pink,Pink Line,2026-10-21,122,117.14
Pink,Pink Line,2026-10-22,122,117.14
Pink,Pink Line,2026-10-23,122,117.14
Pink,Pink Line,2026-10-24,108,117.14
Pink,Pink Line,2026-10-25,102,117.14
Pink,Pink Line,2026-10-26,122,117.14
Pink,Pink Line,2026-10-27,122,117.14
Pink,Pink Line,2026-10-28,122,117.14
Pink,Pink Line,2026-10-29,122,117.14
Pink,Pink Line,2026-10-30,122,117.14
Pink,Pink Line,2026-10-31,108,117.14
Red,Red Line,2026-08-05,424,424.0
Red,Red Line,2026-08-06,424,424.0
Red,Red Line,2026-08-07,424,424.0
Red,Red Line,2026-08-08,349,405.25
Red,Red Line,2026-08-09,317,387.6
Red,Red Line,2026-08-10,422,393.33
Red,Red Line,2026-08-11,424,397.71
Red,Red Line,2026-08-12,424,397.71
Red,Red Line,2026-08-13,424,397.71
Red,Red Line,2026-08-14,424,397.71
Red,Red Line,2026-08-15,349,397.71
Red,Red Line,2026-08-16,317,397.71
Red,Red Line,2026-08-17,422,397.71
Red,Red Line,2026-08-18,424,397.71
Red,Red Line,2026-08-19,424,397.71
Red,Red Line,2026-08-20,424,397.71
Red,Red Line,2026-08-21,424,397.71
Red,Red Line,2026-08-22,349,397.71
Red,Red Line,2026-08-23,317,397.71
Red,Red Line,2026-08-24,422,397.71
Red,Red Line,2026-08-25,424,397.71
Red,Red Line,2026-08-26,424,397.71
Red,Red Line,2026-08-27,424,397.71
Red,Red Line,2026-08-28,424,397.71
Red,Red Line,2026-08-29,349,397.71
Red,Red Line,2026-08-30,317,397.71
Red,Red Line,2026-08-31,422,397.71
Red,Red Line,2026-09-01,424,397.71
Red,Red Line,2026-09-02,424,397.71
Red,Red Line,2026-09-03,424,397.71
Red,Red Line,2026-09-04,424,397.71
Red,Red Line,2026-09-05,349,397.71
Red,Red Line,2026-09-06,317,397.71
Red,Red Line,2026-09-07,316,382.57
Red,Red Line,2026-09-08,422,382.29
Red,Red Line,2026-09-09,424,382.29
Red,Red Line,2026-09-10,424,382.29
Red,Red Line,2026-09-11,424,382.29
Red,Red Line,2026-09-12,349,382.29
Red,Red Line,2026-09-13,317,382.29
Red,Red Line,2026-09-14,422,397.43
Red,Red Line,2026-09-15,424,397.71
Red,Red Line,2026-09-16,424,397.71
Red,Red Line,2026-09-17,424,397.71
Red,Red Line,2026-09-18,424,397.71
Red,Red Line,2026-09-19,349,397.71
Red,Red Line,2026-09-20,317,397.71
Red,Red Line,2026-09-21,422,397.71
Red,Red Line,2026-09-22,424,397.71
Red,Red Line,2026-09-23,424,397.71
Red,Red Line,2026-09-24,424,397.71
Red,Red Line,2026-09-25,424,397.71
Red,Red Line,2026-09-26,349,397.71
Red,Red Line,2026-09-27,317,397.71
Red,Red Line,2026-09-28,422,397.71
Red,Red Line,2026-09-29,424,397.71
Red,Red Line,2026-09-30,424,397.71
Red,Red Line,2026-10-01,424,397.71
Red,Red Line,2026-10-02,424,397.71
Red,Red Line,2026-10-03,349,397.71
Red,Red Line,2026-10-04,317,397.71
Red,Red Line,2026-10-05,422,397.71
Red,Red Line,2026-10-06,424,397.71
Red,Red Line,2026-10-07,424,397.71
Red,Red Line,2026-10-08,424,397.71
Red,Red Line,2026-10-09,424,397.71
Red,Red Line,2026-10-10,349,397.71
Red,Red Line,2026-10-11,317,397.71
Red,Red Line,2026-10-12,422,397.71
Red,Red Line,2026-10-13,424,397.71
Red,Red Line,2026-10-14,424,397.71
Red,Red Line,2026-10-15,424,397.71
Red,Red Line,2026-10-16,424,397.71
Red,Red Line,2026-10-17,349,397.71
Red,Red Line,2026-10-18,317,397.71
Red,Red Line,2026-10-19,422,397.71
Red,Red Line,2026-10-20,424,397.71
Red,Red Line,2026-10-21,424,397.71
Red,Red Line,2026-10-22,424,397.71
Red,Red Line,2026-10-23,424,397.71
Red,Red Line,2026-10-24,349,397.71
Red,Red Line,2026-10-25,317,397.71
Red,Red Line,2026-10-26,422,397.71
Red,Red Line,2026-10-27,424,397.71
Red,Red Line,2026-10-28,424,397.71
Red,Red Line,2026-10-29,424,397.71
Red,Red Line,2026-10-30,424,397.71
Red,Red Line,2026-10-31,349,397.71
X4,X4,2026-08-05,69,69.0
X4,X4,2026-08-06,69,69.0
X4,X4,2026-08-07,69,69.0
X4,X4,2026-08-08,0,51.75
X4,X4,2026-08-09,0,41.4
X4,X4,2026-08-10,69,46.0
X4,X4,2026-08-11,69,49.29
X4,X4,2026-08-12,69,49.29
X4,X4,2026-08-13,69,49.29
X4,X4,2026-08-14,69,49.29
X4,X4,2026-08-15,0,49.29
X4,X4,2026-08-16,0,49.29
X4,X4,2026-08-17,69,49.29
X4,X4,2026-08-18,69,49.29
X4,X4,2026-08-19,69,49.29
X4,X4,2026-08-20,69,49.29
X4,X4,2026-08-21,69,49.29
X4,X4,2026-08-22,0,49.29
X4,X4,2026-08-23,0,49.29
X4,X4,2026-08-24,69,49.29
X4,X4,2026-08-25,69,49.29
X4,X4,2026-08-26,69,49.29
X4,X4,2026-08-27,69,49.29
X4,X4,2026-08-28,69,49.29
X4,X4,2026-08-29,0,49.29
X4,X4,2026-08-30,0,49.29
X4,X4,2026-08-31,69,49.29
X4,X4,2026-09-01,69,49.29
X4,X4,2026-09-02,69,49.29
X4,X4,2026-09-03,69,49.29
X4,X4,2026-09-04,69,49.29
X4,X4,2026-09-05,0,49.29
X4,X4,2026-09-06,0,49.29
X4,X4,2026-09-07,0,39.43
X4,X4,2026-09-08,69,39.43
X4,X4,2026-09-09,69,39.43
X4,X4,2026-09-10,69,39.43
X4,X4,2026-09-11,69,39.43
X4,X4,2026-09-12,0,39.43
X4,X4,2026-09-13,0,39.43
X4,X4,2026-09-14,69,49.29
X4,X4,2026-09-15,69,49.29
X4,X4,2026-09-16,69,49.29
X4,X4,2026-09-17,69,49.29
X4,X4,2026-09-18,69,49.29
X4,X4,2026-09-19,0,49.29
X4,X4,2026-09-20,0,49.29
X4,X4,2026-09-21,69,49.29
X4,X4,2026-09-22,69,49.29
X4,X4,2026-09-23,69,49.29
X4,X4,2026-09-24,69,49.29
X4,X4,2026-09-25,69,49.29
X4,X4,2026-09-26,0,49.29
X4,X4,2026-09-27,0,49.29
X4,X4,2026-09-28,69,49.29
X4,X4,2026-09-29,69,49.29
X4,X4,2026-09-30,69,49.29
X4,X4,2026-10-01,69,49.29
X4,X4,2026-10-02,69,49.29
X4,X4,2026-10-03,0,49.29
X4,X4,2026-10-04,0,49.29
X4,X4,2026-10-05,69,49.29
X4,X4,2026-10-06,69,49.29
X4,X4,2026-10-07,69,49.29
X4,X4,2026-10-08,69,49.29
X4,X4,2026-10-09,69,49.29
X4,X4,2026-10-10,0,49.29
X4,X4,2026-10-11,0,49.29
X4,X4,2026-10-12,69,49.29
X4,X4,2026-10-13,69,49.29
X4,X4,2026-10-14,69,49.29
X4,X4,2026-10-15,69,49.29
X4,X4,2026-10-16,69,49.29
X4,X4,2026-10-17,0,49.29
X4,X4,2026-10-18,0,49.29
X4,X4,2026-10-19,69,49.29
X4,X4,2026-10-20,69,49.29
X4,X4,2026-10-21,69,49.29
X4,X4,2026-10-22,69,49.29
X4,X4,2026-10-23,69,49.29
X4,X4,2026-10-24,0,49.29
X4,X4,2026-10-25,0,49.29
X4,X4,2026-10-26,69,49.29
X4,X4,2026-10-27,69,49.29
X4,X4,2026-10-28,69,49.29
X4,X4,2026-10-29,69,49.29
X4,X4,2026-10-30,69,49.29
X4,X4,2026-10-31,0,49.29
X49,X49,2026-08-05,87,87.0
X49,X49,2026-08-06,87,87.0
X49,X49,2026-08-07,87,87.0
X49,X49,2026-08-08,0,65.25
X49,X49,2026-08-09,0,52.2
X49,X49,2026-08-10,87,58.0
X49,X49,2026-08-11,87,62.14
X49,X49,2026-08-12,87,62.14
X49,X49,2026-08-13,87,62.14
X49,X49,2026-08-14,87,62.14
X49,X49,2026-08-15,0,62.14
X49,X49,2026-08-16,0,62.14
X49,X49,2026-08-17,87,62.14
X49,X49,2026-08-18,87,62.14
X49,X49,2026-08-19,87,62.14
X49,X49,2026-08-20,87,62.14
X49,X49,2026-08-21,87,62.14
X49,X49,2026-08-22,0,62.14
X49,X49,2026-08-23,0,62.14
X49,X49,2026-08-24,87,62.14
X49,X49,2026-08-25,87,62.14
X49,X49,2026-08-26,87,62.14
X49,X49,2026-08-27,87,62.14
X49,X49,2026-08-28,87,62.14
X49,X49,2026-08-29,0,62.14
X49,X49,2026-08-30,0,62.14
X49,X49,2026-08-31,87,62.14
X49,X49,2026-09-01,87,62.14
X49,X49,2026-09-02,87,62.14
X49,X49,2026-09-03,87,62.14
X49,X49,2026-09-04,87,62.14
X49,X49,2026-09-05,0,62.14
X49,X49,2026-09-06,0,62.14
X49,X49,2026-09-07,0,49.71
X49,X49,2026-09-08,87,49.71
X49,X49,2026-09-09,87,49.71
X49,X49,2026-09-10,87,49.71
X49,X49,2026-09-11,87,49.71
X49,X49,2026-09-12,0,49.71
X49,X49,2026-09-13,0,49.71
X49,X49,2026-09-14,87,62.14
X49,X49,2026-09-15,87,62.14
X49,X49,2026-09-16,87,62.14
X49,X49,2026-09-17,87,62.14
X49,X49,2026-09-18,87,62.14
X49,X49,2026-09-19,0,62.14
X49,X49,2026-09-20,0,62.14
X49,X49,2026-09-21,87,62.14
X49,X49,2026-09-22,87,62.14
X49,X49,2026-09-23,87,62.14
X49,X49,2026-09-24,87,62.14
X49,X49,2026-09-25,87,62.14
X49,X49,2026-09-26,0,62.14
X49,X49,2026-09-27,0,62.14
X49,X49,2026-09-28,87,62.14
X49,X49,2026-09-29,87,62.14
X49,X49,2026-09-30,87,62.14
X49,X49,2026-10-01,87,62.14
X49,X49,2026-10-02,87,62.14
X49,X49,2026-10-03,0,62.14
X49,X49,2026-10-04,0,62.14
X49,X49,2026-10-05,87,62.14
X49,X49,2026-10-06,87,62.14
X49,X49,2026-10-07,87,62.14
X49,X49,2026-10-08,87,62.14
X49,X49,2026-10-09,87,62.14
X49,X49,2026-10-10,0,62.14
X49,X49,2026-10-11,0,62.14
X49,X49,2026-10-12,87,62.14
X49,X49,2026-10-13,87,62.14
X49,X49,2026-10-14,87,62.14
X49,X49,2026-10-15,87,62.14
X49,X49,2026-10-16,87,62.14
X49,X49,2026-10-17,0,62.14
X49,X49,2026-10-18,0,62.14
X49,X49,2026-10-19,87,62.14
X49,X49,2026-10-20,87,62.14
X49,X49,2026-10-21,87,62.14
X49,X49,2026-10-22,87,62.14
X49,X49,2026-10-23,87,62.14
X49,X49,2026-10-24,0,62.14
X49,X49,2026-10-25,0,62.14
X49,X49,2026-10-26,87,62.14
X49,X49,2026-10-27,87,62.14
X49,X49,2026-10-28,87,62.14
X49,X49,2026-10-29,87,62.14
X49,X49,2026-10-30,87,62.14
X49,X49,2026-10-31,0,62.14
X9,X9,2026-08-05,102,102.0
X9,X9,2026-08-06,102,102.0
X9,X9,2026-08-07,102,102.0
X9,X9,2026-08-08,0,76.5
X9,X9,2026-08-09,0,61.2
X9,X9,2026-08-10,102,68.0
X9,X9,2026-08-11,102,72.86
X9,X9,2026-08-12,102,72.86
X9,X9,2026-08-13,102,72.86
X9,X9,2026-08-14,102,72.86
X9,X9,2026-08-15,0,72.86
X9,X9,2026-08-16,0,72.86
X9,X9,2026-08-17,102,72.86
X9,X9,2026-08-18,102,72.86
X9,X9,2026-08-19,102,72.86
X9,X9,2026-08-20,102,72.86
X9,X9,2026-08-21,102,72.86
X9,X9,2026-08-22,0,72.86
X9,X9,2026-08-23,0,72.86
X9,X9,2026-08-24,102,72.86
X9,X9,2026-08-25,102,72.86
X9,X9,2026-08-26,102,72.86
X9,X9,2026-08-27,102,72.86
X9,X9,2026-08-28,102,72.86
X9,X9,2026-08-29,0,72.86
X9,X9,2026-08-30,0,72.86
X9,X9,2026-08-31,102,72.86
X9,X9,2026-09-01,102,72.86
X9,X9,2026-09-02,102,72.86
X9,X9,2026-09-03,102,72.86
X9,X9,2026-09-04,102,72.86
X9,X9,2026-09-05,0,72.86
X9,X9,2026-09-06,0,72.86
X9,X9,2026-09-07,0,58.29
X9,X9,2026-09-08,102,58.29
X9,X9,2026-09-09,102,58.29
X9,X9,2026-09-10,102,58.29
X9,X9,2026-09-11,102,58.29
X9,X9,2026-09-12,0,58.29
X9,X9,2026-09-13,0,58.29
X9,X9,2026-09-14,102,72.86
X9,X9,2026-09-15,102,72.86
X9,X9,2026-09-16,102,72.86
X9,X9,2026-09-17,102,72.86
X9,X9,2026-09-18,102,72.86
X9,X9,2026-09-19,0,72.86
X9,X9,2026-09-20,0,72.86
X9,X9,2026-09-21,102,72.86
X9,X9,2026-09-22,102,72.86
X9,X9,2026-09-23,102,72.86
X9,X9,2026-09-24,102,72.86
X9,X9,2026-09-25,102,72.86
X9,X9,2026-09-26,0,72.86
X9,X9,2026-09-27,0,72.86
X9,X9,2026-09-28,102,72.86
X9,X9,2026-09-29,102,72.86
X9,X9,2026-09-30,102,72.86
X9,X9,2026-10-01,102,72.86
X9,X9,2026-10-02,102,72.86
X9,X9,2026-10-03,0,72.86
X9,X9,2026-10-04,0,72.86
X9,X9,2026-10-05,102,72.86
X9,X9,2026-10-06,102,72.86
X9,X9,2026-10-07,102,72.86
X9,X9,2026-10-08,102,72.86
X9,X9,2026-10-09,102,72.86
X9,X9,2026-10-10,0,72.86
X9,X9,2026-10-11,0,72.86
X9,X9,2026-10-12,102,72.86
X9,X9,2026-10-13,102,72.86
X9,X9,2026-10-14,102,72.86
X9,X9,2026-10-15,102,72.86
X9,X9,2026-10-16,102,72.86
X9,X9,2026-10-17,0,72.86
X9,X9,2026-10-18,0,72.86
X9,X9,2026-10-19,102,72.86
X9,X9,2026-10-20,102,72.86
X9,X9,2026-10-21,102,72.86
X9,X9,2026-10-22,102,72.86
X9,X9,2026-10-23,102,72.86
X9,X9,2026-10-24,0,72.86
X9,X9,2026-10-25,0,72.86
X9,X9,2026-10-26,102,72.86
X9,X9,2026-10-27,102,72.86
X9,X9,2026-10-28,102,72.86
X9,X9,2026-10-29,102,72.86
X9,X9,2026-10-30,102,72.86
X9,X9,2026-10-31,0,72.86
Y,Yellow Line,2026-08-05,160,160.0
Y,Yellow Line,2026-08-06,160,160.0
Y,Yellow Line,2026-08-07,160,160.0
Y,Yellow Line,2026-08-08,136,154.0
Y,Yellow Line,2026-08-09,136,150.4
Y,Yellow Line,2026-08-10,160,152.0
Y,Yellow Line,2026-08-11,160,153.14
Y,Yellow Line,2026-08-12,160,153.14
Y,Yellow Line,2026-08-13,160,153.14
Y,Yellow Line,2026-08-14,160,153.14
Y,Yellow Line,2026-08-15,136,153.14
Y,Yellow Line,2026-08-16,136,153.14
Y,Yellow Line,2026-08-17,160,153.14
Y,Yellow Line,2026-08-18,160,153.14
Y,Yellow Line,2026-08-19,160,153.14
Y,Yellow Line,2026-08-20,160,153.14
Y,Yellow Line,2026-08-21,160,153.14
Y,Yellow Line,2026-08-22,136,153.14
Y,Yellow Line,2026-08-23,136,153.14
Y,Yellow Line,2026-08-24,160,153.14
Y,Yellow Line,2026-08-25,160,153.14
Y,Yellow Line,2026-08-26,160,153.14
Y,Yellow Line,2026-08-27,160,153.14
Y,Yellow Line,2026-08-28,160,153.14
Y,Yellow Line,2026-08-29,136,153.14
Y,Yellow Line,2026-08-30,136,153.14
Y,Yellow Line,2026-08-31,160,153.14
Y,Yellow Line,2026-09-01,160,153.14
Y,Yellow Line,2026-09-02,160,153.14
Y,Yellow Line,2026-09-03,160,153.14
Y,Yellow Line,2026-09-04,160,153.14
Y,Yellow Line,2026-09-05,136,153.14
Y,Yellow Line,2026-09-06,136,153.14
Y,Yellow Line,2026-09-07,136,149.71
Y,Yellow Line,2026-09-08,160,149.71
Y,Yellow Line,2026-09-09,160,149.71
Y,Yellow Line,2026-09-10,160,149.71
Y,Yellow Line,2026-09-11,160,149.71
Y,Yellow Line,2026-09-12,136,149.71
Y,Yellow Line,2026-09-13,136,149.71
Y,Yellow Line,2026-09-14,160,153.14
Y,Yellow Line,2026-09-15,160,153.14
Y,Yellow Line,2026-09-16,160,153.14
Y,Yellow Line,2026-09-17,160,153.14
Y,Yellow Line,2026-09-18,160,153.14
Y,Yellow Line,2026-09-19,136,153.14
Y,Yellow Line,2026-09-20,136,153.14
Y,Yellow Line,2026-09-21,160,153.14
Y,Yellow Line,2026-09-22,160,153.14
Y,Yellow Line,2026-09-23,160,153.14
Y,Yellow Line,2026-09-24,160,153.14
Y,Yellow Line,2026-09-25,160,153.14
Y,Yellow Line,2026-09-26,136,153.14
Y,Yellow Line,2026-09-27,136,153.14
Y,Yellow Line,2026-09-28,160,153.14
Y,Yellow Line,2026-09-29,160,153.14
Y,Yellow Line,2026-09-30,160,153.14
Y,Yellow Line,2026-10-01,160,153.14
Y,Yellow Line,2026-10-02,160,153.14
Y,Yellow Line,2026-10-03,136,153.14
Y,Yellow Line,2026-10-04,136,153.14
Y,Yellow Line,2026-10-05,160,153.14
Y,Yellow Line,2026-10-06,160,153.14
Y,Yellow Line,2026-10-07,160,153.14
Y,Yellow Line,2026-10-08,160,153.14
Y,Yellow Line,2026-10-09,160,153.14
Y,Yellow Line,2026-10-10,136,153.14
Y,Yellow Line,2026-10-11,136,153.14
Y,Yellow Line,2026-10-12,160,153.14
Y,Yellow Line,2026-10-13,160,153.14
Y,Yellow Line,2026-10-14,160,153.14
Y,Yellow Line,2026-10-15,160,153.14
Y,Yellow Line,2026-10-16,160,153.14
Y,Yellow Line,2026-10-17,136,153.14
Y,Yellow Line,2026-10-18,136,153.14
Y,Yellow Line,2026-10-19,160,153.14
Y,Yellow Line,2026-10-20,160,153.14
Y,Yellow Line,2026-10-21,160,153.14
Y,Yellow Line,2026-10-22,160,153.14
Y,Yellow Line,2026-10-23,160,153.14
Y,Yellow Line,2026-10-24,136,153.14
Y,Yellow Line,2026-10-25,136,153.14
Y,Yellow Line,2026-10-26,160,153.14
Y,Yellow Line,2026-10-27,160,153.14
Y,Yellow Line,2026-10-28,160,153.14
Y,Yellow Line,2026-10-29,160,153.14
Y,Yellow Line,2026-10-30,160,153.14
Y,Yellow Line,2026-10-31,136,153.14
