route_id,route_name,service_date,day_of_week,scheduled_trips,usual_trips_for_weekday,observations,difference_from_weekday_baseline,percent_difference
79,79,2026-09-07,Monday,280.0,432.3333333333333,12,-152.33333333333331,-35.23515805705474
66,66,2026-09-07,Monday,279.0,424.3333333333333,12,-145.33333333333331,-34.24980361351139
156,156,2026-09-07,Monday,0.0,124.66666666666667,12,-124.66666666666667,-100.0
7,7,2026-09-07,Monday,0.0,122.33333333333333,12,-122.33333333333333,-100.0
157,157,2026-09-07,Monday,0.0,119.08333333333333,12,-119.08333333333333,-100.0
59,59,2026-09-07,Monday,0.0,104.33333333333333,12,-104.33333333333333,-100.0
8,8,2026-09-07,Monday,145.0,247.66666666666666,12,-102.66666666666666,-41.453566621803496
152,152,2026-09-07,Monday,97.0,198.58333333333334,12,-101.58333333333334,-51.15400755350399
76,76,2026-09-07,Monday,98.0,198.83333333333334,12,-100.83333333333334,-50.71248952221291
Red,Red Line,2026-09-07,Monday,316.0,413.1666666666667,12,-97.16666666666669,-23.517547398144416
86,86,2026-09-07,Monday,0.0,96.16666666666667,12,-96.16666666666667,-100.00000000000001
X9,X9,2026-09-07,Monday,0.0,93.5,12,-93.5,-100.0
77,77,2026-09-07,Monday,227.0,319.75,12,-92.75,-29.00703674745895
24,24,2026-09-07,Monday,0.0,92.08333333333333,12,-92.08333333333333,-99.99999999999999
37,37,2026-09-07,Monday,0.0,91.66666666666667,12,-91.66666666666667,-100.00000000000001
Blue,Blue Line,2026-09-07,Monday,256.0,345.8333333333333,12,-89.83333333333331,-25.975903614457827
Blue,Blue Line,2026-08-08,Saturday,380.0,291.38461538461536,13,88.61538461538464,30.411826821541723
20,20,2026-09-07,Monday,244.0,332.1666666666667,12,-88.16666666666669,-26.542900150526847
85A,85A,2026-09-07,Monday,0.0,86.16666666666667,12,-86.16666666666667,-100.00000000000001
3,3,2026-09-07,Monday,150.0,233.16666666666666,12,-83.16666666666666,-35.66833452466047
X49,X49,2026-09-07,Monday,0.0,79.75,12,-79.75,-100.0
53,53,2026-09-07,Monday,247.0,326.25,12,-79.25,-24.291187739463602
26,26,2026-09-07,Monday,0.0,78.83333333333333,12,-78.83333333333333,-100.0
172,172,2026-08-11,Tuesday,34.0,110.66666666666667,12,-76.66666666666667,-69.27710843373494
172,172,2026-08-18,Tuesday,34.0,110.66666666666667,12,-76.66666666666667,-69.27710843373494
87,87,2026-09-07,Monday,178.0,254.5,12,-76.5,-30.058939096267192
9,9,2026-09-07,Monday,276.0,351.25,12,-75.25,-21.423487544483987
73,73,2026-09-07,Monday,105.0,179.08333333333334,12,-74.08333333333334,-41.36807817589577
55N,55N,2026-09-07,Monday,0.0,73.33333333333333,12,-73.33333333333333,-100.0
70,70,2026-09-07,Monday,133.0,205.08333333333334,12,-72.08333333333334,-35.14831369362048
52A,52A,2026-09-07,Monday,64.0,135.5,12,-71.5,-52.76752767527675
172,172,2026-08-05,Wednesday,34.0,104.76923076923077,13,-70.76923076923077,-67.54772393538913
172,172,2026-08-06,Thursday,34.0,104.76923076923077,13,-70.76923076923077,-67.54772393538913
172,172,2026-08-07,Friday,34.0,104.76923076923077,13,-70.76923076923077,-67.54772393538913
172,172,2026-08-12,Wednesday,34.0,104.76923076923077,13,-70.76923076923077,-67.54772393538913
172,172,2026-08-13,Thursday,34.0,104.76923076923077,13,-70.76923076923077,-67.54772393538913
172,172,2026-08-19,Wednesday,34.0,104.76923076923077,13,-70.76923076923077,-67.54772393538913
172,172,2026-08-14,Friday,34.0,104.76923076923077,13,-70.76923076923077,-67.54772393538913
172,172,2026-08-20,Thursday,34.0,104.76923076923077,13,-70.76923076923077,-67.54772393538913
172,172,2026-08-21,Friday,34.0,104.76923076923077,13,-70.76923076923077,-67.54772393538913
119,119,2026-09-07,Monday,110.0,180.58333333333334,12,-70.58333333333334,-39.08629441624365
121,121,2026-09-07,Monday,0.0,69.66666666666667,12,-69.66666666666667,-100.0
201,201,2026-09-07,Monday,0.0,69.66666666666667,12,-69.66666666666667,-100.0
172,172,2026-08-10,Monday,34.0,103.66666666666667,12,-69.66666666666667,-67.20257234726688
172,172,2026-08-17,Monday,34.0,103.66666666666667,12,-69.66666666666667,-67.20257234726688
62H,62H,2026-09-07,Monday,0.0,69.66666666666667,12,-69.66666666666667,-100.0
65,65,2026-09-07,Monday,120.0,189.5,12,-69.5,-36.675461741424805
120,120,2026-09-07,Monday,0.0,66.91666666666667,12,-66.91666666666667,-100.0
52,52,2026-09-07,Monday,117.0,183.91666666666666,12,-66.91666666666666,-36.38423198912551
57,57,2026-09-07,Monday,57.0,123.25,12,-66.25,-53.75253549695741
171,171,2026-09-07,Monday,0.0,66.08333333333333,12,-66.08333333333333,-100.0
Blue,Blue Line,2026-08-09,Sunday,330.0,264.0,12,66.0,25.0
35,35,2026-08-09,Sunday,123.0,188.83333333333334,12,-65.83333333333334,-34.863195057369815
35,35,2026-08-16,Sunday,123.0,188.83333333333334,12,-65.83333333333334,-34.863195057369815
108,108,2026-09-07,Monday,0.0,65.83333333333333,12,-65.83333333333333,-100.0
35,35,2026-08-22,Saturday,121.0,185.6153846153846,13,-64.61538461538461,-34.81143804392872
35,35,2026-08-08,Saturday,121.0,185.6153846153846,13,-64.61538461538461,-34.81143804392872
35,35,2026-08-15,Saturday,121.0,185.6153846153846,13,-64.61538461538461,-34.81143804392872
35,35,2026-08-18,Tuesday,145.0,208.33333333333334,12,-63.33333333333334,-30.400000000000002
35,35,2026-08-11,Tuesday,145.0,208.33333333333334,12,-63.33333333333334,-30.400000000000002
X4,X4,2026-09-07,Monday,0.0,63.25,12,-63.25,-100.0
84,84,2026-09-07,Monday,72.0,134.83333333333334,12,-62.83333333333334,-46.600741656365884
53A,53A,2026-09-07,Monday,102.0,164.75,12,-62.75,-38.08801213960546
74,74,2026-08-16,Sunday,154.0,216.5,12,-62.5,-28.868360277136258
74,74,2026-08-09,Sunday,154.0,216.5,12,-62.5,-28.868360277136258
Brn,Brown Line,2026-09-07,Monday,110.0,172.33333333333334,12,-62.33333333333334,-36.17021276595745
48,48,2026-09-07,Monday,0.0,62.25,12,-62.25,-100.0
35,35,2026-08-17,Monday,145.0,206.75,12,-61.75,-29.866989117291414
35,35,2026-08-10,Monday,145.0,206.75,12,-61.75,-29.866989117291414
172,172,2026-09-07,Monday,42.0,103.66666666666667,12,-61.66666666666667,-59.48553054662379
94,94,2026-09-07,Monday,103.0,164.08333333333334,12,-61.08333333333334,-37.227018791264605
85,85,2026-08-16,Sunday,136.0,196.83333333333334,12,-60.83333333333334,-30.906011854360713
85,85,2026-08-09,Sunday,136.0,196.83333333333334,12,-60.83333333333334,-30.906011854360713
96,96,2026-09-07,Monday,0.0,60.5,12,-60.5,-100.0
49B,49B,2026-09-07,Monday,155.0,214.75,12,-59.75,-27.82305005820722
44,44,2026-09-07,Monday,75.0,134.16666666666666,12,-59.16666666666666,-44.099378881987576
J14,J14,2026-09-07,Monday,178.0,236.66666666666666,12,-58.66666666666666,-24.788732394366196
35,35,2026-08-21,Friday,145.0,203.46153846153845,13,-58.46153846153845,-28.733459357277884
35,35,2026-08-05,Wednesday,145.0,203.46153846153845,13,-58.46153846153845,-28.733459357277884
35,35,2026-08-06,Thursday,145.0,203.46153846153845,13,-58.46153846153845,-28.733459357277884
35,35,2026-08-19,Wednesday,145.0,203.46153846153845,13,-58.46153846153845,-28.733459357277884
35,35,2026-08-07,Friday,145.0,203.46153846153845,13,-58.46153846153845,-28.733459357277884
35,35,2026-08-20,Thursday,145.0,203.46153846153845,13,-58.46153846153845,-28.733459357277884
35,35,2026-08-12,Wednesday,145.0,203.46153846153845,13,-58.46153846153845,-28.733459357277884
35,35,2026-08-13,Thursday,145.0,203.46153846153845,13,-58.46153846153845,-28.733459357277884
35,35,2026-08-14,Friday,145.0,203.46153846153845,13,-58.46153846153845,-28.733459357277884
72,72,2026-09-07,Monday,231.0,289.3333333333333,12,-58.333333333333314,-20.16129032258064
91,91,2026-09-07,Monday,92.0,149.58333333333334,12,-57.58333333333334,-38.495821727019504
80,80,2026-09-07,Monday,144.0,201.08333333333334,12,-57.08333333333334,-28.38789888106092
112,112,2026-09-07,Monday,72.0,128.5,12,-56.5,-43.96887159533074
2,2,2026-09-07,Monday,0.0,55.0,12,-55.0,-100.0
78,78,2026-09-07,Monday,107.0,161.16666666666666,12,-54.16666666666666,-33.60910031023785
1,1,2026-09-07,Monday,0.0,54.083333333333336,12,-54.083333333333336,-100.0
67,67,2026-09-07,Monday,168.0,221.66666666666666,12,-53.66666666666666,-24.210526315789473
155,155,2026-09-07,Monday,146.0,199.16666666666666,12,-53.16666666666666,-26.694560669456067
56,56,2026-09-07,Monday,110.0,162.08333333333334,12,-52.08333333333334,-32.13367609254499
Blue,Blue Line,2026-08-05,Wednesday,412.0,360.3076923076923,13,51.69230769230768,14.346712211784794
Blue,Blue Line,2026-08-06,Thursday,412.0,360.3076923076923,13,51.69230769230768,14.346712211784794
Blue,Blue Line,2026-08-07,Friday,412.0,360.3076923076923,13,51.69230769230768,14.346712211784794
85,85,2026-08-18,Tuesday,182.0,233.66666666666666,12,-51.66666666666666,-22.111269614835948
85,85,2026-08-11,Tuesday,182.0,233.66666666666666,12,-51.66666666666666,-22.111269614835948
63W,63W,2026-09-07,Monday,62.0,113.16666666666667,12,-51.16666666666667,-45.21354933726068
31,31,2026-09-07,Monday,0.0,50.416666666666664,12,-50.416666666666664,-99.99999999999999
171,171,2026-08-18,Tuesday,23.0,73.0,12,-50.0,-68.4931506849315
171,171,2026-08-11,Tuesday,23.0,73.0,12,-50.0,-68.4931506849315
92,92,2026-09-07,Monday,108.0,156.83333333333334,12,-48.83333333333334,-31.13708820403826
85,85,2026-08-17,Monday,182.0,230.66666666666666,12,-48.66666666666666,-21.098265895953755
85,85,2026-08-10,Monday,182.0,230.66666666666666,12,-48.66666666666666,-21.098265895953755
146,146,2026-09-07,Monday,169.0,217.58333333333334,12,-48.58333333333334,-22.328609728073538
85,85,2026-08-15,Saturday,150.0,198.46153846153845,13,-48.46153846153845,-24.418604651162788
85,85,2026-08-22,Saturday,150.0,198.46153846153845,13,-48.46153846153845,-24.418604651162788
85,85,2026-08-08,Saturday,150.0,198.46153846153845,13,-48.46153846153845,-24.418604651162788
100,100,2026-09-07,Monday,0.0,48.416666666666664,12,-48.416666666666664,-99.99999999999999
106,106,2026-09-07,Monday,82.0,130.25,12,-48.25,-37.04414587332054
85,85,2026-08-14,Friday,182.0,229.69230769230768,13,-47.69230769230768,-20.76356329537843
85,85,2026-08-05,Wednesday,182.0,229.69230769230768,13,-47.69230769230768,-20.76356329537843
85,85,2026-08-06,Thursday,182.0,229.69230769230768,13,-47.69230769230768,-20.76356329537843
85,85,2026-08-07,Friday,182.0,229.69230769230768,13,-47.69230769230768,-20.76356329537843
85,85,2026-08-19,Wednesday,182.0,229.69230769230768,13,-47.69230769230768,-20.76356329537843
85,85,2026-08-20,Thursday,182.0,229.69230769230768,13,-47.69230769230768,-20.76356329537843
85,85,2026-08-21,Friday,182.0,229.69230769230768,13,-47.69230769230768,-20.76356329537843
85,85,2026-08-12,Wednesday,182.0,229.69230769230768,13,-47.69230769230768,-20.76356329537843
85,85,2026-08-13,Thursday,182.0,229.69230769230768,13,-47.69230769230768,-20.76356329537843
39,39,2026-09-07,Monday,42.0,89.66666666666667,12,-47.66666666666667,-53.15985130111524
43,43,2026-09-07,Monday,60.0,107.66666666666667,12,-47.66666666666667,-44.27244582043344
75,75,2026-09-07,Monday,116.0,163.66666666666666,12,-47.66666666666666,-29.124236252545824
125,125,2026-09-07,Monday,0.0,46.75,12,-46.75,-100.0
171,171,2026-08-05,Wednesday,23.0,69.15384615384616,13,-46.15384615384616,-66.74082313681869
171,171,2026-08-06,Thursday,23.0,69.15384615384616,13,-46.15384615384616,-66.74082313681869
171,171,2026-08-07,Friday,23.0,69.15384615384616,13,-46.15384615384616,-66.74082313681869
171,171,2026-08-19,Wednesday,23.0,69.15384615384616,13,-46.15384615384616,-66.74082313681869
171,171,2026-08-20,Thursday,23.0,69.15384615384616,13,-46.15384615384616,-66.74082313681869
171,171,2026-08-21,Friday,23.0,69.15384615384616,13,-46.15384615384616,-66.74082313681869
171,171,2026-08-12,Wednesday,23.0,69.15384615384616,13,-46.15384615384616,-66.74082313681869
171,171,2026-08-13,Thursday,23.0,69.15384615384616,13,-46.15384615384616,-66.74082313681869
171,171,2026-08-14,Friday,23.0,69.15384615384616,13,-46.15384615384616,-66.74082313681869
135,135,2026-09-07,Monday,0.0,45.833333333333336,12,-45.833333333333336,-100.00000000000001
134,134,2026-09-07,Monday,0.0,44.916666666666664,12,-44.916666666666664,-99.99999999999999
74,74,2026-09-07,Monday,228.0,272.25,12,-44.25,-16.2534435261708
15,15,2026-09-07,Monday,110.0,153.91666666666666,12,-43.91666666666666,-28.53275582024905
21,21,2026-09-07,Monday,128.0,171.83333333333334,12,-43.83333333333334,-25.50921435499515
28,28,2026-09-07,Monday,116.0,159.33333333333334,12,-43.33333333333334,-27.196652719665273
171,171,2026-08-10,Monday,23.0,66.08333333333333,12,-43.08333333333333,-65.19546027742749
171,171,2026-08-17,Monday,23.0,66.08333333333333,12,-43.08333333333333,-65.19546027742749
66,66,2026-08-11,Tuesday,398.0,440.9166666666667,12,-42.916666666666686,-9.733509733509738
66,66,2026-08-18,Tuesday,398.0,440.9166666666667,12,-42.916666666666686,-9.733509733509738
93,93,2026-09-07,Monday,77.0,119.83333333333333,12,-42.83333333333333,-35.744089012517385
22,22,2026-09-07,Monday,194.0,236.16666666666666,12,-42.16666666666666,-17.854622441778403
90,90,2026-09-07,Monday,86.0,128.16666666666666,12,-42.16666666666666,-32.8998699609883
130,130,2026-08-25,Tuesday,63.0,21.0,12,42.0,200.0
130,130,2026-09-01,Tuesday,63.0,21.0,12,42.0,200.0
130,130,2026-08-11,Tuesday,63.0,21.0,12,42.0,200.0
130,130,2026-08-18,Tuesday,63.0,21.0,12,42.0,200.0
54,54,2026-09-07,Monday,222.0,263.8333333333333,12,-41.833333333333314,-15.855969677826904
148,148,2026-09-07,Monday,0.0,41.25,12,-41.25,-100.0
71,71,2026-09-07,Monday,151.0,191.33333333333334,12,-40.33333333333334,-21.080139372822305
62,62,2026-09-07,Monday,148.0,188.25,12,-40.25,-21.38114209827357
50,50,2026-09-07,Monday,128.0,168.08333333333334,12,-40.08333333333334,-23.84729796727814
66,66,2026-08-19,Wednesday,398.0,438.0,13,-40.0,-9.132420091324201
66,66,2026-08-20,Thursday,398.0,438.0,13,-40.0,-9.132420091324201
66,66,2026-08-21,Friday,398.0,438.0,13,-40.0,-9.132420091324201
66,66,2026-08-12,Wednesday,398.0,438.0,13,-40.0,-9.132420091324201
66,66,2026-08-13,Thursday,398.0,438.0,13,-40.0,-9.132420091324201
66,66,2026-08-05,Wednesday,398.0,438.0,13,-40.0,-9.132420091324201
66,66,2026-08-06,Thursday,398.0,438.0,13,-40.0,-9.132420091324201
66,66,2026-08-14,Friday,398.0,438.0,13,-40.0,-9.132420091324201
66,66,2026-08-07,Friday,398.0,438.0,13,-40.0,-9.132420091324201
97,97,2026-09-07,Monday,65.0,104.41666666666667,12,-39.41666666666667,-37.749401436552276
63,63,2026-09-07,Monday,263.0,302.25,12,-39.25,-12.985938792390405
49,49,2026-09-07,Monday,228.0,267.0833333333333,12,-39.083333333333314,-14.63338533541341
68,68,2026-09-07,Monday,56.0,94.91666666666667,12,-38.91666666666667,-41.000877963125546
130,130,2026-08-21,Friday,63.0,24.23076923076923,13,38.769230769230774,160.0
130,130,2026-08-22,Saturday,63.0,24.23076923076923,13,38.769230769230774,160.0
130,130,2026-08-26,Wednesday,63.0,24.23076923076923,13,38.769230769230774,160.0
130,130,2026-08-27,Thursday,63.0,24.23076923076923,13,38.769230769230774,160.0
130,130,2026-08-28,Friday,63.0,24.23076923076923,13,38.769230769230774,160.0
130,130,2026-08-29,Saturday,63.0,24.23076923076923,13,38.769230769230774,160.0
130,130,2026-08-05,Wednesday,63.0,24.23076923076923,13,38.769230769230774,160.0
130,130,2026-08-06,Thursday,63.0,24.23076923076923,13,38.769230769230774,160.0
130,130,2026-08-07,Friday,63.0,24.23076923076923,13,38.769230769230774,160.0
130,130,2026-08-08,Saturday,63.0,24.23076923076923,13,38.769230769230774,160.0
130,130,2026-09-02,Wednesday,63.0,24.23076923076923,13,38.769230769230774,160.0
130,130,2026-08-12,Wednesday,63.0,24.23076923076923,13,38.769230769230774,160.0
130,130,2026-08-13,Thursday,63.0,24.23076923076923,13,38.769230769230774,160.0
130,130,2026-08-14,Friday,63.0,24.23076923076923,13,38.769230769230774,160.0
130,130,2026-09-03,Thursday,63.0,24.23076923076923,13,38.769230769230774,160.0
130,130,2026-08-15,Saturday,63.0,24.23076923076923,13,38.769230769230774,160.0
130,130,2026-09-04,Friday,63.0,24.23076923076923,13,38.769230769230774,160.0
130,130,2026-09-05,Saturday,63.0,24.23076923076923,13,38.769230769230774,160.0
130,130,2026-08-19,Wednesday,63.0,24.23076923076923,13,38.769230769230774,160.0
130,130,2026-08-20,Thursday,63.0,24.23076923076923,13,38.769230769230774,160.0
81,81,2026-09-07,Monday,218.0,256.5,12,-38.5,-15.009746588693957
130,130,2026-08-23,Sunday,65.0,27.083333333333332,12,37.91666666666667,140.00000000000003
130,130,2026-08-09,Sunday,65.0,27.083333333333332,12,37.91666666666667,140.00000000000003
130,130,2026-08-30,Sunday,65.0,27.083333333333332,12,37.91666666666667,140.00000000000003
130,130,2026-08-16,Sunday,65.0,27.083333333333332,12,37.91666666666667,140.00000000000003
130,130,2026-09-06,Sunday,65.0,27.083333333333332,12,37.91666666666667,140.00000000000003
130,130,2026-08-24,Monday,63.0,26.25,12,36.75,140.0
130,130,2026-08-10,Monday,63.0,26.25,12,36.75,140.0
130,130,2026-08-31,Monday,63.0,26.25,12,36.75,140.0
130,130,2026-09-07,Monday,63.0,26.25,12,36.75,140.0
130,130,2026-08-17,Monday,63.0,26.25,12,36.75,140.0
55,55,2026-09-07,Monday,226.0,262.6666666666667,12,-36.666666666666686,-13.95939086294417
147,147,2026-09-07,Monday,168.0,204.16666666666666,12,-36.16666666666666,-17.714285714285708
54A,54A,2026-09-07,Monday,0.0,35.666666666666664,12,-35.666666666666664,-100.0
172,172,2026-08-09,Sunday,0.0,35.0,12,-35.0,-100.0
172,172,2026-08-16,Sunday,0.0,35.0,12,-35.0,-100.0
55A,55A,2026-09-07,Monday,0.0,34.833333333333336,12,-34.833333333333336,-100.0
111,111,2026-09-07,Monday,104.0,137.0,12,-33.0,-24.087591240875913
136,136,2026-09-07,Monday,0.0,33.0,12,-33.0,-100.0
143,143,2026-09-07,Monday,0.0,33.0,12,-33.0,-100.0
88,88,2026-09-07,Monday,64.0,97.0,12,-33.0,-34.02061855670103
12,12,2026-09-07,Monday,218.0,250.83333333333334,12,-32.83333333333334,-13.089700996677745
171,171,2026-08-08,Saturday,0.0,32.30769230769231,13,-32.30769230769231,-100.0
172,172,2026-08-08,Saturday,0.0,32.30769230769231,13,-32.30769230769231,-100.0
171,171,2026-08-22,Saturday,0.0,32.30769230769231,13,-32.30769230769231,-100.0
172,172,2026-08-15,Saturday,0.0,32.30769230769231,13,-32.30769230769231,-100.0
171,171,2026-08-15,Saturday,0.0,32.30769230769231,13,-32.30769230769231,-100.0
172,172,2026-08-22,Saturday,0.0,32.30769230769231,13,-32.30769230769231,-100.0
126,126,2026-09-07,Monday,113.0,144.58333333333334,12,-31.583333333333343,-21.84438040345822
11,11,2026-09-07,Monday,50.0,81.16666666666667,12,-31.16666666666667,-38.39835728952772
47,47,2026-09-07,Monday,217.0,248.16666666666666,12,-31.166666666666657,-12.558764271323032
60,60,2026-09-07,Monday,219.0,248.75,12,-29.75,-11.959798994974875
95,95,2026-09-07,Monday,224.0,253.66666666666666,12,-29.666666666666657,-11.695137976346908
G,Green Line,2026-09-07,Monday,224.0,253.33333333333334,12,-29.333333333333343,-11.578947368421057
81W,81W,2026-09-07,Monday,56.0,85.33333333333333,12,-29.33333333333333,-34.375
54B,54B,2026-09-07,Monday,78.0,107.33333333333333,12,-29.33333333333333,-27.32919254658385
53,53,2026-08-11,Tuesday,304.0,333.25,12,-29.25,-8.777194298574644
53,53,2026-08-18,Tuesday,304.0,333.25,12,-29.25,-8.777194298574644
82,82,2026-08-08,Saturday,284.0,254.76923076923077,13,29.230769230769226,11.47342995169082
82,82,2026-08-15,Saturday,284.0,254.76923076923077,13,29.230769230769226,11.47342995169082
82,82,2026-08-22,Saturday,284.0,254.76923076923077,13,29.230769230769226,11.47342995169082
124,124,2026-08-10,Monday,109.0,79.91666666666667,12,29.08333333333333,36.39207507820646
124,124,2026-08-17,Monday,109.0,79.91666666666667,12,29.08333333333333,36.39207507820646
30,30,2026-09-07,Monday,82.0,111.0,12,-29.0,-26.126126126126128
8A,8A,2026-09-07,Monday,102.0,131.0,12,-29.0,-22.137404580152673
18,18,2026-09-07,Monday,98.0,126.66666666666667,12,-28.66666666666667,-22.63157894736842
34,34,2026-09-07,Monday,202.0,230.66666666666666,12,-28.666666666666657,-12.42774566473988
74,74,2026-08-18,Tuesday,248.0,276.4166666666667,12,-28.416666666666686,-10.280373831775709
74,74,2026-08-11,Tuesday,248.0,276.4166666666667,12,-28.416666666666686,-10.280373831775709
124,124,2026-08-11,Tuesday,109.0,80.66666666666667,12,28.33333333333333,35.123966942148755
124,124,2026-08-18,Tuesday,109.0,80.66666666666667,12,28.33333333333333,35.123966942148755
65,65,2026-08-11,Tuesday,170.0,198.16666666666666,12,-28.166666666666657,-14.213624894869634
65,65,2026-08-18,Tuesday,170.0,198.16666666666666,12,-28.166666666666657,-14.213624894869634
Org,Orange Line,2026-09-07,Monday,114.0,141.5,12,-27.5,-19.434628975265017
130,130,2026-09-27,Sunday,0.0,27.083333333333332,12,-27.083333333333332,-100.0
130,130,2026-09-13,Sunday,0.0,27.083333333333332,12,-27.083333333333332,-100.0
130,130,2026-10-25,Sunday,0.0,27.083333333333332,12,-27.083333333333332,-100.0
130,130,2026-10-04,Sunday,0.0,27.083333333333332,12,-27.083333333333332,-100.0
130,130,2026-10-11,Sunday,0.0,27.083333333333332,12,-27.083333333333332,-100.0
130,130,2026-09-20,Sunday,0.0,27.083333333333332,12,-27.083333333333332,-100.0
130,130,2026-10-18,Sunday,0.0,27.083333333333332,12,-27.083333333333332,-100.0
53,53,2026-08-20,Thursday,304.0,330.9230769230769,13,-26.923076923076906,-8.135750813575077
53,53,2026-08-21,Friday,304.0,330.9230769230769,13,-26.923076923076906,-8.135750813575077
53,53,2026-08-05,Wednesday,304.0,330.9230769230769,13,-26.923076923076906,-8.135750813575077
53,53,2026-08-06,Thursday,304.0,330.9230769230769,13,-26.923076923076906,-8.135750813575077
53,53,2026-08-07,Friday,304.0,330.9230769230769,13,-26.923076923076906,-8.135750813575077
53,53,2026-08-12,Wednesday,304.0,330.9230769230769,13,-26.923076923076906,-8.135750813575077
53,53,2026-08-13,Thursday,304.0,330.9230769230769,13,-26.923076923076906,-8.135750813575077
53,53,2026-08-14,Friday,304.0,330.9230769230769,13,-26.923076923076906,-8.135750813575077
53,53,2026-08-19,Wednesday,304.0,330.9230769230769,13,-26.923076923076906,-8.135750813575077
130,130,2026-09-21,Monday,0.0,26.25,12,-26.25,-100.0
130,130,2026-09-28,Monday,0.0,26.25,12,-26.25,-100.0
130,130,2026-10-26,Monday,0.0,26.25,12,-26.25,-100.0
130,130,2026-10-05,Monday,0.0,26.25,12,-26.25,-100.0
130,130,2026-09-14,Monday,0.0,26.25,12,-26.25,-100.0
130,130,2026-10-12,Monday,0.0,26.25,12,-26.25,-100.0
130,130,2026-10-19,Monday,0.0,26.25,12,-26.25,-100.0
74,74,2026-08-17,Monday,246.0,272.25,12,-26.25,-9.641873278236915
74,74,2026-08-10,Monday,246.0,272.25,12,-26.25,-9.641873278236915
124,124,2026-08-12,Wednesday,109.0,82.84615384615384,13,26.15384615384616,31.56917363045498
124,124,2026-08-13,Thursday,109.0,82.84615384615384,13,26.15384615384616,31.56917363045498
124,124,2026-08-14,Friday,109.0,82.84615384615384,13,26.15384615384616,31.56917363045498
124,124,2026-08-19,Wednesday,109.0,82.84615384615384,13,26.15384615384616,31.56917363045498
124,124,2026-08-20,Thursday,109.0,82.84615384615384,13,26.15384615384616,31.56917363045498
124,124,2026-08-21,Friday,109.0,82.84615384615384,13,26.15384615384616,31.56917363045498
124,124,2026-08-05,Wednesday,109.0,82.84615384615384,13,26.15384615384616,31.56917363045498
124,124,2026-08-06,Thursday,109.0,82.84615384615384,13,26.15384615384616,31.56917363045498
124,124,2026-08-07,Friday,109.0,82.84615384615384,13,26.15384615384616,31.56917363045498
65,65,2026-08-12,Wednesday,170.0,196.15384615384616,13,-26.15384615384616,-13.333333333333337
65,65,2026-08-13,Thursday,170.0,196.15384615384616,13,-26.15384615384616,-13.333333333333337
65,65,2026-08-14,Friday,170.0,196.15384615384616,13,-26.15384615384616,-13.333333333333337
65,65,2026-08-19,Wednesday,170.0,196.15384615384616,13,-26.15384615384616,-13.333333333333337
65,65,2026-08-20,Thursday,170.0,196.15384615384616,13,-26.15384615384616,-13.333333333333337
65,65,2026-08-21,Friday,170.0,196.15384615384616,13,-26.15384615384616,-13.333333333333337
65,65,2026-08-05,Wednesday,170.0,196.15384615384616,13,-26.15384615384616,-13.333333333333337
65,65,2026-08-06,Thursday,170.0,196.15384615384616,13,-26.15384615384616,-13.333333333333337
65,65,2026-08-07,Friday,170.0,196.15384615384616,13,-26.15384615384616,-13.333333333333337
74,74,2026-08-13,Thursday,248.0,274.15384615384613,13,-26.153846153846132,-9.5398428731762
74,74,2026-08-21,Friday,248.0,274.15384615384613,13,-26.153846153846132,-9.5398428731762
74,74,2026-08-19,Wednesday,248.0,274.15384615384613,13,-26.153846153846132,-9.5398428731762
74,74,2026-08-14,Friday,248.0,274.15384615384613,13,-26.153846153846132,-9.5398428731762
74,74,2026-08-20,Thursday,248.0,274.15384615384613,13,-26.153846153846132,-9.5398428731762
74,74,2026-08-05,Wednesday,248.0,274.15384615384613,13,-26.153846153846132,-9.5398428731762
74,74,2026-08-12,Wednesday,248.0,274.15384615384613,13,-26.153846153846132,-9.5398428731762
74,74,2026-08-06,Thursday,248.0,274.15384615384613,13,-26.153846153846132,-9.5398428731762
74,74,2026-08-07,Friday,248.0,274.15384615384613,13,-26.153846153846132,-9.5398428731762
124,124,2026-08-16,Sunday,97.0,71.16666666666667,12,25.83333333333333,36.29976580796252
124,124,2026-08-09,Sunday,97.0,71.16666666666667,12,25.83333333333333,36.29976580796252
9,9,2026-08-11,Tuesday,335.0,359.8333333333333,12,-24.833333333333314,-6.9013432144511295
9,9,2026-08-18,Tuesday,335.0,359.8333333333333,12,-24.833333333333314,-6.9013432144511295
151,151,2026-09-07,Monday,182.0,206.75,12,-24.75,-11.970979443772672
130,130,2026-09-09,Wednesday,0.0,24.23076923076923,13,-24.23076923076923,-100.0
130,130,2026-10-28,Wednesday,0.0,24.23076923076923,13,-24.23076923076923,-100.0
130,130,2026-10-29,Thursday,0.0,24.23076923076923,13,-24.23076923076923,-100.0
130,130,2026-10-30,Friday,0.0,24.23076923076923,13,-24.23076923076923,-100.0
130,130,2026-10-31,Saturday,0.0,24.23076923076923,13,-24.23076923076923,-100.0
130,130,2026-09-23,Wednesday,0.0,24.23076923076923,13,-24.23076923076923,-100.0
130,130,2026-09-24,Thursday,0.0,24.23076923076923,13,-24.23076923076923,-100.0
130,130,2026-09-25,Friday,0.0,24.23076923076923,13,-24.23076923076923,-100.0
130,130,2026-09-10,Thursday,0.0,24.23076923076923,13,-24.23076923076923,-100.0
130,130,2026-09-30,Wednesday,0.0,24.23076923076923,13,-24.23076923076923,-100.0
130,130,2026-10-01,Thursday,0.0,24.23076923076923,13,-24.23076923076923,-100.0
130,130,2026-10-21,Wednesday,0.0,24.23076923076923,13,-24.23076923076923,-100.0
130,130,2026-09-11,Friday,0.0,24.23076923076923,13,-24.23076923076923,-100.0
130,130,2026-09-12,Saturday,0.0,24.23076923076923,13,-24.23076923076923,-100.0
130,130,2026-10-02,Friday,0.0,24.23076923076923,13,-24.23076923076923,-100.0
130,130,2026-10-22,Thursday,0.0,24.23076923076923,13,-24.23076923076923,-100.0
130,130,2026-10-23,Friday,0.0,24.23076923076923,13,-24.23076923076923,-100.0
130,130,2026-10-03,Saturday,0.0,24.23076923076923,13,-24.23076923076923,-100.0
130,130,2026-10-24,Saturday,0.0,24.23076923076923,13,-24.23076923076923,-100.0
130,130,2026-10-07,Wednesday,0.0,24.23076923076923,13,-24.23076923076923,-100.0
130,130,2026-10-08,Thursday,0.0,24.23076923076923,13,-24.23076923076923,-100.0
130,130,2026-10-09,Friday,0.0,24.23076923076923,13,-24.23076923076923,-100.0
130,130,2026-10-10,Saturday,0.0,24.23076923076923,13,-24.23076923076923,-100.0
130,130,2026-09-16,Wednesday,0.0,24.23076923076923,13,-24.23076923076923,-100.0
130,130,2026-09-17,Thursday,0.0,24.23076923076923,13,-24.23076923076923,-100.0
130,130,2026-10-17,Saturday,0.0,24.23076923076923,13,-24.23076923076923,-100.0
130,130,2026-09-18,Friday,0.0,24.23076923076923,13,-24.23076923076923,-100.0
130,130,2026-09-19,Saturday,0.0,24.23076923076923,13,-24.23076923076923,-100.0
130,130,2026-10-14,Wednesday,0.0,24.23076923076923,13,-24.23076923076923,-100.0
130,130,2026-10-15,Thursday,0.0,24.23076923076923,13,-24.23076923076923,-100.0
130,130,2026-10-16,Friday,0.0,24.23076923076923,13,-24.23076923076923,-100.0
130,130,2026-09-26,Saturday,0.0,24.23076923076923,13,-24.23076923076923,-100.0
9,9,2026-08-13,Thursday,335.0,358.0769230769231,13,-23.076923076923094,-6.444683136412464
9,9,2026-08-07,Friday,335.0,358.0769230769231,13,-23.076923076923094,-6.444683136412464
9,9,2026-08-06,Thursday,335.0,358.0769230769231,13,-23.076923076923094,-6.444683136412464
9,9,2026-08-19,Wednesday,335.0,358.0769230769231,13,-23.076923076923094,-6.444683136412464
9,9,2026-08-20,Thursday,335.0,358.0769230769231,13,-23.076923076923094,-6.444683136412464
9,9,2026-08-21,Friday,335.0,358.0769230769231,13,-23.076923076923094,-6.444683136412464
9,9,2026-08-05,Wednesday,335.0,358.0769230769231,13,-23.076923076923094,-6.444683136412464
9,9,2026-08-14,Friday,335.0,358.0769230769231,13,-23.076923076923094,-6.444683136412464
9,9,2026-08-12,Wednesday,335.0,358.0769230769231,13,-23.076923076923094,-6.444683136412464
115,115,2026-09-07,Monday,118.0,140.91666666666666,12,-22.916666666666657,-16.262566528681248
29,29,2026-09-07,Monday,137.0,159.91666666666666,12,-22.916666666666657,-14.330380406461693
85,85,2026-09-07,Monday,208.0,230.66666666666666,12,-22.666666666666657,-9.826589595375719
172,172,2026-08-31,Monday,126.0,103.66666666666667,12,22.33333333333333,21.543408360128613
172,172,2026-10-26,Monday,126.0,103.66666666666667,12,22.33333333333333,21.543408360128613
172,172,2026-09-28,Monday,126.0,103.66666666666667,12,22.33333333333333,21.543408360128613
172,172,2026-09-14,Monday,126.0,103.66666666666667,12,22.33333333333333,21.543408360128613
172,172,2026-10-12,Monday,126.0,103.66666666666667,12,22.33333333333333,21.543408360128613
172,172,2026-10-19,Monday,126.0,103.66666666666667,12,22.33333333333333,21.543408360128613
172,172,2026-10-05,Monday,126.0,103.66666666666667,12,22.33333333333333,21.543408360128613
172,172,2026-08-24,Monday,126.0,103.66666666666667,12,22.33333333333333,21.543408360128613
172,172,2026-09-21,Monday,126.0,103.66666666666667,12,22.33333333333333,21.543408360128613
53,53,2026-08-10,Monday,304.0,326.25,12,-22.25,-6.819923371647509
53,53,2026-08-17,Monday,304.0,326.25,12,-22.25,-6.819923371647509
Y,Yellow Line,2026-09-07,Monday,136.0,158.0,12,-22.0,-13.924050632911392
206,206,2026-09-07,Monday,0.0,21.916666666666668,12,-21.916666666666668,-100.00000000000001
103,103,2026-09-07,Monday,105.0,126.83333333333333,12,-21.83333333333333,-17.214191852825227
53,53,2026-08-09,Sunday,274.0,252.33333333333334,12,21.666666666666657,8.586525759577274
53,53,2026-08-16,Sunday,274.0,252.33333333333334,12,21.666666666666657,8.586525759577274
65,65,2026-08-10,Monday,168.0,189.5,12,-21.5,-11.345646437994723
65,65,2026-08-17,Monday,168.0,189.5,12,-21.5,-11.345646437994723
172,172,2026-09-11,Friday,126.0,104.76923076923077,13,21.230769230769226,20.264317180616736
172,172,2026-09-03,Thursday,126.0,104.76923076923077,13,21.230769230769226,20.264317180616736
172,172,2026-09-18,Friday,126.0,104.76923076923077,13,21.230769230769226,20.264317180616736
172,172,2026-09-23,Wednesday,126.0,104.76923076923077,13,21.230769230769226,20.264317180616736
172,172,2026-10-23,Friday,126.0,104.76923076923077,13,21.230769230769226,20.264317180616736
172,172,2026-08-26,Wednesday,126.0,104.76923076923077,13,21.230769230769226,20.264317180616736
172,172,2026-08-27,Thursday,126.0,104.76923076923077,13,21.230769230769226,20.264317180616736
172,172,2026-09-24,Thursday,126.0,104.76923076923077,13,21.230769230769226,20.264317180616736
172,172,2026-09-17,Thursday,126.0,104.76923076923077,13,21.230769230769226,20.264317180616736
172,172,2026-10-30,Friday,126.0,104.76923076923077,13,21.230769230769226,20.264317180616736
172,172,2026-10-22,Thursday,126.0,104.76923076923077,13,21.230769230769226,20.264317180616736
172,172,2026-10-21,Wednesday,126.0,104.76923076923077,13,21.230769230769226,20.264317180616736
172,172,2026-09-30,Wednesday,126.0,104.76923076923077,13,21.230769230769226,20.264317180616736
172,172,2026-10-28,Wednesday,126.0,104.76923076923077,13,21.230769230769226,20.264317180616736
172,172,2026-10-01,Thursday,126.0,104.76923076923077,13,21.230769230769226,20.264317180616736
172,172,2026-10-14,Wednesday,126.0,104.76923076923077,13,21.230769230769226,20.264317180616736
172,172,2026-10-02,Friday,126.0,104.76923076923077,13,21.230769230769226,20.264317180616736
172,172,2026-10-15,Thursday,126.0,104.76923076923077,13,21.230769230769226,20.264317180616736
172,172,2026-10-16,Friday,126.0,104.76923076923077,13,21.230769230769226,20.264317180616736
172,172,2026-09-16,Wednesday,126.0,104.76923076923077,13,21.230769230769226,20.264317180616736
172,172,2026-09-02,Wednesday,126.0,104.76923076923077,13,21.230769230769226,20.264317180616736
172,172,2026-09-10,Thursday,126.0,104.76923076923077,13,21.230769230769226,20.264317180616736
172,172,2026-09-04,Friday,126.0,104.76923076923077,13,21.230769230769226,20.264317180616736
172,172,2026-08-28,Friday,126.0,104.76923076923077,13,21.230769230769226,20.264317180616736
172,172,2026-10-07,Wednesday,126.0,104.76923076923077,13,21.230769230769226,20.264317180616736
172,172,2026-09-09,Wednesday,126.0,104.76923076923077,13,21.230769230769226,20.264317180616736
172,172,2026-10-08,Thursday,126.0,104.76923076923077,13,21.230769230769226,20.264317180616736
172,172,2026-10-09,Friday,126.0,104.76923076923077,13,21.230769230769226,20.264317180616736
172,172,2026-10-29,Thursday,126.0,104.76923076923077,13,21.230769230769226,20.264317180616736
172,172,2026-09-25,Friday,126.0,104.76923076923077,13,21.230769230769226,20.264317180616736
130,130,2026-09-22,Tuesday,0.0,21.0,12,-21.0,-100.0
130,130,2026-10-20,Tuesday,0.0,21.0,12,-21.0,-100.0
130,130,2026-09-29,Tuesday,0.0,21.0,12,-21.0,-100.0
130,130,2026-10-27,Tuesday,0.0,21.0,12,-21.0,-100.0
130,130,2026-10-06,Tuesday,0.0,21.0,12,-21.0,-100.0
130,130,2026-09-15,Tuesday,0.0,21.0,12,-21.0,-100.0
130,130,2026-10-13,Tuesday,0.0,21.0,12,-21.0,-100.0
130,130,2026-09-08,Tuesday,0.0,21.0,12,-21.0,-100.0
66,66,2026-08-16,Sunday,305.0,284.1666666666667,12,20.833333333333314,7.331378299120226
66,66,2026-08-09,Sunday,305.0,284.1666666666667,12,20.833333333333314,7.331378299120226
66,66,2026-09-14,Monday,445.0,424.3333333333333,12,20.666666666666686,4.87038491751768
66,66,2026-08-24,Monday,445.0,424.3333333333333,12,20.666666666666686,4.87038491751768
66,66,2026-08-31,Monday,445.0,424.3333333333333,12,20.666666666666686,4.87038491751768
66,66,2026-09-21,Monday,445.0,424.3333333333333,12,20.666666666666686,4.87038491751768
66,66,2026-10-26,Monday,445.0,424.3333333333333,12,20.666666666666686,4.87038491751768
66,66,2026-10-12,Monday,445.0,424.3333333333333,12,20.666666666666686,4.87038491751768
66,66,2026-09-28,Monday,445.0,424.3333333333333,12,20.666666666666686,4.87038491751768
66,66,2026-10-19,Monday,445.0,424.3333333333333,12,20.666666666666686,4.87038491751768
66,66,2026-10-05,Monday,445.0,424.3333333333333,12,20.666666666666686,4.87038491751768
66,66,2026-08-10,Monday,404.0,424.3333333333333,12,-20.333333333333314,-4.791830322073837
66,66,2026-08-17,Monday,404.0,424.3333333333333,12,-20.333333333333314,-4.791830322073837
6,6,2026-09-07,Monday,168.0,188.16666666666666,12,-20.166666666666657,-10.717449069973423
74,74,2026-08-15,Saturday,211.0,231.0,13,-20.0,-8.658008658008658
74,74,2026-08-22,Saturday,211.0,231.0,13,-20.0,-8.658008658008658
74,74,2026-08-08,Saturday,211.0,231.0,13,-20.0,-8.658008658008658
35,35,2026-10-03,Saturday,205.0,185.6153846153846,13,19.384615384615387,10.443431413178617
35,35,2026-10-10,Saturday,205.0,185.6153846153846,13,19.384615384615387,10.443431413178617
35,35,2026-10-17,Saturday,205.0,185.6153846153846,13,19.384615384615387,10.443431413178617
35,35,2026-09-12,Saturday,205.0,185.6153846153846,13,19.384615384615387,10.443431413178617
35,35,2026-09-19,Saturday,205.0,185.6153846153846,13,19.384615384615387,10.443431413178617
35,35,2026-09-26,Saturday,205.0,185.6153846153846,13,19.384615384615387,10.443431413178617
35,35,2026-09-05,Saturday,205.0,185.6153846153846,13,19.384615384615387,10.443431413178617
35,35,2026-10-24,Saturday,205.0,185.6153846153846,13,19.384615384615387,10.443431413178617
35,35,2026-10-31,Saturday,205.0,185.6153846153846,13,19.384615384615387,10.443431413178617
35,35,2026-08-29,Saturday,205.0,185.6153846153846,13,19.384615384615387,10.443431413178617
152,152,2026-08-07,Friday,189.0,208.23076923076923,13,-19.230769230769226,-9.235315847801992
152,152,2026-08-21,Friday,189.0,208.23076923076923,13,-19.230769230769226,-9.235315847801992
152,152,2026-08-14,Friday,189.0,208.23076923076923,13,-19.230769230769226,-9.235315847801992
152,152,2026-08-11,Tuesday,189.0,208.16666666666666,12,-19.166666666666657,-9.207365892714167
152,152,2026-08-18,Tuesday,189.0,208.16666666666666,12,-19.166666666666657,-9.207365892714167
4,4,2026-09-07,Monday,229.0,247.91666666666666,12,-18.916666666666657,-7.630252100840332
Pink,Pink Line,2026-09-07,Monday,102.0,120.33333333333333,12,-18.33333333333333,-15.235457063711907
20,20,2026-08-10,Monday,350.0,332.1666666666667,12,17.833333333333314,5.368790767686898
20,20,2026-08-17,Monday,350.0,332.1666666666667,12,17.833333333333314,5.368790767686898
152,152,2026-08-05,Wednesday,189.0,206.69230769230768,13,-17.69230769230768,-8.559732043170817
152,152,2026-08-06,Thursday,189.0,206.69230769230768,13,-17.69230769230768,-8.559732043170817
152,152,2026-08-12,Wednesday,189.0,206.69230769230768,13,-17.69230769230768,-8.559732043170817
152,152,2026-08-13,Thursday,189.0,206.69230769230768,13,-17.69230769230768,-8.559732043170817
152,152,2026-08-19,Wednesday,189.0,206.69230769230768,13,-17.69230769230768,-8.559732043170817
152,152,2026-08-20,Thursday,189.0,206.69230769230768,13,-17.69230769230768,-8.559732043170817
7,7,2026-08-10,Monday,140.0,122.33333333333333,12,17.66666666666667,14.441416893732974
7,7,2026-08-17,Monday,140.0,122.33333333333333,12,17.66666666666667,14.441416893732974
35,35,2026-10-02,Friday,221.0,203.46153846153845,13,17.538461538461547,8.620037807183369
35,35,2026-10-23,Friday,221.0,203.46153846153845,13,17.538461538461547,8.620037807183369
35,35,2026-10-07,Wednesday,221.0,203.46153846153845,13,17.538461538461547,8.620037807183369
35,35,2026-10-08,Thursday,221.0,203.46153846153845,13,17.538461538461547,8.620037807183369
35,35,2026-10-09,Friday,221.0,203.46153846153845,13,17.538461538461547,8.620037807183369
35,35,2026-10-22,Thursday,221.0,203.46153846153845,13,17.538461538461547,8.620037807183369
35,35,2026-09-16,Wednesday,221.0,203.46153846153845,13,17.538461538461547,8.620037807183369
35,35,2026-09-02,Wednesday,221.0,203.46153846153845,13,17.538461538461547,8.620037807183369
35,35,2026-09-24,Thursday,221.0,203.46153846153845,13,17.538461538461547,8.620037807183369
35,35,2026-09-30,Wednesday,221.0,203.46153846153845,13,17.538461538461547,8.620037807183369
35,35,2026-10-15,Thursday,221.0,203.46153846153845,13,17.538461538461547,8.620037807183369
35,35,2026-09-09,Wednesday,221.0,203.46153846153845,13,17.538461538461547,8.620037807183369
35,35,2026-10-01,Thursday,221.0,203.46153846153845,13,17.538461538461547,8.620037807183369
35,35,2026-08-26,Wednesday,221.0,203.46153846153845,13,17.538461538461547,8.620037807183369
35,35,2026-10-16,Friday,221.0,203.46153846153845,13,17.538461538461547,8.620037807183369
35,35,2026-09-25,Friday,221.0,203.46153846153845,13,17.538461538461547,8.620037807183369
35,35,2026-09-17,Thursday,221.0,203.46153846153845,13,17.538461538461547,8.620037807183369
35,35,2026-08-27,Thursday,221.0,203.46153846153845,13,17.538461538461547,8.620037807183369
35,35,2026-10-29,Thursday,221.0,203.46153846153845,13,17.538461538461547,8.620037807183369
35,35,2026-09-18,Friday,221.0,203.46153846153845,13,17.538461538461547,8.620037807183369
35,35,2026-09-23,Wednesday,221.0,203.46153846153845,13,17.538461538461547,8.620037807183369
35,35,2026-09-10,Thursday,221.0,203.46153846153845,13,17.538461538461547,8.620037807183369
35,35,2026-10-30,Friday,221.0,203.46153846153845,13,17.538461538461547,8.620037807183369
35,35,2026-09-03,Thursday,221.0,203.46153846153845,13,17.538461538461547,8.620037807183369
35,35,2026-10-21,Wednesday,221.0,203.46153846153845,13,17.538461538461547,8.620037807183369
35,35,2026-08-28,Friday,221.0,203.46153846153845,13,17.538461538461547,8.620037807183369
35,35,2026-10-28,Wednesday,221.0,203.46153846153845,13,17.538461538461547,8.620037807183369
35,35,2026-09-04,Friday,221.0,203.46153846153845,13,17.538461538461547,8.620037807183369
35,35,2026-09-11,Friday,221.0,203.46153846153845,13,17.538461538461547,8.620037807183369
35,35,2026-10-14,Wednesday,221.0,203.46153846153845,13,17.538461538461547,8.620037807183369
165,165,2026-09-07,Monday,0.0,17.416666666666668,12,-17.416666666666668,-100.0
192,192,2026-09-07,Monday,0.0,17.416666666666668,12,-17.416666666666668,-100.0
53,53,2026-08-22,Saturday,294.0,277.0769230769231,13,16.923076923076906,6.107717934480838
53,53,2026-08-08,Saturday,294.0,277.0769230769231,13,16.923076923076906,6.107717934480838
53,53,2026-08-15,Saturday,294.0,277.0769230769231,13,16.923076923076906,6.107717934480838
171,171,2026-08-31,Monday,83.0,66.08333333333333,12,16.91666666666667,25.598991172761675
171,171,2026-10-12,Monday,83.0,66.08333333333333,12,16.91666666666667,25.598991172761675
171,171,2026-09-28,Monday,83.0,66.08333333333333,12,16.91666666666667,25.598991172761675
171,171,2026-10-19,Monday,83.0,66.08333333333333,12,16.91666666666667,25.598991172761675
171,171,2026-09-14,Monday,83.0,66.08333333333333,12,16.91666666666667,25.598991172761675
171,171,2026-08-24,Monday,83.0,66.08333333333333,12,16.91666666666667,25.598991172761675
171,171,2026-10-05,Monday,83.0,66.08333333333333,12,16.91666666666667,25.598991172761675
171,171,2026-10-26,Monday,83.0,66.08333333333333,12,16.91666666666667,25.598991172761675
171,171,2026-09-21,Monday,83.0,66.08333333333333,12,16.91666666666667,25.598991172761675
82,82,2026-08-11,Tuesday,300.0,283.4166666666667,12,16.583333333333314,5.851220229344303
82,82,2026-08-18,Tuesday,300.0,283.4166666666667,12,16.583333333333314,5.851220229344303
51,51,2026-09-07,Monday,80.0,96.5,12,-16.5,-17.098445595854923
82,82,2026-08-10,Monday,299.0,282.8333333333333,12,16.166666666666686,5.7159693576900485
82,82,2026-08-17,Monday,299.0,282.8333333333333,12,16.166666666666686,5.7159693576900485
82,82,2026-09-07,Monday,267.0,282.8333333333333,12,-15.833333333333314,-5.598114319387148
82,82,2026-08-06,Thursday,300.0,284.61538461538464,13,15.384615384615358,5.4054054054053955
82,82,2026-08-07,Friday,300.0,284.61538461538464,13,15.384615384615358,5.4054054054053955
82,82,2026-08-12,Wednesday,300.0,284.61538461538464,13,15.384615384615358,5.4054054054053955
82,82,2026-08-13,Thursday,300.0,284.61538461538464,13,15.384615384615358,5.4054054054053955
82,82,2026-08-14,Friday,300.0,284.61538461538464,13,15.384615384615358,5.4054054054053955
82,82,2026-08-19,Wednesday,300.0,284.61538461538464,13,15.384615384615358,5.4054054054053955
82,82,2026-08-20,Thursday,300.0,284.61538461538464,13,15.384615384615358,5.4054054054053955
82,82,2026-08-21,Friday,300.0,284.61538461538464,13,15.384615384615358,5.4054054054053955
82,82,2026-08-05,Wednesday,300.0,284.61538461538464,13,15.384615384615358,5.4054054054053955
172,172,2026-09-22,Tuesday,126.0,110.66666666666667,12,15.333333333333329,13.855421686746983
172,172,2026-08-25,Tuesday,126.0,110.66666666666667,12,15.333333333333329,13.855421686746983
172,172,2026-09-08,Tuesday,126.0,110.66666666666667,12,15.333333333333329,13.855421686746983
172,172,2026-10-27,Tuesday,126.0,110.66666666666667,12,15.333333333333329,13.855421686746983
172,172,2026-09-01,Tuesday,126.0,110.66666666666667,12,15.333333333333329,13.855421686746983
172,172,2026-09-29,Tuesday,126.0,110.66666666666667,12,15.333333333333329,13.855421686746983
172,172,2026-09-15,Tuesday,126.0,110.66666666666667,12,15.333333333333329,13.855421686746983
172,172,2026-10-13,Tuesday,126.0,110.66666666666667,12,15.333333333333329,13.855421686746983
172,172,2026-10-20,Tuesday,126.0,110.66666666666667,12,15.333333333333329,13.855421686746983
172,172,2026-10-06,Tuesday,126.0,110.66666666666667,12,15.333333333333329,13.855421686746983
9,9,2026-08-10,Monday,336.0,351.25,12,-15.25,-4.341637010676156
9,9,2026-08-17,Monday,336.0,351.25,12,-15.25,-4.341637010676156
79,79,2026-08-17,Monday,447.0,432.3333333333333,12,14.666666666666686,3.392444101773328
79,79,2026-08-10,Monday,447.0,432.3333333333333,12,14.666666666666686,3.392444101773328
12,12,2026-08-08,Saturday,234.0,219.3846153846154,13,14.615384615384613,6.661991584852735
12,12,2026-08-15,Saturday,234.0,219.3846153846154,13,14.615384615384613,6.661991584852735
12,12,2026-08-22,Saturday,234.0,219.3846153846154,13,14.615384615384613,6.661991584852735
85,85,2026-09-19,Saturday,213.0,198.46153846153845,13,14.538461538461547,7.325581395348842
85,85,2026-10-24,Saturday,213.0,198.46153846153845,13,14.538461538461547,7.325581395348842
85,85,2026-09-26,Saturday,213.0,198.46153846153845,13,14.538461538461547,7.325581395348842
85,85,2026-10-03,Saturday,213.0,198.46153846153845,13,14.538461538461547,7.325581395348842
85,85,2026-08-29,Saturday,213.0,198.46153846153845,13,14.538461538461547,7.325581395348842
85,85,2026-10-31,Saturday,213.0,198.46153846153845,13,14.538461538461547,7.325581395348842
85,85,2026-09-05,Saturday,213.0,198.46153846153845,13,14.538461538461547,7.325581395348842
85,85,2026-10-10,Saturday,213.0,198.46153846153845,13,14.538461538461547,7.325581395348842
85,85,2026-09-12,Saturday,213.0,198.46153846153845,13,14.538461538461547,7.325581395348842
85,85,2026-10-17,Saturday,213.0,198.46153846153845,13,14.538461538461547,7.325581395348842
85,85,2026-09-18,Friday,244.0,229.69230769230768,13,14.30769230769232,6.229068988613536
85,85,2026-09-17,Thursday,244.0,229.69230769230768,13,14.30769230769232,6.229068988613536
85,85,2026-10-22,Thursday,244.0,229.69230769230768,13,14.30769230769232,6.229068988613536
85,85,2026-10-23,Friday,244.0,229.69230769230768,13,14.30769230769232,6.229068988613536
85,85,2026-09-23,Wednesday,244.0,229.69230769230768,13,14.30769230769232,6.229068988613536
85,85,2026-09-24,Thursday,244.0,229.69230769230768,13,14.30769230769232,6.229068988613536
85,85,2026-09-25,Friday,244.0,229.69230769230768,13,14.30769230769232,6.229068988613536
85,85,2026-10-28,Wednesday,244.0,229.69230769230768,13,14.30769230769232,6.229068988613536
85,85,2026-10-21,Wednesday,244.0,229.69230769230768,13,14.30769230769232,6.229068988613536
85,85,2026-08-26,Wednesday,244.0,229.69230769230768,13,14.30769230769232,6.229068988613536
85,85,2026-09-30,Wednesday,244.0,229.69230769230768,13,14.30769230769232,6.229068988613536
85,85,2026-10-01,Thursday,244.0,229.69230769230768,13,14.30769230769232,6.229068988613536
85,85,2026-08-27,Thursday,244.0,229.69230769230768,13,14.30769230769232,6.229068988613536
85,85,2026-10-02,Friday,244.0,229.69230769230768,13,14.30769230769232,6.229068988613536
85,85,2026-08-28,Friday,244.0,229.69230769230768,13,14.30769230769232,6.229068988613536
85,85,2026-10-30,Friday,244.0,229.69230769230768,13,14.30769230769232,6.229068988613536
85,85,2026-09-16,Wednesday,244.0,229.69230769230768,13,14.30769230769232,6.229068988613536
85,85,2026-09-02,Wednesday,244.0,229.69230769230768,13,14.30769230769232,6.229068988613536
85,85,2026-09-03,Thursday,244.0,229.69230769230768,13,14.30769230769232,6.229068988613536
85,85,2026-10-07,Wednesday,244.0,229.69230769230768,13,14.30769230769232,6.229068988613536
85,85,2026-10-08,Thursday,244.0,229.69230769230768,13,14.30769230769232,6.229068988613536
85,85,2026-09-04,Friday,244.0,229.69230769230768,13,14.30769230769232,6.229068988613536
85,85,2026-10-09,Friday,244.0,229.69230769230768,13,14.30769230769232,6.229068988613536
85,85,2026-10-16,Friday,244.0,229.69230769230768,13,14.30769230769232,6.229068988613536
85,85,2026-10-14,Wednesday,244.0,229.69230769230768,13,14.30769230769232,6.229068988613536
85,85,2026-10-15,Thursday,244.0,229.69230769230768,13,14.30769230769232,6.229068988613536
85,85,2026-09-09,Wednesday,244.0,229.69230769230768,13,14.30769230769232,6.229068988613536
85,85,2026-09-10,Thursday,244.0,229.69230769230768,13,14.30769230769232,6.229068988613536
85,85,2026-09-11,Friday,244.0,229.69230769230768,13,14.30769230769232,6.229068988613536
85,85,2026-10-29,Thursday,244.0,229.69230769230768,13,14.30769230769232,6.229068988613536
35,35,2026-08-31,Monday,221.0,206.75,12,14.25,6.892382103990326
35,35,2026-10-05,Monday,221.0,206.75,12,14.25,6.892382103990326
35,35,2026-09-21,Monday,221.0,206.75,12,14.25,6.892382103990326
35,35,2026-10-12,Monday,221.0,206.75,12,14.25,6.892382103990326
35,35,2026-08-24,Monday,221.0,206.75,12,14.25,6.892382103990326
35,35,2026-09-14,Monday,221.0,206.75,12,14.25,6.892382103990326
35,35,2026-10-19,Monday,221.0,206.75,12,14.25,6.892382103990326
35,35,2026-09-28,Monday,221.0,206.75,12,14.25,6.892382103990326
35,35,2026-10-26,Monday,221.0,206.75,12,14.25,6.892382103990326
124,124,2026-09-07,Monday,66.0,79.91666666666667,12,-13.916666666666671,-17.413972888425448
171,171,2026-09-24,Thursday,83.0,69.15384615384616,13,13.84615384615384,20.022246941045594
171,171,2026-09-17,Thursday,83.0,69.15384615384616,13,13.84615384615384,20.022246941045594
171,171,2026-10-07,Wednesday,83.0,69.15384615384616,13,13.84615384615384,20.022246941045594
171,171,2026-10-08,Thursday,83.0,69.15384615384616,13,13.84615384615384,20.022246941045594
171,171,2026-10-09,Friday,83.0,69.15384615384616,13,13.84615384615384,20.022246941045594
171,171,2026-09-02,Wednesday,83.0,69.15384615384616,13,13.84615384615384,20.022246941045594
171,171,2026-09-03,Thursday,83.0,69.15384615384616,13,13.84615384615384,20.022246941045594
171,171,2026-09-04,Friday,83.0,69.15384615384616,13,13.84615384615384,20.022246941045594
171,171,2026-09-25,Friday,83.0,69.15384615384616,13,13.84615384615384,20.022246941045594
171,171,2026-10-15,Thursday,83.0,69.15384615384616,13,13.84615384615384,20.022246941045594
171,171,2026-10-16,Friday,83.0,69.15384615384616,13,13.84615384615384,20.022246941045594
171,171,2026-10-30,Friday,83.0,69.15384615384616,13,13.84615384615384,20.022246941045594
171,171,2026-09-09,Wednesday,83.0,69.15384615384616,13,13.84615384615384,20.022246941045594
171,171,2026-10-21,Wednesday,83.0,69.15384615384616,13,13.84615384615384,20.022246941045594
171,171,2026-09-10,Thursday,83.0,69.15384615384616,13,13.84615384615384,20.022246941045594
171,171,2026-09-11,Friday,83.0,69.15384615384616,13,13.84615384615384,20.022246941045594
171,171,2026-10-22,Thursday,83.0,69.15384615384616,13,13.84615384615384,20.022246941045594
171,171,2026-10-23,Friday,83.0,69.15384615384616,13,13.84615384615384,20.022246941045594
171,171,2026-09-16,Wednesday,83.0,69.15384615384616,13,13.84615384615384,20.022246941045594
171,171,2026-08-26,Wednesday,83.0,69.15384615384616,13,13.84615384615384,20.022246941045594
171,171,2026-09-30,Wednesday,83.0,69.15384615384616,13,13.84615384615384,20.022246941045594
171,171,2026-10-01,Thursday,83.0,69.15384615384616,13,13.84615384615384,20.022246941045594
171,171,2026-10-02,Friday,83.0,69.15384615384616,13,13.84615384615384,20.022246941045594
171,171,2026-09-23,Wednesday,83.0,69.15384615384616,13,13.84615384615384,20.022246941045594
171,171,2026-08-27,Thursday,83.0,69.15384615384616,13,13.84615384615384,20.022246941045594
171,171,2026-09-18,Friday,83.0,69.15384615384616,13,13.84615384615384,20.022246941045594
171,171,2026-10-28,Wednesday,83.0,69.15384615384616,13,13.84615384615384,20.022246941045594
171,171,2026-10-29,Thursday,83.0,69.15384615384616,13,13.84615384615384,20.022246941045594
171,171,2026-08-28,Friday,83.0,69.15384615384616,13,13.84615384615384,20.022246941045594
171,171,2026-10-14,Wednesday,83.0,69.15384615384616,13,13.84615384615384,20.022246941045594
53,53,2026-10-26,Monday,340.0,326.25,12,13.75,4.21455938697318
53,53,2026-09-14,Monday,340.0,326.25,12,13.75,4.21455938697318
53,53,2026-10-12,Monday,340.0,326.25,12,13.75,4.21455938697318
53,53,2026-08-24,Monday,340.0,326.25,12,13.75,4.21455938697318
53,53,2026-09-21,Monday,340.0,326.25,12,13.75,4.21455938697318
53,53,2026-10-19,Monday,340.0,326.25,12,13.75,4.21455938697318
53,53,2026-09-28,Monday,340.0,326.25,12,13.75,4.21455938697318
53,53,2026-10-05,Monday,340.0,326.25,12,13.75,4.21455938697318
53,53,2026-08-31,Monday,340.0,326.25,12,13.75,4.21455938697318
79,79,2026-09-14,Monday,446.0,432.3333333333333,12,13.666666666666686,3.1611410948342376
79,79,2026-09-21,Monday,446.0,432.3333333333333,12,13.666666666666686,3.1611410948342376
79,79,2026-09-28,Monday,446.0,432.3333333333333,12,13.666666666666686,3.1611410948342376
79,79,2026-10-05,Monday,446.0,432.3333333333333,12,13.666666666666686,3.1611410948342376
79,79,2026-10-12,Monday,446.0,432.3333333333333,12,13.666666666666686,3.1611410948342376
79,79,2026-10-19,Monday,446.0,432.3333333333333,12,13.666666666666686,3.1611410948342376
79,79,2026-10-26,Monday,446.0,432.3333333333333,12,13.666666666666686,3.1611410948342376
79,79,2026-08-24,Monday,446.0,432.3333333333333,12,13.666666666666686,3.1611410948342376
79,79,2026-08-31,Monday,446.0,432.3333333333333,12,13.666666666666686,3.1611410948342376
87,87,2026-08-17,Monday,268.0,254.5,12,13.5,5.304518664047151
87,87,2026-08-10,Monday,268.0,254.5,12,13.5,5.304518664047151
152,152,2026-10-12,Monday,212.0,198.58333333333334,12,13.416666666666657,6.756189676877879
152,152,2026-09-28,Monday,212.0,198.58333333333334,12,13.416666666666657,6.756189676877879
152,152,2026-10-19,Monday,212.0,198.58333333333334,12,13.416666666666657,6.756189676877879
152,152,2026-09-14,Monday,212.0,198.58333333333334,12,13.416666666666657,6.756189676877879
152,152,2026-10-05,Monday,212.0,198.58333333333334,12,13.416666666666657,6.756189676877879
152,152,2026-08-31,Monday,212.0,198.58333333333334,12,13.416666666666657,6.756189676877879
152,152,2026-10-26,Monday,212.0,198.58333333333334,12,13.416666666666657,6.756189676877879
152,152,2026-08-24,Monday,212.0,198.58333333333334,12,13.416666666666657,6.756189676877879
152,152,2026-09-21,Monday,212.0,198.58333333333334,12,13.416666666666657,6.756189676877879
85,85,2026-10-19,Monday,244.0,230.66666666666666,12,13.333333333333343,5.780346820809253
85,85,2026-09-21,Monday,244.0,230.66666666666666,12,13.333333333333343,5.780346820809253
85,85,2026-10-26,Monday,244.0,230.66666666666666,12,13.333333333333343,5.780346820809253
85,85,2026-09-28,Monday,244.0,230.66666666666666,12,13.333333333333343,5.780346820809253
85,85,2026-08-24,Monday,244.0,230.66666666666666,12,13.333333333333343,5.780346820809253
85,85,2026-08-31,Monday,244.0,230.66666666666666,12,13.333333333333343,5.780346820809253
85,85,2026-10-05,Monday,244.0,230.66666666666666,12,13.333333333333343,5.780346820809253
85,85,2026-10-12,Monday,244.0,230.66666666666666,12,13.333333333333343,5.780346820809253
85,85,2026-09-14,Monday,244.0,230.66666666666666,12,13.333333333333343,5.780346820809253
35,35,2026-08-30,Sunday,202.0,188.83333333333334,12,13.166666666666657,6.972639011473957
35,35,2026-10-04,Sunday,202.0,188.83333333333334,12,13.166666666666657,6.972639011473957
35,35,2026-09-20,Sunday,202.0,188.83333333333334,12,13.166666666666657,6.972639011473957
35,35,2026-10-11,Sunday,202.0,188.83333333333334,12,13.166666666666657,6.972639011473957
35,35,2026-08-23,Sunday,202.0,188.83333333333334,12,13.166666666666657,6.972639011473957
35,35,2026-09-27,Sunday,202.0,188.83333333333334,12,13.166666666666657,6.972639011473957
35,35,2026-10-18,Sunday,202.0,188.83333333333334,12,13.166666666666657,6.972639011473957
35,35,2026-09-06,Sunday,202.0,188.83333333333334,12,13.166666666666657,6.972639011473957
35,35,2026-09-13,Sunday,202.0,188.83333333333334,12,13.166666666666657,6.972639011473957
35,35,2026-10-25,Sunday,202.0,188.83333333333334,12,13.166666666666657,6.972639011473957
124,124,2026-08-15,Saturday,103.0,89.92307692307692,13,13.07692307692308,14.542343883661253
124,124,2026-08-22,Saturday,103.0,89.92307692307692,13,13.07692307692308,14.542343883661253
124,124,2026-08-08,Saturday,103.0,89.92307692307692,13,13.07692307692308,14.542343883661253
35,35,2026-09-15,Tuesday,221.0,208.33333333333334,12,12.666666666666657,6.079999999999995
35,35,2026-09-01,Tuesday,221.0,208.33333333333334,12,12.666666666666657,6.079999999999995
35,35,2026-10-06,Tuesday,221.0,208.33333333333334,12,12.666666666666657,6.079999999999995
35,35,2026-08-25,Tuesday,221.0,208.33333333333334,12,12.666666666666657,6.079999999999995
35,35,2026-10-13,Tuesday,221.0,208.33333333333334,12,12.666666666666657,6.079999999999995
35,35,2026-09-08,Tuesday,221.0,208.33333333333334,12,12.666666666666657,6.079999999999995
35,35,2026-09-22,Tuesday,221.0,208.33333333333334,12,12.666666666666657,6.079999999999995
35,35,2026-10-20,Tuesday,221.0,208.33333333333334,12,12.666666666666657,6.079999999999995
35,35,2026-09-29,Tuesday,221.0,208.33333333333334,12,12.666666666666657,6.079999999999995
35,35,2026-10-27,Tuesday,221.0,208.33333333333334,12,12.666666666666657,6.079999999999995
74,74,2026-09-06,Sunday,229.0,216.5,12,12.5,5.773672055427252
74,74,2026-08-30,Sunday,229.0,216.5,12,12.5,5.773672055427252
74,74,2026-09-27,Sunday,229.0,216.5,12,12.5,5.773672055427252
74,74,2026-10-04,Sunday,229.0,216.5,12,12.5,5.773672055427252
74,74,2026-09-20,Sunday,229.0,216.5,12,12.5,5.773672055427252
74,74,2026-10-25,Sunday,229.0,216.5,12,12.5,5.773672055427252
74,74,2026-08-23,Sunday,229.0,216.5,12,12.5,5.773672055427252
74,74,2026-10-18,Sunday,229.0,216.5,12,12.5,5.773672055427252
74,74,2026-10-11,Sunday,229.0,216.5,12,12.5,5.773672055427252
74,74,2026-09-13,Sunday,229.0,216.5,12,12.5,5.773672055427252
65,65,2026-10-05,Monday,202.0,189.5,12,12.5,6.596306068601583
65,65,2026-09-14,Monday,202.0,189.5,12,12.5,6.596306068601583
65,65,2026-10-12,Monday,202.0,189.5,12,12.5,6.596306068601583
65,65,2026-10-19,Monday,202.0,189.5,12,12.5,6.596306068601583
65,65,2026-08-31,Monday,202.0,189.5,12,12.5,6.596306068601583
65,65,2026-10-26,Monday,202.0,189.5,12,12.5,6.596306068601583
65,65,2026-09-21,Monday,202.0,189.5,12,12.5,6.596306068601583
65,65,2026-08-24,Monday,202.0,189.5,12,12.5,6.596306068601583
65,65,2026-09-28,Monday,202.0,189.5,12,12.5,6.596306068601583
55,55,2026-08-17,Monday,275.0,262.6666666666667,12,12.333333333333314,4.695431472081211
55,55,2026-08-10,Monday,275.0,262.6666666666667,12,12.333333333333314,4.695431472081211
85,85,2026-09-20,Sunday,209.0,196.83333333333334,12,12.166666666666657,6.181202370872136
85,85,2026-10-18,Sunday,209.0,196.83333333333334,12,12.166666666666657,6.181202370872136
85,85,2026-10-25,Sunday,209.0,196.83333333333334,12,12.166666666666657,6.181202370872136
85,85,2026-09-27,Sunday,209.0,196.83333333333334,12,12.166666666666657,6.181202370872136
85,85,2026-08-23,Sunday,209.0,196.83333333333334,12,12.166666666666657,6.181202370872136
85,85,2026-10-04,Sunday,209.0,196.83333333333334,12,12.166666666666657,6.181202370872136
85,85,2026-08-30,Sunday,209.0,196.83333333333334,12,12.166666666666657,6.181202370872136
85,85,2026-09-06,Sunday,209.0,196.83333333333334,12,12.166666666666657,6.181202370872136
85,85,2026-10-11,Sunday,209.0,196.83333333333334,12,12.166666666666657,6.181202370872136
85,85,2026-09-13,Sunday,209.0,196.83333333333334,12,12.166666666666657,6.181202370872136
66,66,2026-09-04,Friday,450.0,438.0,13,12.0,2.73972602739726
66,66,2026-10-21,Wednesday,450.0,438.0,13,12.0,2.73972602739726
66,66,2026-10-29,Thursday,450.0,438.0,13,12.0,2.73972602739726
66,66,2026-08-26,Wednesday,450.0,438.0,13,12.0,2.73972602739726
66,66,2026-08-27,Thursday,450.0,438.0,13,12.0,2.73972602739726
66,66,2026-10-30,Friday,450.0,438.0,13,12.0,2.73972602739726
66,66,2026-08-28,Friday,450.0,438.0,13,12.0,2.73972602739726
66,66,2026-09-18,Friday,450.0,438.0,13,12.0,2.73972602739726
66,66,2026-10-28,Wednesday,450.0,438.0,13,12.0,2.73972602739726
66,66,2026-10-23,Friday,450.0,438.0,13,12.0,2.73972602739726
66,66,2026-09-03,Thursday,450.0,438.0,13,12.0,2.73972602739726
66,66,2026-10-16,Friday,450.0,438.0,13,12.0,2.73972602739726
66,66,2026-09-23,Wednesday,450.0,438.0,13,12.0,2.73972602739726
66,66,2026-09-24,Thursday,450.0,438.0,13,12.0,2.73972602739726
66,66,2026-09-17,Thursday,450.0,438.0,13,12.0,2.73972602739726
66,66,2026-09-25,Friday,450.0,438.0,13,12.0,2.73972602739726
66,66,2026-10-07,Wednesday,450.0,438.0,13,12.0,2.73972602739726
66,66,2026-10-02,Friday,450.0,438.0,13,12.0,2.73972602739726
66,66,2026-10-09,Friday,450.0,438.0,13,12.0,2.73972602739726
66,66,2026-10-15,Thursday,450.0,438.0,13,12.0,2.73972602739726
66,66,2026-10-08,Thursday,450.0,438.0,13,12.0,2.73972602739726
66,66,2026-09-09,Wednesday,450.0,438.0,13,12.0,2.73972602739726
66,66,2026-09-10,Thursday,450.0,438.0,13,12.0,2.73972602739726
66,66,2026-09-16,Wednesday,450.0,438.0,13,12.0,2.73972602739726
66,66,2026-09-11,Friday,450.0,438.0,13,12.0,2.73972602739726
66,66,2026-10-22,Thursday,450.0,438.0,13,12.0,2.73972602739726
66,66,2026-09-30,Wednesday,450.0,438.0,13,12.0,2.73972602739726
66,66,2026-10-14,Wednesday,450.0,438.0,13,12.0,2.73972602739726
66,66,2026-10-01,Thursday,450.0,438.0,13,12.0,2.73972602739726
66,66,2026-09-02,Wednesday,450.0,438.0,13,12.0,2.73972602739726
157,157,2026-08-24,Monday,131.0,119.08333333333333,12,11.916666666666671,10.006997900629816
157,157,2026-09-14,Monday,131.0,119.08333333333333,12,11.916666666666671,10.006997900629816
157,157,2026-09-21,Monday,131.0,119.08333333333333,12,11.916666666666671,10.006997900629816
157,157,2026-09-28,Monday,131.0,119.08333333333333,12,11.916666666666671,10.006997900629816
157,157,2026-10-05,Monday,131.0,119.08333333333333,12,11.916666666666671,10.006997900629816
157,157,2026-10-12,Monday,131.0,119.08333333333333,12,11.916666666666671,10.006997900629816
157,157,2026-10-19,Monday,131.0,119.08333333333333,12,11.916666666666671,10.006997900629816
157,157,2026-10-26,Monday,131.0,119.08333333333333,12,11.916666666666671,10.006997900629816
157,157,2026-08-31,Monday,131.0,119.08333333333333,12,11.916666666666671,10.006997900629816
9,9,2026-09-28,Monday,363.0,351.25,12,11.75,3.3451957295373664
9,9,2026-09-21,Monday,363.0,351.25,12,11.75,3.3451957295373664
9,9,2026-08-24,Monday,363.0,351.25,12,11.75,3.3451957295373664
9,9,2026-10-05,Monday,363.0,351.25,12,11.75,3.3451957295373664
9,9,2026-10-26,Monday,363.0,351.25,12,11.75,3.3451957295373664
9,9,2026-10-12,Monday,363.0,351.25,12,11.75,3.3451957295373664
9,9,2026-08-31,Monday,363.0,351.25,12,11.75,3.3451957295373664
9,9,2026-09-14,Monday,363.0,351.25,12,11.75,3.3451957295373664
9,9,2026-10-19,Monday,363.0,351.25,12,11.75,3.3451957295373664
156,156,2026-10-12,Monday,136.0,124.66666666666667,12,11.333333333333329,9.090909090909086
156,156,2026-08-31,Monday,136.0,124.66666666666667,12,11.333333333333329,9.090909090909086
156,156,2026-09-28,Monday,136.0,124.66666666666667,12,11.333333333333329,9.090909090909086
156,156,2026-10-19,Monday,136.0,124.66666666666667,12,11.333333333333329,9.090909090909086
156,156,2026-08-10,Monday,136.0,124.66666666666667,12,11.333333333333329,9.090909090909086
156,156,2026-09-21,Monday,136.0,124.66666666666667,12,11.333333333333329,9.090909090909086
156,156,2026-10-05,Monday,136.0,124.66666666666667,12,11.333333333333329,9.090909090909086
156,156,2026-08-17,Monday,136.0,124.66666666666667,12,11.333333333333329,9.090909090909086
156,156,2026-10-26,Monday,136.0,124.66666666666667,12,11.333333333333329,9.090909090909086
156,156,2026-09-14,Monday,136.0,124.66666666666667,12,11.333333333333329,9.090909090909086
156,156,2026-08-24,Monday,136.0,124.66666666666667,12,11.333333333333329,9.090909090909086
74,74,2026-10-05,Monday,283.0,272.25,12,10.75,3.948576675849403
74,74,2026-09-28,Monday,283.0,272.25,12,10.75,3.948576675849403
74,74,2026-10-26,Monday,283.0,272.25,12,10.75,3.948576675849403
74,74,2026-09-21,Monday,283.0,272.25,12,10.75,3.948576675849403
74,74,2026-08-31,Monday,283.0,272.25,12,10.75,3.948576675849403
74,74,2026-10-19,Monday,283.0,272.25,12,10.75,3.948576675849403
74,74,2026-10-12,Monday,283.0,272.25,12,10.75,3.948576675849403
74,74,2026-08-24,Monday,283.0,272.25,12,10.75,3.948576675849403
74,74,2026-09-14,Monday,283.0,272.25,12,10.75,3.948576675849403
54,54,2026-08-18,Tuesday,259.0,269.6666666666667,12,-10.666666666666686,-3.9555006180469783
54,54,2026-08-11,Tuesday,259.0,269.6666666666667,12,-10.666666666666686,-3.9555006180469783
85,85,2026-10-20,Tuesday,244.0,233.66666666666666,12,10.333333333333343,4.422253922967195
85,85,2026-09-22,Tuesday,244.0,233.66666666666666,12,10.333333333333343,4.422253922967195
85,85,2026-09-15,Tuesday,244.0,233.66666666666666,12,10.333333333333343,4.422253922967195
85,85,2026-10-27,Tuesday,244.0,233.66666666666666,12,10.333333333333343,4.422253922967195
85,85,2026-09-29,Tuesday,244.0,233.66666666666666,12,10.333333333333343,4.422253922967195
85,85,2026-08-25,Tuesday,244.0,233.66666666666666,12,10.333333333333343,4.422253922967195
85,85,2026-09-01,Tuesday,244.0,233.66666666666666,12,10.333333333333343,4.422253922967195
85,85,2026-10-06,Tuesday,244.0,233.66666666666666,12,10.333333333333343,4.422253922967195
85,85,2026-10-13,Tuesday,244.0,233.66666666666666,12,10.333333333333343,4.422253922967195
85,85,2026-09-08,Tuesday,244.0,233.66666666666666,12,10.333333333333343,4.422253922967195
P,Purple Line,2026-09-07,Monday,178.0,188.08333333333334,12,-10.083333333333343,-5.3610988037217595
171,171,2026-10-06,Tuesday,83.0,73.0,12,10.0,13.698630136986301
171,171,2026-09-01,Tuesday,83.0,73.0,12,10.0,13.698630136986301
171,171,2026-10-13,Tuesday,83.0,73.0,12,10.0,13.698630136986301
171,171,2026-09-08,Tuesday,83.0,73.0,12,10.0,13.698630136986301
171,171,2026-10-20,Tuesday,83.0,73.0,12,10.0,13.698630136986301
171,171,2026-09-15,Tuesday,83.0,73.0,12,10.0,13.698630136986301
171,171,2026-09-29,Tuesday,83.0,73.0,12,10.0,13.698630136986301
171,171,2026-08-25,Tuesday,83.0,73.0,12,10.0,13.698630136986301
171,171,2026-10-27,Tuesday,83.0,73.0,12,10.0,13.698630136986301
171,171,2026-09-22,Tuesday,83.0,73.0,12,10.0,13.698630136986301
54,54,2026-08-19,Wednesday,259.0,269.0,13,-10.0,-3.717472118959108
54,54,2026-08-20,Thursday,259.0,269.0,13,-10.0,-3.717472118959108
54,54,2026-08-21,Friday,259.0,269.0,13,-10.0,-3.717472118959108
54,54,2026-08-05,Wednesday,259.0,269.0,13,-10.0,-3.717472118959108
54,54,2026-08-06,Thursday,259.0,269.0,13,-10.0,-3.717472118959108
54,54,2026-08-07,Friday,259.0,269.0,13,-10.0,-3.717472118959108
54,54,2026-08-12,Wednesday,259.0,269.0,13,-10.0,-3.717472118959108
54,54,2026-08-13,Thursday,259.0,269.0,13,-10.0,-3.717472118959108
54,54,2026-08-14,Friday,259.0,269.0,13,-10.0,-3.717472118959108
55,55,2026-08-11,Tuesday,276.0,266.0,12,10.0,3.7593984962406015
55,55,2026-08-18,Tuesday,276.0,266.0,12,10.0,3.7593984962406015
86,86,2026-08-31,Monday,106.0,96.16666666666667,12,9.833333333333329,10.225303292894274
86,86,2026-09-14,Monday,106.0,96.16666666666667,12,9.833333333333329,10.225303292894274
86,86,2026-09-21,Monday,106.0,96.16666666666667,12,9.833333333333329,10.225303292894274
86,86,2026-09-28,Monday,106.0,96.16666666666667,12,9.833333333333329,10.225303292894274
86,86,2026-10-05,Monday,106.0,96.16666666666667,12,9.833333333333329,10.225303292894274
86,86,2026-10-12,Monday,106.0,96.16666666666667,12,9.833333333333329,10.225303292894274
86,86,2026-10-19,Monday,106.0,96.16666666666667,12,9.833333333333329,10.225303292894274
86,86,2026-10-26,Monday,106.0,96.16666666666667,12,9.833333333333329,10.225303292894274
86,86,2026-08-24,Monday,106.0,96.16666666666667,12,9.833333333333329,10.225303292894274
171,171,2026-09-26,Saturday,42.0,32.30769230769231,13,9.692307692307693,30.000000000000004
171,171,2026-08-29,Saturday,42.0,32.30769230769231,13,9.692307692307693,30.000000000000004
172,172,2026-09-12,Saturday,42.0,32.30769230769231,13,9.692307692307693,30.000000000000004
171,171,2026-10-10,Saturday,42.0,32.30769230769231,13,9.692307692307693,30.000000000000004
172,172,2026-08-29,Saturday,42.0,32.30769230769231,13,9.692307692307693,30.000000000000004
172,172,2026-10-31,Saturday,42.0,32.30769230769231,13,9.692307692307693,30.000000000000004
172,172,2026-09-05,Saturday,42.0,32.30769230769231,13,9.692307692307693,30.000000000000004
171,171,2026-09-05,Saturday,42.0,32.30769230769231,13,9.692307692307693,30.000000000000004
171,171,2026-10-17,Saturday,42.0,32.30769230769231,13,9.692307692307693,30.000000000000004
172,172,2026-10-24,Saturday,42.0,32.30769230769231,13,9.692307692307693,30.000000000000004
172,172,2026-09-26,Saturday,42.0,32.30769230769231,13,9.692307692307693,30.000000000000004
172,172,2026-10-03,Saturday,42.0,32.30769230769231,13,9.692307692307693,30.000000000000004
172,172,2026-09-19,Saturday,42.0,32.30769230769231,13,9.692307692307693,30.000000000000004
171,171,2026-09-12,Saturday,42.0,32.30769230769231,13,9.692307692307693,30.000000000000004
171,171,2026-10-24,Saturday,42.0,32.30769230769231,13,9.692307692307693,30.000000000000004
171,171,2026-10-31,Saturday,42.0,32.30769230769231,13,9.692307692307693,30.000000000000004
172,172,2026-10-17,Saturday,42.0,32.30769230769231,13,9.692307692307693,30.000000000000004
171,171,2026-09-19,Saturday,42.0,32.30769230769231,13,9.692307692307693,30.000000000000004
171,171,2026-10-03,Saturday,42.0,32.30769230769231,13,9.692307692307693,30.000000000000004
172,172,2026-10-10,Saturday,42.0,32.30769230769231,13,9.692307692307693,30.000000000000004
59,59,2026-09-14,Monday,114.0,104.33333333333333,12,9.666666666666671,9.265175718849846
59,59,2026-10-12,Monday,114.0,104.33333333333333,12,9.666666666666671,9.265175718849846
7,7,2026-10-12,Monday,132.0,122.33333333333333,12,9.666666666666671,7.901907356948233
59,59,2026-10-19,Monday,114.0,104.33333333333333,12,9.666666666666671,9.265175718849846
59,59,2026-10-26,Monday,114.0,104.33333333333333,12,9.666666666666671,9.265175718849846
59,59,2026-09-21,Monday,114.0,104.33333333333333,12,9.666666666666671,9.265175718849846
7,7,2026-09-14,Monday,132.0,122.33333333333333,12,9.666666666666671,7.901907356948233
59,59,2026-09-28,Monday,114.0,104.33333333333333,12,9.666666666666671,9.265175718849846
7,7,2026-10-19,Monday,132.0,122.33333333333333,12,9.666666666666671,7.901907356948233
59,59,2026-10-05,Monday,114.0,104.33333333333333,12,9.666666666666671,9.265175718849846
7,7,2026-09-21,Monday,132.0,122.33333333333333,12,9.666666666666671,7.901907356948233
7,7,2026-10-26,Monday,132.0,122.33333333333333,12,9.666666666666671,7.901907356948233
7,7,2026-09-28,Monday,132.0,122.33333333333333,12,9.666666666666671,7.901907356948233
7,7,2026-08-24,Monday,132.0,122.33333333333333,12,9.666666666666671,7.901907356948233
59,59,2026-08-24,Monday,114.0,104.33333333333333,12,9.666666666666671,9.265175718849846
59,59,2026-08-31,Monday,114.0,104.33333333333333,12,9.666666666666671,9.265175718849846
7,7,2026-10-05,Monday,132.0,122.33333333333333,12,9.666666666666671,7.901907356948233
7,7,2026-08-31,Monday,132.0,122.33333333333333,12,9.666666666666671,7.901907356948233
152,152,2026-08-10,Monday,189.0,198.58333333333334,12,-9.583333333333343,-4.825849769198494
152,152,2026-08-17,Monday,189.0,198.58333333333334,12,-9.583333333333343,-4.825849769198494
126,126,2026-08-10,Monday,154.0,144.58333333333334,12,9.416666666666657,6.512968299711809
126,126,2026-08-17,Monday,154.0,144.58333333333334,12,9.416666666666657,6.512968299711809
8,8,2026-10-12,Monday,257.0,247.66666666666666,12,9.333333333333343,3.768506056527595
8,8,2026-10-19,Monday,257.0,247.66666666666666,12,9.333333333333343,3.768506056527595
8,8,2026-08-24,Monday,257.0,247.66666666666666,12,9.333333333333343,3.768506056527595
8,8,2026-10-26,Monday,257.0,247.66666666666666,12,9.333333333333343,3.768506056527595
8,8,2026-08-31,Monday,257.0,247.66666666666666,12,9.333333333333343,3.768506056527595
8,8,2026-09-14,Monday,257.0,247.66666666666666,12,9.333333333333343,3.768506056527595
8,8,2026-09-21,Monday,257.0,247.66666666666666,12,9.333333333333343,3.768506056527595
8,8,2026-08-17,Monday,257.0,247.66666666666666,12,9.333333333333343,3.768506056527595
8,8,2026-09-28,Monday,257.0,247.66666666666666,12,9.333333333333343,3.768506056527595
8,8,2026-08-10,Monday,257.0,247.66666666666666,12,9.333333333333343,3.768506056527595
8,8,2026-10-05,Monday,257.0,247.66666666666666,12,9.333333333333343,3.768506056527595
77,77,2026-08-10,Monday,329.0,319.75,12,9.25,2.8928850664581702
77,77,2026-08-17,Monday,329.0,319.75,12,9.25,2.8928850664581702
55,55,2026-08-13,Thursday,276.0,266.7692307692308,13,9.230769230769226,3.460207612456746
55,55,2026-08-14,Friday,276.0,266.7692307692308,13,9.230769230769226,3.460207612456746
55,55,2026-08-19,Wednesday,276.0,266.7692307692308,13,9.230769230769226,3.460207612456746
55,55,2026-08-20,Thursday,276.0,266.7692307692308,13,9.230769230769226,3.460207612456746
55,55,2026-08-12,Wednesday,276.0,266.7692307692308,13,9.230769230769226,3.460207612456746
55,55,2026-08-21,Friday,276.0,266.7692307692308,13,9.230769230769226,3.460207612456746
55,55,2026-08-05,Wednesday,276.0,266.7692307692308,13,9.230769230769226,3.460207612456746
55,55,2026-08-06,Thursday,276.0,266.7692307692308,13,9.230769230769226,3.460207612456746
55,55,2026-08-07,Friday,276.0,266.7692307692308,13,9.230769230769226,3.460207612456746
76,76,2026-08-10,Monday,208.0,198.83333333333334,12,9.166666666666657,4.610226320201169
76,76,2026-08-17,Monday,208.0,198.83333333333334,12,9.166666666666657,4.610226320201169
76,76,2026-08-24,Monday,208.0,198.83333333333334,12,9.166666666666657,4.610226320201169
76,76,2026-08-31,Monday,208.0,198.83333333333334,12,9.166666666666657,4.610226320201169
76,76,2026-09-14,Monday,208.0,198.83333333333334,12,9.166666666666657,4.610226320201169
76,76,2026-09-28,Monday,208.0,198.83333333333334,12,9.166666666666657,4.610226320201169
76,76,2026-10-05,Monday,208.0,198.83333333333334,12,9.166666666666657,4.610226320201169
76,76,2026-10-12,Monday,208.0,198.83333333333334,12,9.166666666666657,4.610226320201169
76,76,2026-10-19,Monday,208.0,198.83333333333334,12,9.166666666666657,4.610226320201169
76,76,2026-10-26,Monday,208.0,198.83333333333334,12,9.166666666666657,4.610226320201169
76,76,2026-09-21,Monday,208.0,198.83333333333334,12,9.166666666666657,4.610226320201169
66,66,2026-10-27,Tuesday,450.0,440.9166666666667,12,9.083333333333314,2.060102060102056
66,66,2026-09-15,Tuesday,450.0,440.9166666666667,12,9.083333333333314,2.060102060102056
66,66,2026-08-25,Tuesday,450.0,440.9166666666667,12,9.083333333333314,2.060102060102056
66,66,2026-10-06,Tuesday,450.0,440.9166666666667,12,9.083333333333314,2.060102060102056
66,66,2026-09-01,Tuesday,450.0,440.9166666666667,12,9.083333333333314,2.060102060102056
66,66,2026-09-22,Tuesday,450.0,440.9166666666667,12,9.083333333333314,2.060102060102056
66,66,2026-10-13,Tuesday,450.0,440.9166666666667,12,9.083333333333314,2.060102060102056
66,66,2026-09-29,Tuesday,450.0,440.9166666666667,12,9.083333333333314,2.060102060102056
66,66,2026-10-20,Tuesday,450.0,440.9166666666667,12,9.083333333333314,2.060102060102056
24,24,2026-10-19,Monday,101.0,92.08333333333333,12,8.916666666666671,9.683257918552043
24,24,2026-10-26,Monday,101.0,92.08333333333333,12,8.916666666666671,9.683257918552043
24,24,2026-08-24,Monday,101.0,92.08333333333333,12,8.916666666666671,9.683257918552043
24,24,2026-08-31,Monday,101.0,92.08333333333333,12,8.916666666666671,9.683257918552043
24,24,2026-09-14,Monday,101.0,92.08333333333333,12,8.916666666666671,9.683257918552043
24,24,2026-09-21,Monday,101.0,92.08333333333333,12,8.916666666666671,9.683257918552043
24,24,2026-09-28,Monday,101.0,92.08333333333333,12,8.916666666666671,9.683257918552043
24,24,2026-10-05,Monday,101.0,92.08333333333333,12,8.916666666666671,9.683257918552043
24,24,2026-10-12,Monday,101.0,92.08333333333333,12,8.916666666666671,9.683257918552043
3,3,2026-09-21,Monday,242.0,233.16666666666666,12,8.833333333333343,3.788420300214443
3,3,2026-09-14,Monday,242.0,233.16666666666666,12,8.833333333333343,3.788420300214443
3,3,2026-09-28,Monday,242.0,233.16666666666666,12,8.833333333333343,3.788420300214443
3,3,2026-10-05,Monday,242.0,233.16666666666666,12,8.833333333333343,3.788420300214443
3,3,2026-10-26,Monday,242.0,233.16666666666666,12,8.833333333333343,3.788420300214443
3,3,2026-10-12,Monday,242.0,233.16666666666666,12,8.833333333333343,3.788420300214443
3,3,2026-08-24,Monday,242.0,233.16666666666666,12,8.833333333333343,3.788420300214443
3,3,2026-10-19,Monday,242.0,233.16666666666666,12,8.833333333333343,3.788420300214443
3,3,2026-08-31,Monday,242.0,233.16666666666666,12,8.833333333333343,3.788420300214443
Red,Red Line,2026-08-17,Monday,422.0,413.1666666666667,12,8.833333333333314,2.1379588543767603
Red,Red Line,2026-08-24,Monday,422.0,413.1666666666667,12,8.833333333333314,2.1379588543767603
Red,Red Line,2026-08-31,Monday,422.0,413.1666666666667,12,8.833333333333314,2.1379588543767603
Red,Red Line,2026-09-14,Monday,422.0,413.1666666666667,12,8.833333333333314,2.1379588543767603
Red,Red Line,2026-09-21,Monday,422.0,413.1666666666667,12,8.833333333333314,2.1379588543767603
Red,Red Line,2026-09-28,Monday,422.0,413.1666666666667,12,8.833333333333314,2.1379588543767603
Red,Red Line,2026-10-05,Monday,422.0,413.1666666666667,12,8.833333333333314,2.1379588543767603
Red,Red Line,2026-10-12,Monday,422.0,413.1666666666667,12,8.833333333333314,2.1379588543767603
Red,Red Line,2026-10-19,Monday,422.0,413.1666666666667,12,8.833333333333314,2.1379588543767603
Red,Red Line,2026-10-26,Monday,422.0,413.1666666666667,12,8.833333333333314,2.1379588543767603
Red,Red Line,2026-08-10,Monday,422.0,413.1666666666667,12,8.833333333333314,2.1379588543767603
82,82,2026-10-03,Saturday,246.0,254.76923076923077,13,-8.769230769230774,-3.442028985507248
82,82,2026-09-05,Saturday,246.0,254.76923076923077,13,-8.769230769230774,-3.442028985507248
82,82,2026-10-10,Saturday,246.0,254.76923076923077,13,-8.769230769230774,-3.442028985507248
82,82,2026-10-17,Saturday,246.0,254.76923076923077,13,-8.769230769230774,-3.442028985507248
82,82,2026-10-24,Saturday,246.0,254.76923076923077,13,-8.769230769230774,-3.442028985507248
82,82,2026-10-31,Saturday,246.0,254.76923076923077,13,-8.769230769230774,-3.442028985507248
82,82,2026-08-29,Saturday,246.0,254.76923076923077,13,-8.769230769230774,-3.442028985507248
82,82,2026-09-12,Saturday,246.0,254.76923076923077,13,-8.769230769230774,-3.442028985507248
82,82,2026-09-19,Saturday,246.0,254.76923076923077,13,-8.769230769230774,-3.442028985507248
82,82,2026-09-26,Saturday,246.0,254.76923076923077,13,-8.769230769230774,-3.442028985507248
59,59,2026-08-10,Monday,113.0,104.33333333333333,12,8.666666666666671,8.306709265175725
59,59,2026-08-17,Monday,113.0,104.33333333333333,12,8.666666666666671,8.306709265175725
X9,X9,2026-08-10,Monday,102.0,93.5,12,8.5,9.090909090909092
X9,X9,2026-08-17,Monday,102.0,93.5,12,8.5,9.090909090909092
X9,X9,2026-08-24,Monday,102.0,93.5,12,8.5,9.090909090909092
X9,X9,2026-08-31,Monday,102.0,93.5,12,8.5,9.090909090909092
X9,X9,2026-09-14,Monday,102.0,93.5,12,8.5,9.090909090909092
X9,X9,2026-09-21,Monday,102.0,93.5,12,8.5,9.090909090909092
X9,X9,2026-09-28,Monday,102.0,93.5,12,8.5,9.090909090909092
X9,X9,2026-10-05,Monday,102.0,93.5,12,8.5,9.090909090909092
X9,X9,2026-10-12,Monday,102.0,93.5,12,8.5,9.090909090909092
X9,X9,2026-10-19,Monday,102.0,93.5,12,8.5,9.090909090909092
X9,X9,2026-10-26,Monday,102.0,93.5,12,8.5,9.090909090909092
37,37,2026-10-05,Monday,100.0,91.66666666666667,12,8.333333333333329,9.090909090909085
37,37,2026-08-17,Monday,100.0,91.66666666666667,12,8.333333333333329,9.090909090909085
37,37,2026-09-28,Monday,100.0,91.66666666666667,12,8.333333333333329,9.090909090909085
37,37,2026-09-21,Monday,100.0,91.66666666666667,12,8.333333333333329,9.090909090909085
37,37,2026-10-12,Monday,100.0,91.66666666666667,12,8.333333333333329,9.090909090909085
37,37,2026-09-14,Monday,100.0,91.66666666666667,12,8.333333333333329,9.090909090909085
37,37,2026-08-24,Monday,100.0,91.66666666666667,12,8.333333333333329,9.090909090909085
37,37,2026-08-10,Monday,100.0,91.66666666666667,12,8.333333333333329,9.090909090909085
37,37,2026-10-19,Monday,100.0,91.66666666666667,12,8.333333333333329,9.090909090909085
37,37,2026-10-26,Monday,100.0,91.66666666666667,12,8.333333333333329,9.090909090909085
37,37,2026-08-31,Monday,100.0,91.66666666666667,12,8.333333333333329,9.090909090909085
77,77,2026-08-24,Monday,328.0,319.75,12,8.25,2.580140734949179
77,77,2026-08-31,Monday,328.0,319.75,12,8.25,2.580140734949179
77,77,2026-09-14,Monday,328.0,319.75,12,8.25,2.580140734949179
77,77,2026-09-21,Monday,328.0,319.75,12,8.25,2.580140734949179
77,77,2026-09-28,Monday,328.0,319.75,12,8.25,2.580140734949179
77,77,2026-10-05,Monday,328.0,319.75,12,8.25,2.580140734949179
77,77,2026-10-12,Monday,328.0,319.75,12,8.25,2.580140734949179
77,77,2026-10-19,Monday,328.0,319.75,12,8.25,2.580140734949179
77,77,2026-10-26,Monday,328.0,319.75,12,8.25,2.580140734949179
Blue,Blue Line,2026-09-21,Monday,354.0,345.8333333333333,12,8.166666666666686,2.361445783132536
Blue,Blue Line,2026-08-17,Monday,354.0,345.8333333333333,12,8.166666666666686,2.361445783132536
Blue,Blue Line,2026-10-19,Monday,354.0,345.8333333333333,12,8.166666666666686,2.361445783132536
Blue,Blue Line,2026-08-10,Monday,354.0,345.8333333333333,12,8.166666666666686,2.361445783132536
Blue,Blue Line,2026-09-28,Monday,354.0,345.8333333333333,12,8.166666666666686,2.361445783132536
Blue,Blue Line,2026-10-05,Monday,354.0,345.8333333333333,12,8.166666666666686,2.361445783132536
Blue,Blue Line,2026-08-24,Monday,354.0,345.8333333333333,12,8.166666666666686,2.361445783132536
Blue,Blue Line,2026-10-12,Monday,354.0,345.8333333333333,12,8.166666666666686,2.361445783132536
Blue,Blue Line,2026-10-26,Monday,354.0,345.8333333333333,12,8.166666666666686,2.361445783132536
Blue,Blue Line,2026-09-14,Monday,354.0,345.8333333333333,12,8.166666666666686,2.361445783132536
Blue,Blue Line,2026-08-31,Monday,354.0,345.8333333333333,12,8.166666666666686,2.361445783132536
53,53,2026-09-18,Friday,339.0,330.9230769230769,13,8.076923076923094,2.4407252440725298
53,53,2026-09-09,Wednesday,339.0,330.9230769230769,13,8.076923076923094,2.4407252440725298
53,53,2026-10-14,Wednesday,339.0,330.9230769230769,13,8.076923076923094,2.4407252440725298
53,53,2026-10-30,Friday,339.0,330.9230769230769,13,8.076923076923094,2.4407252440725298
53,53,2026-09-02,Wednesday,339.0,330.9230769230769,13,8.076923076923094,2.4407252440725298
53,53,2026-09-04,Friday,339.0,330.9230769230769,13,8.076923076923094,2.4407252440725298
53,53,2026-10-15,Thursday,339.0,330.9230769230769,13,8.076923076923094,2.4407252440725298
53,53,2026-08-26,Wednesday,339.0,330.9230769230769,13,8.076923076923094,2.4407252440725298
53,53,2026-08-27,Thursday,339.0,330.9230769230769,13,8.076923076923094,2.4407252440725298
53,53,2026-10-16,Friday,339.0,330.9230769230769,13,8.076923076923094,2.4407252440725298
53,53,2026-09-23,Wednesday,339.0,330.9230769230769,13,8.076923076923094,2.4407252440725298
53,53,2026-09-24,Thursday,339.0,330.9230769230769,13,8.076923076923094,2.4407252440725298
53,53,2026-09-03,Thursday,339.0,330.9230769230769,13,8.076923076923094,2.4407252440725298
53,53,2026-09-25,Friday,339.0,330.9230769230769,13,8.076923076923094,2.4407252440725298
53,53,2026-10-21,Wednesday,339.0,330.9230769230769,13,8.076923076923094,2.4407252440725298
53,53,2026-09-16,Wednesday,339.0,330.9230769230769,13,8.076923076923094,2.4407252440725298
53,53,2026-10-22,Thursday,339.0,330.9230769230769,13,8.076923076923094,2.4407252440725298
53,53,2026-09-30,Wednesday,339.0,330.9230769230769,13,8.076923076923094,2.4407252440725298
53,53,2026-10-01,Thursday,339.0,330.9230769230769,13,8.076923076923094,2.4407252440725298
53,53,2026-10-02,Friday,339.0,330.9230769230769,13,8.076923076923094,2.4407252440725298
53,53,2026-10-09,Friday,339.0,330.9230769230769,13,8.076923076923094,2.4407252440725298
53,53,2026-10-29,Thursday,339.0,330.9230769230769,13,8.076923076923094,2.4407252440725298
53,53,2026-10-23,Friday,339.0,330.9230769230769,13,8.076923076923094,2.4407252440725298
53,53,2026-10-07,Wednesday,339.0,330.9230769230769,13,8.076923076923094,2.4407252440725298
53,53,2026-10-08,Thursday,339.0,330.9230769230769,13,8.076923076923094,2.4407252440725298
53,53,2026-08-28,Friday,339.0,330.9230769230769,13,8.076923076923094,2.4407252440725298
53,53,2026-09-10,Thursday,339.0,330.9230769230769,13,8.076923076923094,2.4407252440725298
53,53,2026-09-11,Friday,339.0,330.9230769230769,13,8.076923076923094,2.4407252440725298
53,53,2026-10-28,Wednesday,339.0,330.9230769230769,13,8.076923076923094,2.4407252440725298
53,53,2026-09-17,Thursday,339.0,330.9230769230769,13,8.076923076923094,2.4407252440725298
74,74,2026-08-26,Wednesday,282.0,274.15384615384613,13,7.846153846153868,2.86195286195287
74,74,2026-10-01,Thursday,282.0,274.15384615384613,13,7.846153846153868,2.86195286195287
74,74,2026-09-24,Thursday,282.0,274.15384615384613,13,7.846153846153868,2.86195286195287
74,74,2026-09-04,Friday,282.0,274.15384615384613,13,7.846153846153868,2.86195286195287
74,74,2026-10-21,Wednesday,282.0,274.15384615384613,13,7.846153846153868,2.86195286195287
74,74,2026-08-27,Thursday,282.0,274.15384615384613,13,7.846153846153868,2.86195286195287
74,74,2026-10-22,Thursday,282.0,274.15384615384613,13,7.846153846153868,2.86195286195287
74,74,2026-10-16,Friday,282.0,274.15384615384613,13,7.846153846153868,2.86195286195287
74,74,2026-09-16,Wednesday,282.0,274.15384615384613,13,7.846153846153868,2.86195286195287
74,74,2026-10-23,Friday,282.0,274.15384615384613,13,7.846153846153868,2.86195286195287
74,74,2026-09-18,Friday,282.0,274.15384615384613,13,7.846153846153868,2.86195286195287
74,74,2026-10-15,Thursday,282.0,274.15384615384613,13,7.846153846153868,2.86195286195287
74,74,2026-10-08,Thursday,282.0,274.15384615384613,13,7.846153846153868,2.86195286195287
74,74,2026-10-09,Friday,282.0,274.15384615384613,13,7.846153846153868,2.86195286195287
74,74,2026-10-14,Wednesday,282.0,274.15384615384613,13,7.846153846153868,2.86195286195287
74,74,2026-08-28,Friday,282.0,274.15384615384613,13,7.846153846153868,2.86195286195287
74,74,2026-09-09,Wednesday,282.0,274.15384615384613,13,7.846153846153868,2.86195286195287
74,74,2026-10-02,Friday,282.0,274.15384615384613,13,7.846153846153868,2.86195286195287
74,74,2026-09-10,Thursday,282.0,274.15384615384613,13,7.846153846153868,2.86195286195287
74,74,2026-09-17,Thursday,282.0,274.15384615384613,13,7.846153846153868,2.86195286195287
74,74,2026-09-11,Friday,282.0,274.15384615384613,13,7.846153846153868,2.86195286195287
74,74,2026-09-02,Wednesday,282.0,274.15384615384613,13,7.846153846153868,2.86195286195287
74,74,2026-10-28,Wednesday,282.0,274.15384615384613,13,7.846153846153868,2.86195286195287
74,74,2026-10-29,Thursday,282.0,274.15384615384613,13,7.846153846153868,2.86195286195287
74,74,2026-09-23,Wednesday,282.0,274.15384615384613,13,7.846153846153868,2.86195286195287
74,74,2026-10-30,Friday,282.0,274.15384615384613,13,7.846153846153868,2.86195286195287
74,74,2026-09-03,Thursday,282.0,274.15384615384613,13,7.846153846153868,2.86195286195287
74,74,2026-09-30,Wednesday,282.0,274.15384615384613,13,7.846153846153868,2.86195286195287
74,74,2026-09-25,Friday,282.0,274.15384615384613,13,7.846153846153868,2.86195286195287
74,74,2026-10-07,Wednesday,282.0,274.15384615384613,13,7.846153846153868,2.86195286195287
124,124,2026-09-23,Wednesday,75.0,82.84615384615384,13,-7.84615384615384,-9.470752089136482
124,124,2026-10-23,Friday,75.0,82.84615384615384,13,-7.84615384615384,-9.470752089136482
124,124,2026-10-02,Friday,75.0,82.84615384615384,13,-7.84615384615384,-9.470752089136482
124,124,2026-08-26,Wednesday,75.0,82.84615384615384,13,-7.84615384615384,-9.470752089136482
124,124,2026-08-27,Thursday,75.0,82.84615384615384,13,-7.84615384615384,-9.470752089136482
124,124,2026-08-28,Friday,75.0,82.84615384615384,13,-7.84615384615384,-9.470752089136482
124,124,2026-09-16,Wednesday,75.0,82.84615384615384,13,-7.84615384615384,-9.470752089136482
124,124,2026-10-07,Wednesday,75.0,82.84615384615384,13,-7.84615384615384,-9.470752089136482
124,124,2026-10-01,Thursday,75.0,82.84615384615384,13,-7.84615384615384,-9.470752089136482
124,124,2026-10-09,Friday,75.0,82.84615384615384,13,-7.84615384615384,-9.470752089136482
124,124,2026-09-17,Thursday,75.0,82.84615384615384,13,-7.84615384615384,-9.470752089136482
124,124,2026-09-24,Thursday,75.0,82.84615384615384,13,-7.84615384615384,-9.470752089136482
124,124,2026-09-18,Friday,75.0,82.84615384615384,13,-7.84615384615384,-9.470752089136482
124,124,2026-09-02,Wednesday,75.0,82.84615384615384,13,-7.84615384615384,-9.470752089136482
124,124,2026-10-14,Wednesday,75.0,82.84615384615384,13,-7.84615384615384,-9.470752089136482
124,124,2026-10-15,Thursday,75.0,82.84615384615384,13,-7.84615384615384,-9.470752089136482
124,124,2026-10-16,Friday,75.0,82.84615384615384,13,-7.84615384615384,-9.470752089136482
124,124,2026-09-03,Thursday,75.0,82.84615384615384,13,-7.84615384615384,-9.470752089136482
124,124,2026-09-04,Friday,75.0,82.84615384615384,13,-7.84615384615384,-9.470752089136482
124,124,2026-09-25,Friday,75.0,82.84615384615384,13,-7.84615384615384,-9.470752089136482
124,124,2026-09-09,Wednesday,75.0,82.84615384615384,13,-7.84615384615384,-9.470752089136482
124,124,2026-10-21,Wednesday,75.0,82.84615384615384,13,-7.84615384615384,-9.470752089136482
124,124,2026-10-22,Thursday,75.0,82.84615384615384,13,-7.84615384615384,-9.470752089136482
124,124,2026-10-30,Friday,75.0,82.84615384615384,13,-7.84615384615384,-9.470752089136482
124,124,2026-09-10,Thursday,75.0,82.84615384615384,13,-7.84615384615384,-9.470752089136482
124,124,2026-09-30,Wednesday,75.0,82.84615384615384,13,-7.84615384615384,-9.470752089136482
124,124,2026-09-11,Friday,75.0,82.84615384615384,13,-7.84615384615384,-9.470752089136482
124,124,2026-10-28,Wednesday,75.0,82.84615384615384,13,-7.84615384615384,-9.470752089136482
124,124,2026-10-29,Thursday,75.0,82.84615384615384,13,-7.84615384615384,-9.470752089136482
124,124,2026-10-08,Thursday,75.0,82.84615384615384,13,-7.84615384615384,-9.470752089136482
65,65,2026-08-26,Wednesday,204.0,196.15384615384616,13,7.84615384615384,3.9999999999999964
65,65,2026-09-18,Friday,204.0,196.15384615384616,13,7.84615384615384,3.9999999999999964
65,65,2026-10-01,Thursday,204.0,196.15384615384616,13,7.84615384615384,3.9999999999999964
65,65,2026-09-25,Friday,204.0,196.15384615384616,13,7.84615384615384,3.9999999999999964
65,65,2026-10-02,Friday,204.0,196.15384615384616,13,7.84615384615384,3.9999999999999964
65,65,2026-08-27,Thursday,204.0,196.15384615384616,13,7.84615384615384,3.9999999999999964
65,65,2026-10-07,Wednesday,204.0,196.15384615384616,13,7.84615384615384,3.9999999999999964
65,65,2026-10-08,Thursday,204.0,196.15384615384616,13,7.84615384615384,3.9999999999999964
65,65,2026-09-30,Wednesday,204.0,196.15384615384616,13,7.84615384615384,3.9999999999999964
65,65,2026-08-28,Friday,204.0,196.15384615384616,13,7.84615384615384,3.9999999999999964
65,65,2026-10-14,Wednesday,204.0,196.15384615384616,13,7.84615384615384,3.9999999999999964
65,65,2026-10-15,Thursday,204.0,196.15384615384616,13,7.84615384615384,3.9999999999999964
65,65,2026-10-16,Friday,204.0,196.15384615384616,13,7.84615384615384,3.9999999999999964
65,65,2026-09-02,Wednesday,204.0,196.15384615384616,13,7.84615384615384,3.9999999999999964
65,65,2026-10-21,Wednesday,204.0,196.15384615384616,13,7.84615384615384,3.9999999999999964
65,65,2026-10-22,Thursday,204.0,196.15384615384616,13,7.84615384615384,3.9999999999999964
65,65,2026-10-23,Friday,204.0,196.15384615384616,13,7.84615384615384,3.9999999999999964
65,65,2026-09-03,Thursday,204.0,196.15384615384616,13,7.84615384615384,3.9999999999999964
65,65,2026-10-28,Wednesday,204.0,196.15384615384616,13,7.84615384615384,3.9999999999999964
65,65,2026-09-16,Wednesday,204.0,196.15384615384616,13,7.84615384615384,3.9999999999999964
65,65,2026-10-29,Thursday,204.0,196.15384615384616,13,7.84615384615384,3.9999999999999964
65,65,2026-10-30,Friday,204.0,196.15384615384616,13,7.84615384615384,3.9999999999999964
65,65,2026-09-17,Thursday,204.0,196.15384615384616,13,7.84615384615384,3.9999999999999964
65,65,2026-09-11,Friday,204.0,196.15384615384616,13,7.84615384615384,3.9999999999999964
65,65,2026-09-04,Friday,204.0,196.15384615384616,13,7.84615384615384,3.9999999999999964
65,65,2026-09-23,Wednesday,204.0,196.15384615384616,13,7.84615384615384,3.9999999999999964
65,65,2026-09-24,Thursday,204.0,196.15384615384616,13,7.84615384615384,3.9999999999999964
65,65,2026-09-09,Wednesday,204.0,196.15384615384616,13,7.84615384615384,3.9999999999999964
65,65,2026-09-10,Thursday,204.0,196.15384615384616,13,7.84615384615384,3.9999999999999964
65,65,2026-10-09,Friday,204.0,196.15384615384616,13,7.84615384615384,3.9999999999999964
85A,85A,2026-08-24,Monday,94.0,86.16666666666667,12,7.833333333333329,9.090909090909085
85A,85A,2026-10-05,Monday,94.0,86.16666666666667,12,7.833333333333329,9.090909090909085
85A,85A,2026-08-17,Monday,94.0,86.16666666666667,12,7.833333333333329,9.090909090909085
85A,85A,2026-09-14,Monday,94.0,86.16666666666667,12,7.833333333333329,9.090909090909085
85A,85A,2026-09-21,Monday,94.0,86.16666666666667,12,7.833333333333329,9.090909090909085
85A,85A,2026-08-10,Monday,94.0,86.16666666666667,12,7.833333333333329,9.090909090909085
85A,85A,2026-09-28,Monday,94.0,86.16666666666667,12,7.833333333333329,9.090909090909085
85A,85A,2026-10-12,Monday,94.0,86.16666666666667,12,7.833333333333329,9.090909090909085
85A,85A,2026-10-26,Monday,94.0,86.16666666666667,12,7.833333333333329,9.090909090909085
85A,85A,2026-10-19,Monday,94.0,86.16666666666667,12,7.833333333333329,9.090909090909085
85A,85A,2026-08-31,Monday,94.0,86.16666666666667,12,7.833333333333329,9.090909090909085
9,9,2026-08-08,Saturday,315.0,307.3076923076923,13,7.692307692307679,2.503128911138919
9,9,2026-08-15,Saturday,315.0,307.3076923076923,13,7.692307692307679,2.503128911138919
9,9,2026-08-22,Saturday,315.0,307.3076923076923,13,7.692307692307679,2.503128911138919
67,67,2026-08-05,Wednesday,217.0,224.69230769230768,13,-7.692307692307679,-3.423485107839775
67,67,2026-08-12,Wednesday,217.0,224.69230769230768,13,-7.692307692307679,-3.423485107839775
63,63,2026-08-08,Saturday,272.0,264.3076923076923,13,7.692307692307679,2.910360884749704
63,63,2026-08-15,Saturday,272.0,264.3076923076923,13,7.692307692307679,2.910360884749704
63,63,2026-08-22,Saturday,272.0,264.3076923076923,13,7.692307692307679,2.910360884749704
67,67,2026-08-19,Wednesday,217.0,224.69230769230768,13,-7.692307692307679,-3.423485107839775
Blue,Blue Line,2026-10-31,Saturday,284.0,291.38461538461536,13,-7.384615384615358,-2.534318901795134
Blue,Blue Line,2026-08-15,Saturday,284.0,291.38461538461536,13,-7.384615384615358,-2.534318901795134
Blue,Blue Line,2026-09-19,Saturday,284.0,291.38461538461536,13,-7.384615384615358,-2.534318901795134
Blue,Blue Line,2026-08-22,Saturday,284.0,291.38461538461536,13,-7.384615384615358,-2.534318901795134
Blue,Blue Line,2026-09-05,Saturday,284.0,291.38461538461536,13,-7.384615384615358,-2.534318901795134
Blue,Blue Line,2026-10-17,Saturday,284.0,291.38461538461536,13,-7.384615384615358,-2.534318901795134
Blue,Blue Line,2026-09-26,Saturday,284.0,291.38461538461536,13,-7.384615384615358,-2.534318901795134
Blue,Blue Line,2026-10-03,Saturday,284.0,291.38461538461536,13,-7.384615384615358,-2.534318901795134
Blue,Blue Line,2026-09-12,Saturday,284.0,291.38461538461536,13,-7.384615384615358,-2.534318901795134
Blue,Blue Line,2026-10-10,Saturday,284.0,291.38461538461536,13,-7.384615384615358,-2.534318901795134
Blue,Blue Line,2026-08-29,Saturday,284.0,291.38461538461536,13,-7.384615384615358,-2.534318901795134
Blue,Blue Line,2026-10-24,Saturday,284.0,291.38461538461536,13,-7.384615384615358,-2.534318901795134
54A,54A,2026-08-10,Monday,43.0,35.666666666666664,12,7.333333333333336,20.56074766355141
54A,54A,2026-08-17,Monday,43.0,35.666666666666664,12,7.333333333333336,20.56074766355141
169,169,2026-09-07,Monday,1.0,8.333333333333334,12,-7.333333333333334,-88.0
X49,X49,2026-08-10,Monday,87.0,79.75,12,7.25,9.090909090909092
X49,X49,2026-08-17,Monday,87.0,79.75,12,7.25,9.090909090909092
X49,X49,2026-08-24,Monday,87.0,79.75,12,7.25,9.090909090909092
X49,X49,2026-08-31,Monday,87.0,79.75,12,7.25,9.090909090909092
X49,X49,2026-09-14,Monday,87.0,79.75,12,7.25,9.090909090909092
X49,X49,2026-09-21,Monday,87.0,79.75,12,7.25,9.090909090909092
X49,X49,2026-09-28,Monday,87.0,79.75,12,7.25,9.090909090909092
X49,X49,2026-10-05,Monday,87.0,79.75,12,7.25,9.090909090909092
X49,X49,2026-10-12,Monday,87.0,79.75,12,7.25,9.090909090909092
X49,X49,2026-10-19,Monday,87.0,79.75,12,7.25,9.090909090909092
X49,X49,2026-10-26,Monday,87.0,79.75,12,7.25,9.090909090909092
26,26,2026-08-10,Monday,86.0,78.83333333333333,12,7.166666666666671,9.090909090909099
26,26,2026-08-17,Monday,86.0,78.83333333333333,12,7.166666666666671,9.090909090909099
26,26,2026-08-24,Monday,86.0,78.83333333333333,12,7.166666666666671,9.090909090909099
26,26,2026-08-31,Monday,86.0,78.83333333333333,12,7.166666666666671,9.090909090909099
26,26,2026-09-14,Monday,86.0,78.83333333333333,12,7.166666666666671,9.090909090909099
26,26,2026-09-21,Monday,86.0,78.83333333333333,12,7.166666666666671,9.090909090909099
26,26,2026-09-28,Monday,86.0,78.83333333333333,12,7.166666666666671,9.090909090909099
26,26,2026-10-05,Monday,86.0,78.83333333333333,12,7.166666666666671,9.090909090909099
26,26,2026-10-12,Monday,86.0,78.83333333333333,12,7.166666666666671,9.090909090909099
26,26,2026-10-19,Monday,86.0,78.83333333333333,12,7.166666666666671,9.090909090909099
26,26,2026-10-26,Monday,86.0,78.83333333333333,12,7.166666666666671,9.090909090909099
84,84,2026-10-12,Monday,142.0,134.83333333333334,12,7.166666666666657,5.3152039555006105
84,84,2026-10-19,Monday,142.0,134.83333333333334,12,7.166666666666657,5.3152039555006105
84,84,2026-10-26,Monday,142.0,134.83333333333334,12,7.166666666666657,5.3152039555006105
84,84,2026-08-24,Monday,142.0,134.83333333333334,12,7.166666666666657,5.3152039555006105
84,84,2026-08-31,Monday,142.0,134.83333333333334,12,7.166666666666657,5.3152039555006105
84,84,2026-09-14,Monday,142.0,134.83333333333334,12,7.166666666666657,5.3152039555006105
84,84,2026-09-21,Monday,142.0,134.83333333333334,12,7.166666666666657,5.3152039555006105
84,84,2026-09-28,Monday,142.0,134.83333333333334,12,7.166666666666657,5.3152039555006105
84,84,2026-10-05,Monday,142.0,134.83333333333334,12,7.166666666666657,5.3152039555006105
172,172,2026-09-13,Sunday,42.0,35.0,12,7.0,20.0
172,172,2026-10-18,Sunday,42.0,35.0,12,7.0,20.0
172,172,2026-10-11,Sunday,42.0,35.0,12,7.0,20.0
172,172,2026-10-25,Sunday,42.0,35.0,12,7.0,20.0
172,172,2026-10-04,Sunday,42.0,35.0,12,7.0,20.0
172,172,2026-09-20,Sunday,42.0,35.0,12,7.0,20.0
172,172,2026-08-23,Sunday,42.0,35.0,12,7.0,20.0
172,172,2026-08-30,Sunday,42.0,35.0,12,7.0,20.0
172,172,2026-09-06,Sunday,42.0,35.0,12,7.0,20.0
172,172,2026-09-27,Sunday,42.0,35.0,12,7.0,20.0
126,126,2026-08-22,Saturday,128.0,121.07692307692308,13,6.92307692307692,5.717916137229984
126,126,2026-08-08,Saturday,128.0,121.07692307692308,13,6.92307692307692,5.717916137229984
126,126,2026-08-15,Saturday,128.0,121.07692307692308,13,6.92307692307692,5.717916137229984
9,9,2026-10-23,Friday,365.0,358.0769230769231,13,6.923076923076906,1.9334049409237328
9,9,2026-10-22,Thursday,365.0,358.0769230769231,13,6.923076923076906,1.9334049409237328
9,9,2026-09-30,Wednesday,365.0,358.0769230769231,13,6.923076923076906,1.9334049409237328
9,9,2026-10-01,Thursday,365.0,358.0769230769231,13,6.923076923076906,1.9334049409237328
9,9,2026-10-02,Friday,365.0,358.0769230769231,13,6.923076923076906,1.9334049409237328
9,9,2026-09-25,Friday,365.0,358.0769230769231,13,6.923076923076906,1.9334049409237328
9,9,2026-08-26,Wednesday,365.0,358.0769230769231,13,6.923076923076906,1.9334049409237328
9,9,2026-08-27,Thursday,365.0,358.0769230769231,13,6.923076923076906,1.9334049409237328
9,9,2026-09-16,Wednesday,365.0,358.0769230769231,13,6.923076923076906,1.9334049409237328
9,9,2026-10-08,Thursday,365.0,358.0769230769231,13,6.923076923076906,1.9334049409237328
9,9,2026-10-09,Friday,365.0,358.0769230769231,13,6.923076923076906,1.9334049409237328
9,9,2026-08-28,Friday,365.0,358.0769230769231,13,6.923076923076906,1.9334049409237328
9,9,2026-10-28,Wednesday,365.0,358.0769230769231,13,6.923076923076906,1.9334049409237328
9,9,2026-09-23,Wednesday,365.0,358.0769230769231,13,6.923076923076906,1.9334049409237328
9,9,2026-09-10,Thursday,365.0,358.0769230769231,13,6.923076923076906,1.9334049409237328
9,9,2026-10-14,Wednesday,365.0,358.0769230769231,13,6.923076923076906,1.9334049409237328
9,9,2026-09-11,Friday,365.0,358.0769230769231,13,6.923076923076906,1.9334049409237328
9,9,2026-10-15,Thursday,365.0,358.0769230769231,13,6.923076923076906,1.9334049409237328
9,9,2026-10-16,Friday,365.0,358.0769230769231,13,6.923076923076906,1.9334049409237328
9,9,2026-09-02,Wednesday,365.0,358.0769230769231,13,6.923076923076906,1.9334049409237328
9,9,2026-10-29,Thursday,365.0,358.0769230769231,13,6.923076923076906,1.9334049409237328
9,9,2026-09-03,Thursday,365.0,358.0769230769231,13,6.923076923076906,1.9334049409237328
9,9,2026-09-04,Friday,365.0,358.0769230769231,13,6.923076923076906,1.9334049409237328
9,9,2026-09-18,Friday,365.0,358.0769230769231,13,6.923076923076906,1.9334049409237328
9,9,2026-09-09,Wednesday,365.0,358.0769230769231,13,6.923076923076906,1.9334049409237328
9,9,2026-09-24,Thursday,365.0,358.0769230769231,13,6.923076923076906,1.9334049409237328
9,9,2026-09-17,Thursday,365.0,358.0769230769231,13,6.923076923076906,1.9334049409237328
9,9,2026-10-21,Wednesday,365.0,358.0769230769231,13,6.923076923076906,1.9334049409237328
9,9,2026-10-30,Friday,365.0,358.0769230769231,13,6.923076923076906,1.9334049409237328
9,9,2026-10-07,Wednesday,365.0,358.0769230769231,13,6.923076923076906,1.9334049409237328
66,66,2026-08-22,Saturday,382.0,375.0769230769231,13,6.923076923076906,1.845775225594745
66,66,2026-08-15,Saturday,382.0,375.0769230769231,13,6.923076923076906,1.845775225594745
66,66,2026-08-08,Saturday,382.0,375.0769230769231,13,6.923076923076906,1.845775225594745
87,87,2026-08-11,Tuesday,271.0,264.0833333333333,12,6.916666666666686,2.6191227516566813
87,87,2026-08-18,Tuesday,271.0,264.0833333333333,12,6.916666666666686,2.6191227516566813
70,70,2026-08-31,Monday,212.0,205.08333333333334,12,6.916666666666657,3.3726127590410355
70,70,2026-08-24,Monday,212.0,205.08333333333334,12,6.916666666666657,3.3726127590410355
73,73,2026-08-24,Monday,186.0,179.08333333333334,12,6.916666666666657,3.8622615169846384
73,73,2026-08-31,Monday,186.0,179.08333333333334,12,6.916666666666657,3.8622615169846384
73,73,2026-09-14,Monday,186.0,179.08333333333334,12,6.916666666666657,3.8622615169846384
70,70,2026-10-26,Monday,212.0,205.08333333333334,12,6.916666666666657,3.3726127590410355
70,70,2026-10-19,Monday,212.0,205.08333333333334,12,6.916666666666657,3.3726127590410355
70,70,2026-09-21,Monday,212.0,205.08333333333334,12,6.916666666666657,3.3726127590410355
73,73,2026-09-21,Monday,186.0,179.08333333333334,12,6.916666666666657,3.8622615169846384
73,73,2026-09-28,Monday,186.0,179.08333333333334,12,6.916666666666657,3.8622615169846384
67,67,2026-08-18,Tuesday,217.0,223.91666666666666,12,-6.916666666666657,-3.088946780796423
73,73,2026-10-05,Monday,186.0,179.08333333333334,12,6.916666666666657,3.8622615169846384
73,73,2026-10-12,Monday,186.0,179.08333333333334,12,6.916666666666657,3.8622615169846384
73,73,2026-10-19,Monday,186.0,179.08333333333334,12,6.916666666666657,3.8622615169846384
70,70,2026-10-05,Monday,212.0,205.08333333333334,12,6.916666666666657,3.3726127590410355
70,70,2026-09-28,Monday,212.0,205.08333333333334,12,6.916666666666657,3.3726127590410355
73,73,2026-10-26,Monday,186.0,179.08333333333334,12,6.916666666666657,3.8622615169846384
70,70,2026-10-12,Monday,212.0,205.08333333333334,12,6.916666666666657,3.3726127590410355
70,70,2026-09-14,Monday,212.0,205.08333333333334,12,6.916666666666657,3.3726127590410355
67,67,2026-08-11,Tuesday,217.0,223.91666666666666,12,-6.916666666666657,-3.088946780796423
44,44,2026-10-05,Monday,141.0,134.16666666666666,12,6.833333333333343,5.093167701863361
44,44,2026-08-24,Monday,141.0,134.16666666666666,12,6.833333333333343,5.093167701863361
44,44,2026-08-31,Monday,141.0,134.16666666666666,12,6.833333333333343,5.093167701863361
44,44,2026-10-12,Monday,141.0,134.16666666666666,12,6.833333333333343,5.093167701863361
44,44,2026-09-28,Monday,141.0,134.16666666666666,12,6.833333333333343,5.093167701863361
44,44,2026-10-19,Monday,141.0,134.16666666666666,12,6.833333333333343,5.093167701863361
44,44,2026-09-21,Monday,141.0,134.16666666666666,12,6.833333333333343,5.093167701863361
44,44,2026-10-26,Monday,141.0,134.16666666666666,12,6.833333333333343,5.093167701863361
44,44,2026-09-14,Monday,141.0,134.16666666666666,12,6.833333333333343,5.093167701863361
54,54,2026-08-10,Monday,257.0,263.8333333333333,12,-6.833333333333314,-2.5900189513581737
54,54,2026-08-17,Monday,257.0,263.8333333333333,12,-6.833333333333314,-2.5900189513581737
48,48,2026-09-14,Monday,69.0,62.25,12,6.75,10.843373493975903
48,48,2026-09-21,Monday,69.0,62.25,12,6.75,10.843373493975903
48,48,2026-09-28,Monday,69.0,62.25,12,6.75,10.843373493975903
48,48,2026-10-05,Monday,69.0,62.25,12,6.75,10.843373493975903
48,48,2026-08-24,Monday,69.0,62.25,12,6.75,10.843373493975903
48,48,2026-10-26,Monday,69.0,62.25,12,6.75,10.843373493975903
48,48,2026-10-12,Monday,69.0,62.25,12,6.75,10.843373493975903
48,48,2026-08-31,Monday,69.0,62.25,12,6.75,10.843373493975903
48,48,2026-10-19,Monday,69.0,62.25,12,6.75,10.843373493975903
53,53,2026-09-08,Tuesday,340.0,333.25,12,6.75,2.0255063765941483
57,57,2026-09-28,Monday,130.0,123.25,12,6.75,5.476673427991886
57,57,2026-10-19,Monday,130.0,123.25,12,6.75,5.476673427991886
57,57,2026-08-31,Monday,130.0,123.25,12,6.75,5.476673427991886
57,57,2026-10-05,Monday,130.0,123.25,12,6.75,5.476673427991886
57,57,2026-09-14,Monday,130.0,123.25,12,6.75,5.476673427991886
57,57,2026-10-26,Monday,130.0,123.25,12,6.75,5.476673427991886
57,57,2026-08-24,Monday,130.0,123.25,12,6.75,5.476673427991886
57,57,2026-09-21,Monday,130.0,123.25,12,6.75,5.476673427991886
57,57,2026-10-12,Monday,130.0,123.25,12,6.75,5.476673427991886
20,20,2026-08-11,Tuesday,346.0,339.3333333333333,12,6.666666666666686,1.9646365422396914
20,20,2026-08-18,Tuesday,346.0,339.3333333333333,12,6.666666666666686,1.9646365422396914
55N,55N,2026-08-10,Monday,80.0,73.33333333333333,12,6.666666666666671,9.090909090909099
55N,55N,2026-08-17,Monday,80.0,73.33333333333333,12,6.666666666666671,9.090909090909099
55N,55N,2026-08-24,Monday,80.0,73.33333333333333,12,6.666666666666671,9.090909090909099
55N,55N,2026-08-31,Monday,80.0,73.33333333333333,12,6.666666666666671,9.090909090909099
55N,55N,2026-09-14,Monday,80.0,73.33333333333333,12,6.666666666666671,9.090909090909099
55N,55N,2026-09-21,Monday,80.0,73.33333333333333,12,6.666666666666671,9.090909090909099
55N,55N,2026-09-28,Monday,80.0,73.33333333333333,12,6.666666666666671,9.090909090909099
55N,55N,2026-10-05,Monday,80.0,73.33333333333333,12,6.666666666666671,9.090909090909099
55N,55N,2026-10-12,Monday,80.0,73.33333333333333,12,6.666666666666671,9.090909090909099
55N,55N,2026-10-19,Monday,80.0,73.33333333333333,12,6.666666666666671,9.090909090909099
55N,55N,2026-10-26,Monday,80.0,73.33333333333333,12,6.666666666666671,9.090909090909099
126,126,2026-08-11,Tuesday,154.0,147.33333333333334,12,6.666666666666657,4.524886877828048
126,126,2026-08-18,Tuesday,154.0,147.33333333333334,12,6.666666666666657,4.524886877828048
44,44,2026-08-11,Tuesday,133.0,139.66666666666666,12,-6.666666666666657,-4.773269689737464
44,44,2026-08-18,Tuesday,133.0,139.66666666666666,12,-6.666666666666657,-4.773269689737464
84,84,2026-08-11,Tuesday,134.0,140.66666666666666,12,-6.666666666666657,-4.739336492890989
84,84,2026-08-18,Tuesday,134.0,140.66666666666666,12,-6.666666666666657,-4.739336492890989
7,7,2026-08-11,Tuesday,140.0,133.33333333333334,12,6.666666666666657,4.999999999999993
7,7,2026-08-18,Tuesday,140.0,133.33333333333334,12,6.666666666666657,4.999999999999993
74,74,2026-09-08,Tuesday,283.0,276.4166666666667,12,6.583333333333314,2.3816701839011083
52A,52A,2026-09-21,Monday,142.0,135.5,12,6.5,4.797047970479705
52A,52A,2026-09-28,Monday,142.0,135.5,12,6.5,4.797047970479705
52A,52A,2026-10-05,Monday,142.0,135.5,12,6.5,4.797047970479705
52A,52A,2026-10-12,Monday,142.0,135.5,12,6.5,4.797047970479705
52A,52A,2026-10-19,Monday,142.0,135.5,12,6.5,4.797047970479705
52A,52A,2026-10-26,Monday,142.0,135.5,12,6.5,4.797047970479705
52A,52A,2026-08-10,Monday,142.0,135.5,12,6.5,4.797047970479705
52A,52A,2026-08-17,Monday,142.0,135.5,12,6.5,4.797047970479705
52A,52A,2026-08-24,Monday,142.0,135.5,12,6.5,4.797047970479705
52A,52A,2026-08-31,Monday,142.0,135.5,12,6.5,4.797047970479705
52A,52A,2026-09-14,Monday,142.0,135.5,12,6.5,4.797047970479705
119,119,2026-10-05,Monday,187.0,180.58333333333334,12,6.416666666666657,3.5532994923857815
119,119,2026-08-17,Monday,187.0,180.58333333333334,12,6.416666666666657,3.5532994923857815
119,119,2026-10-12,Monday,187.0,180.58333333333334,12,6.416666666666657,3.5532994923857815
119,119,2026-08-24,Monday,187.0,180.58333333333334,12,6.416666666666657,3.5532994923857815
119,119,2026-09-14,Monday,187.0,180.58333333333334,12,6.416666666666657,3.5532994923857815
119,119,2026-10-19,Monday,187.0,180.58333333333334,12,6.416666666666657,3.5532994923857815
119,119,2026-09-21,Monday,187.0,180.58333333333334,12,6.416666666666657,3.5532994923857815
119,119,2026-10-26,Monday,187.0,180.58333333333334,12,6.416666666666657,3.5532994923857815
119,119,2026-09-28,Monday,187.0,180.58333333333334,12,6.416666666666657,3.5532994923857815
119,119,2026-08-10,Monday,187.0,180.58333333333334,12,6.416666666666657,3.5532994923857815
119,119,2026-08-31,Monday,187.0,180.58333333333334,12,6.416666666666657,3.5532994923857815
67,67,2026-10-12,Monday,228.0,221.66666666666666,12,6.333333333333343,2.8571428571428616
67,67,2026-08-24,Monday,228.0,221.66666666666666,12,6.333333333333343,2.8571428571428616
67,67,2026-10-05,Monday,228.0,221.66666666666666,12,6.333333333333343,2.8571428571428616
67,67,2026-10-19,Monday,228.0,221.66666666666666,12,6.333333333333343,2.8571428571428616
67,67,2026-08-31,Monday,228.0,221.66666666666666,12,6.333333333333343,2.8571428571428616
67,67,2026-09-28,Monday,228.0,221.66666666666666,12,6.333333333333343,2.8571428571428616
67,67,2026-09-14,Monday,228.0,221.66666666666666,12,6.333333333333343,2.8571428571428616
67,67,2026-09-21,Monday,228.0,221.66666666666666,12,6.333333333333343,2.8571428571428616
67,67,2026-10-26,Monday,228.0,221.66666666666666,12,6.333333333333343,2.8571428571428616
121,121,2026-08-10,Monday,76.0,69.66666666666667,12,6.333333333333329,9.090909090909083
121,121,2026-08-17,Monday,76.0,69.66666666666667,12,6.333333333333329,9.090909090909083
121,121,2026-08-24,Monday,76.0,69.66666666666667,12,6.333333333333329,9.090909090909083
121,121,2026-08-31,Monday,76.0,69.66666666666667,12,6.333333333333329,9.090909090909083
121,121,2026-09-14,Monday,76.0,69.66666666666667,12,6.333333333333329,9.090909090909083
121,121,2026-09-21,Monday,76.0,69.66666666666667,12,6.333333333333329,9.090909090909083
121,121,2026-09-28,Monday,76.0,69.66666666666667,12,6.333333333333329,9.090909090909083
121,121,2026-10-05,Monday,76.0,69.66666666666667,12,6.333333333333329,9.090909090909083
121,121,2026-10-12,Monday,76.0,69.66666666666667,12,6.333333333333329,9.090909090909083
121,121,2026-10-19,Monday,76.0,69.66666666666667,12,6.333333333333329,9.090909090909083
121,121,2026-10-26,Monday,76.0,69.66666666666667,12,6.333333333333329,9.090909090909083
201,201,2026-08-31,Monday,76.0,69.66666666666667,12,6.333333333333329,9.090909090909083
201,201,2026-08-10,Monday,76.0,69.66666666666667,12,6.333333333333329,9.090909090909083
201,201,2026-09-14,Monday,76.0,69.66666666666667,12,6.333333333333329,9.090909090909083
201,201,2026-09-21,Monday,76.0,69.66666666666667,12,6.333333333333329,9.090909090909083
201,201,2026-09-28,Monday,76.0,69.66666666666667,12,6.333333333333329,9.090909090909083
201,201,2026-08-17,Monday,76.0,69.66666666666667,12,6.333333333333329,9.090909090909083
201,201,2026-10-05,Monday,76.0,69.66666666666667,12,6.333333333333329,9.090909090909083
201,201,2026-10-12,Monday,76.0,69.66666666666667,12,6.333333333333329,9.090909090909083
201,201,2026-10-19,Monday,76.0,69.66666666666667,12,6.333333333333329,9.090909090909083
201,201,2026-10-26,Monday,76.0,69.66666666666667,12,6.333333333333329,9.090909090909083
201,201,2026-08-24,Monday,76.0,69.66666666666667,12,6.333333333333329,9.090909090909083
62H,62H,2026-08-10,Monday,76.0,69.66666666666667,12,6.333333333333329,9.090909090909083
62H,62H,2026-08-17,Monday,76.0,69.66666666666667,12,6.333333333333329,9.090909090909083
62H,62H,2026-08-24,Monday,76.0,69.66666666666667,12,6.333333333333329,9.090909090909083
62H,62H,2026-08-31,Monday,76.0,69.66666666666667,12,6.333333333333329,9.090909090909083
62H,62H,2026-09-14,Monday,76.0,69.66666666666667,12,6.333333333333329,9.090909090909083
62H,62H,2026-09-21,Monday,76.0,69.66666666666667,12,6.333333333333329,9.090909090909083
62H,62H,2026-09-28,Monday,76.0,69.66666666666667,12,6.333333333333329,9.090909090909083
62H,62H,2026-10-05,Monday,76.0,69.66666666666667,12,6.333333333333329,9.090909090909083
62H,62H,2026-10-12,Monday,76.0,69.66666666666667,12,6.333333333333329,9.090909090909083
62H,62H,2026-10-19,Monday,76.0,69.66666666666667,12,6.333333333333329,9.090909090909083
62H,62H,2026-10-26,Monday,76.0,69.66666666666667,12,6.333333333333329,9.090909090909083
53A,53A,2026-10-12,Monday,171.0,164.75,12,6.25,3.793626707132018
53A,53A,2026-10-19,Monday,171.0,164.75,12,6.25,3.793626707132018
53A,53A,2026-10-26,Monday,171.0,164.75,12,6.25,3.793626707132018
53A,53A,2026-08-24,Monday,171.0,164.75,12,6.25,3.793626707132018
53A,53A,2026-08-31,Monday,171.0,164.75,12,6.25,3.793626707132018
53A,53A,2026-09-14,Monday,171.0,164.75,12,6.25,3.793626707132018
53A,53A,2026-09-21,Monday,171.0,164.75,12,6.25,3.793626707132018
53A,53A,2026-09-28,Monday,171.0,164.75,12,6.25,3.793626707132018
53A,53A,2026-10-05,Monday,171.0,164.75,12,6.25,3.793626707132018
49B,49B,2026-08-10,Monday,221.0,214.75,12,6.25,2.910360884749709
49B,49B,2026-08-17,Monday,221.0,214.75,12,6.25,2.910360884749709
54,54,2026-08-31,Monday,270.0,263.8333333333333,12,6.166666666666686,2.3373341756159265
54,54,2026-10-12,Monday,270.0,263.8333333333333,12,6.166666666666686,2.3373341756159265
54,54,2026-10-05,Monday,270.0,263.8333333333333,12,6.166666666666686,2.3373341756159265
54,54,2026-09-28,Monday,270.0,263.8333333333333,12,6.166666666666686,2.3373341756159265
54,54,2026-08-24,Monday,270.0,263.8333333333333,12,6.166666666666686,2.3373341756159265
54,54,2026-09-14,Monday,270.0,263.8333333333333,12,6.166666666666686,2.3373341756159265
54,54,2026-09-21,Monday,270.0,263.8333333333333,12,6.166666666666686,2.3373341756159265
79,79,2026-08-11,Tuesday,457.0,450.8333333333333,12,6.166666666666686,1.367837338262481
79,79,2026-08-18,Tuesday,457.0,450.8333333333333,12,6.166666666666686,1.367837338262481
54,54,2026-10-19,Monday,270.0,263.8333333333333,12,6.166666666666686,2.3373341756159265
54,54,2026-10-26,Monday,270.0,263.8333333333333,12,6.166666666666686,2.3373341756159265
108,108,2026-08-24,Monday,72.0,65.83333333333333,12,6.166666666666671,9.367088607594946
108,108,2026-09-28,Monday,72.0,65.83333333333333,12,6.166666666666671,9.367088607594946
108,108,2026-08-31,Monday,72.0,65.83333333333333,12,6.166666666666671,9.367088607594946
108,108,2026-09-21,Monday,72.0,65.83333333333333,12,6.166666666666671,9.367088607594946
108,108,2026-10-26,Monday,72.0,65.83333333333333,12,6.166666666666671,9.367088607594946
108,108,2026-10-12,Monday,72.0,65.83333333333333,12,6.166666666666671,9.367088607594946
108,108,2026-09-14,Monday,72.0,65.83333333333333,12,6.166666666666671,9.367088607594946
108,108,2026-10-19,Monday,72.0,65.83333333333333,12,6.166666666666671,9.367088607594946
108,108,2026-10-05,Monday,72.0,65.83333333333333,12,6.166666666666671,9.367088607594946
126,126,2026-08-20,Thursday,154.0,147.84615384615384,13,6.15384615384616,4.162330905306977
126,126,2026-08-05,Wednesday,154.0,147.84615384615384,13,6.15384615384616,4.162330905306977
126,126,2026-08-06,Thursday,154.0,147.84615384615384,13,6.15384615384616,4.162330905306977
126,126,2026-08-07,Friday,154.0,147.84615384615384,13,6.15384615384616,4.162330905306977
126,126,2026-08-12,Wednesday,154.0,147.84615384615384,13,6.15384615384616,4.162330905306977
126,126,2026-08-13,Thursday,154.0,147.84615384615384,13,6.15384615384616,4.162330905306977
126,126,2026-08-14,Friday,154.0,147.84615384615384,13,6.15384615384616,4.162330905306977
126,126,2026-08-21,Friday,154.0,147.84615384615384,13,6.15384615384616,4.162330905306977
126,126,2026-08-19,Wednesday,154.0,147.84615384615384,13,6.15384615384616,4.162330905306977
44,44,2026-08-06,Thursday,133.0,139.15384615384616,13,-6.15384615384616,-4.4223327805417405
44,44,2026-08-14,Friday,133.0,139.15384615384616,13,-6.15384615384616,-4.4223327805417405
44,44,2026-08-19,Wednesday,133.0,139.15384615384616,13,-6.15384615384616,-4.4223327805417405
44,44,2026-08-20,Thursday,133.0,139.15384615384616,13,-6.15384615384616,-4.4223327805417405
44,44,2026-08-21,Friday,133.0,139.15384615384616,13,-6.15384615384616,-4.4223327805417405
44,44,2026-08-07,Friday,133.0,139.15384615384616,13,-6.15384615384616,-4.4223327805417405
44,44,2026-08-13,Thursday,133.0,139.15384615384616,13,-6.15384615384616,-4.4223327805417405
44,44,2026-08-05,Wednesday,133.0,139.15384615384616,13,-6.15384615384616,-4.4223327805417405
44,44,2026-08-12,Wednesday,133.0,139.15384615384616,13,-6.15384615384616,-4.4223327805417405
84,84,2026-08-05,Wednesday,134.0,140.15384615384616,13,-6.15384615384616,-4.390779363336997
84,84,2026-08-21,Friday,134.0,140.15384615384616,13,-6.15384615384616,-4.390779363336997
84,84,2026-08-20,Thursday,134.0,140.15384615384616,13,-6.15384615384616,-4.390779363336997
84,84,2026-08-19,Wednesday,134.0,140.15384615384616,13,-6.15384615384616,-4.390779363336997
84,84,2026-08-14,Friday,134.0,140.15384615384616,13,-6.15384615384616,-4.390779363336997
84,84,2026-08-13,Thursday,134.0,140.15384615384616,13,-6.15384615384616,-4.390779363336997
84,84,2026-08-12,Wednesday,134.0,140.15384615384616,13,-6.15384615384616,-4.390779363336997
84,84,2026-08-07,Friday,134.0,140.15384615384616,13,-6.15384615384616,-4.390779363336997
84,84,2026-08-06,Thursday,134.0,140.15384615384616,13,-6.15384615384616,-4.390779363336997
67,67,2026-08-20,Thursday,217.0,223.15384615384616,13,-6.15384615384616,-2.7576697690451595
67,67,2026-08-21,Friday,217.0,223.15384615384616,13,-6.15384615384616,-2.7576697690451595
67,67,2026-08-13,Thursday,217.0,223.15384615384616,13,-6.15384615384616,-2.7576697690451595
67,67,2026-08-14,Friday,217.0,223.15384615384616,13,-6.15384615384616,-2.7576697690451595
67,67,2026-08-06,Thursday,217.0,223.15384615384616,13,-6.15384615384616,-2.7576697690451595
67,67,2026-08-07,Friday,217.0,223.15384615384616,13,-6.15384615384616,-2.7576697690451595
7,7,2026-08-05,Wednesday,140.0,133.84615384615384,13,6.15384615384616,4.597701149425292
7,7,2026-08-06,Thursday,140.0,133.84615384615384,13,6.15384615384616,4.597701149425292
7,7,2026-08-07,Friday,140.0,133.84615384615384,13,6.15384615384616,4.597701149425292
7,7,2026-08-12,Wednesday,140.0,133.84615384615384,13,6.15384615384616,4.597701149425292
7,7,2026-08-13,Thursday,140.0,133.84615384615384,13,6.15384615384616,4.597701149425292
7,7,2026-08-14,Friday,140.0,133.84615384615384,13,6.15384615384616,4.597701149425292
7,7,2026-08-19,Wednesday,140.0,133.84615384615384,13,6.15384615384616,4.597701149425292
7,7,2026-08-20,Thursday,140.0,133.84615384615384,13,6.15384615384616,4.597701149425292
7,7,2026-08-21,Friday,140.0,133.84615384615384,13,6.15384615384616,4.597701149425292
20,20,2026-08-05,Wednesday,346.0,339.84615384615387,13,6.153846153846132,1.8107741059302787
20,20,2026-08-06,Thursday,346.0,339.84615384615387,13,6.153846153846132,1.8107741059302787
20,20,2026-08-07,Friday,346.0,339.84615384615387,13,6.153846153846132,1.8107741059302787
20,20,2026-08-12,Wednesday,346.0,339.84615384615387,13,6.153846153846132,1.8107741059302787
20,20,2026-08-13,Thursday,346.0,339.84615384615387,13,6.153846153846132,1.8107741059302787
20,20,2026-08-14,Friday,346.0,339.84615384615387,13,6.153846153846132,1.8107741059302787
20,20,2026-08-19,Wednesday,346.0,339.84615384615387,13,6.153846153846132,1.8107741059302787
20,20,2026-08-20,Thursday,346.0,339.84615384615387,13,6.153846153846132,1.8107741059302787
20,20,2026-08-21,Friday,346.0,339.84615384615387,13,6.153846153846132,1.8107741059302787
87,87,2026-08-05,Wednesday,271.0,264.84615384615387,13,6.153846153846132,2.3235550392099826
87,87,2026-08-12,Wednesday,271.0,264.84615384615387,13,6.153846153846132,2.3235550392099826
87,87,2026-08-14,Friday,271.0,264.84615384615387,13,6.153846153846132,2.3235550392099826
87,87,2026-08-06,Thursday,271.0,264.84615384615387,13,6.153846153846132,2.3235550392099826
87,87,2026-08-20,Thursday,271.0,264.84615384615387,13,6.153846153846132,2.3235550392099826
87,87,2026-08-13,Thursday,271.0,264.84615384615387,13,6.153846153846132,2.3235550392099826
87,87,2026-08-19,Wednesday,271.0,264.84615384615387,13,6.153846153846132,2.3235550392099826
87,87,2026-08-21,Friday,271.0,264.84615384615387,13,6.153846153846132,2.3235550392099826
87,87,2026-08-07,Friday,271.0,264.84615384615387,13,6.153846153846132,2.3235550392099826
52,52,2026-08-10,Monday,190.0,183.91666666666666,12,6.083333333333343,3.3076574535568697
52,52,2026-08-24,Monday,190.0,183.91666666666666,12,6.083333333333343,3.3076574535568697
52,52,2026-08-31,Monday,190.0,183.91666666666666,12,6.083333333333343,3.3076574535568697
52,52,2026-09-14,Monday,190.0,183.91666666666666,12,6.083333333333343,3.3076574535568697
52,52,2026-09-21,Monday,190.0,183.91666666666666,12,6.083333333333343,3.3076574535568697
52,52,2026-09-28,Monday,190.0,183.91666666666666,12,6.083333333333343,3.3076574535568697
52,52,2026-10-05,Monday,190.0,183.91666666666666,12,6.083333333333343,3.3076574535568697
52,52,2026-10-12,Monday,190.0,183.91666666666666,12,6.083333333333343,3.3076574535568697
52,52,2026-10-19,Monday,190.0,183.91666666666666,12,6.083333333333343,3.3076574535568697
52,52,2026-10-26,Monday,190.0,183.91666666666666,12,6.083333333333343,3.3076574535568697
52,52,2026-08-17,Monday,190.0,183.91666666666666,12,6.083333333333343,3.3076574535568697
120,120,2026-09-21,Monday,73.0,66.91666666666667,12,6.083333333333329,9.090909090909083
120,120,2026-09-28,Monday,73.0,66.91666666666667,12,6.083333333333329,9.090909090909083
120,120,2026-10-05,Monday,73.0,66.91666666666667,12,6.083333333333329,9.090909090909083
120,120,2026-08-10,Monday,73.0,66.91666666666667,12,6.083333333333329,9.090909090909083
120,120,2026-10-19,Monday,73.0,66.91666666666667,12,6.083333333333329,9.090909090909083
120,120,2026-10-26,Monday,73.0,66.91666666666667,12,6.083333333333329,9.090909090909083
120,120,2026-09-14,Monday,73.0,66.91666666666667,12,6.083333333333329,9.090909090909083
120,120,2026-08-31,Monday,73.0,66.91666666666667,12,6.083333333333329,9.090909090909083
120,120,2026-08-24,Monday,73.0,66.91666666666667,12,6.083333333333329,9.090909090909083
120,120,2026-08-17,Monday,73.0,66.91666666666667,12,6.083333333333329,9.090909090909083
120,120,2026-10-12,Monday,73.0,66.91666666666667,12,6.083333333333329,9.090909090909083
74,74,2026-10-03,Saturday,237.0,231.0,13,6.0,2.5974025974025974
74,74,2026-10-10,Saturday,237.0,231.0,13,6.0,2.5974025974025974
74,74,2026-09-12,Saturday,237.0,231.0,13,6.0,2.5974025974025974
74,74,2026-10-24,Saturday,237.0,231.0,13,6.0,2.5974025974025974
74,74,2026-10-17,Saturday,237.0,231.0,13,6.0,2.5974025974025974
74,74,2026-09-19,Saturday,237.0,231.0,13,6.0,2.5974025974025974
74,74,2026-09-05,Saturday,237.0,231.0,13,6.0,2.5974025974025974
74,74,2026-10-31,Saturday,237.0,231.0,13,6.0,2.5974025974025974
74,74,2026-08-29,Saturday,237.0,231.0,13,6.0,2.5974025974025974
74,74,2026-09-26,Saturday,237.0,231.0,13,6.0,2.5974025974025974
Blue,Blue Line,2026-09-20,Sunday,258.0,264.0,12,-6.0,-2.272727272727273
Blue,Blue Line,2026-08-16,Sunday,258.0,264.0,12,-6.0,-2.272727272727273
Blue,Blue Line,2026-09-06,Sunday,258.0,264.0,12,-6.0,-2.272727272727273
Blue,Blue Line,2026-09-27,Sunday,258.0,264.0,12,-6.0,-2.272727272727273
Blue,Blue Line,2026-10-18,Sunday,258.0,264.0,12,-6.0,-2.272727272727273
Blue,Blue Line,2026-10-04,Sunday,258.0,264.0,12,-6.0,-2.272727272727273
Blue,Blue Line,2026-08-23,Sunday,258.0,264.0,12,-6.0,-2.272727272727273
Blue,Blue Line,2026-10-11,Sunday,258.0,264.0,12,-6.0,-2.272727272727273
Blue,Blue Line,2026-09-13,Sunday,258.0,264.0,12,-6.0,-2.272727272727273
Blue,Blue Line,2026-08-30,Sunday,258.0,264.0,12,-6.0,-2.272727272727273
Blue,Blue Line,2026-10-25,Sunday,258.0,264.0,12,-6.0,-2.272727272727273
157,157,2026-08-17,Monday,125.0,119.08333333333333,12,5.916666666666671,4.968509447165855
24,24,2026-08-10,Monday,98.0,92.08333333333333,12,5.916666666666671,6.425339366515844
157,157,2026-08-10,Monday,125.0,119.08333333333333,12,5.916666666666671,4.968509447165855
24,24,2026-08-17,Monday,98.0,92.08333333333333,12,5.916666666666671,6.425339366515844
80,80,2026-08-24,Monday,207.0,201.08333333333334,12,5.916666666666657,2.9423953584749225
80,80,2026-08-31,Monday,207.0,201.08333333333334,12,5.916666666666657,2.9423953584749225
80,80,2026-09-28,Monday,207.0,201.08333333333334,12,5.916666666666657,2.9423953584749225
80,80,2026-10-26,Monday,207.0,201.08333333333334,12,5.916666666666657,2.9423953584749225
80,80,2026-09-14,Monday,207.0,201.08333333333334,12,5.916666666666657,2.9423953584749225
94,94,2026-08-24,Monday,170.0,164.08333333333334,12,5.916666666666657,3.605891315388516
94,94,2026-08-31,Monday,170.0,164.08333333333334,12,5.916666666666657,3.605891315388516
80,80,2026-10-19,Monday,207.0,201.08333333333334,12,5.916666666666657,2.9423953584749225
80,80,2026-10-05,Monday,207.0,201.08333333333334,12,5.916666666666657,2.9423953584749225
80,80,2026-09-21,Monday,207.0,201.08333333333334,12,5.916666666666657,2.9423953584749225
80,80,2026-10-12,Monday,207.0,201.08333333333334,12,5.916666666666657,2.9423953584749225
94,94,2026-10-19,Monday,170.0,164.08333333333334,12,5.916666666666657,3.605891315388516
94,94,2026-09-14,Monday,170.0,164.08333333333334,12,5.916666666666657,3.605891315388516
94,94,2026-09-21,Monday,170.0,164.08333333333334,12,5.916666666666657,3.605891315388516
94,94,2026-09-28,Monday,170.0,164.08333333333334,12,5.916666666666657,3.605891315388516
94,94,2026-10-05,Monday,170.0,164.08333333333334,12,5.916666666666657,3.605891315388516
94,94,2026-10-26,Monday,170.0,164.08333333333334,12,5.916666666666657,3.605891315388516
94,94,2026-10-12,Monday,170.0,164.08333333333334,12,5.916666666666657,3.605891315388516
73,73,2026-08-10,Monday,185.0,179.08333333333334,12,5.916666666666657,3.3038622615169793
73,73,2026-08-17,Monday,185.0,179.08333333333334,12,5.916666666666657,3.3038622615169793
50,50,2026-08-11,Tuesday,166.0,171.83333333333334,12,-5.833333333333343,-3.3947623666343407
50,50,2026-08-18,Tuesday,166.0,171.83333333333334,12,-5.833333333333343,-3.3947623666343407
78,78,2026-09-14,Monday,167.0,161.16666666666666,12,5.833333333333343,3.6194415718717745
78,78,2026-09-21,Monday,167.0,161.16666666666666,12,5.833333333333343,3.6194415718717745
78,78,2026-09-28,Monday,167.0,161.16666666666666,12,5.833333333333343,3.6194415718717745
78,78,2026-10-05,Monday,167.0,161.16666666666666,12,5.833333333333343,3.6194415718717745
78,78,2026-10-12,Monday,167.0,161.16666666666666,12,5.833333333333343,3.6194415718717745
78,78,2026-10-19,Monday,167.0,161.16666666666666,12,5.833333333333343,3.6194415718717745
78,78,2026-08-24,Monday,167.0,161.16666666666666,12,5.833333333333343,3.6194415718717745
78,78,2026-08-31,Monday,167.0,161.16666666666666,12,5.833333333333343,3.6194415718717745
78,78,2026-10-26,Monday,167.0,161.16666666666666,12,5.833333333333343,3.6194415718717745
65,65,2026-09-29,Tuesday,204.0,198.16666666666666,12,5.833333333333343,2.943650126156439
65,65,2026-10-06,Tuesday,204.0,198.16666666666666,12,5.833333333333343,2.943650126156439
65,65,2026-10-13,Tuesday,204.0,198.16666666666666,12,5.833333333333343,2.943650126156439
65,65,2026-10-20,Tuesday,204.0,198.16666666666666,12,5.833333333333343,2.943650126156439
65,65,2026-09-15,Tuesday,204.0,198.16666666666666,12,5.833333333333343,2.943650126156439
65,65,2026-09-01,Tuesday,204.0,198.16666666666666,12,5.833333333333343,2.943650126156439
65,65,2026-10-27,Tuesday,204.0,198.16666666666666,12,5.833333333333343,2.943650126156439
65,65,2026-09-22,Tuesday,204.0,198.16666666666666,12,5.833333333333343,2.943650126156439
65,65,2026-08-25,Tuesday,204.0,198.16666666666666,12,5.833333333333343,2.943650126156439
44,44,2026-08-09,Sunday,68.0,73.83333333333333,12,-5.833333333333329,-7.900677200902928
44,44,2026-08-16,Sunday,68.0,73.83333333333333,12,-5.833333333333329,-7.900677200902928
93,93,2026-08-18,Tuesday,118.0,123.83333333333333,12,-5.833333333333329,-4.7106325706594845
93,93,2026-08-11,Tuesday,118.0,123.83333333333333,12,-5.833333333333329,-4.7106325706594845
73,73,2026-08-09,Sunday,98.0,103.83333333333333,12,-5.833333333333329,-5.617977528089883
73,73,2026-08-16,Sunday,98.0,103.83333333333333,12,-5.833333333333329,-5.617977528089883
20,20,2026-10-26,Monday,338.0,332.1666666666667,12,5.833333333333314,1.756146512794776
20,20,2026-09-14,Monday,338.0,332.1666666666667,12,5.833333333333314,1.756146512794776
20,20,2026-09-21,Monday,338.0,332.1666666666667,12,5.833333333333314,1.756146512794776
20,20,2026-08-24,Monday,338.0,332.1666666666667,12,5.833333333333314,1.756146512794776
20,20,2026-09-28,Monday,338.0,332.1666666666667,12,5.833333333333314,1.756146512794776
20,20,2026-08-31,Monday,338.0,332.1666666666667,12,5.833333333333314,1.756146512794776
20,20,2026-10-19,Monday,338.0,332.1666666666667,12,5.833333333333314,1.756146512794776
20,20,2026-10-05,Monday,338.0,332.1666666666667,12,5.833333333333314,1.756146512794776
20,20,2026-10-12,Monday,338.0,332.1666666666667,12,5.833333333333314,1.756146512794776
152,152,2026-10-09,Friday,214.0,208.23076923076923,13,5.769230769230774,2.7705947543406007
152,152,2026-09-25,Friday,214.0,208.23076923076923,13,5.769230769230774,2.7705947543406007
152,152,2026-09-11,Friday,214.0,208.23076923076923,13,5.769230769230774,2.7705947543406007
152,152,2026-10-16,Friday,214.0,208.23076923076923,13,5.769230769230774,2.7705947543406007
152,152,2026-10-02,Friday,214.0,208.23076923076923,13,5.769230769230774,2.7705947543406007
152,152,2026-08-28,Friday,214.0,208.23076923076923,13,5.769230769230774,2.7705947543406007
152,152,2026-10-23,Friday,214.0,208.23076923076923,13,5.769230769230774,2.7705947543406007
152,152,2026-10-30,Friday,214.0,208.23076923076923,13,5.769230769230774,2.7705947543406007
152,152,2026-09-18,Friday,214.0,208.23076923076923,13,5.769230769230774,2.7705947543406007
152,152,2026-09-04,Friday,214.0,208.23076923076923,13,5.769230769230774,2.7705947543406007
53,53,2026-10-27,Tuesday,339.0,333.25,12,5.75,1.7254313578394598
53,53,2026-09-15,Tuesday,339.0,333.25,12,5.75,1.7254313578394598
53,53,2026-10-13,Tuesday,339.0,333.25,12,5.75,1.7254313578394598
53,53,2026-08-25,Tuesday,339.0,333.25,12,5.75,1.7254313578394598
53,53,2026-09-22,Tuesday,339.0,333.25,12,5.75,1.7254313578394598
3,3,2026-08-11,Tuesday,236.0,241.75,12,-5.75,-2.378490175801448
3,3,2026-08-18,Tuesday,236.0,241.75,12,-5.75,-2.378490175801448
53,53,2026-10-20,Tuesday,339.0,333.25,12,5.75,1.7254313578394598
53,53,2026-09-29,Tuesday,339.0,333.25,12,5.75,1.7254313578394598
53,53,2026-10-06,Tuesday,339.0,333.25,12,5.75,1.7254313578394598
53,53,2026-09-01,Tuesday,339.0,333.25,12,5.75,1.7254313578394598
X4,X4,2026-08-10,Monday,69.0,63.25,12,5.75,9.090909090909092
X4,X4,2026-08-17,Monday,69.0,63.25,12,5.75,9.090909090909092
X4,X4,2026-08-24,Monday,69.0,63.25,12,5.75,9.090909090909092
X4,X4,2026-08-31,Monday,69.0,63.25,12,5.75,9.090909090909092
X4,X4,2026-09-14,Monday,69.0,63.25,12,5.75,9.090909090909092
X4,X4,2026-09-21,Monday,69.0,63.25,12,5.75,9.090909090909092
X4,X4,2026-09-28,Monday,69.0,63.25,12,5.75,9.090909090909092
X4,X4,2026-10-05,Monday,69.0,63.25,12,5.75,9.090909090909092
X4,X4,2026-10-12,Monday,69.0,63.25,12,5.75,9.090909090909092
X4,X4,2026-10-19,Monday,69.0,63.25,12,5.75,9.090909090909092
X4,X4,2026-10-26,Monday,69.0,63.25,12,5.75,9.090909090909092
72,72,2026-08-24,Monday,295.0,289.3333333333333,12,5.666666666666686,1.9585253456221265
72,72,2026-08-31,Monday,295.0,289.3333333333333,12,5.666666666666686,1.9585253456221265
72,72,2026-09-14,Monday,295.0,289.3333333333333,12,5.666666666666686,1.9585253456221265
72,72,2026-09-21,Monday,295.0,289.3333333333333,12,5.666666666666686,1.9585253456221265
72,72,2026-09-28,Monday,295.0,289.3333333333333,12,5.666666666666686,1.9585253456221265
72,72,2026-10-05,Monday,295.0,289.3333333333333,12,5.666666666666686,1.9585253456221265
72,72,2026-10-12,Monday,295.0,289.3333333333333,12,5.666666666666686,1.9585253456221265
72,72,2026-10-19,Monday,295.0,289.3333333333333,12,5.666666666666686,1.9585253456221265
72,72,2026-10-26,Monday,295.0,289.3333333333333,12,5.666666666666686,1.9585253456221265
124,124,2026-09-22,Tuesday,75.0,80.66666666666667,12,-5.666666666666671,-7.024793388429758
124,124,2026-09-15,Tuesday,75.0,80.66666666666667,12,-5.666666666666671,-7.024793388429758
124,124,2026-08-25,Tuesday,75.0,80.66666666666667,12,-5.666666666666671,-7.024793388429758
124,124,2026-10-06,Tuesday,75.0,80.66666666666667,12,-5.666666666666671,-7.024793388429758
124,124,2026-10-13,Tuesday,75.0,80.66666666666667,12,-5.666666666666671,-7.024793388429758
124,124,2026-09-01,Tuesday,75.0,80.66666666666667,12,-5.666666666666671,-7.024793388429758
124,124,2026-09-29,Tuesday,75.0,80.66666666666667,12,-5.666666666666671,-7.024793388429758
124,124,2026-10-20,Tuesday,75.0,80.66666666666667,12,-5.666666666666671,-7.024793388429758
124,124,2026-09-08,Tuesday,75.0,80.66666666666667,12,-5.666666666666671,-7.024793388429758
124,124,2026-10-27,Tuesday,75.0,80.66666666666667,12,-5.666666666666671,-7.024793388429758
Brn,Brown Line,2026-08-10,Monday,178.0,172.33333333333334,12,5.666666666666657,3.2882011605415804
Brn,Brown Line,2026-08-17,Monday,178.0,172.33333333333334,12,5.666666666666657,3.2882011605415804
Brn,Brown Line,2026-08-24,Monday,178.0,172.33333333333334,12,5.666666666666657,3.2882011605415804
Brn,Brown Line,2026-09-21,Monday,178.0,172.33333333333334,12,5.666666666666657,3.2882011605415804
Brn,Brown Line,2026-10-12,Monday,178.0,172.33333333333334,12,5.666666666666657,3.2882011605415804
Brn,Brown Line,2026-09-14,Monday,178.0,172.33333333333334,12,5.666666666666657,3.2882011605415804
Brn,Brown Line,2026-10-05,Monday,178.0,172.33333333333334,12,5.666666666666657,3.2882011605415804
Brn,Brown Line,2026-10-19,Monday,178.0,172.33333333333334,12,5.666666666666657,3.2882011605415804
Brn,Brown Line,2026-09-28,Monday,178.0,172.33333333333334,12,5.666666666666657,3.2882011605415804
Brn,Brown Line,2026-08-31,Monday,178.0,172.33333333333334,12,5.666666666666657,3.2882011605415804
Brn,Brown Line,2026-10-26,Monday,178.0,172.33333333333334,12,5.666666666666657,3.2882011605415804
74,74,2026-08-25,Tuesday,282.0,276.4166666666667,12,5.583333333333314,2.019897497738914
74,74,2026-10-20,Tuesday,282.0,276.4166666666667,12,5.583333333333314,2.019897497738914
74,74,2026-10-06,Tuesday,282.0,276.4166666666667,12,5.583333333333314,2.019897497738914
74,74,2026-09-15,Tuesday,282.0,276.4166666666667,12,5.583333333333314,2.019897497738914
74,74,2026-09-29,Tuesday,282.0,276.4166666666667,12,5.583333333333314,2.019897497738914
74,74,2026-09-01,Tuesday,282.0,276.4166666666667,12,5.583333333333314,2.019897497738914
74,74,2026-10-27,Tuesday,282.0,276.4166666666667,12,5.583333333333314,2.019897497738914
74,74,2026-09-22,Tuesday,282.0,276.4166666666667,12,5.583333333333314,2.019897497738914
74,74,2026-10-13,Tuesday,282.0,276.4166666666667,12,5.583333333333314,2.019897497738914
112,112,2026-10-05,Monday,134.0,128.5,12,5.5,4.280155642023346
112,112,2026-08-31,Monday,134.0,128.5,12,5.5,4.280155642023346
112,112,2026-10-12,Monday,134.0,128.5,12,5.5,4.280155642023346
112,112,2026-08-24,Monday,134.0,128.5,12,5.5,4.280155642023346
112,112,2026-10-26,Monday,134.0,128.5,12,5.5,4.280155642023346
112,112,2026-09-21,Monday,134.0,128.5,12,5.5,4.280155642023346
112,112,2026-09-28,Monday,134.0,128.5,12,5.5,4.280155642023346
112,112,2026-09-14,Monday,134.0,128.5,12,5.5,4.280155642023346
112,112,2026-10-19,Monday,134.0,128.5,12,5.5,4.280155642023346
87,87,2026-10-05,Monday,260.0,254.5,12,5.5,2.161100196463654
87,87,2026-08-24,Monday,260.0,254.5,12,5.5,2.161100196463654
87,87,2026-08-31,Monday,260.0,254.5,12,5.5,2.161100196463654
87,87,2026-10-26,Monday,260.0,254.5,12,5.5,2.161100196463654
87,87,2026-09-21,Monday,260.0,254.5,12,5.5,2.161100196463654
87,87,2026-10-12,Monday,260.0,254.5,12,5.5,2.161100196463654
87,87,2026-09-28,Monday,260.0,254.5,12,5.5,2.161100196463654
87,87,2026-09-14,Monday,260.0,254.5,12,5.5,2.161100196463654
87,87,2026-10-19,Monday,260.0,254.5,12,5.5,2.161100196463654
96,96,2026-08-17,Monday,66.0,60.5,12,5.5,9.090909090909092
96,96,2026-08-24,Monday,66.0,60.5,12,5.5,9.090909090909092
96,96,2026-08-31,Monday,66.0,60.5,12,5.5,9.090909090909092
96,96,2026-09-14,Monday,66.0,60.5,12,5.5,9.090909090909092
96,96,2026-09-21,Monday,66.0,60.5,12,5.5,9.090909090909092
96,96,2026-09-28,Monday,66.0,60.5,12,5.5,9.090909090909092
96,96,2026-10-05,Monday,66.0,60.5,12,5.5,9.090909090909092
96,96,2026-10-12,Monday,66.0,60.5,12,5.5,9.090909090909092
96,96,2026-10-19,Monday,66.0,60.5,12,5.5,9.090909090909092
96,96,2026-10-26,Monday,66.0,60.5,12,5.5,9.090909090909092
96,96,2026-08-10,Monday,66.0,60.5,12,5.5,9.090909090909092
91,91,2026-08-24,Monday,155.0,149.58333333333334,12,5.416666666666657,3.6211699164345337
91,91,2026-10-12,Monday,155.0,149.58333333333334,12,5.416666666666657,3.6211699164345337
91,91,2026-10-05,Monday,155.0,149.58333333333334,12,5.416666666666657,3.6211699164345337
91,91,2026-10-26,Monday,155.0,149.58333333333334,12,5.416666666666657,3.6211699164345337
91,91,2026-09-28,Monday,155.0,149.58333333333334,12,5.416666666666657,3.6211699164345337
91,91,2026-09-21,Monday,155.0,149.58333333333334,12,5.416666666666657,3.6211699164345337
91,91,2026-09-14,Monday,155.0,149.58333333333334,12,5.416666666666657,3.6211699164345337
91,91,2026-08-31,Monday,155.0,149.58333333333334,12,5.416666666666657,3.6211699164345337
91,91,2026-10-19,Monday,155.0,149.58333333333334,12,5.416666666666657,3.6211699164345337
50,50,2026-08-21,Friday,166.0,171.3846153846154,13,-5.384615384615387,-3.1418312387791754
3,3,2026-08-07,Friday,236.0,241.3846153846154,13,-5.384615384615387,-2.2307202039515626
50,50,2026-08-05,Wednesday,166.0,171.3846153846154,13,-5.384615384615387,-3.1418312387791754
3,3,2026-08-21,Friday,236.0,241.3846153846154,13,-5.384615384615387,-2.2307202039515626
3,3,2026-08-20,Thursday,236.0,241.3846153846154,13,-5.384615384615387,-2.2307202039515626
50,50,2026-08-20,Thursday,166.0,171.3846153846154,13,-5.384615384615387,-3.1418312387791754
50,50,2026-08-06,Thursday,166.0,171.3846153846154,13,-5.384615384615387,-3.1418312387791754
50,50,2026-08-19,Wednesday,166.0,171.3846153846154,13,-5.384615384615387,-3.1418312387791754
3,3,2026-08-19,Wednesday,236.0,241.3846153846154,13,-5.384615384615387,-2.2307202039515626
3,3,2026-08-05,Wednesday,236.0,241.3846153846154,13,-5.384615384615387,-2.2307202039515626
50,50,2026-08-12,Wednesday,166.0,171.3846153846154,13,-5.384615384615387,-3.1418312387791754
50,50,2026-08-13,Thursday,166.0,171.3846153846154,13,-5.384615384615387,-3.1418312387791754
3,3,2026-08-14,Friday,236.0,241.3846153846154,13,-5.384615384615387,-2.2307202039515626
50,50,2026-08-14,Friday,166.0,171.3846153846154,13,-5.384615384615387,-3.1418312387791754
50,50,2026-08-07,Friday,166.0,171.3846153846154,13,-5.384615384615387,-3.1418312387791754
3,3,2026-08-12,Wednesday,236.0,241.3846153846154,13,-5.384615384615387,-2.2307202039515626
3,3,2026-08-06,Thursday,236.0,241.3846153846154,13,-5.384615384615387,-2.2307202039515626
3,3,2026-08-13,Thursday,236.0,241.3846153846154,13,-5.384615384615387,-2.2307202039515626
93,93,2026-08-19,Wednesday,118.0,123.38461538461539,13,-5.384615384615387,-4.364089775561099
93,93,2026-08-20,Thursday,118.0,123.38461538461539,13,-5.384615384615387,-4.364089775561099
93,93,2026-08-21,Friday,118.0,123.38461538461539,13,-5.384615384615387,-4.364089775561099
93,93,2026-08-14,Friday,118.0,123.38461538461539,13,-5.384615384615387,-4.364089775561099
93,93,2026-08-05,Wednesday,118.0,123.38461538461539,13,-5.384615384615387,-4.364089775561099
93,93,2026-08-06,Thursday,118.0,123.38461538461539,13,-5.384615384615387,-4.364089775561099
93,93,2026-08-07,Friday,118.0,123.38461538461539,13,-5.384615384615387,-4.364089775561099
93,93,2026-08-12,Wednesday,118.0,123.38461538461539,13,-5.384615384615387,-4.364089775561099
93,93,2026-08-13,Thursday,118.0,123.38461538461539,13,-5.384615384615387,-4.364089775561099
79,79,2026-08-21,Friday,457.0,451.61538461538464,13,5.384615384615358,1.192301141202515
79,79,2026-08-15,Saturday,374.0,379.38461538461536,13,-5.384615384615358,-1.4193025141930182
79,79,2026-08-14,Friday,457.0,451.61538461538464,13,5.384615384615358,1.192301141202515
79,79,2026-08-05,Wednesday,457.0,451.61538461538464,13,5.384615384615358,1.192301141202515
79,79,2026-08-22,Saturday,374.0,379.38461538461536,13,-5.384615384615358,-1.4193025141930182
79,79,2026-08-08,Saturday,374.0,379.38461538461536,13,-5.384615384615358,-1.4193025141930182
79,79,2026-08-20,Thursday,457.0,451.61538461538464,13,5.384615384615358,1.192301141202515
79,79,2026-08-19,Wednesday,457.0,451.61538461538464,13,5.384615384615358,1.192301141202515
79,79,2026-08-13,Thursday,457.0,451.61538461538464,13,5.384615384615358,1.192301141202515
79,79,2026-08-12,Wednesday,457.0,451.61538461538464,13,5.384615384615358,1.192301141202515
79,79,2026-08-07,Friday,457.0,451.61538461538464,13,5.384615384615358,1.192301141202515
79,79,2026-08-06,Thursday,457.0,451.61538461538464,13,5.384615384615358,1.192301141202515
J14,J14,2026-09-14,Monday,242.0,236.66666666666666,12,5.333333333333343,2.2535211267605675
J14,J14,2026-09-21,Monday,242.0,236.66666666666666,12,5.333333333333343,2.2535211267605675
J14,J14,2026-09-28,Monday,242.0,236.66666666666666,12,5.333333333333343,2.2535211267605675
J14,J14,2026-10-05,Monday,242.0,236.66666666666666,12,5.333333333333343,2.2535211267605675
J14,J14,2026-10-12,Monday,242.0,236.66666666666666,12,5.333333333333343,2.2535211267605675
J14,J14,2026-10-19,Monday,242.0,236.66666666666666,12,5.333333333333343,2.2535211267605675
J14,J14,2026-10-26,Monday,242.0,236.66666666666666,12,5.333333333333343,2.2535211267605675
J14,J14,2026-08-10,Monday,242.0,236.66666666666666,12,5.333333333333343,2.2535211267605675
J14,J14,2026-08-17,Monday,242.0,236.66666666666666,12,5.333333333333343,2.2535211267605675
J14,J14,2026-08-24,Monday,242.0,236.66666666666666,12,5.333333333333343,2.2535211267605675
J14,J14,2026-08-31,Monday,242.0,236.66666666666666,12,5.333333333333343,2.2535211267605675
152,152,2026-09-23,Wednesday,212.0,206.69230769230768,13,5.307692307692321,2.567919612951253
152,152,2026-10-07,Wednesday,212.0,206.69230769230768,13,5.307692307692321,2.567919612951253
152,152,2026-10-08,Thursday,212.0,206.69230769230768,13,5.307692307692321,2.567919612951253
152,152,2026-09-24,Thursday,212.0,206.69230769230768,13,5.307692307692321,2.567919612951253
152,152,2026-09-10,Thursday,212.0,206.69230769230768,13,5.307692307692321,2.567919612951253
152,152,2026-10-14,Wednesday,212.0,206.69230769230768,13,5.307692307692321,2.567919612951253
152,152,2026-10-15,Thursday,212.0,206.69230769230768,13,5.307692307692321,2.567919612951253
152,152,2026-09-30,Wednesday,212.0,206.69230769230768,13,5.307692307692321,2.567919612951253
152,152,2026-10-01,Thursday,212.0,206.69230769230768,13,5.307692307692321,2.567919612951253
152,152,2026-10-21,Wednesday,212.0,206.69230769230768,13,5.307692307692321,2.567919612951253
152,152,2026-08-27,Thursday,212.0,206.69230769230768,13,5.307692307692321,2.567919612951253
152,152,2026-10-22,Thursday,212.0,206.69230769230768,13,5.307692307692321,2.567919612951253
152,152,2026-10-28,Wednesday,212.0,206.69230769230768,13,5.307692307692321,2.567919612951253
152,152,2026-10-29,Thursday,212.0,206.69230769230768,13,5.307692307692321,2.567919612951253
152,152,2026-09-16,Wednesday,212.0,206.69230769230768,13,5.307692307692321,2.567919612951253
152,152,2026-09-02,Wednesday,212.0,206.69230769230768,13,5.307692307692321,2.567919612951253
152,152,2026-09-17,Thursday,212.0,206.69230769230768,13,5.307692307692321,2.567919612951253
152,152,2026-09-03,Thursday,212.0,206.69230769230768,13,5.307692307692321,2.567919612951253
152,152,2026-08-26,Wednesday,212.0,206.69230769230768,13,5.307692307692321,2.567919612951253
152,152,2026-09-09,Wednesday,212.0,206.69230769230768,13,5.307692307692321,2.567919612951253
49B,49B,2026-10-12,Monday,220.0,214.75,12,5.25,2.4447031431897557
49B,49B,2026-10-19,Monday,220.0,214.75,12,5.25,2.4447031431897557
49B,49B,2026-08-31,Monday,220.0,214.75,12,5.25,2.4447031431897557
49B,49B,2026-09-28,Monday,220.0,214.75,12,5.25,2.4447031431897557
49B,49B,2026-08-24,Monday,220.0,214.75,12,5.25,2.4447031431897557
49B,49B,2026-10-26,Monday,220.0,214.75,12,5.25,2.4447031431897557
49B,49B,2026-09-14,Monday,220.0,214.75,12,5.25,2.4447031431897557
49B,49B,2026-09-21,Monday,220.0,214.75,12,5.25,2.4447031431897557
49B,49B,2026-10-05,Monday,220.0,214.75,12,5.25,2.4447031431897557
9,9,2026-08-25,Tuesday,365.0,359.8333333333333,12,5.166666666666686,1.4358499305233958
9,9,2026-09-15,Tuesday,365.0,359.8333333333333,12,5.166666666666686,1.4358499305233958
9,9,2026-09-01,Tuesday,365.0,359.8333333333333,12,5.166666666666686,1.4358499305233958
9,9,2026-09-22,Tuesday,365.0,359.8333333333333,12,5.166666666666686,1.4358499305233958
9,9,2026-09-29,Tuesday,365.0,359.8333333333333,12,5.166666666666686,1.4358499305233958
9,9,2026-10-13,Tuesday,365.0,359.8333333333333,12,5.166666666666686,1.4358499305233958
9,9,2026-10-27,Tuesday,365.0,359.8333333333333,12,5.166666666666686,1.4358499305233958
9,9,2026-10-06,Tuesday,365.0,359.8333333333333,12,5.166666666666686,1.4358499305233958
9,9,2026-10-20,Tuesday,365.0,359.8333333333333,12,5.166666666666686,1.4358499305233958
124,124,2026-09-13,Sunday,66.0,71.16666666666667,12,-5.166666666666671,-7.259953161592513
108,108,2026-08-17,Monday,71.0,65.83333333333333,12,5.166666666666671,7.848101265822794
124,124,2026-09-27,Sunday,66.0,71.16666666666667,12,-5.166666666666671,-7.259953161592513
124,124,2026-08-23,Sunday,66.0,71.16666666666667,12,-5.166666666666671,-7.259953161592513
124,124,2026-10-04,Sunday,66.0,71.16666666666667,12,-5.166666666666671,-7.259953161592513
124,124,2026-10-11,Sunday,66.0,71.16666666666667,12,-5.166666666666671,-7.259953161592513
124,124,2026-08-30,Sunday,66.0,71.16666666666667,12,-5.166666666666671,-7.259953161592513
108,108,2026-08-10,Monday,71.0,65.83333333333333,12,5.166666666666671,7.848101265822794
124,124,2026-10-18,Sunday,66.0,71.16666666666667,12,-5.166666666666671,-7.259953161592513
124,124,2026-09-20,Sunday,66.0,71.16666666666667,12,-5.166666666666671,-7.259953161592513
124,124,2026-09-06,Sunday,66.0,71.16666666666667,12,-5.166666666666671,-7.259953161592513
124,124,2026-10-25,Sunday,66.0,71.16666666666667,12,-5.166666666666671,-7.259953161592513
93,93,2026-08-24,Monday,125.0,119.83333333333333,12,5.166666666666671,4.311543810848405
93,93,2026-10-12,Monday,125.0,119.83333333333333,12,5.166666666666671,4.311543810848405
93,93,2026-10-19,Monday,125.0,119.83333333333333,12,5.166666666666671,4.311543810848405
93,93,2026-10-26,Monday,125.0,119.83333333333333,12,5.166666666666671,4.311543810848405
93,93,2026-09-14,Monday,125.0,119.83333333333333,12,5.166666666666671,4.311543810848405
93,93,2026-10-05,Monday,125.0,119.83333333333333,12,5.166666666666671,4.311543810848405
93,93,2026-09-28,Monday,125.0,119.83333333333333,12,5.166666666666671,4.311543810848405
93,93,2026-09-21,Monday,125.0,119.83333333333333,12,5.166666666666671,4.311543810848405
93,93,2026-08-31,Monday,125.0,119.83333333333333,12,5.166666666666671,4.311543810848405
92,92,2026-08-24,Monday,162.0,156.83333333333334,12,5.166666666666657,3.294367693942608
92,92,2026-09-14,Monday,162.0,156.83333333333334,12,5.166666666666657,3.294367693942608
92,92,2026-09-21,Monday,162.0,156.83333333333334,12,5.166666666666657,3.294367693942608
92,92,2026-09-28,Monday,162.0,156.83333333333334,12,5.166666666666657,3.294367693942608
92,92,2026-10-05,Monday,162.0,156.83333333333334,12,5.166666666666657,3.294367693942608
92,92,2026-10-12,Monday,162.0,156.83333333333334,12,5.166666666666657,3.294367693942608
92,92,2026-10-19,Monday,162.0,156.83333333333334,12,5.166666666666657,3.294367693942608
92,92,2026-10-26,Monday,162.0,156.83333333333334,12,5.166666666666657,3.294367693942608
92,92,2026-08-31,Monday,162.0,156.83333333333334,12,5.166666666666657,3.294367693942608
15,15,2026-10-05,Monday,159.0,153.91666666666666,12,5.083333333333343,3.3026529507309212
15,15,2026-08-24,Monday,159.0,153.91666666666666,12,5.083333333333343,3.3026529507309212
15,15,2026-10-26,Monday,159.0,153.91666666666666,12,5.083333333333343,3.3026529507309212
15,15,2026-09-21,Monday,159.0,153.91666666666666,12,5.083333333333343,3.3026529507309212
15,15,2026-09-14,Monday,159.0,153.91666666666666,12,5.083333333333343,3.3026529507309212
15,15,2026-10-12,Monday,159.0,153.91666666666666,12,5.083333333333343,3.3026529507309212
15,15,2026-08-31,Monday,159.0,153.91666666666666,12,5.083333333333343,3.3026529507309212
15,15,2026-10-19,Monday,159.0,153.91666666666666,12,5.083333333333343,3.3026529507309212
15,15,2026-09-28,Monday,159.0,153.91666666666666,12,5.083333333333343,3.3026529507309212
53,53,2026-10-10,Saturday,272.0,277.0769230769231,13,-5.076923076923094,-1.8323153803442593
53,53,2026-09-19,Saturday,272.0,277.0769230769231,13,-5.076923076923094,-1.8323153803442593
53,53,2026-10-31,Saturday,272.0,277.0769230769231,13,-5.076923076923094,-1.8323153803442593
53,53,2026-10-17,Saturday,272.0,277.0769230769231,13,-5.076923076923094,-1.8323153803442593
53,53,2026-09-05,Saturday,272.0,277.0769230769231,13,-5.076923076923094,-1.8323153803442593
53,53,2026-09-26,Saturday,272.0,277.0769230769231,13,-5.076923076923094,-1.8323153803442593
53,53,2026-10-03,Saturday,272.0,277.0769230769231,13,-5.076923076923094,-1.8323153803442593
53,53,2026-08-29,Saturday,272.0,277.0769230769231,13,-5.076923076923094,-1.8323153803442593
53,53,2026-10-24,Saturday,272.0,277.0769230769231,13,-5.076923076923094,-1.8323153803442593
53,53,2026-09-12,Saturday,272.0,277.0769230769231,13,-5.076923076923094,-1.8323153803442593
2,2,2026-08-24,Monday,60.0,55.0,12,5.0,9.090909090909092
2,2,2026-08-10,Monday,60.0,55.0,12,5.0,9.090909090909092
157,157,2026-08-18,Tuesday,125.0,130.0,12,-5.0,-3.8461538461538463
2,2,2026-10-19,Monday,60.0,55.0,12,5.0,9.090909090909092
2,2,2026-08-17,Monday,60.0,55.0,12,5.0,9.090909090909092
15,15,2026-08-11,Tuesday,153.0,158.0,12,-5.0,-3.1645569620253164
2,2,2026-09-21,Monday,60.0,55.0,12,5.0,9.090909090909092
2,2,2026-10-05,Monday,60.0,55.0,12,5.0,9.090909090909092
2,2,2026-10-12,Monday,60.0,55.0,12,5.0,9.090909090909092
206,206,2026-08-11,Tuesday,19.0,24.0,12,-5.0,-20.833333333333332
2,2,2026-09-14,Monday,60.0,55.0,12,5.0,9.090909090909092
15,15,2026-08-18,Tuesday,153.0,158.0,12,-5.0,-3.1645569620253164
2,2,2026-09-28,Monday,60.0,55.0,12,5.0,9.090909090909092
2,2,2026-08-31,Monday,60.0,55.0,12,5.0,9.090909090909092
206,206,2026-08-18,Tuesday,19.0,24.0,12,-5.0,-20.833333333333332
157,157,2026-08-11,Tuesday,125.0,130.0,12,-5.0,-3.8461538461538463
2,2,2026-10-26,Monday,60.0,55.0,12,5.0,9.090909090909092
48,48,2026-08-18,Tuesday,63.0,68.0,12,-5.0,-7.352941176470588
54,54,2026-08-09,Sunday,229.0,224.0,12,5.0,2.232142857142857
48,48,2026-08-11,Tuesday,63.0,68.0,12,-5.0,-7.352941176470588
54,54,2026-08-16,Sunday,229.0,224.0,12,5.0,2.232142857142857
86,86,2026-08-18,Tuesday,100.0,105.0,12,-5.0,-4.761904761904762
86,86,2026-08-11,Tuesday,100.0,105.0,12,-5.0,-4.761904761904762
62,62,2026-08-18,Tuesday,187.0,192.0,12,-5.0,-2.6041666666666665
62,62,2026-08-11,Tuesday,187.0,192.0,12,-5.0,-2.6041666666666665
124,124,2026-08-24,Monday,75.0,79.91666666666667,12,-4.916666666666671,-6.152241918665282
124,124,2026-09-21,Monday,75.0,79.91666666666667,12,-4.916666666666671,-6.152241918665282
124,124,2026-10-26,Monday,75.0,79.91666666666667,12,-4.916666666666671,-6.152241918665282
124,124,2026-10-19,Monday,75.0,79.91666666666667,12,-4.916666666666671,-6.152241918665282
124,124,2026-09-14,Monday,75.0,79.91666666666667,12,-4.916666666666671,-6.152241918665282
124,124,2026-08-31,Monday,75.0,79.91666666666667,12,-4.916666666666671,-6.152241918665282
124,124,2026-10-12,Monday,75.0,79.91666666666667,12,-4.916666666666671,-6.152241918665282
124,124,2026-09-28,Monday,75.0,79.91666666666667,12,-4.916666666666671,-6.152241918665282
124,124,2026-10-05,Monday,75.0,79.91666666666667,12,-4.916666666666671,-6.152241918665282
1,1,2026-08-10,Monday,59.0,54.083333333333336,12,4.916666666666664,9.090909090909086
1,1,2026-08-31,Monday,59.0,54.083333333333336,12,4.916666666666664,9.090909090909086
1,1,2026-10-26,Monday,59.0,54.083333333333336,12,4.916666666666664,9.090909090909086
1,1,2026-10-12,Monday,59.0,54.083333333333336,12,4.916666666666664,9.090909090909086
1,1,2026-09-28,Monday,59.0,54.083333333333336,12,4.916666666666664,9.090909090909086
1,1,2026-08-24,Monday,59.0,54.083333333333336,12,4.916666666666664,9.090909090909086
1,1,2026-08-17,Monday,59.0,54.083333333333336,12,4.916666666666664,9.090909090909086
1,1,2026-10-19,Monday,59.0,54.083333333333336,12,4.916666666666664,9.090909090909086
1,1,2026-09-21,Monday,59.0,54.083333333333336,12,4.916666666666664,9.090909090909086
1,1,2026-09-14,Monday,59.0,54.083333333333336,12,4.916666666666664,9.090909090909086
1,1,2026-10-05,Monday,59.0,54.083333333333336,12,4.916666666666664,9.090909090909086
50,50,2026-08-24,Monday,173.0,168.08333333333334,12,4.916666666666657,2.9251363411006386
50,50,2026-08-31,Monday,173.0,168.08333333333334,12,4.916666666666657,2.9251363411006386
50,50,2026-09-14,Monday,173.0,168.08333333333334,12,4.916666666666657,2.9251363411006386
50,50,2026-09-21,Monday,173.0,168.08333333333334,12,4.916666666666657,2.9251363411006386
50,50,2026-09-28,Monday,173.0,168.08333333333334,12,4.916666666666657,2.9251363411006386
50,50,2026-10-05,Monday,173.0,168.08333333333334,12,4.916666666666657,2.9251363411006386
50,50,2026-10-12,Monday,173.0,168.08333333333334,12,4.916666666666657,2.9251363411006386
50,50,2026-10-19,Monday,173.0,168.08333333333334,12,4.916666666666657,2.9251363411006386
50,50,2026-10-26,Monday,173.0,168.08333333333334,12,4.916666666666657,2.9251363411006386
56,56,2026-08-31,Monday,167.0,162.08333333333334,12,4.916666666666657,3.033419023136241
56,56,2026-09-14,Monday,167.0,162.08333333333334,12,4.916666666666657,3.033419023136241
56,56,2026-09-28,Monday,167.0,162.08333333333334,12,4.916666666666657,3.033419023136241
70,70,2026-08-10,Monday,210.0,205.08333333333334,12,4.916666666666657,2.397399431125554
56,56,2026-08-24,Monday,167.0,162.08333333333334,12,4.916666666666657,3.033419023136241
56,56,2026-10-05,Monday,167.0,162.08333333333334,12,4.916666666666657,3.033419023136241
70,70,2026-08-17,Monday,210.0,205.08333333333334,12,4.916666666666657,2.397399431125554
56,56,2026-10-26,Monday,167.0,162.08333333333334,12,4.916666666666657,3.033419023136241
56,56,2026-09-21,Monday,167.0,162.08333333333334,12,4.916666666666657,3.033419023136241
56,56,2026-10-12,Monday,167.0,162.08333333333334,12,4.916666666666657,3.033419023136241
56,56,2026-10-19,Monday,167.0,162.08333333333334,12,4.916666666666657,3.033419023136241
155,155,2026-10-12,Monday,204.0,199.16666666666666,12,4.833333333333343,2.426778242677829
155,155,2026-09-14,Monday,204.0,199.16666666666666,12,4.833333333333343,2.426778242677829
155,155,2026-10-19,Monday,204.0,199.16666666666666,12,4.833333333333343,2.426778242677829
155,155,2026-10-26,Monday,204.0,199.16666666666666,12,4.833333333333343,2.426778242677829
155,155,2026-09-21,Monday,204.0,199.16666666666666,12,4.833333333333343,2.426778242677829
155,155,2026-09-28,Monday,204.0,199.16666666666666,12,4.833333333333343,2.426778242677829
155,155,2026-08-10,Monday,204.0,199.16666666666666,12,4.833333333333343,2.426778242677829
155,155,2026-08-17,Monday,204.0,199.16666666666666,12,4.833333333333343,2.426778242677829
155,155,2026-08-24,Monday,204.0,199.16666666666666,12,4.833333333333343,2.426778242677829
155,155,2026-08-31,Monday,204.0,199.16666666666666,12,4.833333333333343,2.426778242677829
155,155,2026-10-05,Monday,204.0,199.16666666666666,12,4.833333333333343,2.426778242677829
63W,63W,2026-10-05,Monday,118.0,113.16666666666667,12,4.833333333333329,4.270986745213545
63W,63W,2026-08-24,Monday,118.0,113.16666666666667,12,4.833333333333329,4.270986745213545
63W,63W,2026-08-31,Monday,118.0,113.16666666666667,12,4.833333333333329,4.270986745213545
63W,63W,2026-09-14,Monday,118.0,113.16666666666667,12,4.833333333333329,4.270986745213545
63W,63W,2026-09-21,Monday,118.0,113.16666666666667,12,4.833333333333329,4.270986745213545
63W,63W,2026-09-28,Monday,118.0,113.16666666666667,12,4.833333333333329,4.270986745213545
63W,63W,2026-10-12,Monday,118.0,113.16666666666667,12,4.833333333333329,4.270986745213545
63W,63W,2026-10-19,Monday,118.0,113.16666666666667,12,4.833333333333329,4.270986745213545
63W,63W,2026-10-26,Monday,118.0,113.16666666666667,12,4.833333333333329,4.270986745213545
79,79,2026-09-08,Tuesday,446.0,450.8333333333333,12,-4.833333333333314,-1.0720887245840993
106,106,2026-08-24,Monday,135.0,130.25,12,4.75,3.6468330134357005
106,106,2026-10-26,Monday,135.0,130.25,12,4.75,3.6468330134357005
106,106,2026-09-14,Monday,135.0,130.25,12,4.75,3.6468330134357005
106,106,2026-09-21,Monday,135.0,130.25,12,4.75,3.6468330134357005
106,106,2026-09-28,Monday,135.0,130.25,12,4.75,3.6468330134357005
106,106,2026-10-05,Monday,135.0,130.25,12,4.75,3.6468330134357005
106,106,2026-10-12,Monday,135.0,130.25,12,4.75,3.6468330134357005
106,106,2026-10-19,Monday,135.0,130.25,12,4.75,3.6468330134357005
106,106,2026-08-31,Monday,135.0,130.25,12,4.75,3.6468330134357005
35,35,2026-09-07,Monday,202.0,206.75,12,-4.75,-2.2974607013301087
62,62,2026-10-05,Monday,193.0,188.25,12,4.75,2.5232403718459495
62,62,2026-10-12,Monday,193.0,188.25,12,4.75,2.5232403718459495
62,62,2026-10-19,Monday,193.0,188.25,12,4.75,2.5232403718459495
62,62,2026-08-31,Monday,193.0,188.25,12,4.75,2.5232403718459495
62,62,2026-09-21,Monday,193.0,188.25,12,4.75,2.5232403718459495
62,62,2026-10-26,Monday,193.0,188.25,12,4.75,2.5232403718459495
62,62,2026-09-14,Monday,193.0,188.25,12,4.75,2.5232403718459495
62,62,2026-08-24,Monday,193.0,188.25,12,4.75,2.5232403718459495
62,62,2026-09-28,Monday,193.0,188.25,12,4.75,2.5232403718459495
28,28,2026-09-21,Monday,164.0,159.33333333333334,12,4.666666666666657,2.9288702928870234
28,28,2026-09-14,Monday,164.0,159.33333333333334,12,4.666666666666657,2.9288702928870234
28,28,2026-08-31,Monday,164.0,159.33333333333334,12,4.666666666666657,2.9288702928870234
28,28,2026-08-24,Monday,164.0,159.33333333333334,12,4.666666666666657,2.9288702928870234
28,28,2026-10-12,Monday,164.0,159.33333333333334,12,4.666666666666657,2.9288702928870234
28,28,2026-10-05,Monday,164.0,159.33333333333334,12,4.666666666666657,2.9288702928870234
28,28,2026-10-26,Monday,164.0,159.33333333333334,12,4.666666666666657,2.9288702928870234
28,28,2026-09-28,Monday,164.0,159.33333333333334,12,4.666666666666657,2.9288702928870234
28,28,2026-10-19,Monday,164.0,159.33333333333334,12,4.666666666666657,2.9288702928870234
82,82,2026-10-01,Thursday,280.0,284.61538461538464,13,-4.615384615384642,-1.6216216216216306
82,82,2026-09-23,Wednesday,280.0,284.61538461538464,13,-4.615384615384642,-1.6216216216216306
82,82,2026-10-07,Wednesday,280.0,284.61538461538464,13,-4.615384615384642,-1.6216216216216306
82,82,2026-09-30,Wednesday,280.0,284.61538461538464,13,-4.615384615384642,-1.6216216216216306
82,82,2026-10-08,Thursday,280.0,284.61538461538464,13,-4.615384615384642,-1.6216216216216306
82,82,2026-10-09,Friday,280.0,284.61538461538464,13,-4.615384615384642,-1.6216216216216306
82,82,2026-09-03,Thursday,280.0,284.61538461538464,13,-4.615384615384642,-1.6216216216216306
82,82,2026-09-02,Wednesday,280.0,284.61538461538464,13,-4.615384615384642,-1.6216216216216306
82,82,2026-10-14,Wednesday,280.0,284.61538461538464,13,-4.615384615384642,-1.6216216216216306
82,82,2026-10-15,Thursday,280.0,284.61538461538464,13,-4.615384615384642,-1.6216216216216306
82,82,2026-10-02,Friday,280.0,284.61538461538464,13,-4.615384615384642,-1.6216216216216306
82,82,2026-09-09,Wednesday,280.0,284.61538461538464,13,-4.615384615384642,-1.6216216216216306
82,82,2026-09-17,Thursday,280.0,284.61538461538464,13,-4.615384615384642,-1.6216216216216306
82,82,2026-10-21,Wednesday,280.0,284.61538461538464,13,-4.615384615384642,-1.6216216216216306
82,82,2026-10-22,Thursday,280.0,284.61538461538464,13,-4.615384615384642,-1.6216216216216306
82,82,2026-09-25,Friday,280.0,284.61538461538464,13,-4.615384615384642,-1.6216216216216306
82,82,2026-10-23,Friday,280.0,284.61538461538464,13,-4.615384615384642,-1.6216216216216306
82,82,2026-09-10,Thursday,280.0,284.61538461538464,13,-4.615384615384642,-1.6216216216216306
82,82,2026-10-28,Wednesday,280.0,284.61538461538464,13,-4.615384615384642,-1.6216216216216306
82,82,2026-10-29,Thursday,280.0,284.61538461538464,13,-4.615384615384642,-1.6216216216216306
82,82,2026-10-16,Friday,280.0,284.61538461538464,13,-4.615384615384642,-1.6216216216216306
82,82,2026-10-30,Friday,280.0,284.61538461538464,13,-4.615384615384642,-1.6216216216216306
82,82,2026-09-11,Friday,280.0,284.61538461538464,13,-4.615384615384642,-1.6216216216216306
82,82,2026-09-04,Friday,280.0,284.61538461538464,13,-4.615384615384642,-1.6216216216216306
82,82,2026-08-26,Wednesday,280.0,284.61538461538464,13,-4.615384615384642,-1.6216216216216306
82,82,2026-08-27,Thursday,280.0,284.61538461538464,13,-4.615384615384642,-1.6216216216216306
82,82,2026-08-28,Friday,280.0,284.61538461538464,13,-4.615384615384642,-1.6216216216216306
82,82,2026-09-18,Friday,280.0,284.61538461538464,13,-4.615384615384642,-1.6216216216216306
82,82,2026-09-16,Wednesday,280.0,284.61538461538464,13,-4.615384615384642,-1.6216216216216306
82,82,2026-09-24,Thursday,280.0,284.61538461538464,13,-4.615384615384642,-1.6216216216216306
206,206,2026-08-07,Friday,19.0,23.615384615384617,13,-4.615384615384617,-19.543973941368083
206,206,2026-08-06,Thursday,19.0,23.615384615384617,13,-4.615384615384617,-19.543973941368083
206,206,2026-08-21,Friday,19.0,23.615384615384617,13,-4.615384615384617,-19.543973941368083
206,206,2026-08-19,Wednesday,19.0,23.615384615384617,13,-4.615384615384617,-19.543973941368083
206,206,2026-08-14,Friday,19.0,23.615384615384617,13,-4.615384615384617,-19.543973941368083
206,206,2026-08-13,Thursday,19.0,23.615384615384617,13,-4.615384615384617,-19.543973941368083
206,206,2026-08-12,Wednesday,19.0,23.615384615384617,13,-4.615384615384617,-19.543973941368083
206,206,2026-08-05,Wednesday,19.0,23.615384615384617,13,-4.615384615384617,-19.543973941368083
206,206,2026-08-20,Thursday,19.0,23.615384615384617,13,-4.615384615384617,-19.543973941368083
157,157,2026-08-21,Friday,125.0,129.6153846153846,13,-4.615384615384613,-3.560830860534123
15,15,2026-08-12,Wednesday,153.0,157.6153846153846,13,-4.615384615384613,-2.9282576866764263
15,15,2026-08-20,Thursday,153.0,157.6153846153846,13,-4.615384615384613,-2.9282576866764263
157,157,2026-08-05,Wednesday,125.0,129.6153846153846,13,-4.615384615384613,-3.560830860534123
15,15,2026-08-13,Thursday,153.0,157.6153846153846,13,-4.615384615384613,-2.9282576866764263
157,157,2026-08-20,Thursday,125.0,129.6153846153846,13,-4.615384615384613,-3.560830860534123
15,15,2026-08-14,Friday,153.0,157.6153846153846,13,-4.615384615384613,-2.9282576866764263
157,157,2026-08-06,Thursday,125.0,129.6153846153846,13,-4.615384615384613,-3.560830860534123
157,157,2026-08-19,Wednesday,125.0,129.6153846153846,13,-4.615384615384613,-3.560830860534123
15,15,2026-08-05,Wednesday,153.0,157.6153846153846,13,-4.615384615384613,-2.9282576866764263
157,157,2026-08-07,Friday,125.0,129.6153846153846,13,-4.615384615384613,-3.560830860534123
15,15,2026-08-07,Friday,153.0,157.6153846153846,13,-4.615384615384613,-2.9282576866764263
157,157,2026-08-12,Wednesday,125.0,129.6153846153846,13,-4.615384615384613,-3.560830860534123
15,15,2026-08-19,Wednesday,153.0,157.6153846153846,13,-4.615384615384613,-2.9282576866764263
15,15,2026-08-06,Thursday,153.0,157.6153846153846,13,-4.615384615384613,-2.9282576866764263
157,157,2026-08-13,Thursday,125.0,129.6153846153846,13,-4.615384615384613,-3.560830860534123
15,15,2026-08-21,Friday,153.0,157.6153846153846,13,-4.615384615384613,-2.9282576866764263
157,157,2026-08-14,Friday,125.0,129.6153846153846,13,-4.615384615384613,-3.560830860534123
48,48,2026-08-13,Thursday,63.0,67.61538461538461,13,-4.615384615384613,-6.825938566552898
48,48,2026-08-14,Friday,63.0,67.61538461538461,13,-4.615384615384613,-6.825938566552898
48,48,2026-08-19,Wednesday,63.0,67.61538461538461,13,-4.615384615384613,-6.825938566552898
48,48,2026-08-12,Wednesday,63.0,67.61538461538461,13,-4.615384615384613,-6.825938566552898
48,48,2026-08-20,Thursday,63.0,67.61538461538461,13,-4.615384615384613,-6.825938566552898
48,48,2026-08-21,Friday,63.0,67.61538461538461,13,-4.615384615384613,-6.825938566552898
48,48,2026-08-07,Friday,63.0,67.61538461538461,13,-4.615384615384613,-6.825938566552898
48,48,2026-08-06,Thursday,63.0,67.61538461538461,13,-4.615384615384613,-6.825938566552898
48,48,2026-08-05,Wednesday,63.0,67.61538461538461,13,-4.615384615384613,-6.825938566552898
86,86,2026-08-19,Wednesday,100.0,104.61538461538461,13,-4.615384615384613,-4.411764705882351
86,86,2026-08-13,Thursday,100.0,104.61538461538461,13,-4.615384615384613,-4.411764705882351
86,86,2026-08-12,Wednesday,100.0,104.61538461538461,13,-4.615384615384613,-4.411764705882351
86,86,2026-08-20,Thursday,100.0,104.61538461538461,13,-4.615384615384613,-4.411764705882351
86,86,2026-08-07,Friday,100.0,104.61538461538461,13,-4.615384615384613,-4.411764705882351
86,86,2026-08-21,Friday,100.0,104.61538461538461,13,-4.615384615384613,-4.411764705882351
86,86,2026-08-06,Thursday,100.0,104.61538461538461,13,-4.615384615384613,-4.411764705882351
86,86,2026-08-05,Wednesday,100.0,104.61538461538461,13,-4.615384615384613,-4.411764705882351
86,86,2026-08-14,Friday,100.0,104.61538461538461,13,-4.615384615384613,-4.411764705882351
62,62,2026-08-20,Thursday,187.0,191.6153846153846,13,-4.615384615384613,-2.408671216378963
62,62,2026-08-21,Friday,187.0,191.6153846153846,13,-4.615384615384613,-2.408671216378963
62,62,2026-08-19,Wednesday,187.0,191.6153846153846,13,-4.615384615384613,-2.408671216378963
62,62,2026-08-06,Thursday,187.0,191.6153846153846,13,-4.615384615384613,-2.408671216378963
62,62,2026-08-07,Friday,187.0,191.6153846153846,13,-4.615384615384613,-2.408671216378963
62,62,2026-08-12,Wednesday,187.0,191.6153846153846,13,-4.615384615384613,-2.408671216378963
62,62,2026-08-13,Thursday,187.0,191.6153846153846,13,-4.615384615384613,-2.408671216378963
62,62,2026-08-14,Friday,187.0,191.6153846153846,13,-4.615384615384613,-2.408671216378963
62,62,2026-08-05,Wednesday,187.0,191.6153846153846,13,-4.615384615384613,-2.408671216378963
100,100,2026-08-31,Monday,53.0,48.416666666666664,12,4.583333333333336,9.466437177280557
100,100,2026-09-14,Monday,53.0,48.416666666666664,12,4.583333333333336,9.466437177280557
100,100,2026-09-21,Monday,53.0,48.416666666666664,12,4.583333333333336,9.466437177280557
100,100,2026-09-28,Monday,53.0,48.416666666666664,12,4.583333333333336,9.466437177280557
100,100,2026-10-05,Monday,53.0,48.416666666666664,12,4.583333333333336,9.466437177280557
100,100,2026-10-12,Monday,53.0,48.416666666666664,12,4.583333333333336,9.466437177280557
100,100,2026-10-19,Monday,53.0,48.416666666666664,12,4.583333333333336,9.466437177280557
100,100,2026-10-26,Monday,53.0,48.416666666666664,12,4.583333333333336,9.466437177280557
100,100,2026-08-24,Monday,53.0,48.416666666666664,12,4.583333333333336,9.466437177280557
31,31,2026-10-05,Monday,55.0,50.416666666666664,12,4.583333333333336,9.090909090909097
31,31,2026-10-19,Monday,55.0,50.416666666666664,12,4.583333333333336,9.090909090909097
31,31,2026-10-26,Monday,55.0,50.416666666666664,12,4.583333333333336,9.090909090909097
31,31,2026-08-31,Monday,55.0,50.416666666666664,12,4.583333333333336,9.090909090909097
31,31,2026-10-12,Monday,55.0,50.416666666666664,12,4.583333333333336,9.090909090909097
31,31,2026-09-28,Monday,55.0,50.416666666666664,12,4.583333333333336,9.090909090909097
31,31,2026-09-21,Monday,55.0,50.416666666666664,12,4.583333333333336,9.090909090909097
31,31,2026-08-24,Monday,55.0,50.416666666666664,12,4.583333333333336,9.090909090909097
31,31,2026-08-10,Monday,55.0,50.416666666666664,12,4.583333333333336,9.090909090909097
31,31,2026-09-14,Monday,55.0,50.416666666666664,12,4.583333333333336,9.090909090909097
31,31,2026-08-17,Monday,55.0,50.416666666666664,12,4.583333333333336,9.090909090909097
146,146,2026-08-10,Monday,222.0,217.58333333333334,12,4.416666666666657,2.029873611643044
146,146,2026-08-24,Monday,222.0,217.58333333333334,12,4.416666666666657,2.029873611643044
146,146,2026-08-17,Monday,222.0,217.58333333333334,12,4.416666666666657,2.029873611643044
146,146,2026-08-31,Monday,222.0,217.58333333333334,12,4.416666666666657,2.029873611643044
146,146,2026-09-28,Monday,222.0,217.58333333333334,12,4.416666666666657,2.029873611643044
146,146,2026-10-05,Monday,222.0,217.58333333333334,12,4.416666666666657,2.029873611643044
146,146,2026-10-26,Monday,222.0,217.58333333333334,12,4.416666666666657,2.029873611643044
146,146,2026-10-12,Monday,222.0,217.58333333333334,12,4.416666666666657,2.029873611643044
146,146,2026-10-19,Monday,222.0,217.58333333333334,12,4.416666666666657,2.029873611643044
146,146,2026-09-21,Monday,222.0,217.58333333333334,12,4.416666666666657,2.029873611643044
146,146,2026-09-14,Monday,222.0,217.58333333333334,12,4.416666666666657,2.029873611643044
91,91,2026-08-10,Monday,154.0,149.58333333333334,12,4.416666666666657,2.952646239554311
91,91,2026-08-17,Monday,154.0,149.58333333333334,12,4.416666666666657,2.952646239554311
12,12,2026-09-26,Saturday,215.0,219.3846153846154,13,-4.384615384615387,-1.9985974754558216
12,12,2026-09-05,Saturday,215.0,219.3846153846154,13,-4.384615384615387,-1.9985974754558216
12,12,2026-10-03,Saturday,215.0,219.3846153846154,13,-4.384615384615387,-1.9985974754558216
12,12,2026-10-10,Saturday,215.0,219.3846153846154,13,-4.384615384615387,-1.9985974754558216
12,12,2026-10-17,Saturday,215.0,219.3846153846154,13,-4.384615384615387,-1.9985974754558216
12,12,2026-08-29,Saturday,215.0,219.3846153846154,13,-4.384615384615387,-1.9985974754558216
12,12,2026-10-24,Saturday,215.0,219.3846153846154,13,-4.384615384615387,-1.9985974754558216
12,12,2026-10-31,Saturday,215.0,219.3846153846154,13,-4.384615384615387,-1.9985974754558216
12,12,2026-09-19,Saturday,215.0,219.3846153846154,13,-4.384615384615387,-1.9985974754558216
12,12,2026-09-12,Saturday,215.0,219.3846153846154,13,-4.384615384615387,-1.9985974754558216
53,53,2026-08-30,Sunday,248.0,252.33333333333334,12,-4.333333333333343,-1.7173051519154594
53,53,2026-08-23,Sunday,248.0,252.33333333333334,12,-4.333333333333343,-1.7173051519154594
53,53,2026-10-11,Sunday,248.0,252.33333333333334,12,-4.333333333333343,-1.7173051519154594
53,53,2026-10-04,Sunday,248.0,252.33333333333334,12,-4.333333333333343,-1.7173051519154594
53,53,2026-09-27,Sunday,248.0,252.33333333333334,12,-4.333333333333343,-1.7173051519154594
53,53,2026-09-06,Sunday,248.0,252.33333333333334,12,-4.333333333333343,-1.7173051519154594
53,53,2026-10-18,Sunday,248.0,252.33333333333334,12,-4.333333333333343,-1.7173051519154594
53,53,2026-10-25,Sunday,248.0,252.33333333333334,12,-4.333333333333343,-1.7173051519154594
53,53,2026-09-13,Sunday,248.0,252.33333333333334,12,-4.333333333333343,-1.7173051519154594
53,53,2026-09-20,Sunday,248.0,252.33333333333334,12,-4.333333333333343,-1.7173051519154594
75,75,2026-08-10,Monday,168.0,163.66666666666666,12,4.333333333333343,2.6476578411405356
75,75,2026-08-17,Monday,168.0,163.66666666666666,12,4.333333333333343,2.6476578411405356
75,75,2026-08-24,Monday,168.0,163.66666666666666,12,4.333333333333343,2.6476578411405356
75,75,2026-08-31,Monday,168.0,163.66666666666666,12,4.333333333333343,2.6476578411405356
75,75,2026-09-14,Monday,168.0,163.66666666666666,12,4.333333333333343,2.6476578411405356
75,75,2026-09-21,Monday,168.0,163.66666666666666,12,4.333333333333343,2.6476578411405356
75,75,2026-09-28,Monday,168.0,163.66666666666666,12,4.333333333333343,2.6476578411405356
75,75,2026-10-05,Monday,168.0,163.66666666666666,12,4.333333333333343,2.6476578411405356
75,75,2026-10-12,Monday,168.0,163.66666666666666,12,4.333333333333343,2.6476578411405356
75,75,2026-10-19,Monday,168.0,163.66666666666666,12,4.333333333333343,2.6476578411405356
75,75,2026-10-26,Monday,168.0,163.66666666666666,12,4.333333333333343,2.6476578411405356
95,95,2026-08-17,Monday,258.0,253.66666666666666,12,4.333333333333343,1.7082785808147212
95,95,2026-08-10,Monday,258.0,253.66666666666666,12,4.333333333333343,1.7082785808147212
43,43,2026-09-28,Monday,112.0,107.66666666666667,12,4.333333333333329,4.024767801857581
39,39,2026-08-10,Monday,94.0,89.66666666666667,12,4.333333333333329,4.832713754646835
39,39,2026-10-12,Monday,94.0,89.66666666666667,12,4.333333333333329,4.832713754646835
39,39,2026-10-19,Monday,94.0,89.66666666666667,12,4.333333333333329,4.832713754646835
39,39,2026-10-26,Monday,94.0,89.66666666666667,12,4.333333333333329,4.832713754646835
43,43,2026-10-05,Monday,112.0,107.66666666666667,12,4.333333333333329,4.024767801857581
39,39,2026-10-05,Monday,94.0,89.66666666666667,12,4.333333333333329,4.832713754646835
43,43,2026-08-10,Monday,112.0,107.66666666666667,12,4.333333333333329,4.024767801857581
43,43,2026-10-19,Monday,112.0,107.66666666666667,12,4.333333333333329,4.024767801857581
39,39,2026-08-17,Monday,94.0,89.66666666666667,12,4.333333333333329,4.832713754646835
39,39,2026-08-24,Monday,94.0,89.66666666666667,12,4.333333333333329,4.832713754646835
43,43,2026-09-21,Monday,112.0,107.66666666666667,12,4.333333333333329,4.024767801857581
43,43,2026-08-17,Monday,112.0,107.66666666666667,12,4.333333333333329,4.024767801857581
39,39,2026-09-28,Monday,94.0,89.66666666666667,12,4.333333333333329,4.832713754646835
39,39,2026-08-31,Monday,94.0,89.66666666666667,12,4.333333333333329,4.832713754646835
43,43,2026-10-12,Monday,112.0,107.66666666666667,12,4.333333333333329,4.024767801857581
39,39,2026-09-21,Monday,94.0,89.66666666666667,12,4.333333333333329,4.832713754646835
43,43,2026-08-24,Monday,112.0,107.66666666666667,12,4.333333333333329,4.024767801857581
43,43,2026-09-14,Monday,112.0,107.66666666666667,12,4.333333333333329,4.024767801857581
39,39,2026-09-14,Monday,94.0,89.66666666666667,12,4.333333333333329,4.832713754646835
43,43,2026-08-31,Monday,112.0,107.66666666666667,12,4.333333333333329,4.024767801857581
43,43,2026-10-26,Monday,112.0,107.66666666666667,12,4.333333333333329,4.024767801857581
Blue,Blue Line,2026-10-02,Friday,356.0,360.3076923076923,13,-4.307692307692321,-1.1955593509820701
Blue,Blue Line,2026-08-28,Friday,356.0,360.3076923076923,13,-4.307692307692321,-1.1955593509820701
Blue,Blue Line,2026-10-30,Friday,356.0,360.3076923076923,13,-4.307692307692321,-1.1955593509820701
Blue,Blue Line,2026-09-18,Friday,356.0,360.3076923076923,13,-4.307692307692321,-1.1955593509820701
Blue,Blue Line,2026-08-14,Friday,356.0,360.3076923076923,13,-4.307692307692321,-1.1955593509820701
Blue,Blue Line,2026-08-21,Friday,356.0,360.3076923076923,13,-4.307692307692321,-1.1955593509820701
Blue,Blue Line,2026-10-15,Thursday,356.0,360.3076923076923,13,-4.307692307692321,-1.1955593509820701
Blue,Blue Line,2026-09-23,Wednesday,356.0,360.3076923076923,13,-4.307692307692321,-1.1955593509820701
Blue,Blue Line,2026-10-16,Friday,356.0,360.3076923076923,13,-4.307692307692321,-1.1955593509820701
Blue,Blue Line,2026-10-29,Thursday,356.0,360.3076923076923,13,-4.307692307692321,-1.1955593509820701
Blue,Blue Line,2026-09-24,Thursday,356.0,360.3076923076923,13,-4.307692307692321,-1.1955593509820701
Blue,Blue Line,2026-09-25,Friday,356.0,360.3076923076923,13,-4.307692307692321,-1.1955593509820701
Blue,Blue Line,2026-09-09,Wednesday,356.0,360.3076923076923,13,-4.307692307692321,-1.1955593509820701
Blue,Blue Line,2026-09-10,Thursday,356.0,360.3076923076923,13,-4.307692307692321,-1.1955593509820701
Blue,Blue Line,2026-09-30,Wednesday,356.0,360.3076923076923,13,-4.307692307692321,-1.1955593509820701
Blue,Blue Line,2026-08-19,Wednesday,356.0,360.3076923076923,13,-4.307692307692321,-1.1955593509820701
Blue,Blue Line,2026-10-01,Thursday,356.0,360.3076923076923,13,-4.307692307692321,-1.1955593509820701
Blue,Blue Line,2026-10-28,Wednesday,356.0,360.3076923076923,13,-4.307692307692321,-1.1955593509820701
Blue,Blue Line,2026-10-21,Wednesday,356.0,360.3076923076923,13,-4.307692307692321,-1.1955593509820701
Blue,Blue Line,2026-09-11,Friday,356.0,360.3076923076923,13,-4.307692307692321,-1.1955593509820701
Blue,Blue Line,2026-10-07,Wednesday,356.0,360.3076923076923,13,-4.307692307692321,-1.1955593509820701
Blue,Blue Line,2026-10-08,Thursday,356.0,360.3076923076923,13,-4.307692307692321,-1.1955593509820701
Blue,Blue Line,2026-10-09,Friday,356.0,360.3076923076923,13,-4.307692307692321,-1.1955593509820701
Blue,Blue Line,2026-08-20,Thursday,356.0,360.3076923076923,13,-4.307692307692321,-1.1955593509820701
Blue,Blue Line,2026-10-22,Thursday,356.0,360.3076923076923,13,-4.307692307692321,-1.1955593509820701
Blue,Blue Line,2026-10-23,Friday,356.0,360.3076923076923,13,-4.307692307692321,-1.1955593509820701
Blue,Blue Line,2026-08-26,Wednesday,356.0,360.3076923076923,13,-4.307692307692321,-1.1955593509820701
Blue,Blue Line,2026-08-27,Thursday,356.0,360.3076923076923,13,-4.307692307692321,-1.1955593509820701
Blue,Blue Line,2026-08-13,Thursday,356.0,360.3076923076923,13,-4.307692307692321,-1.1955593509820701
Blue,Blue Line,2026-10-14,Wednesday,356.0,360.3076923076923,13,-4.307692307692321,-1.1955593509820701
Blue,Blue Line,2026-09-16,Wednesday,356.0,360.3076923076923,13,-4.307692307692321,-1.1955593509820701
Blue,Blue Line,2026-09-17,Thursday,356.0,360.3076923076923,13,-4.307692307692321,-1.1955593509820701
Blue,Blue Line,2026-09-02,Wednesday,356.0,360.3076923076923,13,-4.307692307692321,-1.1955593509820701
Blue,Blue Line,2026-09-03,Thursday,356.0,360.3076923076923,13,-4.307692307692321,-1.1955593509820701
Blue,Blue Line,2026-09-04,Friday,356.0,360.3076923076923,13,-4.307692307692321,-1.1955593509820701
Blue,Blue Line,2026-08-12,Wednesday,356.0,360.3076923076923,13,-4.307692307692321,-1.1955593509820701
125,125,2026-10-26,Monday,51.0,46.75,12,4.25,9.090909090909092
125,125,2026-08-10,Monday,51.0,46.75,12,4.25,9.090909090909092
125,125,2026-09-28,Monday,51.0,46.75,12,4.25,9.090909090909092
125,125,2026-10-19,Monday,51.0,46.75,12,4.25,9.090909090909092
125,125,2026-08-24,Monday,51.0,46.75,12,4.25,9.090909090909092
125,125,2026-10-12,Monday,51.0,46.75,12,4.25,9.090909090909092
125,125,2026-10-05,Monday,51.0,46.75,12,4.25,9.090909090909092
125,125,2026-09-21,Monday,51.0,46.75,12,4.25,9.090909090909092
125,125,2026-08-17,Monday,51.0,46.75,12,4.25,9.090909090909092
125,125,2026-08-31,Monday,51.0,46.75,12,4.25,9.090909090909092
125,125,2026-09-14,Monday,51.0,46.75,12,4.25,9.090909090909092
66,66,2026-09-13,Sunday,280.0,284.1666666666667,12,-4.166666666666686,-1.4662756598240534
66,66,2026-10-25,Sunday,280.0,284.1666666666667,12,-4.166666666666686,-1.4662756598240534
66,66,2026-08-23,Sunday,280.0,284.1666666666667,12,-4.166666666666686,-1.4662756598240534
66,66,2026-10-04,Sunday,280.0,284.1666666666667,12,-4.166666666666686,-1.4662756598240534
66,66,2026-08-30,Sunday,280.0,284.1666666666667,12,-4.166666666666686,-1.4662756598240534
66,66,2026-09-20,Sunday,280.0,284.1666666666667,12,-4.166666666666686,-1.4662756598240534
66,66,2026-10-11,Sunday,280.0,284.1666666666667,12,-4.166666666666686,-1.4662756598240534
66,66,2026-10-18,Sunday,280.0,284.1666666666667,12,-4.166666666666686,-1.4662756598240534
66,66,2026-09-27,Sunday,280.0,284.1666666666667,12,-4.166666666666686,-1.4662756598240534
66,66,2026-09-06,Sunday,280.0,284.1666666666667,12,-4.166666666666686,-1.4662756598240534
78,78,2026-08-16,Sunday,112.0,107.83333333333333,12,4.166666666666671,3.863987635239572
78,78,2026-08-09,Sunday,112.0,107.83333333333333,12,4.166666666666671,3.863987635239572
135,135,2026-10-12,Monday,50.0,45.833333333333336,12,4.166666666666664,9.090909090909085
135,135,2026-10-19,Monday,50.0,45.833333333333336,12,4.166666666666664,9.090909090909085
135,135,2026-10-26,Monday,50.0,45.833333333333336,12,4.166666666666664,9.090909090909085
135,135,2026-08-10,Monday,50.0,45.833333333333336,12,4.166666666666664,9.090909090909085
135,135,2026-08-17,Monday,50.0,45.833333333333336,12,4.166666666666664,9.090909090909085
135,135,2026-08-24,Monday,50.0,45.833333333333336,12,4.166666666666664,9.090909090909085
135,135,2026-08-31,Monday,50.0,45.833333333333336,12,4.166666666666664,9.090909090909085
135,135,2026-09-14,Monday,50.0,45.833333333333336,12,4.166666666666664,9.090909090909085
135,135,2026-09-21,Monday,50.0,45.833333333333336,12,4.166666666666664,9.090909090909085
135,135,2026-09-28,Monday,50.0,45.833333333333336,12,4.166666666666664,9.090909090909085
135,135,2026-10-05,Monday,50.0,45.833333333333336,12,4.166666666666664,9.090909090909085
54A,54A,2026-08-18,Tuesday,43.0,38.833333333333336,12,4.166666666666664,10.729613733905571
54A,54A,2026-08-11,Tuesday,43.0,38.833333333333336,12,4.166666666666664,10.729613733905571
21,21,2026-10-05,Monday,176.0,171.83333333333334,12,4.166666666666657,2.4248302618816626
21,21,2026-10-12,Monday,176.0,171.83333333333334,12,4.166666666666657,2.4248302618816626
21,21,2026-10-19,Monday,176.0,171.83333333333334,12,4.166666666666657,2.4248302618816626
21,21,2026-10-26,Monday,176.0,171.83333333333334,12,4.166666666666657,2.4248302618816626
20,20,2026-08-09,Sunday,248.0,243.83333333333334,12,4.166666666666657,1.7088174982911786
20,20,2026-08-16,Sunday,248.0,243.83333333333334,12,4.166666666666657,1.7088174982911786
21,21,2026-08-24,Monday,176.0,171.83333333333334,12,4.166666666666657,2.4248302618816626
21,21,2026-08-31,Monday,176.0,171.83333333333334,12,4.166666666666657,2.4248302618816626
21,21,2026-09-14,Monday,176.0,171.83333333333334,12,4.166666666666657,2.4248302618816626
21,21,2026-09-21,Monday,176.0,171.83333333333334,12,4.166666666666657,2.4248302618816626
21,21,2026-09-28,Monday,176.0,171.83333333333334,12,4.166666666666657,2.4248302618816626
78,78,2026-08-11,Tuesday,162.0,166.16666666666666,12,-4.166666666666657,-2.507522567703104
78,78,2026-08-18,Tuesday,162.0,166.16666666666666,12,-4.166666666666657,-2.507522567703104
67,67,2026-09-08,Tuesday,228.0,223.91666666666666,12,4.083333333333343,1.8235950874581361
134,134,2026-08-10,Monday,49.0,44.916666666666664,12,4.083333333333336,9.090909090909097
134,134,2026-08-17,Monday,49.0,44.916666666666664,12,4.083333333333336,9.090909090909097
134,134,2026-08-24,Monday,49.0,44.916666666666664,12,4.083333333333336,9.090909090909097
134,134,2026-08-31,Monday,49.0,44.916666666666664,12,4.083333333333336,9.090909090909097
134,134,2026-09-14,Monday,49.0,44.916666666666664,12,4.083333333333336,9.090909090909097
134,134,2026-09-21,Monday,49.0,44.916666666666664,12,4.083333333333336,9.090909090909097
134,134,2026-09-28,Monday,49.0,44.916666666666664,12,4.083333333333336,9.090909090909097
134,134,2026-10-05,Monday,49.0,44.916666666666664,12,4.083333333333336,9.090909090909097
134,134,2026-10-12,Monday,49.0,44.916666666666664,12,4.083333333333336,9.090909090909097
134,134,2026-10-19,Monday,49.0,44.916666666666664,12,4.083333333333336,9.090909090909097
134,134,2026-10-26,Monday,49.0,44.916666666666664,12,4.083333333333336,9.090909090909097
68,68,2026-10-19,Monday,99.0,94.91666666666667,12,4.083333333333329,4.3020193151887565
68,68,2026-08-31,Monday,99.0,94.91666666666667,12,4.083333333333329,4.3020193151887565
68,68,2026-09-14,Monday,99.0,94.91666666666667,12,4.083333333333329,4.3020193151887565
68,68,2026-09-21,Monday,99.0,94.91666666666667,12,4.083333333333329,4.3020193151887565
68,68,2026-09-28,Monday,99.0,94.91666666666667,12,4.083333333333329,4.3020193151887565
68,68,2026-10-05,Monday,99.0,94.91666666666667,12,4.083333333333329,4.3020193151887565
68,68,2026-10-12,Monday,99.0,94.91666666666667,12,4.083333333333329,4.3020193151887565
68,68,2026-10-26,Monday,99.0,94.91666666666667,12,4.083333333333329,4.3020193151887565
68,68,2026-08-24,Monday,99.0,94.91666666666667,12,4.083333333333329,4.3020193151887565
87,87,2026-09-08,Tuesday,260.0,264.0833333333333,12,-4.083333333333314,-1.5462290943515233
66,66,2026-09-08,Tuesday,445.0,440.9166666666667,12,4.083333333333314,0.9261009261009218
124,124,2026-09-26,Saturday,86.0,89.92307692307692,13,-3.92307692307692,-4.362703165098371
124,124,2026-10-31,Saturday,86.0,89.92307692307692,13,-3.92307692307692,-4.362703165098371
124,124,2026-10-03,Saturday,86.0,89.92307692307692,13,-3.92307692307692,-4.362703165098371
124,124,2026-09-12,Saturday,86.0,89.92307692307692,13,-3.92307692307692,-4.362703165098371
124,124,2026-08-29,Saturday,86.0,89.92307692307692,13,-3.92307692307692,-4.362703165098371
124,124,2026-10-10,Saturday,86.0,89.92307692307692,13,-3.92307692307692,-4.362703165098371
124,124,2026-10-17,Saturday,86.0,89.92307692307692,13,-3.92307692307692,-4.362703165098371
124,124,2026-09-19,Saturday,86.0,89.92307692307692,13,-3.92307692307692,-4.362703165098371
124,124,2026-09-05,Saturday,86.0,89.92307692307692,13,-3.92307692307692,-4.362703165098371
124,124,2026-10-24,Saturday,86.0,89.92307692307692,13,-3.92307692307692,-4.362703165098371
49,49,2026-10-12,Monday,271.0,267.0833333333333,12,3.9166666666666856,1.466458658346341
49,49,2026-10-19,Monday,271.0,267.0833333333333,12,3.9166666666666856,1.466458658346341
49,49,2026-09-14,Monday,271.0,267.0833333333333,12,3.9166666666666856,1.466458658346341
49,49,2026-09-21,Monday,271.0,267.0833333333333,12,3.9166666666666856,1.466458658346341
49,49,2026-08-31,Monday,271.0,267.0833333333333,12,3.9166666666666856,1.466458658346341
49,49,2026-09-28,Monday,271.0,267.0833333333333,12,3.9166666666666856,1.466458658346341
49,49,2026-10-05,Monday,271.0,267.0833333333333,12,3.9166666666666856,1.466458658346341
49,49,2026-10-26,Monday,271.0,267.0833333333333,12,3.9166666666666856,1.466458658346341
49,49,2026-08-24,Monday,271.0,267.0833333333333,12,3.9166666666666856,1.466458658346341
94,94,2026-08-10,Monday,168.0,164.08333333333334,12,3.916666666666657,2.3869984763839454
94,94,2026-08-17,Monday,168.0,164.08333333333334,12,3.916666666666657,2.3869984763839454
56,56,2026-08-10,Monday,166.0,162.08333333333334,12,3.916666666666657,2.416452442159377
56,56,2026-08-17,Monday,166.0,162.08333333333334,12,3.916666666666657,2.416452442159377
54A,54A,2026-08-05,Wednesday,43.0,39.15384615384615,13,3.8461538461538467,9.82318271119843
54A,54A,2026-08-12,Wednesday,43.0,39.15384615384615,13,3.8461538461538467,9.82318271119843
54A,54A,2026-08-06,Thursday,43.0,39.15384615384615,13,3.8461538461538467,9.82318271119843
54A,54A,2026-08-13,Thursday,43.0,39.15384615384615,13,3.8461538461538467,9.82318271119843
54A,54A,2026-08-14,Friday,43.0,39.15384615384615,13,3.8461538461538467,9.82318271119843
54A,54A,2026-08-21,Friday,43.0,39.15384615384615,13,3.8461538461538467,9.82318271119843
54A,54A,2026-08-19,Wednesday,43.0,39.15384615384615,13,3.8461538461538467,9.82318271119843
54A,54A,2026-08-20,Thursday,43.0,39.15384615384615,13,3.8461538461538467,9.82318271119843
54A,54A,2026-08-07,Friday,43.0,39.15384615384615,13,3.8461538461538467,9.82318271119843
78,78,2026-08-07,Friday,162.0,165.84615384615384,13,-3.8461538461538396,-2.319109461966601
87,87,2026-08-22,Saturday,218.0,214.15384615384616,13,3.8461538461538396,1.7959770114942497
78,78,2026-08-12,Wednesday,162.0,165.84615384615384,13,-3.8461538461538396,-2.319109461966601
78,78,2026-08-06,Thursday,162.0,165.84615384615384,13,-3.8461538461538396,-2.319109461966601
78,78,2026-08-05,Wednesday,162.0,165.84615384615384,13,-3.8461538461538396,-2.319109461966601
87,87,2026-08-15,Saturday,218.0,214.15384615384616,13,3.8461538461538396,1.7959770114942497
87,87,2026-08-08,Saturday,218.0,214.15384615384616,13,3.8461538461538396,1.7959770114942497
78,78,2026-08-13,Thursday,162.0,165.84615384615384,13,-3.8461538461538396,-2.319109461966601
78,78,2026-08-21,Friday,162.0,165.84615384615384,13,-3.8461538461538396,-2.319109461966601
78,78,2026-08-14,Friday,162.0,165.84615384615384,13,-3.8461538461538396,-2.319109461966601
78,78,2026-08-20,Thursday,162.0,165.84615384615384,13,-3.8461538461538396,-2.319109461966601
78,78,2026-08-19,Wednesday,162.0,165.84615384615384,13,-3.8461538461538396,-2.319109461966601
72,72,2026-08-08,Saturday,252.0,248.15384615384616,13,3.8461538461538396,1.5499070055796624
65,65,2026-08-15,Saturday,156.0,159.84615384615384,13,-3.8461538461538396,-2.4061597690086582
72,72,2026-08-15,Saturday,252.0,248.15384615384616,13,3.8461538461538396,1.5499070055796624
65,65,2026-08-22,Saturday,156.0,159.84615384615384,13,-3.8461538461538396,-2.4061597690086582
65,65,2026-08-08,Saturday,156.0,159.84615384615384,13,-3.8461538461538396,-2.4061597690086582
72,72,2026-08-22,Saturday,252.0,248.15384615384616,13,3.8461538461538396,1.5499070055796624
147,147,2026-08-24,Monday,208.0,204.16666666666666,12,3.833333333333343,1.877551020408168
22,22,2026-10-26,Monday,240.0,236.16666666666666,12,3.833333333333343,1.6231474947071318
147,147,2026-09-28,Monday,208.0,204.16666666666666,12,3.833333333333343,1.877551020408168
22,22,2026-08-10,Monday,240.0,236.16666666666666,12,3.833333333333343,1.6231474947071318
147,147,2026-08-31,Monday,208.0,204.16666666666666,12,3.833333333333343,1.877551020408168
147,147,2026-10-05,Monday,208.0,204.16666666666666,12,3.833333333333343,1.877551020408168
22,22,2026-08-17,Monday,240.0,236.16666666666666,12,3.833333333333343,1.6231474947071318
22,22,2026-08-24,Monday,240.0,236.16666666666666,12,3.833333333333343,1.6231474947071318
152,152,2026-10-13,Tuesday,212.0,208.16666666666666,12,3.833333333333343,1.8414731785428389
22,22,2026-08-31,Monday,240.0,236.16666666666666,12,3.833333333333343,1.6231474947071318
147,147,2026-10-12,Monday,208.0,204.16666666666666,12,3.833333333333343,1.877551020408168
147,147,2026-09-21,Monday,208.0,204.16666666666666,12,3.833333333333343,1.877551020408168
147,147,2026-10-19,Monday,208.0,204.16666666666666,12,3.833333333333343,1.877551020408168
152,152,2026-09-22,Tuesday,212.0,208.16666666666666,12,3.833333333333343,1.8414731785428389
22,22,2026-09-14,Monday,240.0,236.16666666666666,12,3.833333333333343,1.6231474947071318
22,22,2026-09-21,Monday,240.0,236.16666666666666,12,3.833333333333343,1.6231474947071318
152,152,2026-10-06,Tuesday,212.0,208.16666666666666,12,3.833333333333343,1.8414731785428389
22,22,2026-09-28,Monday,240.0,236.16666666666666,12,3.833333333333343,1.6231474947071318
22,22,2026-10-05,Monday,240.0,236.16666666666666,12,3.833333333333343,1.6231474947071318
147,147,2026-09-14,Monday,208.0,204.16666666666666,12,3.833333333333343,1.877551020408168
152,152,2026-09-29,Tuesday,212.0,208.16666666666666,12,3.833333333333343,1.8414731785428389
152,152,2026-10-20,Tuesday,212.0,208.16666666666666,12,3.833333333333343,1.8414731785428389
152,152,2026-08-25,Tuesday,212.0,208.16666666666666,12,3.833333333333343,1.8414731785428389
147,147,2026-10-26,Monday,208.0,204.16666666666666,12,3.833333333333343,1.877551020408168
152,152,2026-09-08,Tuesday,212.0,208.16666666666666,12,3.833333333333343,1.8414731785428389
22,22,2026-10-12,Monday,240.0,236.16666666666666,12,3.833333333333343,1.6231474947071318
152,152,2026-09-15,Tuesday,212.0,208.16666666666666,12,3.833333333333343,1.8414731785428389
22,22,2026-10-19,Monday,240.0,236.16666666666666,12,3.833333333333343,1.6231474947071318
152,152,2026-09-01,Tuesday,212.0,208.16666666666666,12,3.833333333333343,1.8414731785428389
152,152,2026-10-27,Tuesday,212.0,208.16666666666666,12,3.833333333333343,1.8414731785428389
90,90,2026-09-28,Monday,132.0,128.16666666666666,12,3.833333333333343,2.990897269180762
90,90,2026-09-21,Monday,132.0,128.16666666666666,12,3.833333333333343,2.990897269180762
90,90,2026-10-05,Monday,132.0,128.16666666666666,12,3.833333333333343,2.990897269180762
90,90,2026-10-12,Monday,132.0,128.16666666666666,12,3.833333333333343,2.990897269180762
90,90,2026-08-10,Monday,132.0,128.16666666666666,12,3.833333333333343,2.990897269180762
90,90,2026-10-19,Monday,132.0,128.16666666666666,12,3.833333333333343,2.990897269180762
90,90,2026-09-14,Monday,132.0,128.16666666666666,12,3.833333333333343,2.990897269180762
90,90,2026-10-26,Monday,132.0,128.16666666666666,12,3.833333333333343,2.990897269180762
90,90,2026-08-31,Monday,132.0,128.16666666666666,12,3.833333333333343,2.990897269180762
90,90,2026-08-24,Monday,132.0,128.16666666666666,12,3.833333333333343,2.990897269180762
90,90,2026-08-17,Monday,132.0,128.16666666666666,12,3.833333333333343,2.990897269180762
65,65,2026-09-08,Tuesday,202.0,198.16666666666666,12,3.833333333333343,1.9343986543313758
86,86,2026-08-17,Monday,100.0,96.16666666666667,12,3.8333333333333286,3.9861351819757314
86,86,2026-08-10,Monday,100.0,96.16666666666667,12,3.8333333333333286,3.9861351819757314
63W,63W,2026-08-17,Monday,117.0,113.16666666666667,12,3.8333333333333286,3.3873343151693622
63W,63W,2026-08-10,Monday,117.0,113.16666666666667,12,3.8333333333333286,3.3873343151693622
148,148,2026-08-31,Monday,45.0,41.25,12,3.75,9.090909090909092
148,148,2026-10-12,Monday,45.0,41.25,12,3.75,9.090909090909092
148,148,2026-08-17,Monday,45.0,41.25,12,3.75,9.090909090909092
148,148,2026-09-21,Monday,45.0,41.25,12,3.75,9.090909090909092
148,148,2026-08-24,Monday,45.0,41.25,12,3.75,9.090909090909092
148,148,2026-10-19,Monday,45.0,41.25,12,3.75,9.090909090909092
148,148,2026-09-28,Monday,45.0,41.25,12,3.75,9.090909090909092
148,148,2026-09-14,Monday,45.0,41.25,12,3.75,9.090909090909092
148,148,2026-10-05,Monday,45.0,41.25,12,3.75,9.090909090909092
148,148,2026-10-26,Monday,45.0,41.25,12,3.75,9.090909090909092
148,148,2026-08-10,Monday,45.0,41.25,12,3.75,9.090909090909092
63,63,2026-09-21,Monday,306.0,302.25,12,3.75,1.2406947890818858
63,63,2026-10-19,Monday,306.0,302.25,12,3.75,1.2406947890818858
63,63,2026-09-28,Monday,306.0,302.25,12,3.75,1.2406947890818858
63,63,2026-10-26,Monday,306.0,302.25,12,3.75,1.2406947890818858
63,63,2026-10-05,Monday,306.0,302.25,12,3.75,1.2406947890818858
63,63,2026-09-14,Monday,306.0,302.25,12,3.75,1.2406947890818858
63,63,2026-10-12,Monday,306.0,302.25,12,3.75,1.2406947890818858
63,63,2026-08-24,Monday,306.0,302.25,12,3.75,1.2406947890818858
63,63,2026-08-31,Monday,306.0,302.25,12,3.75,1.2406947890818858
72,72,2026-08-10,Monday,293.0,289.3333333333333,12,3.6666666666666856,1.26728110599079
72,72,2026-08-17,Monday,293.0,289.3333333333333,12,3.6666666666666856,1.26728110599079
36,36,2026-09-07,Monday,162.0,165.66666666666666,12,-3.666666666666657,-2.213279678068405
71,71,2026-10-05,Monday,195.0,191.33333333333334,12,3.666666666666657,1.916376306620204
71,71,2026-08-24,Monday,195.0,191.33333333333334,12,3.666666666666657,1.916376306620204
71,71,2026-09-14,Monday,195.0,191.33333333333334,12,3.666666666666657,1.916376306620204
71,71,2026-09-21,Monday,195.0,191.33333333333334,12,3.666666666666657,1.916376306620204
71,71,2026-10-12,Monday,195.0,191.33333333333334,12,3.666666666666657,1.916376306620204
71,71,2026-08-10,Monday,195.0,191.33333333333334,12,3.666666666666657,1.916376306620204
71,71,2026-10-19,Monday,195.0,191.33333333333334,12,3.666666666666657,1.916376306620204
71,71,2026-10-26,Monday,195.0,191.33333333333334,12,3.666666666666657,1.916376306620204
71,71,2026-08-31,Monday,195.0,191.33333333333334,12,3.666666666666657,1.916376306620204
71,71,2026-08-17,Monday,195.0,191.33333333333334,12,3.666666666666657,1.916376306620204
71,71,2026-09-08,Tuesday,195.0,198.66666666666666,12,-3.666666666666657,-1.8456375838926127
71,71,2026-09-28,Monday,195.0,191.33333333333334,12,3.666666666666657,1.916376306620204
100,100,2026-08-10,Monday,52.0,48.416666666666664,12,3.5833333333333357,7.4010327022375275
100,100,2026-08-17,Monday,52.0,48.416666666666664,12,3.5833333333333357,7.4010327022375275
97,97,2026-09-21,Monday,108.0,104.41666666666667,12,3.5833333333333286,3.431763766959293
97,97,2026-08-24,Monday,108.0,104.41666666666667,12,3.5833333333333286,3.431763766959293
97,97,2026-08-10,Monday,108.0,104.41666666666667,12,3.5833333333333286,3.431763766959293
97,97,2026-08-17,Monday,108.0,104.41666666666667,12,3.5833333333333286,3.431763766959293
97,97,2026-10-26,Monday,108.0,104.41666666666667,12,3.5833333333333286,3.431763766959293
97,97,2026-10-05,Monday,108.0,104.41666666666667,12,3.5833333333333286,3.431763766959293
97,97,2026-10-19,Monday,108.0,104.41666666666667,12,3.5833333333333286,3.431763766959293
97,97,2026-10-12,Monday,108.0,104.41666666666667,12,3.5833333333333286,3.431763766959293
97,97,2026-09-28,Monday,108.0,104.41666666666667,12,3.5833333333333286,3.431763766959293
97,97,2026-09-14,Monday,108.0,104.41666666666667,12,3.5833333333333286,3.431763766959293
97,97,2026-08-31,Monday,108.0,104.41666666666667,12,3.5833333333333286,3.431763766959293
112,112,2026-08-17,Monday,132.0,128.5,12,3.5,2.7237354085603114
112,112,2026-08-10,Monday,132.0,128.5,12,3.5,2.7237354085603114
28,28,2026-08-11,Tuesday,158.0,161.5,12,-3.5,-2.1671826625387
28,28,2026-08-18,Tuesday,158.0,161.5,12,-3.5,-2.1671826625387
81,81,2026-08-17,Monday,260.0,256.5,12,3.5,1.364522417153996
81,81,2026-08-24,Monday,260.0,256.5,12,3.5,1.364522417153996
81,81,2026-08-31,Monday,260.0,256.5,12,3.5,1.364522417153996
81,81,2026-09-14,Monday,260.0,256.5,12,3.5,1.364522417153996
81,81,2026-10-26,Monday,260.0,256.5,12,3.5,1.364522417153996
81,81,2026-10-19,Monday,260.0,256.5,12,3.5,1.364522417153996
81,81,2026-08-10,Monday,260.0,256.5,12,3.5,1.364522417153996
81,81,2026-09-21,Monday,260.0,256.5,12,3.5,1.364522417153996
81,81,2026-10-12,Monday,260.0,256.5,12,3.5,1.364522417153996
81,81,2026-09-28,Monday,260.0,256.5,12,3.5,1.364522417153996
81,81,2026-10-05,Monday,260.0,256.5,12,3.5,1.364522417153996
82,82,2026-10-06,Tuesday,280.0,283.4166666666667,12,-3.4166666666666856,-1.2055277859453168
82,82,2026-10-13,Tuesday,280.0,283.4166666666667,12,-3.4166666666666856,-1.2055277859453168
82,82,2026-10-20,Tuesday,280.0,283.4166666666667,12,-3.4166666666666856,-1.2055277859453168
82,82,2026-10-27,Tuesday,280.0,283.4166666666667,12,-3.4166666666666856,-1.2055277859453168
82,82,2026-08-25,Tuesday,280.0,283.4166666666667,12,-3.4166666666666856,-1.2055277859453168
82,82,2026-09-15,Tuesday,280.0,283.4166666666667,12,-3.4166666666666856,-1.2055277859453168
82,82,2026-09-01,Tuesday,280.0,283.4166666666667,12,-3.4166666666666856,-1.2055277859453168
82,82,2026-09-22,Tuesday,280.0,283.4166666666667,12,-3.4166666666666856,-1.2055277859453168
82,82,2026-09-29,Tuesday,280.0,283.4166666666667,12,-3.4166666666666856,-1.2055277859453168
18,18,2026-08-18,Tuesday,126.0,129.33333333333334,12,-3.333333333333343,-2.5773195876288733
18,18,2026-08-11,Tuesday,126.0,129.33333333333334,12,-3.333333333333343,-2.5773195876288733
34,34,2026-08-24,Monday,234.0,230.66666666666666,12,3.333333333333343,1.4450867052023164
34,34,2026-08-31,Monday,234.0,230.66666666666666,12,3.333333333333343,1.4450867052023164
34,34,2026-09-14,Monday,234.0,230.66666666666666,12,3.333333333333343,1.4450867052023164
34,34,2026-09-21,Monday,234.0,230.66666666666666,12,3.333333333333343,1.4450867052023164
34,34,2026-09-28,Monday,234.0,230.66666666666666,12,3.333333333333343,1.4450867052023164
34,34,2026-10-05,Monday,234.0,230.66666666666666,12,3.333333333333343,1.4450867052023164
34,34,2026-10-12,Monday,234.0,230.66666666666666,12,3.333333333333343,1.4450867052023164
34,34,2026-10-19,Monday,234.0,230.66666666666666,12,3.333333333333343,1.4450867052023164
34,34,2026-10-26,Monday,234.0,230.66666666666666,12,3.333333333333343,1.4450867052023164
92,92,2026-08-11,Tuesday,158.0,161.33333333333334,12,-3.333333333333343,-2.0661157024793444
92,92,2026-08-18,Tuesday,158.0,161.33333333333334,12,-3.333333333333343,-2.0661157024793444
72,72,2026-08-09,Sunday,238.0,234.66666666666666,12,3.333333333333343,1.4204545454545496
72,72,2026-08-16,Sunday,238.0,234.66666666666666,12,3.333333333333343,1.4204545454545496
57,57,2026-08-11,Tuesday,126.0,129.33333333333334,12,-3.333333333333343,-2.5773195876288733
57,57,2026-08-18,Tuesday,126.0,129.33333333333334,12,-3.333333333333343,-2.5773195876288733
18,18,2026-08-24,Monday,130.0,126.66666666666667,12,3.3333333333333286,2.6315789473684172
18,18,2026-08-31,Monday,130.0,126.66666666666667,12,3.3333333333333286,2.6315789473684172
18,18,2026-09-14,Monday,130.0,126.66666666666667,12,3.3333333333333286,2.6315789473684172
18,18,2026-09-21,Monday,130.0,126.66666666666667,12,3.3333333333333286,2.6315789473684172
18,18,2026-09-28,Monday,130.0,126.66666666666667,12,3.3333333333333286,2.6315789473684172
152,152,2026-08-09,Sunday,101.0,97.66666666666667,12,3.3333333333333286,3.4129692832764453
18,18,2026-10-05,Monday,130.0,126.66666666666667,12,3.3333333333333286,2.6315789473684172
18,18,2026-10-19,Monday,130.0,126.66666666666667,12,3.3333333333333286,2.6315789473684172
18,18,2026-10-12,Monday,130.0,126.66666666666667,12,3.3333333333333286,2.6315789473684172
18,18,2026-10-26,Monday,130.0,126.66666666666667,12,3.3333333333333286,2.6315789473684172
152,152,2026-08-16,Sunday,101.0,97.66666666666667,12,3.3333333333333286,3.4129692832764453
76,76,2026-08-09,Sunday,94.0,97.33333333333333,12,-3.3333333333333286,-3.424657534246571
76,76,2026-08-16,Sunday,94.0,97.33333333333333,12,-3.3333333333333286,-3.424657534246571
53A,53A,2026-08-10,Monday,168.0,164.75,12,3.25,1.9726858877086495
53A,53A,2026-08-17,Monday,168.0,164.75,12,3.25,1.9726858877086495
80,80,2026-08-11,Tuesday,204.0,207.25,12,-3.25,-1.5681544028950543
80,80,2026-08-18,Tuesday,204.0,207.25,12,-3.25,-1.5681544028950543
60,60,2026-08-24,Monday,252.0,248.75,12,3.25,1.306532663316583
60,60,2026-08-31,Monday,252.0,248.75,12,3.25,1.306532663316583
60,60,2026-09-14,Monday,252.0,248.75,12,3.25,1.306532663316583
60,60,2026-09-21,Monday,252.0,248.75,12,3.25,1.306532663316583
60,60,2026-09-28,Monday,252.0,248.75,12,3.25,1.306532663316583
60,60,2026-10-05,Monday,252.0,248.75,12,3.25,1.306532663316583
60,60,2026-10-12,Monday,252.0,248.75,12,3.25,1.306532663316583
60,60,2026-10-19,Monday,252.0,248.75,12,3.25,1.306532663316583
60,60,2026-10-26,Monday,252.0,248.75,12,3.25,1.306532663316583
9,9,2026-09-08,Tuesday,363.0,359.8333333333333,12,3.1666666666666856,0.8800370541917607
72,72,2026-09-08,Tuesday,295.0,298.1666666666667,12,-3.1666666666666856,-1.0620458356623874
55A,55A,2026-10-19,Monday,38.0,34.833333333333336,12,3.1666666666666643,9.090909090909083
55A,55A,2026-10-05,Monday,38.0,34.833333333333336,12,3.1666666666666643,9.090909090909083
55A,55A,2026-10-26,Monday,38.0,34.833333333333336,12,3.1666666666666643,9.090909090909083
55A,55A,2026-10-12,Monday,38.0,34.833333333333336,12,3.1666666666666643,9.090909090909083
55A,55A,2026-08-10,Monday,38.0,34.833333333333336,12,3.1666666666666643,9.090909090909083
55A,55A,2026-08-17,Monday,38.0,34.833333333333336,12,3.1666666666666643,9.090909090909083
55A,55A,2026-08-24,Monday,38.0,34.833333333333336,12,3.1666666666666643,9.090909090909083
55A,55A,2026-08-31,Monday,38.0,34.833333333333336,12,3.1666666666666643,9.090909090909083
55A,55A,2026-09-14,Monday,38.0,34.833333333333336,12,3.1666666666666643,9.090909090909083
55A,55A,2026-09-21,Monday,38.0,34.833333333333336,12,3.1666666666666643,9.090909090909083
55A,55A,2026-09-28,Monday,38.0,34.833333333333336,12,3.1666666666666643,9.090909090909083
12,12,2026-09-28,Monday,254.0,250.83333333333334,12,3.166666666666657,1.2624584717607936
12,12,2026-10-05,Monday,254.0,250.83333333333334,12,3.166666666666657,1.2624584717607936
12,12,2026-10-12,Monday,254.0,250.83333333333334,12,3.166666666666657,1.2624584717607936
12,12,2026-10-19,Monday,254.0,250.83333333333334,12,3.166666666666657,1.2624584717607936
12,12,2026-10-26,Monday,254.0,250.83333333333334,12,3.166666666666657,1.2624584717607936
12,12,2026-08-24,Monday,254.0,250.83333333333334,12,3.166666666666657,1.2624584717607936
12,12,2026-08-31,Monday,254.0,250.83333333333334,12,3.166666666666657,1.2624584717607936
12,12,2026-09-14,Monday,254.0,250.83333333333334,12,3.166666666666657,1.2624584717607936
12,12,2026-09-21,Monday,254.0,250.83333333333334,12,3.166666666666657,1.2624584717607936
21,21,2026-08-10,Monday,175.0,171.83333333333334,12,3.166666666666657,1.8428709990300622
21,21,2026-08-17,Monday,175.0,171.83333333333334,12,3.166666666666657,1.8428709990300622
34,34,2026-08-11,Tuesday,232.0,235.16666666666666,12,-3.166666666666657,-1.3465627214741278
34,34,2026-08-18,Tuesday,232.0,235.16666666666666,12,-3.166666666666657,-1.3465627214741278
206,206,2026-10-05,Monday,25.0,21.916666666666668,12,3.083333333333332,14.068441064638776
206,206,2026-08-31,Monday,25.0,21.916666666666668,12,3.083333333333332,14.068441064638776
206,206,2026-08-24,Monday,25.0,21.916666666666668,12,3.083333333333332,14.068441064638776
206,206,2026-09-14,Monday,25.0,21.916666666666668,12,3.083333333333332,14.068441064638776
206,206,2026-09-21,Monday,25.0,21.916666666666668,12,3.083333333333332,14.068441064638776
206,206,2026-10-26,Monday,25.0,21.916666666666668,12,3.083333333333332,14.068441064638776
206,206,2026-10-19,Monday,25.0,21.916666666666668,12,3.083333333333332,14.068441064638776
206,206,2026-10-12,Monday,25.0,21.916666666666668,12,3.083333333333332,14.068441064638776
206,206,2026-09-28,Monday,25.0,21.916666666666668,12,3.083333333333332,14.068441064638776
28,28,2026-08-05,Wednesday,158.0,161.07692307692307,13,-3.076923076923066,-1.9102196752626486
20,20,2026-08-08,Saturday,251.0,254.07692307692307,13,-3.076923076923066,-1.2110202845897626
18,18,2026-08-19,Wednesday,126.0,129.07692307692307,13,-3.076923076923066,-2.3837902264600634
18,18,2026-08-21,Friday,126.0,129.07692307692307,13,-3.076923076923066,-2.3837902264600634
18,18,2026-08-20,Thursday,126.0,129.07692307692307,13,-3.076923076923066,-2.3837902264600634
18,18,2026-08-05,Wednesday,126.0,129.07692307692307,13,-3.076923076923066,-2.3837902264600634
18,18,2026-08-12,Wednesday,126.0,129.07692307692307,13,-3.076923076923066,-2.3837902264600634
18,18,2026-08-14,Friday,126.0,129.07692307692307,13,-3.076923076923066,-2.3837902264600634
20,20,2026-08-15,Saturday,251.0,254.07692307692307,13,-3.076923076923066,-1.2110202845897626
28,28,2026-08-06,Thursday,158.0,161.07692307692307,13,-3.076923076923066,-1.9102196752626486
18,18,2026-08-13,Thursday,126.0,129.07692307692307,13,-3.076923076923066,-2.3837902264600634
28,28,2026-08-07,Friday,158.0,161.07692307692307,13,-3.076923076923066,-1.9102196752626486
28,28,2026-08-12,Wednesday,158.0,161.07692307692307,13,-3.076923076923066,-1.9102196752626486
28,28,2026-08-13,Thursday,158.0,161.07692307692307,13,-3.076923076923066,-1.9102196752626486
28,28,2026-08-14,Friday,158.0,161.07692307692307,13,-3.076923076923066,-1.9102196752626486
28,28,2026-08-19,Wednesday,158.0,161.07692307692307,13,-3.076923076923066,-1.9102196752626486
20,20,2026-08-22,Saturday,251.0,254.07692307692307,13,-3.076923076923066,-1.2110202845897626
28,28,2026-08-20,Thursday,158.0,161.07692307692307,13,-3.076923076923066,-1.9102196752626486
18,18,2026-08-06,Thursday,126.0,129.07692307692307,13,-3.076923076923066,-2.3837902264600634
28,28,2026-08-21,Friday,158.0,161.07692307692307,13,-3.076923076923066,-1.9102196752626486
18,18,2026-08-07,Friday,126.0,129.07692307692307,13,-3.076923076923066,-2.3837902264600634
34,34,2026-08-12,Wednesday,232.0,235.07692307692307,13,-3.076923076923066,-1.308900523560205
34,34,2026-08-07,Friday,232.0,235.07692307692307,13,-3.076923076923066,-1.308900523560205
34,34,2026-08-06,Thursday,232.0,235.07692307692307,13,-3.076923076923066,-1.308900523560205
34,34,2026-08-05,Wednesday,232.0,235.07692307692307,13,-3.076923076923066,-1.308900523560205
34,34,2026-08-21,Friday,232.0,235.07692307692307,13,-3.076923076923066,-1.308900523560205
34,34,2026-08-20,Thursday,232.0,235.07692307692307,13,-3.076923076923066,-1.308900523560205
34,34,2026-08-13,Thursday,232.0,235.07692307692307,13,-3.076923076923066,-1.308900523560205
34,34,2026-08-14,Friday,232.0,235.07692307692307,13,-3.076923076923066,-1.308900523560205
34,34,2026-08-19,Wednesday,232.0,235.07692307692307,13,-3.076923076923066,-1.308900523560205
92,92,2026-08-21,Friday,158.0,161.07692307692307,13,-3.076923076923066,-1.9102196752626486
80,80,2026-08-19,Wednesday,204.0,207.07692307692307,13,-3.076923076923066,-1.4858841010401136
80,80,2026-08-14,Friday,204.0,207.07692307692307,13,-3.076923076923066,-1.4858841010401136
80,80,2026-08-20,Thursday,204.0,207.07692307692307,13,-3.076923076923066,-1.4858841010401136
80,80,2026-08-21,Friday,204.0,207.07692307692307,13,-3.076923076923066,-1.4858841010401136
80,80,2026-08-13,Thursday,204.0,207.07692307692307,13,-3.076923076923066,-1.4858841010401136
92,92,2026-08-05,Wednesday,158.0,161.07692307692307,13,-3.076923076923066,-1.9102196752626486
80,80,2026-08-12,Wednesday,204.0,207.07692307692307,13,-3.076923076923066,-1.4858841010401136
92,92,2026-08-06,Thursday,158.0,161.07692307692307,13,-3.076923076923066,-1.9102196752626486
92,92,2026-08-07,Friday,158.0,161.07692307692307,13,-3.076923076923066,-1.9102196752626486
92,92,2026-08-12,Wednesday,158.0,161.07692307692307,13,-3.076923076923066,-1.9102196752626486
92,92,2026-08-13,Thursday,158.0,161.07692307692307,13,-3.076923076923066,-1.9102196752626486
80,80,2026-08-07,Friday,204.0,207.07692307692307,13,-3.076923076923066,-1.4858841010401136
92,92,2026-08-14,Friday,158.0,161.07692307692307,13,-3.076923076923066,-1.9102196752626486
92,92,2026-08-19,Wednesday,158.0,161.07692307692307,13,-3.076923076923066,-1.9102196752626486
80,80,2026-08-06,Thursday,204.0,207.07692307692307,13,-3.076923076923066,-1.4858841010401136
80,80,2026-08-05,Wednesday,204.0,207.07692307692307,13,-3.076923076923066,-1.4858841010401136
92,92,2026-08-20,Thursday,158.0,161.07692307692307,13,-3.076923076923066,-1.9102196752626486
57,57,2026-08-19,Wednesday,126.0,129.07692307692307,13,-3.076923076923066,-2.3837902264600634
57,57,2026-08-20,Thursday,126.0,129.07692307692307,13,-3.076923076923066,-2.3837902264600634
57,57,2026-08-21,Friday,126.0,129.07692307692307,13,-3.076923076923066,-2.3837902264600634
57,57,2026-08-05,Wednesday,126.0,129.07692307692307,13,-3.076923076923066,-2.3837902264600634
57,57,2026-08-06,Thursday,126.0,129.07692307692307,13,-3.076923076923066,-2.3837902264600634
57,57,2026-08-07,Friday,126.0,129.07692307692307,13,-3.076923076923066,-2.3837902264600634
57,57,2026-08-12,Wednesday,126.0,129.07692307692307,13,-3.076923076923066,-2.3837902264600634
57,57,2026-08-13,Thursday,126.0,129.07692307692307,13,-3.076923076923066,-2.3837902264600634
57,57,2026-08-14,Friday,126.0,129.07692307692307,13,-3.076923076923066,-2.3837902264600634
143,143,2026-09-28,Monday,36.0,33.0,12,3.0,9.090909090909092
111,111,2026-10-19,Monday,140.0,137.0,12,3.0,2.18978102189781
136,136,2026-08-10,Monday,36.0,33.0,12,3.0,9.090909090909092
111,111,2026-08-10,Monday,140.0,137.0,12,3.0,2.18978102189781
136,136,2026-08-17,Monday,36.0,33.0,12,3.0,9.090909090909092
136,136,2026-08-24,Monday,36.0,33.0,12,3.0,9.090909090909092
136,136,2026-08-31,Monday,36.0,33.0,12,3.0,9.090909090909092
111,111,2026-08-24,Monday,140.0,137.0,12,3.0,2.18978102189781
111,111,2026-08-31,Monday,140.0,137.0,12,3.0,2.18978102189781
143,143,2026-10-05,Monday,36.0,33.0,12,3.0,9.090909090909092
111,111,2026-09-21,Monday,140.0,137.0,12,3.0,2.18978102189781
136,136,2026-09-14,Monday,36.0,33.0,12,3.0,9.090909090909092
111,111,2026-08-17,Monday,140.0,137.0,12,3.0,2.18978102189781
143,143,2026-10-12,Monday,36.0,33.0,12,3.0,9.090909090909092
136,136,2026-09-21,Monday,36.0,33.0,12,3.0,9.090909090909092
136,136,2026-09-28,Monday,36.0,33.0,12,3.0,9.090909090909092
136,136,2026-10-05,Monday,36.0,33.0,12,3.0,9.090909090909092
111,111,2026-09-28,Monday,140.0,137.0,12,3.0,2.18978102189781
143,143,2026-10-19,Monday,36.0,33.0,12,3.0,9.090909090909092
143,143,2026-10-26,Monday,36.0,33.0,12,3.0,9.090909090909092
111,111,2026-10-05,Monday,140.0,137.0,12,3.0,2.18978102189781
136,136,2026-10-12,Monday,36.0,33.0,12,3.0,9.090909090909092
111,111,2026-10-12,Monday,140.0,137.0,12,3.0,2.18978102189781
136,136,2026-10-19,Monday,36.0,33.0,12,3.0,9.090909090909092
136,136,2026-10-26,Monday,36.0,33.0,12,3.0,9.090909090909092
143,143,2026-09-21,Monday,36.0,33.0,12,3.0,9.090909090909092
143,143,2026-08-10,Monday,36.0,33.0,12,3.0,9.090909090909092
143,143,2026-08-17,Monday,36.0,33.0,12,3.0,9.090909090909092
143,143,2026-08-24,Monday,36.0,33.0,12,3.0,9.090909090909092
143,143,2026-08-31,Monday,36.0,33.0,12,3.0,9.090909090909092
111,111,2026-10-26,Monday,140.0,137.0,12,3.0,2.18978102189781
143,143,2026-09-14,Monday,36.0,33.0,12,3.0,9.090909090909092
111,111,2026-09-14,Monday,140.0,137.0,12,3.0,2.18978102189781
54,54,2026-09-02,Wednesday,272.0,269.0,13,3.0,1.1152416356877324
30,30,2026-10-19,Monday,114.0,111.0,12,3.0,2.7027027027027026
30,30,2026-08-24,Monday,114.0,111.0,12,3.0,2.7027027027027026
54,54,2026-10-14,Wednesday,272.0,269.0,13,3.0,1.1152416356877324
54,54,2026-09-04,Friday,272.0,269.0,13,3.0,1.1152416356877324
54,54,2026-10-15,Thursday,272.0,269.0,13,3.0,1.1152416356877324
54,54,2026-09-09,Wednesday,272.0,269.0,13,3.0,1.1152416356877324
30,30,2026-08-31,Monday,114.0,111.0,12,3.0,2.7027027027027026
54,54,2026-09-10,Thursday,272.0,269.0,13,3.0,1.1152416356877324
54,54,2026-09-11,Friday,272.0,269.0,13,3.0,1.1152416356877324
54,54,2026-08-26,Wednesday,272.0,269.0,13,3.0,1.1152416356877324
30,30,2026-09-14,Monday,114.0,111.0,12,3.0,2.7027027027027026
30,30,2026-09-21,Monday,114.0,111.0,12,3.0,2.7027027027027026
30,30,2026-10-26,Monday,114.0,111.0,12,3.0,2.7027027027027026
54,54,2026-08-27,Thursday,272.0,269.0,13,3.0,1.1152416356877324
54,54,2026-08-28,Friday,272.0,269.0,13,3.0,1.1152416356877324
54,54,2026-09-16,Wednesday,272.0,269.0,13,3.0,1.1152416356877324
54,54,2026-09-17,Thursday,272.0,269.0,13,3.0,1.1152416356877324
30,30,2026-09-28,Monday,114.0,111.0,12,3.0,2.7027027027027026
54,54,2026-09-18,Friday,272.0,269.0,13,3.0,1.1152416356877324
30,30,2026-10-05,Monday,114.0,111.0,12,3.0,2.7027027027027026
54,54,2026-09-23,Wednesday,272.0,269.0,13,3.0,1.1152416356877324
54,54,2026-09-24,Thursday,272.0,269.0,13,3.0,1.1152416356877324
30,30,2026-10-12,Monday,114.0,111.0,12,3.0,2.7027027027027026
54,54,2026-10-08,Thursday,272.0,269.0,13,3.0,1.1152416356877324
54,54,2026-09-25,Friday,272.0,269.0,13,3.0,1.1152416356877324
54,54,2026-09-30,Wednesday,272.0,269.0,13,3.0,1.1152416356877324
54,54,2026-10-01,Thursday,272.0,269.0,13,3.0,1.1152416356877324
54,54,2026-10-02,Friday,272.0,269.0,13,3.0,1.1152416356877324
54,54,2026-09-03,Thursday,272.0,269.0,13,3.0,1.1152416356877324
54,54,2026-10-07,Wednesday,272.0,269.0,13,3.0,1.1152416356877324
54,54,2026-10-09,Friday,272.0,269.0,13,3.0,1.1152416356877324
8A,8A,2026-09-21,Monday,134.0,131.0,12,3.0,2.2900763358778624
8A,8A,2026-09-28,Monday,134.0,131.0,12,3.0,2.2900763358778624
88,88,2026-08-31,Monday,100.0,97.0,12,3.0,3.0927835051546393
88,88,2026-08-17,Monday,100.0,97.0,12,3.0,3.0927835051546393
88,88,2026-08-24,Monday,100.0,97.0,12,3.0,3.0927835051546393
88,88,2026-09-21,Monday,100.0,97.0,12,3.0,3.0927835051546393
88,88,2026-08-10,Monday,100.0,97.0,12,3.0,3.0927835051546393
88,88,2026-09-28,Monday,100.0,97.0,12,3.0,3.0927835051546393
8A,8A,2026-09-14,Monday,134.0,131.0,12,3.0,2.2900763358778624
88,88,2026-10-05,Monday,100.0,97.0,12,3.0,3.0927835051546393
8A,8A,2026-10-12,Monday,134.0,131.0,12,3.0,2.2900763358778624
8A,8A,2026-10-05,Monday,134.0,131.0,12,3.0,2.2900763358778624
88,88,2026-10-12,Monday,100.0,97.0,12,3.0,3.0927835051546393
88,88,2026-10-19,Monday,100.0,97.0,12,3.0,3.0927835051546393
88,88,2026-10-26,Monday,100.0,97.0,12,3.0,3.0927835051546393
8A,8A,2026-10-26,Monday,134.0,131.0,12,3.0,2.2900763358778624
8A,8A,2026-08-24,Monday,134.0,131.0,12,3.0,2.2900763358778624
88,88,2026-09-14,Monday,100.0,97.0,12,3.0,3.0927835051546393
8A,8A,2026-08-31,Monday,134.0,131.0,12,3.0,2.2900763358778624
8A,8A,2026-10-19,Monday,134.0,131.0,12,3.0,2.2900763358778624
54,54,2026-10-16,Friday,272.0,269.0,13,3.0,1.1152416356877324
54,54,2026-10-28,Wednesday,272.0,269.0,13,3.0,1.1152416356877324
54,54,2026-10-21,Wednesday,272.0,269.0,13,3.0,1.1152416356877324
54,54,2026-10-22,Thursday,272.0,269.0,13,3.0,1.1152416356877324
54,54,2026-10-23,Friday,272.0,269.0,13,3.0,1.1152416356877324
54,54,2026-10-30,Friday,272.0,269.0,13,3.0,1.1152416356877324
54,54,2026-10-29,Thursday,272.0,269.0,13,3.0,1.1152416356877324
206,206,2026-08-10,Monday,19.0,21.916666666666668,12,-2.916666666666668,-13.30798479087453
206,206,2026-08-17,Monday,19.0,21.916666666666668,12,-2.916666666666668,-13.30798479087453
47,47,2026-09-14,Monday,251.0,248.16666666666666,12,2.833333333333343,1.1417058428475526
47,47,2026-08-24,Monday,251.0,248.16666666666666,12,2.833333333333343,1.1417058428475526
47,47,2026-10-05,Monday,251.0,248.16666666666666,12,2.833333333333343,1.1417058428475526
47,47,2026-10-19,Monday,251.0,248.16666666666666,12,2.833333333333343,1.1417058428475526
47,47,2026-10-26,Monday,251.0,248.16666666666666,12,2.833333333333343,1.1417058428475526
47,47,2026-08-10,Monday,251.0,248.16666666666666,12,2.833333333333343,1.1417058428475526
47,47,2026-09-28,Monday,251.0,248.16666666666666,12,2.833333333333343,1.1417058428475526
47,47,2026-10-12,Monday,251.0,248.16666666666666,12,2.833333333333343,1.1417058428475526
47,47,2026-08-31,Monday,251.0,248.16666666666666,12,2.833333333333343,1.1417058428475526
47,47,2026-08-17,Monday,251.0,248.16666666666666,12,2.833333333333343,1.1417058428475526
47,47,2026-09-21,Monday,251.0,248.16666666666666,12,2.833333333333343,1.1417058428475526
11,11,2026-10-05,Monday,84.0,81.16666666666667,12,2.8333333333333286,3.490759753593423
11,11,2026-08-31,Monday,84.0,81.16666666666667,12,2.8333333333333286,3.490759753593423
11,11,2026-09-14,Monday,84.0,81.16666666666667,12,2.8333333333333286,3.490759753593423
11,11,2026-10-12,Monday,84.0,81.16666666666667,12,2.8333333333333286,3.490759753593423
11,11,2026-09-21,Monday,84.0,81.16666666666667,12,2.8333333333333286,3.490759753593423
11,11,2026-08-17,Monday,84.0,81.16666666666667,12,2.8333333333333286,3.490759753593423
11,11,2026-08-24,Monday,84.0,81.16666666666667,12,2.8333333333333286,3.490759753593423
11,11,2026-08-10,Monday,84.0,81.16666666666667,12,2.8333333333333286,3.490759753593423
11,11,2026-09-28,Monday,84.0,81.16666666666667,12,2.8333333333333286,3.490759753593423
11,11,2026-10-19,Monday,84.0,81.16666666666667,12,2.8333333333333286,3.490759753593423
11,11,2026-10-26,Monday,84.0,81.16666666666667,12,2.8333333333333286,3.490759753593423
55,55,2026-09-23,Wednesday,264.0,266.7692307692308,13,-2.7692307692307736,-1.038062283737026
55,55,2026-08-27,Thursday,264.0,266.7692307692308,13,-2.7692307692307736,-1.038062283737026
55,55,2026-09-25,Friday,264.0,266.7692307692308,13,-2.7692307692307736,-1.038062283737026
55,55,2026-09-30,Wednesday,264.0,266.7692307692308,13,-2.7692307692307736,-1.038062283737026
55,55,2026-10-01,Thursday,264.0,266.7692307692308,13,-2.7692307692307736,-1.038062283737026
55,55,2026-10-02,Friday,264.0,266.7692307692308,13,-2.7692307692307736,-1.038062283737026
55,55,2026-10-07,Wednesday,264.0,266.7692307692308,13,-2.7692307692307736,-1.038062283737026
55,55,2026-09-09,Wednesday,264.0,266.7692307692308,13,-2.7692307692307736,-1.038062283737026
55,55,2026-10-08,Thursday,264.0,266.7692307692308,13,-2.7692307692307736,-1.038062283737026
55,55,2026-09-24,Thursday,264.0,266.7692307692308,13,-2.7692307692307736,-1.038062283737026
55,55,2026-09-10,Thursday,264.0,266.7692307692308,13,-2.7692307692307736,-1.038062283737026
55,55,2026-09-11,Friday,264.0,266.7692307692308,13,-2.7692307692307736,-1.038062283737026
55,55,2026-10-14,Wednesday,264.0,266.7692307692308,13,-2.7692307692307736,-1.038062283737026
55,55,2026-10-15,Thursday,264.0,266.7692307692308,13,-2.7692307692307736,-1.038062283737026
55,55,2026-10-16,Friday,264.0,266.7692307692308,13,-2.7692307692307736,-1.038062283737026
55,55,2026-10-21,Wednesday,264.0,266.7692307692308,13,-2.7692307692307736,-1.038062283737026
55,55,2026-09-17,Thursday,264.0,266.7692307692308,13,-2.7692307692307736,-1.038062283737026
55,55,2026-10-22,Thursday,264.0,266.7692307692308,13,-2.7692307692307736,-1.038062283737026
55,55,2026-09-03,Thursday,264.0,266.7692307692308,13,-2.7692307692307736,-1.038062283737026
55,55,2026-10-23,Friday,264.0,266.7692307692308,13,-2.7692307692307736,-1.038062283737026
55,55,2026-10-28,Wednesday,264.0,266.7692307692308,13,-2.7692307692307736,-1.038062283737026
55,55,2026-09-04,Friday,264.0,266.7692307692308,13,-2.7692307692307736,-1.038062283737026
55,55,2026-08-28,Friday,264.0,266.7692307692308,13,-2.7692307692307736,-1.038062283737026
55,55,2026-09-16,Wednesday,264.0,266.7692307692308,13,-2.7692307692307736,-1.038062283737026
55,55,2026-10-29,Thursday,264.0,266.7692307692308,13,-2.7692307692307736,-1.038062283737026
55,55,2026-08-26,Wednesday,264.0,266.7692307692308,13,-2.7692307692307736,-1.038062283737026
55,55,2026-09-02,Wednesday,264.0,266.7692307692308,13,-2.7692307692307736,-1.038062283737026
55,55,2026-10-30,Friday,264.0,266.7692307692308,13,-2.7692307692307736,-1.038062283737026
55,55,2026-09-18,Friday,264.0,266.7692307692308,13,-2.7692307692307736,-1.038062283737026
55,55,2026-10-09,Friday,264.0,266.7692307692308,13,-2.7692307692307736,-1.038062283737026
106,106,2026-08-17,Monday,133.0,130.25,12,2.75,2.111324376199616
106,106,2026-08-10,Monday,133.0,130.25,12,2.75,2.111324376199616
63,63,2026-08-10,Monday,305.0,302.25,12,2.75,0.9098428453267163
63,63,2026-08-17,Monday,305.0,302.25,12,2.75,0.9098428453267163
57,57,2026-08-17,Monday,126.0,123.25,12,2.75,2.231237322515213
57,57,2026-08-10,Monday,126.0,123.25,12,2.75,2.231237322515213
81W,81W,2026-08-24,Monday,88.0,85.33333333333333,12,2.6666666666666714,3.1250000000000058
81W,81W,2026-10-12,Monday,88.0,85.33333333333333,12,2.6666666666666714,3.1250000000000058
81W,81W,2026-10-19,Monday,88.0,85.33333333333333,12,2.6666666666666714,3.1250000000000058
81W,81W,2026-08-10,Monday,88.0,85.33333333333333,12,2.6666666666666714,3.1250000000000058
81W,81W,2026-08-17,Monday,88.0,85.33333333333333,12,2.6666666666666714,3.1250000000000058
81W,81W,2026-08-31,Monday,88.0,85.33333333333333,12,2.6666666666666714,3.1250000000000058
81W,81W,2026-09-14,Monday,88.0,85.33333333333333,12,2.6666666666666714,3.1250000000000058
81W,81W,2026-09-21,Monday,88.0,85.33333333333333,12,2.6666666666666714,3.1250000000000058
81W,81W,2026-09-28,Monday,88.0,85.33333333333333,12,2.6666666666666714,3.1250000000000058
81W,81W,2026-10-26,Monday,88.0,85.33333333333333,12,2.6666666666666714,3.1250000000000058
81W,81W,2026-10-05,Monday,88.0,85.33333333333333,12,2.6666666666666714,3.1250000000000058
54B,54B,2026-08-10,Monday,110.0,107.33333333333333,12,2.6666666666666714,2.4844720496894457
54B,54B,2026-08-31,Monday,110.0,107.33333333333333,12,2.6666666666666714,2.4844720496894457
54B,54B,2026-09-14,Monday,110.0,107.33333333333333,12,2.6666666666666714,2.4844720496894457
54B,54B,2026-08-17,Monday,110.0,107.33333333333333,12,2.6666666666666714,2.4844720496894457
54B,54B,2026-09-21,Monday,110.0,107.33333333333333,12,2.6666666666666714,2.4844720496894457
54B,54B,2026-09-28,Monday,110.0,107.33333333333333,12,2.6666666666666714,2.4844720496894457
54B,54B,2026-08-24,Monday,110.0,107.33333333333333,12,2.6666666666666714,2.4844720496894457
54B,54B,2026-10-05,Monday,110.0,107.33333333333333,12,2.6666666666666714,2.4844720496894457
54B,54B,2026-10-12,Monday,110.0,107.33333333333333,12,2.6666666666666714,2.4844720496894457
54B,54B,2026-10-19,Monday,110.0,107.33333333333333,12,2.6666666666666714,2.4844720496894457
54B,54B,2026-10-26,Monday,110.0,107.33333333333333,12,2.6666666666666714,2.4844720496894457
G,Green Line,2026-08-31,Monday,256.0,253.33333333333334,12,2.666666666666657,1.0526315789473646
G,Green Line,2026-08-10,Monday,256.0,253.33333333333334,12,2.666666666666657,1.0526315789473646
G,Green Line,2026-08-17,Monday,256.0,253.33333333333334,12,2.666666666666657,1.0526315789473646
G,Green Line,2026-08-24,Monday,256.0,253.33333333333334,12,2.666666666666657,1.0526315789473646
G,Green Line,2026-09-14,Monday,256.0,253.33333333333334,12,2.666666666666657,1.0526315789473646
G,Green Line,2026-09-21,Monday,256.0,253.33333333333334,12,2.666666666666657,1.0526315789473646
G,Green Line,2026-09-28,Monday,256.0,253.33333333333334,12,2.666666666666657,1.0526315789473646
G,Green Line,2026-10-05,Monday,256.0,253.33333333333334,12,2.666666666666657,1.0526315789473646
G,Green Line,2026-10-12,Monday,256.0,253.33333333333334,12,2.666666666666657,1.0526315789473646
G,Green Line,2026-10-19,Monday,256.0,253.33333333333334,12,2.666666666666657,1.0526315789473646
G,Green Line,2026-10-26,Monday,256.0,253.33333333333334,12,2.666666666666657,1.0526315789473646
147,147,2026-08-11,Tuesday,205.0,207.5,12,-2.5,-1.2048192771084338
147,147,2026-08-18,Tuesday,205.0,207.5,12,-2.5,-1.2048192771084338
24,24,2026-08-11,Tuesday,98.0,100.5,12,-2.5,-2.487562189054726
24,24,2026-08-18,Tuesday,98.0,100.5,12,-2.5,-2.487562189054726
28,28,2026-09-08,Tuesday,164.0,161.5,12,2.5,1.5479876160990713
93,93,2026-08-16,Sunday,74.0,76.5,12,-2.5,-3.2679738562091503
79,79,2026-08-16,Sunday,280.0,282.5,12,-2.5,-0.8849557522123894
79,79,2026-08-09,Sunday,280.0,282.5,12,-2.5,-0.8849557522123894
93,93,2026-08-09,Sunday,74.0,76.5,12,-2.5,-3.2679738562091503
Org,Orange Line,2026-08-10,Monday,144.0,141.5,12,2.5,1.7667844522968197
Org,Orange Line,2026-08-17,Monday,144.0,141.5,12,2.5,1.7667844522968197
Org,Orange Line,2026-08-24,Monday,144.0,141.5,12,2.5,1.7667844522968197
Org,Orange Line,2026-08-31,Monday,144.0,141.5,12,2.5,1.7667844522968197
Org,Orange Line,2026-09-14,Monday,144.0,141.5,12,2.5,1.7667844522968197
Org,Orange Line,2026-09-21,Monday,144.0,141.5,12,2.5,1.7667844522968197
Org,Orange Line,2026-09-28,Monday,144.0,141.5,12,2.5,1.7667844522968197
Org,Orange Line,2026-10-05,Monday,144.0,141.5,12,2.5,1.7667844522968197
Org,Orange Line,2026-10-12,Monday,144.0,141.5,12,2.5,1.7667844522968197
Org,Orange Line,2026-10-19,Monday,144.0,141.5,12,2.5,1.7667844522968197
Org,Orange Line,2026-10-26,Monday,144.0,141.5,12,2.5,1.7667844522968197
65,65,2026-08-09,Sunday,125.0,122.5,12,2.5,2.0408163265306123
70,70,2026-08-09,Sunday,131.0,133.5,12,-2.5,-1.8726591760299625
60,60,2026-08-11,Tuesday,249.0,251.5,12,-2.5,-0.9940357852882704
60,60,2026-08-18,Tuesday,249.0,251.5,12,-2.5,-0.9940357852882704
68,68,2026-08-18,Tuesday,96.0,98.5,12,-2.5,-2.5380710659898478
65,65,2026-08-16,Sunday,125.0,122.5,12,2.5,2.0408163265306123
57,57,2026-08-09,Sunday,54.0,56.5,12,-2.5,-4.424778761061947
68,68,2026-08-11,Tuesday,96.0,98.5,12,-2.5,-2.5380710659898478
70,70,2026-08-16,Sunday,131.0,133.5,12,-2.5,-1.8726591760299625
57,57,2026-08-16,Sunday,54.0,56.5,12,-2.5,-4.424778761061947
82,82,2026-09-08,Tuesday,281.0,283.4166666666667,12,-2.4166666666666856,-0.8526903851808358
53A,53A,2026-08-11,Tuesday,170.0,172.33333333333334,12,-2.333333333333343,-1.3539651837524231
53A,53A,2026-08-18,Tuesday,170.0,172.33333333333334,12,-2.333333333333343,-1.3539651837524231
95,95,2026-08-31,Monday,256.0,253.66666666666666,12,2.333333333333343,0.9198423127463901
95,95,2026-09-28,Monday,256.0,253.66666666666666,12,2.333333333333343,0.9198423127463901
95,95,2026-10-05,Monday,256.0,253.66666666666666,12,2.333333333333343,0.9198423127463901
95,95,2026-10-19,Monday,256.0,253.66666666666666,12,2.333333333333343,0.9198423127463901
95,95,2026-09-21,Monday,256.0,253.66666666666666,12,2.333333333333343,0.9198423127463901
95,95,2026-10-12,Monday,256.0,253.66666666666666,12,2.333333333333343,0.9198423127463901
95,95,2026-08-24,Monday,256.0,253.66666666666666,12,2.333333333333343,0.9198423127463901
95,95,2026-10-26,Monday,256.0,253.66666666666666,12,2.333333333333343,0.9198423127463901
95,95,2026-09-14,Monday,256.0,253.66666666666666,12,2.333333333333343,0.9198423127463901
54A,54A,2026-10-19,Monday,38.0,35.666666666666664,12,2.3333333333333357,6.5420560747663625
54A,54A,2026-10-12,Monday,38.0,35.666666666666664,12,2.3333333333333357,6.5420560747663625
54A,54A,2026-09-28,Monday,38.0,35.666666666666664,12,2.3333333333333357,6.5420560747663625
54A,54A,2026-10-05,Monday,38.0,35.666666666666664,12,2.3333333333333357,6.5420560747663625
54A,54A,2026-08-31,Monday,38.0,35.666666666666664,12,2.3333333333333357,6.5420560747663625
54A,54A,2026-08-24,Monday,38.0,35.666666666666664,12,2.3333333333333357,6.5420560747663625
54A,54A,2026-09-14,Monday,38.0,35.666666666666664,12,2.3333333333333357,6.5420560747663625
54A,54A,2026-10-26,Monday,38.0,35.666666666666664,12,2.3333333333333357,6.5420560747663625
54A,54A,2026-09-21,Monday,38.0,35.666666666666664,12,2.3333333333333357,6.5420560747663625
54,54,2026-09-01,Tuesday,272.0,269.6666666666667,12,2.3333333333333144,0.8652657601977679
54,54,2026-10-13,Tuesday,272.0,269.6666666666667,12,2.3333333333333144,0.8652657601977679
54,54,2026-08-25,Tuesday,272.0,269.6666666666667,12,2.3333333333333144,0.8652657601977679
54,54,2026-09-15,Tuesday,272.0,269.6666666666667,12,2.3333333333333144,0.8652657601977679
54,54,2026-09-22,Tuesday,272.0,269.6666666666667,12,2.3333333333333144,0.8652657601977679
54,54,2026-09-29,Tuesday,272.0,269.6666666666667,12,2.3333333333333144,0.8652657601977679
54,54,2026-10-06,Tuesday,272.0,269.6666666666667,12,2.3333333333333144,0.8652657601977679
54,54,2026-10-20,Tuesday,272.0,269.6666666666667,12,2.3333333333333144,0.8652657601977679
54,54,2026-10-27,Tuesday,272.0,269.6666666666667,12,2.3333333333333144,0.8652657601977679
147,147,2026-08-07,Friday,205.0,207.30769230769232,13,-2.307692307692321,-1.1131725417439766
147,147,2026-08-22,Saturday,216.0,218.30769230769232,13,-2.307692307692321,-1.0570824524312956
147,147,2026-08-19,Wednesday,205.0,207.30769230769232,13,-2.307692307692321,-1.1131725417439766
147,147,2026-08-21,Friday,205.0,207.30769230769232,13,-2.307692307692321,-1.1131725417439766
147,147,2026-08-15,Saturday,216.0,218.30769230769232,13,-2.307692307692321,-1.0570824524312956
147,147,2026-08-14,Friday,205.0,207.30769230769232,13,-2.307692307692321,-1.1131725417439766
147,147,2026-08-20,Thursday,205.0,207.30769230769232,13,-2.307692307692321,-1.1131725417439766
147,147,2026-08-13,Thursday,205.0,207.30769230769232,13,-2.307692307692321,-1.1131725417439766
147,147,2026-08-08,Saturday,216.0,218.30769230769232,13,-2.307692307692321,-1.0570824524312956
147,147,2026-08-12,Wednesday,205.0,207.30769230769232,13,-2.307692307692321,-1.1131725417439766
147,147,2026-08-05,Wednesday,205.0,207.30769230769232,13,-2.307692307692321,-1.1131725417439766
147,147,2026-08-06,Thursday,205.0,207.30769230769232,13,-2.307692307692321,-1.1131725417439766
53A,53A,2026-08-05,Wednesday,170.0,172.30769230769232,13,-2.307692307692321,-1.3392857142857217
53A,53A,2026-08-06,Thursday,170.0,172.30769230769232,13,-2.307692307692321,-1.3392857142857217
53A,53A,2026-08-07,Friday,170.0,172.30769230769232,13,-2.307692307692321,-1.3392857142857217
53A,53A,2026-08-12,Wednesday,170.0,172.30769230769232,13,-2.307692307692321,-1.3392857142857217
53A,53A,2026-08-13,Thursday,170.0,172.30769230769232,13,-2.307692307692321,-1.3392857142857217
53A,53A,2026-08-14,Friday,170.0,172.30769230769232,13,-2.307692307692321,-1.3392857142857217
53A,53A,2026-08-19,Wednesday,170.0,172.30769230769232,13,-2.307692307692321,-1.3392857142857217
53A,53A,2026-08-20,Thursday,170.0,172.30769230769232,13,-2.307692307692321,-1.3392857142857217
53A,53A,2026-08-21,Friday,170.0,172.30769230769232,13,-2.307692307692321,-1.3392857142857217
9,9,2026-10-31,Saturday,305.0,307.3076923076923,13,-2.307692307692321,-0.7509386733416813
9,9,2026-10-24,Saturday,305.0,307.3076923076923,13,-2.307692307692321,-0.7509386733416813
9,9,2026-09-26,Saturday,305.0,307.3076923076923,13,-2.307692307692321,-0.7509386733416813
9,9,2026-10-03,Saturday,305.0,307.3076923076923,13,-2.307692307692321,-0.7509386733416813
9,9,2026-10-10,Saturday,305.0,307.3076923076923,13,-2.307692307692321,-0.7509386733416813
9,9,2026-08-29,Saturday,305.0,307.3076923076923,13,-2.307692307692321,-0.7509386733416813
9,9,2026-09-12,Saturday,305.0,307.3076923076923,13,-2.307692307692321,-0.7509386733416813
9,9,2026-10-17,Saturday,305.0,307.3076923076923,13,-2.307692307692321,-0.7509386733416813
9,9,2026-09-05,Saturday,305.0,307.3076923076923,13,-2.307692307692321,-0.7509386733416813
9,9,2026-09-19,Saturday,305.0,307.3076923076923,13,-2.307692307692321,-0.7509386733416813
63,63,2026-09-12,Saturday,262.0,264.3076923076923,13,-2.307692307692321,-0.8731082654249176
67,67,2026-10-21,Wednesday,227.0,224.69230769230768,13,2.307692307692321,1.02704553235194
60,60,2026-08-06,Thursday,249.0,251.30769230769232,13,-2.307692307692321,-0.918273645546378
60,60,2026-08-07,Friday,249.0,251.30769230769232,13,-2.307692307692321,-0.918273645546378
67,67,2026-09-16,Wednesday,227.0,224.69230769230768,13,2.307692307692321,1.02704553235194
60,60,2026-08-12,Wednesday,249.0,251.30769230769232,13,-2.307692307692321,-0.918273645546378
67,67,2026-10-07,Wednesday,227.0,224.69230769230768,13,2.307692307692321,1.02704553235194
60,60,2026-08-13,Thursday,249.0,251.30769230769232,13,-2.307692307692321,-0.918273645546378
63,63,2026-10-31,Saturday,262.0,264.3076923076923,13,-2.307692307692321,-0.8731082654249176
63,63,2026-09-19,Saturday,262.0,264.3076923076923,13,-2.307692307692321,-0.8731082654249176
60,60,2026-08-14,Friday,249.0,251.30769230769232,13,-2.307692307692321,-0.918273645546378
63,63,2026-10-17,Saturday,262.0,264.3076923076923,13,-2.307692307692321,-0.8731082654249176
67,67,2026-08-26,Wednesday,227.0,224.69230769230768,13,2.307692307692321,1.02704553235194
67,67,2026-10-14,Wednesday,227.0,224.69230769230768,13,2.307692307692321,1.02704553235194
60,60,2026-08-05,Wednesday,249.0,251.30769230769232,13,-2.307692307692321,-0.918273645546378
72,72,2026-08-06,Thursday,296.0,298.3076923076923,13,-2.307692307692321,-0.7735946364105253
60,60,2026-08-19,Wednesday,249.0,251.30769230769232,13,-2.307692307692321,-0.918273645546378
72,72,2026-08-07,Friday,296.0,298.3076923076923,13,-2.307692307692321,-0.7735946364105253
70,70,2026-08-12,Wednesday,211.0,213.30769230769232,13,-2.307692307692321,-1.0818608005769985
67,67,2026-09-02,Wednesday,227.0,224.69230769230768,13,2.307692307692321,1.02704553235194
67,67,2026-10-28,Wednesday,227.0,224.69230769230768,13,2.307692307692321,1.02704553235194
70,70,2026-08-22,Saturday,146.0,148.30769230769232,13,-2.307692307692321,-1.5560165975103821
63,63,2026-10-24,Saturday,262.0,264.3076923076923,13,-2.307692307692321,-0.8731082654249176
72,72,2026-08-12,Wednesday,296.0,298.3076923076923,13,-2.307692307692321,-0.7735946364105253
72,72,2026-08-13,Thursday,296.0,298.3076923076923,13,-2.307692307692321,-0.7735946364105253
60,60,2026-08-20,Thursday,249.0,251.30769230769232,13,-2.307692307692321,-0.918273645546378
72,72,2026-08-14,Friday,296.0,298.3076923076923,13,-2.307692307692321,-0.7735946364105253
55,55,2026-08-22,Saturday,237.0,239.30769230769232,13,-2.307692307692321,-0.9643201542912301
72,72,2026-08-05,Wednesday,296.0,298.3076923076923,13,-2.307692307692321,-0.7735946364105253
70,70,2026-08-05,Wednesday,211.0,213.30769230769232,13,-2.307692307692321,-1.0818608005769985
60,60,2026-08-21,Friday,249.0,251.30769230769232,13,-2.307692307692321,-0.918273645546378
67,67,2026-09-23,Wednesday,227.0,224.69230769230768,13,2.307692307692321,1.02704553235194
63,63,2026-09-26,Saturday,262.0,264.3076923076923,13,-2.307692307692321,-0.8731082654249176
55,55,2026-08-08,Saturday,237.0,239.30769230769232,13,-2.307692307692321,-0.9643201542912301
70,70,2026-08-19,Wednesday,211.0,213.30769230769232,13,-2.307692307692321,-1.0818608005769985
63,63,2026-09-05,Saturday,262.0,264.3076923076923,13,-2.307692307692321,-0.8731082654249176
72,72,2026-08-21,Friday,296.0,298.3076923076923,13,-2.307692307692321,-0.7735946364105253
70,70,2026-08-08,Saturday,146.0,148.30769230769232,13,-2.307692307692321,-1.5560165975103821
63,63,2026-10-10,Saturday,262.0,264.3076923076923,13,-2.307692307692321,-0.8731082654249176
67,67,2026-09-30,Wednesday,227.0,224.69230769230768,13,2.307692307692321,1.02704553235194
55,55,2026-08-15,Saturday,237.0,239.30769230769232,13,-2.307692307692321,-0.9643201542912301
72,72,2026-08-19,Wednesday,296.0,298.3076923076923,13,-2.307692307692321,-0.7735946364105253
63,63,2026-10-03,Saturday,262.0,264.3076923076923,13,-2.307692307692321,-0.8731082654249176
63,63,2026-08-29,Saturday,262.0,264.3076923076923,13,-2.307692307692321,-0.8731082654249176
67,67,2026-09-09,Wednesday,227.0,224.69230769230768,13,2.307692307692321,1.02704553235194
70,70,2026-08-15,Saturday,146.0,148.30769230769232,13,-2.307692307692321,-1.5560165975103821
72,72,2026-08-20,Thursday,296.0,298.3076923076923,13,-2.307692307692321,-0.7735946364105253
24,24,2026-08-19,Wednesday,98.0,100.3076923076923,13,-2.3076923076923066,-2.3006134969325145
152,152,2026-08-22,Saturday,124.0,121.6923076923077,13,2.3076923076923066,1.8963337547408334
24,24,2026-08-21,Friday,98.0,100.3076923076923,13,-2.3076923076923066,-2.3006134969325145
152,152,2026-08-08,Saturday,124.0,121.6923076923077,13,2.3076923076923066,1.8963337547408334
24,24,2026-08-05,Wednesday,98.0,100.3076923076923,13,-2.3076923076923066,-2.3006134969325145
24,24,2026-08-06,Thursday,98.0,100.3076923076923,13,-2.3076923076923066,-2.3006134969325145
24,24,2026-08-07,Friday,98.0,100.3076923076923,13,-2.3076923076923066,-2.3006134969325145
152,152,2026-08-15,Saturday,124.0,121.6923076923077,13,2.3076923076923066,1.8963337547408334
24,24,2026-08-20,Thursday,98.0,100.3076923076923,13,-2.3076923076923066,-2.3006134969325145
24,24,2026-08-12,Wednesday,98.0,100.3076923076923,13,-2.3076923076923066,-2.3006134969325145
24,24,2026-08-13,Thursday,98.0,100.3076923076923,13,-2.3076923076923066,-2.3006134969325145
24,24,2026-08-14,Friday,98.0,100.3076923076923,13,-2.3076923076923066,-2.3006134969325145
44,44,2026-08-08,Saturday,80.0,77.6923076923077,13,2.3076923076923066,2.970297029702969
44,44,2026-08-15,Saturday,80.0,77.6923076923077,13,2.3076923076923066,2.970297029702969
44,44,2026-08-22,Saturday,80.0,77.6923076923077,13,2.3076923076923066,2.970297029702969
68,68,2026-08-13,Thursday,96.0,98.3076923076923,13,-2.3076923076923066,-2.3474178403755857
68,68,2026-08-12,Wednesday,96.0,98.3076923076923,13,-2.3076923076923066,-2.3474178403755857
68,68,2026-08-21,Friday,96.0,98.3076923076923,13,-2.3076923076923066,-2.3474178403755857
68,68,2026-08-07,Friday,96.0,98.3076923076923,13,-2.3076923076923066,-2.3474178403755857
68,68,2026-08-06,Thursday,96.0,98.3076923076923,13,-2.3076923076923066,-2.3474178403755857
68,68,2026-08-20,Thursday,96.0,98.3076923076923,13,-2.3076923076923066,-2.3474178403755857
68,68,2026-08-19,Wednesday,96.0,98.3076923076923,13,-2.3076923076923066,-2.3474178403755857
68,68,2026-08-14,Friday,96.0,98.3076923076923,13,-2.3076923076923066,-2.3474178403755857
68,68,2026-08-05,Wednesday,96.0,98.3076923076923,13,-2.3076923076923066,-2.3474178403755857
151,151,2026-09-21,Monday,209.0,206.75,12,2.25,1.0882708585247884
151,151,2026-09-28,Monday,209.0,206.75,12,2.25,1.0882708585247884
151,151,2026-10-05,Monday,209.0,206.75,12,2.25,1.0882708585247884
151,151,2026-10-12,Monday,209.0,206.75,12,2.25,1.0882708585247884
151,151,2026-08-10,Monday,209.0,206.75,12,2.25,1.0882708585247884
151,151,2026-09-14,Monday,209.0,206.75,12,2.25,1.0882708585247884
151,151,2026-08-31,Monday,209.0,206.75,12,2.25,1.0882708585247884
151,151,2026-08-24,Monday,209.0,206.75,12,2.25,1.0882708585247884
151,151,2026-08-17,Monday,209.0,206.75,12,2.25,1.0882708585247884
151,151,2026-10-19,Monday,209.0,206.75,12,2.25,1.0882708585247884
151,151,2026-10-26,Monday,209.0,206.75,12,2.25,1.0882708585247884
63,63,2026-09-08,Tuesday,306.0,303.8333333333333,12,2.1666666666666856,0.7131102578167918
72,72,2026-08-11,Tuesday,296.0,298.1666666666667,12,-2.1666666666666856,-0.7266629401900566
72,72,2026-08-18,Tuesday,296.0,298.1666666666667,12,-2.1666666666666856,-0.7266629401900566
103,103,2026-08-24,Monday,129.0,126.83333333333333,12,2.1666666666666714,1.7082785808147212
103,103,2026-08-31,Monday,129.0,126.83333333333333,12,2.1666666666666714,1.7082785808147212
103,103,2026-09-14,Monday,129.0,126.83333333333333,12,2.1666666666666714,1.7082785808147212
103,103,2026-09-21,Monday,129.0,126.83333333333333,12,2.1666666666666714,1.7082785808147212
103,103,2026-09-28,Monday,129.0,126.83333333333333,12,2.1666666666666714,1.7082785808147212
103,103,2026-10-05,Monday,129.0,126.83333333333333,12,2.1666666666666714,1.7082785808147212
103,103,2026-10-12,Monday,129.0,126.83333333333333,12,2.1666666666666714,1.7082785808147212
103,103,2026-10-19,Monday,129.0,126.83333333333333,12,2.1666666666666714,1.7082785808147212
103,103,2026-10-26,Monday,129.0,126.83333333333333,12,2.1666666666666714,1.7082785808147212
12,12,2026-08-10,Monday,253.0,250.83333333333334,12,2.166666666666657,0.8637873754152786
12,12,2026-08-17,Monday,253.0,250.83333333333334,12,2.166666666666657,0.8637873754152786
115,115,2026-09-21,Monday,143.0,140.91666666666666,12,2.083333333333343,1.4784151389710298
115,115,2026-10-19,Monday,143.0,140.91666666666666,12,2.083333333333343,1.4784151389710298
115,115,2026-09-28,Monday,143.0,140.91666666666666,12,2.083333333333343,1.4784151389710298
115,115,2026-10-26,Monday,143.0,140.91666666666666,12,2.083333333333343,1.4784151389710298
115,115,2026-08-17,Monday,143.0,140.91666666666666,12,2.083333333333343,1.4784151389710298
115,115,2026-10-05,Monday,143.0,140.91666666666666,12,2.083333333333343,1.4784151389710298
115,115,2026-10-12,Monday,143.0,140.91666666666666,12,2.083333333333343,1.4784151389710298
115,115,2026-08-10,Monday,143.0,140.91666666666666,12,2.083333333333343,1.4784151389710298
115,115,2026-09-14,Monday,143.0,140.91666666666666,12,2.083333333333343,1.4784151389710298
115,115,2026-08-24,Monday,143.0,140.91666666666666,12,2.083333333333343,1.4784151389710298
115,115,2026-08-31,Monday,143.0,140.91666666666666,12,2.083333333333343,1.4784151389710298
4,4,2026-09-21,Monday,250.0,247.91666666666666,12,2.083333333333343,0.8403361344537854
4,4,2026-10-05,Monday,250.0,247.91666666666666,12,2.083333333333343,0.8403361344537854
29,29,2026-10-26,Monday,162.0,159.91666666666666,12,2.083333333333343,1.3027618551328877
4,4,2026-10-12,Monday,250.0,247.91666666666666,12,2.083333333333343,0.8403361344537854
29,29,2026-09-14,Monday,162.0,159.91666666666666,12,2.083333333333343,1.3027618551328877
29,29,2026-10-12,Monday,162.0,159.91666666666666,12,2.083333333333343,1.3027618551328877
4,4,2026-10-19,Monday,250.0,247.91666666666666,12,2.083333333333343,0.8403361344537854
4,4,2026-10-26,Monday,250.0,247.91666666666666,12,2.083333333333343,0.8403361344537854
50,50,2026-08-10,Monday,166.0,168.08333333333334,12,-2.083333333333343,-1.239464551313838
29,29,2026-09-21,Monday,162.0,159.91666666666666,12,2.083333333333343,1.3027618551328877
4,4,2026-08-24,Monday,250.0,247.91666666666666,12,2.083333333333343,0.8403361344537854
50,50,2026-08-17,Monday,166.0,168.08333333333334,12,-2.083333333333343,-1.239464551313838
29,29,2026-08-10,Monday,162.0,159.91666666666666,12,2.083333333333343,1.3027618551328877
29,29,2026-08-17,Monday,162.0,159.91666666666666,12,2.083333333333343,1.3027618551328877
29,29,2026-09-28,Monday,162.0,159.91666666666666,12,2.083333333333343,1.3027618551328877
29,29,2026-10-19,Monday,162.0,159.91666666666666,12,2.083333333333343,1.3027618551328877
4,4,2026-09-28,Monday,250.0,247.91666666666666,12,2.083333333333343,0.8403361344537854
4,4,2026-08-31,Monday,250.0,247.91666666666666,12,2.083333333333343,0.8403361344537854
29,29,2026-10-05,Monday,162.0,159.91666666666666,12,2.083333333333343,1.3027618551328877
29,29,2026-08-24,Monday,162.0,159.91666666666666,12,2.083333333333343,1.3027618551328877
29,29,2026-08-31,Monday,162.0,159.91666666666666,12,2.083333333333343,1.3027618551328877
4,4,2026-09-14,Monday,250.0,247.91666666666666,12,2.083333333333343,0.8403361344537854
66,66,2026-10-31,Saturday,373.0,375.0769230769231,13,-2.0769230769230944,-0.5537325676784296
66,66,2026-08-29,Saturday,373.0,375.0769230769231,13,-2.0769230769230944,-0.5537325676784296
66,66,2026-10-17,Saturday,373.0,375.0769230769231,13,-2.0769230769230944,-0.5537325676784296
66,66,2026-09-19,Saturday,373.0,375.0769230769231,13,-2.0769230769230944,-0.5537325676784296
66,66,2026-09-26,Saturday,373.0,375.0769230769231,13,-2.0769230769230944,-0.5537325676784296
66,66,2026-09-05,Saturday,373.0,375.0769230769231,13,-2.0769230769230944,-0.5537325676784296
66,66,2026-10-24,Saturday,373.0,375.0769230769231,13,-2.0769230769230944,-0.5537325676784296
66,66,2026-09-12,Saturday,373.0,375.0769230769231,13,-2.0769230769230944,-0.5537325676784296
66,66,2026-10-10,Saturday,373.0,375.0769230769231,13,-2.0769230769230944,-0.5537325676784296
66,66,2026-10-03,Saturday,373.0,375.0769230769231,13,-2.0769230769230944,-0.5537325676784296
126,126,2026-08-29,Saturday,119.0,121.07692307692308,13,-2.07692307692308,-1.7153748411689989
126,126,2026-09-05,Saturday,119.0,121.07692307692308,13,-2.07692307692308,-1.7153748411689989
126,126,2026-09-12,Saturday,119.0,121.07692307692308,13,-2.07692307692308,-1.7153748411689989
126,126,2026-09-19,Saturday,119.0,121.07692307692308,13,-2.07692307692308,-1.7153748411689989
126,126,2026-09-26,Saturday,119.0,121.07692307692308,13,-2.07692307692308,-1.7153748411689989
126,126,2026-10-03,Saturday,119.0,121.07692307692308,13,-2.07692307692308,-1.7153748411689989
126,126,2026-10-10,Saturday,119.0,121.07692307692308,13,-2.07692307692308,-1.7153748411689989
126,126,2026-10-17,Saturday,119.0,121.07692307692308,13,-2.07692307692308,-1.7153748411689989
126,126,2026-10-24,Saturday,119.0,121.07692307692308,13,-2.07692307692308,-1.7153748411689989
126,126,2026-10-31,Saturday,119.0,121.07692307692308,13,-2.07692307692308,-1.7153748411689989
Y,Yellow Line,2026-08-24,Monday,160.0,158.0,12,2.0,1.2658227848101267
Y,Yellow Line,2026-08-31,Monday,160.0,158.0,12,2.0,1.2658227848101267
Y,Yellow Line,2026-09-14,Monday,160.0,158.0,12,2.0,1.2658227848101267
Y,Yellow Line,2026-09-21,Monday,160.0,158.0,12,2.0,1.2658227848101267
Y,Yellow Line,2026-09-28,Monday,160.0,158.0,12,2.0,1.2658227848101267
Y,Yellow Line,2026-10-05,Monday,160.0,158.0,12,2.0,1.2658227848101267
Y,Yellow Line,2026-10-12,Monday,160.0,158.0,12,2.0,1.2658227848101267
Y,Yellow Line,2026-10-19,Monday,160.0,158.0,12,2.0,1.2658227848101267
Y,Yellow Line,2026-10-26,Monday,160.0,158.0,12,2.0,1.2658227848101267
Y,Yellow Line,2026-08-10,Monday,160.0,158.0,12,2.0,1.2658227848101267
Y,Yellow Line,2026-08-17,Monday,160.0,158.0,12,2.0,1.2658227848101267
55,55,2026-09-22,Tuesday,264.0,266.0,12,-2.0,-0.7518796992481203
55,55,2026-09-29,Tuesday,264.0,266.0,12,-2.0,-0.7518796992481203
55,55,2026-09-08,Tuesday,264.0,266.0,12,-2.0,-0.7518796992481203
55,55,2026-10-06,Tuesday,264.0,266.0,12,-2.0,-0.7518796992481203
55,55,2026-10-13,Tuesday,264.0,266.0,12,-2.0,-0.7518796992481203
55,55,2026-10-20,Tuesday,264.0,266.0,12,-2.0,-0.7518796992481203
55,55,2026-09-15,Tuesday,264.0,266.0,12,-2.0,-0.7518796992481203
55,55,2026-10-27,Tuesday,264.0,266.0,12,-2.0,-0.7518796992481203
55,55,2026-08-25,Tuesday,264.0,266.0,12,-2.0,-0.7518796992481203
55,55,2026-09-01,Tuesday,264.0,266.0,12,-2.0,-0.7518796992481203
49,49,2026-08-17,Monday,269.0,267.0833333333333,12,1.9166666666666856,0.7176287051482131
49,49,2026-08-10,Monday,269.0,267.0833333333333,12,1.9166666666666856,0.7176287051482131
80,80,2026-08-10,Monday,203.0,201.08333333333334,12,1.9166666666666572,0.9531703273932816
80,80,2026-08-17,Monday,203.0,201.08333333333334,12,1.9166666666666572,0.9531703273932816
20,20,2026-09-09,Wednesday,338.0,339.84615384615387,13,-1.846153846153868,-0.543232231779092
20,20,2026-09-03,Thursday,338.0,339.84615384615387,13,-1.846153846153868,-0.543232231779092
20,20,2026-09-11,Friday,338.0,339.84615384615387,13,-1.846153846153868,-0.543232231779092
20,20,2026-10-01,Thursday,338.0,339.84615384615387,13,-1.846153846153868,-0.543232231779092
20,20,2026-10-02,Friday,338.0,339.84615384615387,13,-1.846153846153868,-0.543232231779092
20,20,2026-10-28,Wednesday,338.0,339.84615384615387,13,-1.846153846153868,-0.543232231779092
20,20,2026-08-27,Thursday,338.0,339.84615384615387,13,-1.846153846153868,-0.543232231779092
20,20,2026-10-07,Wednesday,338.0,339.84615384615387,13,-1.846153846153868,-0.543232231779092
20,20,2026-09-10,Thursday,338.0,339.84615384615387,13,-1.846153846153868,-0.543232231779092
20,20,2026-09-23,Wednesday,338.0,339.84615384615387,13,-1.846153846153868,-0.543232231779092
20,20,2026-09-30,Wednesday,338.0,339.84615384615387,13,-1.846153846153868,-0.543232231779092
20,20,2026-10-29,Thursday,338.0,339.84615384615387,13,-1.846153846153868,-0.543232231779092
20,20,2026-10-09,Friday,338.0,339.84615384615387,13,-1.846153846153868,-0.543232231779092
20,20,2026-10-30,Friday,338.0,339.84615384615387,13,-1.846153846153868,-0.543232231779092
20,20,2026-08-26,Wednesday,338.0,339.84615384615387,13,-1.846153846153868,-0.543232231779092
20,20,2026-09-02,Wednesday,338.0,339.84615384615387,13,-1.846153846153868,-0.543232231779092
20,20,2026-09-16,Wednesday,338.0,339.84615384615387,13,-1.846153846153868,-0.543232231779092
20,20,2026-09-24,Thursday,338.0,339.84615384615387,13,-1.846153846153868,-0.543232231779092
20,20,2026-10-14,Wednesday,338.0,339.84615384615387,13,-1.846153846153868,-0.543232231779092
20,20,2026-10-15,Thursday,338.0,339.84615384615387,13,-1.846153846153868,-0.543232231779092
20,20,2026-09-17,Thursday,338.0,339.84615384615387,13,-1.846153846153868,-0.543232231779092
20,20,2026-09-18,Friday,338.0,339.84615384615387,13,-1.846153846153868,-0.543232231779092
20,20,2026-10-16,Friday,338.0,339.84615384615387,13,-1.846153846153868,-0.543232231779092
20,20,2026-09-25,Friday,338.0,339.84615384615387,13,-1.846153846153868,-0.543232231779092
20,20,2026-09-04,Friday,338.0,339.84615384615387,13,-1.846153846153868,-0.543232231779092
20,20,2026-10-23,Friday,338.0,339.84615384615387,13,-1.846153846153868,-0.543232231779092
20,20,2026-08-28,Friday,338.0,339.84615384615387,13,-1.846153846153868,-0.543232231779092
20,20,2026-10-22,Thursday,338.0,339.84615384615387,13,-1.846153846153868,-0.543232231779092
20,20,2026-10-21,Wednesday,338.0,339.84615384615387,13,-1.846153846153868,-0.543232231779092
20,20,2026-10-08,Thursday,338.0,339.84615384615387,13,-1.846153846153868,-0.543232231779092
87,87,2026-10-02,Friday,263.0,264.84615384615387,13,-1.846153846153868,-0.6970665117630056
87,87,2026-10-14,Wednesday,263.0,264.84615384615387,13,-1.846153846153868,-0.6970665117630056
87,87,2026-10-30,Friday,263.0,264.84615384615387,13,-1.846153846153868,-0.6970665117630056
87,87,2026-09-11,Friday,263.0,264.84615384615387,13,-1.846153846153868,-0.6970665117630056
87,87,2026-09-10,Thursday,263.0,264.84615384615387,13,-1.846153846153868,-0.6970665117630056
87,87,2026-09-18,Friday,263.0,264.84615384615387,13,-1.846153846153868,-0.6970665117630056
87,87,2026-09-09,Wednesday,263.0,264.84615384615387,13,-1.846153846153868,-0.6970665117630056
87,87,2026-09-04,Friday,263.0,264.84615384615387,13,-1.846153846153868,-0.6970665117630056
87,87,2026-10-29,Thursday,263.0,264.84615384615387,13,-1.846153846153868,-0.6970665117630056
87,87,2026-09-02,Wednesday,263.0,264.84615384615387,13,-1.846153846153868,-0.6970665117630056
87,87,2026-10-28,Wednesday,263.0,264.84615384615387,13,-1.846153846153868,-0.6970665117630056
87,87,2026-10-01,Thursday,263.0,264.84615384615387,13,-1.846153846153868,-0.6970665117630056
87,87,2026-10-08,Thursday,263.0,264.84615384615387,13,-1.846153846153868,-0.6970665117630056
87,87,2026-10-23,Friday,263.0,264.84615384615387,13,-1.846153846153868,-0.6970665117630056
87,87,2026-09-17,Thursday,263.0,264.84615384615387,13,-1.846153846153868,-0.6970665117630056
87,87,2026-09-25,Friday,263.0,264.84615384615387,13,-1.846153846153868,-0.6970665117630056
87,87,2026-08-28,Friday,263.0,264.84615384615387,13,-1.846153846153868,-0.6970665117630056
87,87,2026-10-16,Friday,263.0,264.84615384615387,13,-1.846153846153868,-0.6970665117630056
87,87,2026-09-30,Wednesday,263.0,264.84615384615387,13,-1.846153846153868,-0.6970665117630056
87,87,2026-08-27,Thursday,263.0,264.84615384615387,13,-1.846153846153868,-0.6970665117630056
87,87,2026-09-23,Wednesday,263.0,264.84615384615387,13,-1.846153846153868,-0.6970665117630056
87,87,2026-09-24,Thursday,263.0,264.84615384615387,13,-1.846153846153868,-0.6970665117630056
87,87,2026-09-16,Wednesday,263.0,264.84615384615387,13,-1.846153846153868,-0.6970665117630056
87,87,2026-10-22,Thursday,263.0,264.84615384615387,13,-1.846153846153868,-0.6970665117630056
87,87,2026-10-07,Wednesday,263.0,264.84615384615387,13,-1.846153846153868,-0.6970665117630056
87,87,2026-08-26,Wednesday,263.0,264.84615384615387,13,-1.846153846153868,-0.6970665117630056
87,87,2026-10-21,Wednesday,263.0,264.84615384615387,13,-1.846153846153868,-0.6970665117630056
87,87,2026-10-09,Friday,263.0,264.84615384615387,13,-1.846153846153868,-0.6970665117630056
87,87,2026-10-15,Thursday,263.0,264.84615384615387,13,-1.846153846153868,-0.6970665117630056
87,87,2026-09-03,Thursday,263.0,264.84615384615387,13,-1.846153846153868,-0.6970665117630056
126,126,2026-09-25,Friday,146.0,147.84615384615384,13,-1.8461538461538396,-1.2486992715920873
126,126,2026-08-28,Friday,146.0,147.84615384615384,13,-1.8461538461538396,-1.2486992715920873
126,126,2026-10-01,Thursday,146.0,147.84615384615384,13,-1.8461538461538396,-1.2486992715920873
126,126,2026-10-02,Friday,146.0,147.84615384615384,13,-1.8461538461538396,-1.2486992715920873
126,126,2026-10-07,Wednesday,146.0,147.84615384615384,13,-1.8461538461538396,-1.2486992715920873
126,126,2026-10-08,Thursday,146.0,147.84615384615384,13,-1.8461538461538396,-1.2486992715920873
126,126,2026-10-09,Friday,146.0,147.84615384615384,13,-1.8461538461538396,-1.2486992715920873
126,126,2026-09-02,Wednesday,146.0,147.84615384615384,13,-1.8461538461538396,-1.2486992715920873
126,126,2026-09-30,Wednesday,146.0,147.84615384615384,13,-1.8461538461538396,-1.2486992715920873
126,126,2026-10-15,Thursday,146.0,147.84615384615384,13,-1.8461538461538396,-1.2486992715920873
126,126,2026-10-16,Friday,146.0,147.84615384615384,13,-1.8461538461538396,-1.2486992715920873
126,126,2026-09-03,Thursday,146.0,147.84615384615384,13,-1.8461538461538396,-1.2486992715920873
126,126,2026-10-21,Wednesday,146.0,147.84615384615384,13,-1.8461538461538396,-1.2486992715920873
126,126,2026-10-22,Thursday,146.0,147.84615384615384,13,-1.8461538461538396,-1.2486992715920873
126,126,2026-10-23,Friday,146.0,147.84615384615384,13,-1.8461538461538396,-1.2486992715920873
126,126,2026-09-04,Friday,146.0,147.84615384615384,13,-1.8461538461538396,-1.2486992715920873
126,126,2026-10-28,Wednesday,146.0,147.84615384615384,13,-1.8461538461538396,-1.2486992715920873
126,126,2026-10-29,Thursday,146.0,147.84615384615384,13,-1.8461538461538396,-1.2486992715920873
126,126,2026-10-30,Friday,146.0,147.84615384615384,13,-1.8461538461538396,-1.2486992715920873
126,126,2026-09-09,Wednesday,146.0,147.84615384615384,13,-1.8461538461538396,-1.2486992715920873
126,126,2026-09-10,Thursday,146.0,147.84615384615384,13,-1.8461538461538396,-1.2486992715920873
126,126,2026-09-11,Friday,146.0,147.84615384615384,13,-1.8461538461538396,-1.2486992715920873
126,126,2026-09-16,Wednesday,146.0,147.84615384615384,13,-1.8461538461538396,-1.2486992715920873
126,126,2026-09-17,Thursday,146.0,147.84615384615384,13,-1.8461538461538396,-1.2486992715920873
126,126,2026-09-24,Thursday,146.0,147.84615384615384,13,-1.8461538461538396,-1.2486992715920873
126,126,2026-09-18,Friday,146.0,147.84615384615384,13,-1.8461538461538396,-1.2486992715920873
126,126,2026-09-23,Wednesday,146.0,147.84615384615384,13,-1.8461538461538396,-1.2486992715920873
126,126,2026-08-26,Wednesday,146.0,147.84615384615384,13,-1.8461538461538396,-1.2486992715920873
126,126,2026-08-27,Thursday,146.0,147.84615384615384,13,-1.8461538461538396,-1.2486992715920873
126,126,2026-10-14,Wednesday,146.0,147.84615384615384,13,-1.8461538461538396,-1.2486992715920873
44,44,2026-09-02,Wednesday,141.0,139.15384615384616,13,1.8461538461538396,1.326699834162516
44,44,2026-09-17,Thursday,141.0,139.15384615384616,13,1.8461538461538396,1.326699834162516
44,44,2026-10-09,Friday,141.0,139.15384615384616,13,1.8461538461538396,1.326699834162516
44,44,2026-10-01,Thursday,141.0,139.15384615384616,13,1.8461538461538396,1.326699834162516
44,44,2026-10-14,Wednesday,141.0,139.15384615384616,13,1.8461538461538396,1.326699834162516
44,44,2026-10-15,Thursday,141.0,139.15384615384616,13,1.8461538461538396,1.326699834162516
44,44,2026-09-23,Wednesday,141.0,139.15384615384616,13,1.8461538461538396,1.326699834162516
44,44,2026-10-07,Wednesday,141.0,139.15384615384616,13,1.8461538461538396,1.326699834162516
44,44,2026-09-03,Thursday,141.0,139.15384615384616,13,1.8461538461538396,1.326699834162516
44,44,2026-10-16,Friday,141.0,139.15384615384616,13,1.8461538461538396,1.326699834162516
44,44,2026-09-25,Friday,141.0,139.15384615384616,13,1.8461538461538396,1.326699834162516
44,44,2026-09-09,Wednesday,141.0,139.15384615384616,13,1.8461538461538396,1.326699834162516
44,44,2026-10-21,Wednesday,141.0,139.15384615384616,13,1.8461538461538396,1.326699834162516
44,44,2026-10-22,Thursday,141.0,139.15384615384616,13,1.8461538461538396,1.326699834162516
44,44,2026-10-23,Friday,141.0,139.15384615384616,13,1.8461538461538396,1.326699834162516
44,44,2026-10-28,Wednesday,141.0,139.15384615384616,13,1.8461538461538396,1.326699834162516
44,44,2026-10-29,Thursday,141.0,139.15384615384616,13,1.8461538461538396,1.326699834162516
44,44,2026-10-30,Friday,141.0,139.15384615384616,13,1.8461538461538396,1.326699834162516
44,44,2026-09-10,Thursday,141.0,139.15384615384616,13,1.8461538461538396,1.326699834162516
44,44,2026-10-08,Thursday,141.0,139.15384615384616,13,1.8461538461538396,1.326699834162516
44,44,2026-09-04,Friday,141.0,139.15384615384616,13,1.8461538461538396,1.326699834162516
44,44,2026-09-11,Friday,141.0,139.15384615384616,13,1.8461538461538396,1.326699834162516
44,44,2026-10-02,Friday,141.0,139.15384615384616,13,1.8461538461538396,1.326699834162516
44,44,2026-09-16,Wednesday,141.0,139.15384615384616,13,1.8461538461538396,1.326699834162516
44,44,2026-09-18,Friday,141.0,139.15384615384616,13,1.8461538461538396,1.326699834162516
44,44,2026-09-30,Wednesday,141.0,139.15384615384616,13,1.8461538461538396,1.326699834162516
44,44,2026-08-28,Friday,141.0,139.15384615384616,13,1.8461538461538396,1.326699834162516
44,44,2026-08-26,Wednesday,141.0,139.15384615384616,13,1.8461538461538396,1.326699834162516
44,44,2026-08-27,Thursday,141.0,139.15384615384616,13,1.8461538461538396,1.326699834162516
44,44,2026-09-24,Thursday,141.0,139.15384615384616,13,1.8461538461538396,1.326699834162516
84,84,2026-10-22,Thursday,142.0,140.15384615384616,13,1.8461538461538396,1.3172338090010929
84,84,2026-09-30,Wednesday,142.0,140.15384615384616,13,1.8461538461538396,1.3172338090010929
84,84,2026-09-11,Friday,142.0,140.15384615384616,13,1.8461538461538396,1.3172338090010929
84,84,2026-10-23,Friday,142.0,140.15384615384616,13,1.8461538461538396,1.3172338090010929
84,84,2026-10-14,Wednesday,142.0,140.15384615384616,13,1.8461538461538396,1.3172338090010929
84,84,2026-09-10,Thursday,142.0,140.15384615384616,13,1.8461538461538396,1.3172338090010929
84,84,2026-09-09,Wednesday,142.0,140.15384615384616,13,1.8461538461538396,1.3172338090010929
84,84,2026-09-16,Wednesday,142.0,140.15384615384616,13,1.8461538461538396,1.3172338090010929
84,84,2026-10-21,Wednesday,142.0,140.15384615384616,13,1.8461538461538396,1.3172338090010929
84,84,2026-09-17,Thursday,142.0,140.15384615384616,13,1.8461538461538396,1.3172338090010929
84,84,2026-09-04,Friday,142.0,140.15384615384616,13,1.8461538461538396,1.3172338090010929
84,84,2026-10-09,Friday,142.0,140.15384615384616,13,1.8461538461538396,1.3172338090010929
84,84,2026-10-28,Wednesday,142.0,140.15384615384616,13,1.8461538461538396,1.3172338090010929
84,84,2026-09-02,Wednesday,142.0,140.15384615384616,13,1.8461538461538396,1.3172338090010929
84,84,2026-08-27,Thursday,142.0,140.15384615384616,13,1.8461538461538396,1.3172338090010929
84,84,2026-08-26,Wednesday,142.0,140.15384615384616,13,1.8461538461538396,1.3172338090010929
84,84,2026-10-08,Thursday,142.0,140.15384615384616,13,1.8461538461538396,1.3172338090010929
84,84,2026-10-07,Wednesday,142.0,140.15384615384616,13,1.8461538461538396,1.3172338090010929
84,84,2026-09-18,Friday,142.0,140.15384615384616,13,1.8461538461538396,1.3172338090010929
84,84,2026-09-23,Wednesday,142.0,140.15384615384616,13,1.8461538461538396,1.3172338090010929
84,84,2026-10-30,Friday,142.0,140.15384615384616,13,1.8461538461538396,1.3172338090010929
84,84,2026-10-29,Thursday,142.0,140.15384615384616,13,1.8461538461538396,1.3172338090010929
84,84,2026-10-16,Friday,142.0,140.15384615384616,13,1.8461538461538396,1.3172338090010929
84,84,2026-09-24,Thursday,142.0,140.15384615384616,13,1.8461538461538396,1.3172338090010929
84,84,2026-08-28,Friday,142.0,140.15384615384616,13,1.8461538461538396,1.3172338090010929
84,84,2026-10-15,Thursday,142.0,140.15384615384616,13,1.8461538461538396,1.3172338090010929
84,84,2026-10-02,Friday,142.0,140.15384615384616,13,1.8461538461538396,1.3172338090010929
84,84,2026-10-01,Thursday,142.0,140.15384615384616,13,1.8461538461538396,1.3172338090010929
84,84,2026-09-25,Friday,142.0,140.15384615384616,13,1.8461538461538396,1.3172338090010929
84,84,2026-09-03,Thursday,142.0,140.15384615384616,13,1.8461538461538396,1.3172338090010929
7,7,2026-09-25,Friday,132.0,133.84615384615384,13,-1.8461538461538396,-1.3793103448275814
67,67,2026-10-16,Friday,225.0,223.15384615384616,13,1.8461538461538396,0.827300930713544
7,7,2026-10-01,Thursday,132.0,133.84615384615384,13,-1.8461538461538396,-1.3793103448275814
7,7,2026-09-24,Thursday,132.0,133.84615384615384,13,-1.8461538461538396,-1.3793103448275814
7,7,2026-10-02,Friday,132.0,133.84615384615384,13,-1.8461538461538396,-1.3793103448275814
67,67,2026-10-22,Thursday,225.0,223.15384615384616,13,1.8461538461538396,0.827300930713544
67,67,2026-09-11,Friday,225.0,223.15384615384616,13,1.8461538461538396,0.827300930713544
7,7,2026-10-07,Wednesday,132.0,133.84615384615384,13,-1.8461538461538396,-1.3793103448275814
67,67,2026-09-18,Friday,225.0,223.15384615384616,13,1.8461538461538396,0.827300930713544
67,67,2026-10-23,Friday,225.0,223.15384615384616,13,1.8461538461538396,0.827300930713544
7,7,2026-10-08,Thursday,132.0,133.84615384615384,13,-1.8461538461538396,-1.3793103448275814
7,7,2026-10-29,Thursday,132.0,133.84615384615384,13,-1.8461538461538396,-1.3793103448275814
7,7,2026-10-09,Friday,132.0,133.84615384615384,13,-1.8461538461538396,-1.3793103448275814
67,67,2026-10-29,Thursday,225.0,223.15384615384616,13,1.8461538461538396,0.827300930713544
67,67,2026-09-10,Thursday,225.0,223.15384615384616,13,1.8461538461538396,0.827300930713544
67,67,2026-10-30,Friday,225.0,223.15384615384616,13,1.8461538461538396,0.827300930713544
7,7,2026-09-30,Wednesday,132.0,133.84615384615384,13,-1.8461538461538396,-1.3793103448275814
67,67,2026-09-24,Thursday,225.0,223.15384615384616,13,1.8461538461538396,0.827300930713544
7,7,2026-10-30,Friday,132.0,133.84615384615384,13,-1.8461538461538396,-1.3793103448275814
7,7,2026-10-28,Wednesday,132.0,133.84615384615384,13,-1.8461538461538396,-1.3793103448275814
7,7,2026-10-14,Wednesday,132.0,133.84615384615384,13,-1.8461538461538396,-1.3793103448275814
7,7,2026-10-15,Thursday,132.0,133.84615384615384,13,-1.8461538461538396,-1.3793103448275814
7,7,2026-10-16,Friday,132.0,133.84615384615384,13,-1.8461538461538396,-1.3793103448275814
7,7,2026-08-26,Wednesday,132.0,133.84615384615384,13,-1.8461538461538396,-1.3793103448275814
7,7,2026-08-27,Thursday,132.0,133.84615384615384,13,-1.8461538461538396,-1.3793103448275814
7,7,2026-08-28,Friday,132.0,133.84615384615384,13,-1.8461538461538396,-1.3793103448275814
7,7,2026-09-02,Wednesday,132.0,133.84615384615384,13,-1.8461538461538396,-1.3793103448275814
7,7,2026-09-03,Thursday,132.0,133.84615384615384,13,-1.8461538461538396,-1.3793103448275814
67,67,2026-10-01,Thursday,225.0,223.15384615384616,13,1.8461538461538396,0.827300930713544
67,67,2026-10-08,Thursday,225.0,223.15384615384616,13,1.8461538461538396,0.827300930713544
7,7,2026-09-04,Friday,132.0,133.84615384615384,13,-1.8461538461538396,-1.3793103448275814
7,7,2026-09-09,Wednesday,132.0,133.84615384615384,13,-1.8461538461538396,-1.3793103448275814
7,7,2026-09-10,Thursday,132.0,133.84615384615384,13,-1.8461538461538396,-1.3793103448275814
67,67,2026-09-25,Friday,225.0,223.15384615384616,13,1.8461538461538396,0.827300930713544
7,7,2026-10-21,Wednesday,132.0,133.84615384615384,13,-1.8461538461538396,-1.3793103448275814
7,7,2026-09-11,Friday,132.0,133.84615384615384,13,-1.8461538461538396,-1.3793103448275814
7,7,2026-09-16,Wednesday,132.0,133.84615384615384,13,-1.8461538461538396,-1.3793103448275814
7,7,2026-09-17,Thursday,132.0,133.84615384615384,13,-1.8461538461538396,-1.3793103448275814
7,7,2026-10-22,Thursday,132.0,133.84615384615384,13,-1.8461538461538396,-1.3793103448275814
7,7,2026-10-23,Friday,132.0,133.84615384615384,13,-1.8461538461538396,-1.3793103448275814
7,7,2026-09-18,Friday,132.0,133.84615384615384,13,-1.8461538461538396,-1.3793103448275814
67,67,2026-10-09,Friday,225.0,223.15384615384616,13,1.8461538461538396,0.827300930713544
67,67,2026-08-27,Thursday,225.0,223.15384615384616,13,1.8461538461538396,0.827300930713544
67,67,2026-08-28,Friday,225.0,223.15384615384616,13,1.8461538461538396,0.827300930713544
67,67,2026-10-02,Friday,225.0,223.15384615384616,13,1.8461538461538396,0.827300930713544
67,67,2026-10-15,Thursday,225.0,223.15384615384616,13,1.8461538461538396,0.827300930713544
67,67,2026-09-03,Thursday,225.0,223.15384615384616,13,1.8461538461538396,0.827300930713544
7,7,2026-09-23,Wednesday,132.0,133.84615384615384,13,-1.8461538461538396,-1.3793103448275814
67,67,2026-09-17,Thursday,225.0,223.15384615384616,13,1.8461538461538396,0.827300930713544
67,67,2026-09-04,Friday,225.0,223.15384615384616,13,1.8461538461538396,0.827300930713544
119,119,2026-09-08,Tuesday,187.0,188.83333333333334,12,-1.8333333333333428,-0.970873786407772
151,151,2026-09-08,Tuesday,209.0,210.83333333333334,12,-1.8333333333333428,-0.8695652173913088
3,3,2026-08-17,Monday,235.0,233.16666666666666,12,1.8333333333333428,0.786275911365265
3,3,2026-08-10,Monday,235.0,233.16666666666666,12,1.8333333333333428,0.786275911365265
Brn,Brown Line,2026-09-08,Tuesday,178.0,179.83333333333334,12,-1.8333333333333428,-1.019462465245603
6,6,2026-08-24,Monday,190.0,188.16666666666666,12,1.8333333333333428,0.9743135518157713
6,6,2026-10-26,Monday,190.0,188.16666666666666,12,1.8333333333333428,0.9743135518157713
6,6,2026-08-10,Monday,190.0,188.16666666666666,12,1.8333333333333428,0.9743135518157713
6,6,2026-10-12,Monday,190.0,188.16666666666666,12,1.8333333333333428,0.9743135518157713
6,6,2026-10-05,Monday,190.0,188.16666666666666,12,1.8333333333333428,0.9743135518157713
6,6,2026-08-31,Monday,190.0,188.16666666666666,12,1.8333333333333428,0.9743135518157713
6,6,2026-08-17,Monday,190.0,188.16666666666666,12,1.8333333333333428,0.9743135518157713
6,6,2026-09-28,Monday,190.0,188.16666666666666,12,1.8333333333333428,0.9743135518157713
6,6,2026-09-21,Monday,190.0,188.16666666666666,12,1.8333333333333428,0.9743135518157713
6,6,2026-09-14,Monday,190.0,188.16666666666666,12,1.8333333333333428,0.9743135518157713
6,6,2026-10-19,Monday,190.0,188.16666666666666,12,1.8333333333333428,0.9743135518157713
N5,N5,2026-09-07,Monday,22.0,20.166666666666668,12,1.8333333333333321,9.090909090909085
93,93,2026-08-10,Monday,118.0,119.83333333333333,12,-1.8333333333333286,-1.529902642559106
93,93,2026-08-17,Monday,118.0,119.83333333333333,12,-1.8333333333333286,-1.529902642559106
82,82,2026-09-14,Monday,281.0,282.8333333333333,12,-1.8333333333333144,-0.6482027106658743
82,82,2026-09-21,Monday,281.0,282.8333333333333,12,-1.8333333333333144,-0.6482027106658743
82,82,2026-09-28,Monday,281.0,282.8333333333333,12,-1.8333333333333144,-0.6482027106658743
82,82,2026-10-05,Monday,281.0,282.8333333333333,12,-1.8333333333333144,-0.6482027106658743
82,82,2026-10-12,Monday,281.0,282.8333333333333,12,-1.8333333333333144,-0.6482027106658743
81,81,2026-09-08,Tuesday,260.0,261.8333333333333,12,-1.8333333333333144,-0.7001909611712214
82,82,2026-10-19,Monday,281.0,282.8333333333333,12,-1.8333333333333144,-0.6482027106658743
82,82,2026-10-26,Monday,281.0,282.8333333333333,12,-1.8333333333333144,-0.6482027106658743
82,82,2026-08-24,Monday,281.0,282.8333333333333,12,-1.8333333333333144,-0.6482027106658743
82,82,2026-08-31,Monday,281.0,282.8333333333333,12,-1.8333333333333144,-0.6482027106658743
Blue,Blue Line,2026-09-08,Tuesday,354.0,355.8333333333333,12,-1.8333333333333144,-0.5152224824355919
Red,Red Line,2026-09-08,Tuesday,422.0,423.8333333333333,12,-1.8333333333333144,-0.43255996854108875
63,63,2026-08-18,Tuesday,302.0,303.8333333333333,12,-1.8333333333333144,-0.6034009873834277
63,63,2026-08-11,Tuesday,302.0,303.8333333333333,12,-1.8333333333333144,-0.6034009873834277
49,49,2026-08-11,Tuesday,269.0,270.6666666666667,12,-1.6666666666666856,-0.6157635467980365
49,49,2026-08-18,Tuesday,269.0,270.6666666666667,12,-1.6666666666666856,-0.6157635467980365
95,95,2026-08-11,Tuesday,258.0,256.3333333333333,12,1.6666666666666856,0.6501950585175627
95,95,2026-08-18,Tuesday,258.0,256.3333333333333,12,1.6666666666666856,0.6501950585175627
63,63,2026-08-09,Sunday,262.0,263.6666666666667,12,-1.6666666666666856,-0.6321112515802852
63,63,2026-08-16,Sunday,262.0,263.6666666666667,12,-1.6666666666666856,-0.6321112515802852
18,18,2026-08-16,Sunday,100.0,98.33333333333333,12,1.6666666666666714,1.694915254237293
18,18,2026-08-09,Sunday,100.0,98.33333333333333,12,1.6666666666666714,1.694915254237293
30,30,2026-08-11,Tuesday,112.0,113.66666666666667,12,-1.6666666666666714,-1.466275659824051
30,30,2026-08-18,Tuesday,112.0,113.66666666666667,12,-1.6666666666666714,-1.466275659824051
91,91,2026-08-09,Sunday,90.0,91.66666666666667,12,-1.6666666666666714,-1.8181818181818232
91,91,2026-08-16,Sunday,90.0,91.66666666666667,12,-1.6666666666666714,-1.8181818181818232
Pink,Pink Line,2026-08-10,Monday,122.0,120.33333333333333,12,1.6666666666666714,1.3850415512465415
Pink,Pink Line,2026-08-17,Monday,122.0,120.33333333333333,12,1.6666666666666714,1.3850415512465415
Pink,Pink Line,2026-08-24,Monday,122.0,120.33333333333333,12,1.6666666666666714,1.3850415512465415
Pink,Pink Line,2026-08-31,Monday,122.0,120.33333333333333,12,1.6666666666666714,1.3850415512465415
Pink,Pink Line,2026-09-14,Monday,122.0,120.33333333333333,12,1.6666666666666714,1.3850415512465415
Pink,Pink Line,2026-09-21,Monday,122.0,120.33333333333333,12,1.6666666666666714,1.3850415512465415
Pink,Pink Line,2026-09-28,Monday,122.0,120.33333333333333,12,1.6666666666666714,1.3850415512465415
Pink,Pink Line,2026-10-05,Monday,122.0,120.33333333333333,12,1.6666666666666714,1.3850415512465415
Pink,Pink Line,2026-10-12,Monday,122.0,120.33333333333333,12,1.6666666666666714,1.3850415512465415
Pink,Pink Line,2026-10-19,Monday,122.0,120.33333333333333,12,1.6666666666666714,1.3850415512465415
Pink,Pink Line,2026-10-26,Monday,122.0,120.33333333333333,12,1.6666666666666714,1.3850415512465415
112,112,2026-08-18,Tuesday,132.0,133.66666666666666,12,-1.6666666666666572,-1.2468827930174493
106,106,2026-08-11,Tuesday,133.0,134.66666666666666,12,-1.6666666666666572,-1.2376237623762307
112,112,2026-08-11,Tuesday,132.0,133.66666666666666,12,-1.6666666666666572,-1.2468827930174493
106,106,2026-08-18,Tuesday,133.0,134.66666666666666,12,-1.6666666666666572,-1.2376237623762307
147,147,2026-08-09,Sunday,166.0,167.66666666666666,12,-1.6666666666666572,-0.9940357852882648
147,147,2026-08-16,Sunday,166.0,167.66666666666666,12,-1.6666666666666572,-0.9940357852882648
4,4,2026-08-11,Tuesday,248.0,249.66666666666666,12,-1.6666666666666572,-0.6675567423230937
3,3,2026-08-09,Sunday,148.0,149.66666666666666,12,-1.6666666666666572,-1.1135857461024437
3,3,2026-08-16,Sunday,148.0,149.66666666666666,12,-1.6666666666666572,-1.1135857461024437
4,4,2026-08-18,Tuesday,248.0,249.66666666666666,12,-1.6666666666666572,-0.6675567423230937
94,94,2026-08-11,Tuesday,168.0,169.66666666666666,12,-1.6666666666666572,-0.9823182711198373
94,94,2026-08-18,Tuesday,168.0,169.66666666666666,12,-1.6666666666666572,-0.9823182711198373
8A,8A,2026-08-11,Tuesday,132.0,133.66666666666666,12,-1.6666666666666572,-1.2468827930174493
8A,8A,2026-08-18,Tuesday,132.0,133.66666666666666,12,-1.6666666666666572,-1.2468827930174493
95,95,2026-08-09,Sunday,222.0,223.66666666666666,12,-1.6666666666666572,-0.7451564828613967
95,95,2026-08-16,Sunday,222.0,223.66666666666666,12,-1.6666666666666572,-0.7451564828613967
67,67,2026-08-17,Monday,220.0,221.66666666666666,12,-1.6666666666666572,-0.751879699248116
67,67,2026-08-10,Monday,220.0,221.66666666666666,12,-1.6666666666666572,-0.751879699248116
79,79,2026-09-02,Wednesday,450.0,451.61538461538464,13,-1.6153846153846416,-0.357690342360762
79,79,2026-10-30,Friday,450.0,451.61538461538464,13,-1.6153846153846416,-0.357690342360762
79,79,2026-09-24,Thursday,450.0,451.61538461538464,13,-1.6153846153846416,-0.357690342360762
79,79,2026-08-26,Wednesday,450.0,451.61538461538464,13,-1.6153846153846416,-0.357690342360762
79,79,2026-09-25,Friday,450.0,451.61538461538464,13,-1.6153846153846416,-0.357690342360762
79,79,2026-09-26,Saturday,381.0,379.38461538461536,13,1.6153846153846416,0.42579075425791446
79,79,2026-09-19,Saturday,381.0,379.38461538461536,13,1.6153846153846416,0.42579075425791446
79,79,2026-08-27,Thursday,450.0,451.61538461538464,13,-1.6153846153846416,-0.357690342360762
79,79,2026-09-18,Friday,450.0,451.61538461538464,13,-1.6153846153846416,-0.357690342360762
79,79,2026-08-28,Friday,450.0,451.61538461538464,13,-1.6153846153846416,-0.357690342360762
79,79,2026-10-28,Wednesday,450.0,451.61538461538464,13,-1.6153846153846416,-0.357690342360762
79,79,2026-09-17,Thursday,450.0,451.61538461538464,13,-1.6153846153846416,-0.357690342360762
79,79,2026-09-30,Wednesday,450.0,451.61538461538464,13,-1.6153846153846416,-0.357690342360762
79,79,2026-09-16,Wednesday,450.0,451.61538461538464,13,-1.6153846153846416,-0.357690342360762
79,79,2026-10-24,Saturday,381.0,379.38461538461536,13,1.6153846153846416,0.42579075425791446
79,79,2026-10-01,Thursday,450.0,451.61538461538464,13,-1.6153846153846416,-0.357690342360762
79,79,2026-09-12,Saturday,381.0,379.38461538461536,13,1.6153846153846416,0.42579075425791446
79,79,2026-10-02,Friday,450.0,451.61538461538464,13,-1.6153846153846416,-0.357690342360762
79,79,2026-10-23,Friday,450.0,451.61538461538464,13,-1.6153846153846416,-0.357690342360762
79,79,2026-10-22,Thursday,450.0,451.61538461538464,13,-1.6153846153846416,-0.357690342360762
79,79,2026-09-11,Friday,450.0,451.61538461538464,13,-1.6153846153846416,-0.357690342360762
79,79,2026-10-03,Saturday,381.0,379.38461538461536,13,1.6153846153846416,0.42579075425791446
79,79,2026-09-10,Thursday,450.0,451.61538461538464,13,-1.6153846153846416,-0.357690342360762
79,79,2026-10-21,Wednesday,450.0,451.61538461538464,13,-1.6153846153846416,-0.357690342360762
79,79,2026-09-09,Wednesday,450.0,451.61538461538464,13,-1.6153846153846416,-0.357690342360762
79,79,2026-10-07,Wednesday,450.0,451.61538461538464,13,-1.6153846153846416,-0.357690342360762
79,79,2026-09-05,Saturday,381.0,379.38461538461536,13,1.6153846153846416,0.42579075425791446
79,79,2026-09-04,Friday,450.0,451.61538461538464,13,-1.6153846153846416,-0.357690342360762
79,79,2026-10-08,Thursday,450.0,451.61538461538464,13,-1.6153846153846416,-0.357690342360762
79,79,2026-10-09,Friday,450.0,451.61538461538464,13,-1.6153846153846416,-0.357690342360762
79,79,2026-10-31,Saturday,381.0,379.38461538461536,13,1.6153846153846416,0.42579075425791446
79,79,2026-10-16,Friday,450.0,451.61538461538464,13,-1.6153846153846416,-0.357690342360762
79,79,2026-10-17,Saturday,381.0,379.38461538461536,13,1.6153846153846416,0.42579075425791446
79,79,2026-10-10,Saturday,381.0,379.38461538461536,13,1.6153846153846416,0.42579075425791446
79,79,2026-09-03,Thursday,450.0,451.61538461538464,13,-1.6153846153846416,-0.357690342360762
79,79,2026-09-23,Wednesday,450.0,451.61538461538464,13,-1.6153846153846416,-0.357690342360762
79,79,2026-10-14,Wednesday,450.0,451.61538461538464,13,-1.6153846153846416,-0.357690342360762
79,79,2026-10-29,Thursday,450.0,451.61538461538464,13,-1.6153846153846416,-0.357690342360762
79,79,2026-10-15,Thursday,450.0,451.61538461538464,13,-1.6153846153846416,-0.357690342360762
79,79,2026-08-29,Saturday,381.0,379.38461538461536,13,1.6153846153846416,0.42579075425791446
50,50,2026-09-23,Wednesday,173.0,171.3846153846154,13,1.6153846153846132,0.942549371633751
3,3,2026-09-03,Thursday,243.0,241.3846153846154,13,1.6153846153846132,0.6692160611854675
50,50,2026-09-24,Thursday,173.0,171.3846153846154,13,1.6153846153846132,0.942549371633751
50,50,2026-09-25,Friday,173.0,171.3846153846154,13,1.6153846153846132,0.942549371633751
3,3,2026-09-16,Wednesday,243.0,241.3846153846154,13,1.6153846153846132,0.6692160611854675
3,3,2026-09-17,Thursday,243.0,241.3846153846154,13,1.6153846153846132,0.6692160611854675
3,3,2026-09-18,Friday,243.0,241.3846153846154,13,1.6153846153846132,0.6692160611854675
50,50,2026-09-30,Wednesday,173.0,171.3846153846154,13,1.6153846153846132,0.942549371633751
50,50,2026-10-01,Thursday,173.0,171.3846153846154,13,1.6153846153846132,0.942549371633751
3,3,2026-09-23,Wednesday,243.0,241.3846153846154,13,1.6153846153846132,0.6692160611854675
3,3,2026-09-24,Thursday,243.0,241.3846153846154,13,1.6153846153846132,0.6692160611854675
3,3,2026-09-25,Friday,243.0,241.3846153846154,13,1.6153846153846132,0.6692160611854675
50,50,2026-10-02,Friday,173.0,171.3846153846154,13,1.6153846153846132,0.942549371633751
50,50,2026-10-07,Wednesday,173.0,171.3846153846154,13,1.6153846153846132,0.942549371633751
3,3,2026-09-30,Wednesday,243.0,241.3846153846154,13,1.6153846153846132,0.6692160611854675
3,3,2026-09-11,Friday,243.0,241.3846153846154,13,1.6153846153846132,0.6692160611854675
3,3,2026-10-02,Friday,243.0,241.3846153846154,13,1.6153846153846132,0.6692160611854675
50,50,2026-10-08,Thursday,173.0,171.3846153846154,13,1.6153846153846132,0.942549371633751
50,50,2026-10-09,Friday,173.0,171.3846153846154,13,1.6153846153846132,0.942549371633751
3,3,2026-10-07,Wednesday,243.0,241.3846153846154,13,1.6153846153846132,0.6692160611854675
3,3,2026-10-08,Thursday,243.0,241.3846153846154,13,1.6153846153846132,0.6692160611854675
3,3,2026-10-09,Friday,243.0,241.3846153846154,13,1.6153846153846132,0.6692160611854675
50,50,2026-10-14,Wednesday,173.0,171.3846153846154,13,1.6153846153846132,0.942549371633751
50,50,2026-10-15,Thursday,173.0,171.3846153846154,13,1.6153846153846132,0.942549371633751
3,3,2026-10-14,Wednesday,243.0,241.3846153846154,13,1.6153846153846132,0.6692160611854675
3,3,2026-10-15,Thursday,243.0,241.3846153846154,13,1.6153846153846132,0.6692160611854675
3,3,2026-10-16,Friday,243.0,241.3846153846154,13,1.6153846153846132,0.6692160611854675
50,50,2026-10-16,Friday,173.0,171.3846153846154,13,1.6153846153846132,0.942549371633751
50,50,2026-10-21,Wednesday,173.0,171.3846153846154,13,1.6153846153846132,0.942549371633751
3,3,2026-10-21,Wednesday,243.0,241.3846153846154,13,1.6153846153846132,0.6692160611854675
3,3,2026-10-22,Thursday,243.0,241.3846153846154,13,1.6153846153846132,0.6692160611854675
3,3,2026-10-23,Friday,243.0,241.3846153846154,13,1.6153846153846132,0.6692160611854675
50,50,2026-10-22,Thursday,173.0,171.3846153846154,13,1.6153846153846132,0.942549371633751
50,50,2026-10-23,Friday,173.0,171.3846153846154,13,1.6153846153846132,0.942549371633751
3,3,2026-10-28,Wednesday,243.0,241.3846153846154,13,1.6153846153846132,0.6692160611854675
3,3,2026-10-29,Thursday,243.0,241.3846153846154,13,1.6153846153846132,0.6692160611854675
3,3,2026-10-30,Friday,243.0,241.3846153846154,13,1.6153846153846132,0.6692160611854675
50,50,2026-10-28,Wednesday,173.0,171.3846153846154,13,1.6153846153846132,0.942549371633751
50,50,2026-10-29,Thursday,173.0,171.3846153846154,13,1.6153846153846132,0.942549371633751
50,50,2026-10-30,Friday,173.0,171.3846153846154,13,1.6153846153846132,0.942549371633751
50,50,2026-08-26,Wednesday,173.0,171.3846153846154,13,1.6153846153846132,0.942549371633751
3,3,2026-09-02,Wednesday,243.0,241.3846153846154,13,1.6153846153846132,0.6692160611854675
50,50,2026-08-27,Thursday,173.0,171.3846153846154,13,1.6153846153846132,0.942549371633751
50,50,2026-08-28,Friday,173.0,171.3846153846154,13,1.6153846153846132,0.942549371633751
50,50,2026-09-02,Wednesday,173.0,171.3846153846154,13,1.6153846153846132,0.942549371633751
50,50,2026-09-03,Thursday,173.0,171.3846153846154,13,1.6153846153846132,0.942549371633751
3,3,2026-09-10,Thursday,243.0,241.3846153846154,13,1.6153846153846132,0.6692160611854675
3,3,2026-09-04,Friday,243.0,241.3846153846154,13,1.6153846153846132,0.6692160611854675
50,50,2026-09-04,Friday,173.0,171.3846153846154,13,1.6153846153846132,0.942549371633751
50,50,2026-09-09,Wednesday,173.0,171.3846153846154,13,1.6153846153846132,0.942549371633751
50,50,2026-09-10,Thursday,173.0,171.3846153846154,13,1.6153846153846132,0.942549371633751
50,50,2026-09-11,Friday,173.0,171.3846153846154,13,1.6153846153846132,0.942549371633751
50,50,2026-09-16,Wednesday,173.0,171.3846153846154,13,1.6153846153846132,0.942549371633751
50,50,2026-09-17,Thursday,173.0,171.3846153846154,13,1.6153846153846132,0.942549371633751
50,50,2026-09-18,Friday,173.0,171.3846153846154,13,1.6153846153846132,0.942549371633751
3,3,2026-09-09,Wednesday,243.0,241.3846153846154,13,1.6153846153846132,0.6692160611854675
3,3,2026-08-26,Wednesday,243.0,241.3846153846154,13,1.6153846153846132,0.6692160611854675
3,3,2026-08-27,Thursday,243.0,241.3846153846154,13,1.6153846153846132,0.6692160611854675
3,3,2026-08-28,Friday,243.0,241.3846153846154,13,1.6153846153846132,0.6692160611854675
3,3,2026-10-01,Thursday,243.0,241.3846153846154,13,1.6153846153846132,0.6692160611854675
93,93,2026-10-28,Wednesday,125.0,123.38461538461539,13,1.6153846153846132,1.3092269326683275
93,93,2026-09-25,Friday,125.0,123.38461538461539,13,1.6153846153846132,1.3092269326683275
93,93,2026-10-30,Friday,125.0,123.38461538461539,13,1.6153846153846132,1.3092269326683275
93,93,2026-09-02,Wednesday,125.0,123.38461538461539,13,1.6153846153846132,1.3092269326683275
93,93,2026-09-11,Friday,125.0,123.38461538461539,13,1.6153846153846132,1.3092269326683275
93,93,2026-10-23,Friday,125.0,123.38461538461539,13,1.6153846153846132,1.3092269326683275
93,93,2026-10-22,Thursday,125.0,123.38461538461539,13,1.6153846153846132,1.3092269326683275
93,93,2026-10-21,Wednesday,125.0,123.38461538461539,13,1.6153846153846132,1.3092269326683275
93,93,2026-09-10,Thursday,125.0,123.38461538461539,13,1.6153846153846132,1.3092269326683275
93,93,2026-09-16,Wednesday,125.0,123.38461538461539,13,1.6153846153846132,1.3092269326683275
93,93,2026-09-17,Thursday,125.0,123.38461538461539,13,1.6153846153846132,1.3092269326683275
93,93,2026-10-16,Friday,125.0,123.38461538461539,13,1.6153846153846132,1.3092269326683275
93,93,2026-10-15,Thursday,125.0,123.38461538461539,13,1.6153846153846132,1.3092269326683275
93,93,2026-10-14,Wednesday,125.0,123.38461538461539,13,1.6153846153846132,1.3092269326683275
93,93,2026-09-09,Wednesday,125.0,123.38461538461539,13,1.6153846153846132,1.3092269326683275
93,93,2026-10-09,Friday,125.0,123.38461538461539,13,1.6153846153846132,1.3092269326683275
93,93,2026-10-08,Thursday,125.0,123.38461538461539,13,1.6153846153846132,1.3092269326683275
93,93,2026-10-07,Wednesday,125.0,123.38461538461539,13,1.6153846153846132,1.3092269326683275
93,93,2026-09-18,Friday,125.0,123.38461538461539,13,1.6153846153846132,1.3092269326683275
93,93,2026-09-04,Friday,125.0,123.38461538461539,13,1.6153846153846132,1.3092269326683275
93,93,2026-08-26,Wednesday,125.0,123.38461538461539,13,1.6153846153846132,1.3092269326683275
93,93,2026-10-02,Friday,125.0,123.38461538461539,13,1.6153846153846132,1.3092269326683275
93,93,2026-10-01,Thursday,125.0,123.38461538461539,13,1.6153846153846132,1.3092269326683275
93,93,2026-09-03,Thursday,125.0,123.38461538461539,13,1.6153846153846132,1.3092269326683275
93,93,2026-09-23,Wednesday,125.0,123.38461538461539,13,1.6153846153846132,1.3092269326683275
93,93,2026-08-27,Thursday,125.0,123.38461538461539,13,1.6153846153846132,1.3092269326683275
93,93,2026-09-30,Wednesday,125.0,123.38461538461539,13,1.6153846153846132,1.3092269326683275
93,93,2026-09-24,Thursday,125.0,123.38461538461539,13,1.6153846153846132,1.3092269326683275
93,93,2026-08-28,Friday,125.0,123.38461538461539,13,1.6153846153846132,1.3092269326683275
93,93,2026-10-29,Thursday,125.0,123.38461538461539,13,1.6153846153846132,1.3092269326683275
70,70,2026-08-18,Tuesday,211.0,212.58333333333334,12,-1.5833333333333428,-0.7448059584476721
70,70,2026-08-11,Tuesday,211.0,212.58333333333334,12,-1.5833333333333428,-0.7448059584476721
192,192,2026-10-12,Monday,19.0,17.416666666666668,12,1.5833333333333321,9.090909090909083
192,192,2026-10-19,Monday,19.0,17.416666666666668,12,1.5833333333333321,9.090909090909083
192,192,2026-10-26,Monday,19.0,17.416666666666668,12,1.5833333333333321,9.090909090909083
192,192,2026-08-24,Monday,19.0,17.416666666666668,12,1.5833333333333321,9.090909090909083
192,192,2026-08-31,Monday,19.0,17.416666666666668,12,1.5833333333333321,9.090909090909083
192,192,2026-08-10,Monday,19.0,17.416666666666668,12,1.5833333333333321,9.090909090909083
165,165,2026-08-10,Monday,19.0,17.416666666666668,12,1.5833333333333321,9.090909090909083
192,192,2026-08-17,Monday,19.0,17.416666666666668,12,1.5833333333333321,9.090909090909083
192,192,2026-09-14,Monday,19.0,17.416666666666668,12,1.5833333333333321,9.090909090909083
165,165,2026-08-17,Monday,19.0,17.416666666666668,12,1.5833333333333321,9.090909090909083
165,165,2026-08-24,Monday,19.0,17.416666666666668,12,1.5833333333333321,9.090909090909083
165,165,2026-08-31,Monday,19.0,17.416666666666668,12,1.5833333333333321,9.090909090909083
165,165,2026-09-14,Monday,19.0,17.416666666666668,12,1.5833333333333321,9.090909090909083
165,165,2026-09-21,Monday,19.0,17.416666666666668,12,1.5833333333333321,9.090909090909083
165,165,2026-09-28,Monday,19.0,17.416666666666668,12,1.5833333333333321,9.090909090909083
192,192,2026-09-21,Monday,19.0,17.416666666666668,12,1.5833333333333321,9.090909090909083
165,165,2026-10-05,Monday,19.0,17.416666666666668,12,1.5833333333333321,9.090909090909083
165,165,2026-10-12,Monday,19.0,17.416666666666668,12,1.5833333333333321,9.090909090909083
165,165,2026-10-19,Monday,19.0,17.416666666666668,12,1.5833333333333321,9.090909090909083
165,165,2026-10-26,Monday,19.0,17.416666666666668,12,1.5833333333333321,9.090909090909083
192,192,2026-09-28,Monday,19.0,17.416666666666668,12,1.5833333333333321,9.090909090909083
192,192,2026-10-05,Monday,19.0,17.416666666666668,12,1.5833333333333321,9.090909090909083
112,112,2026-08-19,Wednesday,132.0,133.53846153846155,13,-1.5384615384615472,-1.1520737327189006
112,112,2026-08-14,Friday,132.0,133.53846153846155,13,-1.5384615384615472,-1.1520737327189006
112,112,2026-08-05,Wednesday,132.0,133.53846153846155,13,-1.5384615384615472,-1.1520737327189006
112,112,2026-08-21,Friday,132.0,133.53846153846155,13,-1.5384615384615472,-1.1520737327189006
106,106,2026-08-05,Wednesday,133.0,134.53846153846155,13,-1.5384615384615472,-1.143510577472848
106,106,2026-08-06,Thursday,133.0,134.53846153846155,13,-1.5384615384615472,-1.143510577472848
112,112,2026-08-06,Thursday,132.0,133.53846153846155,13,-1.5384615384615472,-1.1520737327189006
112,112,2026-08-07,Friday,132.0,133.53846153846155,13,-1.5384615384615472,-1.1520737327189006
106,106,2026-08-12,Wednesday,133.0,134.53846153846155,13,-1.5384615384615472,-1.143510577472848
112,112,2026-08-20,Thursday,132.0,133.53846153846155,13,-1.5384615384615472,-1.1520737327189006
112,112,2026-08-12,Wednesday,132.0,133.53846153846155,13,-1.5384615384615472,-1.1520737327189006
106,106,2026-08-13,Thursday,133.0,134.53846153846155,13,-1.5384615384615472,-1.143510577472848
112,112,2026-08-13,Thursday,132.0,133.53846153846155,13,-1.5384615384615472,-1.1520737327189006
106,106,2026-08-19,Wednesday,133.0,134.53846153846155,13,-1.5384615384615472,-1.143510577472848
106,106,2026-08-20,Thursday,133.0,134.53846153846155,13,-1.5384615384615472,-1.143510577472848
21,21,2026-08-15,Saturday,150.0,148.46153846153845,13,1.5384615384615472,1.0362694300518194
21,21,2026-08-22,Saturday,150.0,148.46153846153845,13,1.5384615384615472,1.0362694300518194
21,21,2026-08-08,Saturday,150.0,148.46153846153845,13,1.5384615384615472,1.0362694300518194
4,4,2026-08-19,Wednesday,248.0,249.53846153846155,13,-1.5384615384615472,-0.6165228113440232
49,49,2026-08-21,Friday,269.0,270.53846153846155,13,-1.5384615384615472,-0.5686664771111775
49,49,2026-08-06,Thursday,269.0,270.53846153846155,13,-1.5384615384615472,-0.5686664771111775
4,4,2026-08-06,Thursday,248.0,249.53846153846155,13,-1.5384615384615472,-0.6165228113440232
4,4,2026-08-07,Friday,248.0,249.53846153846155,13,-1.5384615384615472,-0.6165228113440232
4,4,2026-08-21,Friday,248.0,249.53846153846155,13,-1.5384615384615472,-0.6165228113440232
49,49,2026-08-13,Thursday,269.0,270.53846153846155,13,-1.5384615384615472,-0.5686664771111775
54,54,2026-08-08,Saturday,240.0,238.46153846153845,13,1.5384615384615472,0.6451612903225843
54,54,2026-08-15,Saturday,240.0,238.46153846153845,13,1.5384615384615472,0.6451612903225843
54,54,2026-08-22,Saturday,240.0,238.46153846153845,13,1.5384615384615472,0.6451612903225843
49,49,2026-08-07,Friday,269.0,270.53846153846155,13,-1.5384615384615472,-0.5686664771111775
4,4,2026-08-20,Thursday,248.0,249.53846153846155,13,-1.5384615384615472,-0.6165228113440232
49,49,2026-08-12,Wednesday,269.0,270.53846153846155,13,-1.5384615384615472,-0.5686664771111775
49,49,2026-08-05,Wednesday,269.0,270.53846153846155,13,-1.5384615384615472,-0.5686664771111775
49,49,2026-08-20,Thursday,269.0,270.53846153846155,13,-1.5384615384615472,-0.5686664771111775
4,4,2026-08-12,Wednesday,248.0,249.53846153846155,13,-1.5384615384615472,-0.6165228113440232
4,4,2026-08-14,Friday,248.0,249.53846153846155,13,-1.5384615384615472,-0.6165228113440232
49,49,2026-08-19,Wednesday,269.0,270.53846153846155,13,-1.5384615384615472,-0.5686664771111775
49,49,2026-08-14,Friday,269.0,270.53846153846155,13,-1.5384615384615472,-0.5686664771111775
4,4,2026-08-13,Thursday,248.0,249.53846153846155,13,-1.5384615384615472,-0.6165228113440232
4,4,2026-08-05,Wednesday,248.0,249.53846153846155,13,-1.5384615384615472,-0.6165228113440232
76,76,2026-08-08,Saturday,140.0,141.53846153846155,13,-1.5384615384615472,-1.0869565217391366
8A,8A,2026-08-12,Wednesday,132.0,133.53846153846155,13,-1.5384615384615472,-1.1520737327189006
8A,8A,2026-08-20,Thursday,132.0,133.53846153846155,13,-1.5384615384615472,-1.1520737327189006
76,76,2026-08-22,Saturday,140.0,141.53846153846155,13,-1.5384615384615472,-1.0869565217391366
78,78,2026-08-08,Saturday,134.0,132.46153846153845,13,1.5384615384615472,1.1614401858304364
78,78,2026-08-15,Saturday,134.0,132.46153846153845,13,1.5384615384615472,1.1614401858304364
8A,8A,2026-08-21,Friday,132.0,133.53846153846155,13,-1.5384615384615472,-1.1520737327189006
76,76,2026-08-15,Saturday,140.0,141.53846153846155,13,-1.5384615384615472,-1.0869565217391366
94,94,2026-08-05,Wednesday,168.0,169.53846153846155,13,-1.5384615384615472,-0.9074410163339434
94,94,2026-08-06,Thursday,168.0,169.53846153846155,13,-1.5384615384615472,-0.9074410163339434
94,94,2026-08-07,Friday,168.0,169.53846153846155,13,-1.5384615384615472,-0.9074410163339434
94,94,2026-08-12,Wednesday,168.0,169.53846153846155,13,-1.5384615384615472,-0.9074410163339434
94,94,2026-08-13,Thursday,168.0,169.53846153846155,13,-1.5384615384615472,-0.9074410163339434
94,94,2026-08-14,Friday,168.0,169.53846153846155,13,-1.5384615384615472,-0.9074410163339434
94,94,2026-08-19,Wednesday,168.0,169.53846153846155,13,-1.5384615384615472,-0.9074410163339434
94,94,2026-08-20,Thursday,168.0,169.53846153846155,13,-1.5384615384615472,-0.9074410163339434
94,94,2026-08-21,Friday,168.0,169.53846153846155,13,-1.5384615384615472,-0.9074410163339434
8A,8A,2026-08-06,Thursday,132.0,133.53846153846155,13,-1.5384615384615472,-1.1520737327189006
8A,8A,2026-08-14,Friday,132.0,133.53846153846155,13,-1.5384615384615472,-1.1520737327189006
8A,8A,2026-08-13,Thursday,132.0,133.53846153846155,13,-1.5384615384615472,-1.1520737327189006
8A,8A,2026-08-05,Wednesday,132.0,133.53846153846155,13,-1.5384615384615472,-1.1520737327189006
8A,8A,2026-08-19,Wednesday,132.0,133.53846153846155,13,-1.5384615384615472,-1.1520737327189006
8A,8A,2026-08-07,Friday,132.0,133.53846153846155,13,-1.5384615384615472,-1.1520737327189006
78,78,2026-08-22,Saturday,134.0,132.46153846153845,13,1.5384615384615472,1.1614401858304364
95,95,2026-08-20,Thursday,258.0,256.46153846153845,13,1.5384615384615472,0.5998800239952043
95,95,2026-08-21,Friday,258.0,256.46153846153845,13,1.5384615384615472,0.5998800239952043
95,95,2026-08-22,Saturday,235.0,233.46153846153845,13,1.5384615384615472,0.6589785831960498
95,95,2026-08-05,Wednesday,258.0,256.46153846153845,13,1.5384615384615472,0.5998800239952043
95,95,2026-08-06,Thursday,258.0,256.46153846153845,13,1.5384615384615472,0.5998800239952043
95,95,2026-08-07,Friday,258.0,256.46153846153845,13,1.5384615384615472,0.5998800239952043
95,95,2026-08-08,Saturday,235.0,233.46153846153845,13,1.5384615384615472,0.6589785831960498
95,95,2026-08-12,Wednesday,258.0,256.46153846153845,13,1.5384615384615472,0.5998800239952043
95,95,2026-08-13,Thursday,258.0,256.46153846153845,13,1.5384615384615472,0.5998800239952043
95,95,2026-08-19,Wednesday,258.0,256.46153846153845,13,1.5384615384615472,0.5998800239952043
95,95,2026-08-14,Friday,258.0,256.46153846153845,13,1.5384615384615472,0.5998800239952043
95,95,2026-08-15,Saturday,235.0,233.46153846153845,13,1.5384615384615472,0.6589785831960498
70,70,2026-08-20,Thursday,211.0,212.53846153846155,13,-1.5384615384615472,-0.7238508867173403
63,63,2026-08-05,Wednesday,302.0,303.53846153846155,13,-1.5384615384615472,-0.506842372022304
63,63,2026-08-06,Thursday,302.0,303.53846153846155,13,-1.5384615384615472,-0.506842372022304
63,63,2026-08-07,Friday,302.0,303.53846153846155,13,-1.5384615384615472,-0.506842372022304
73,73,2026-08-07,Friday,185.0,186.53846153846155,13,-1.5384615384615472,-0.8247422680412417
63,63,2026-08-12,Wednesday,302.0,303.53846153846155,13,-1.5384615384615472,-0.506842372022304
63,63,2026-08-13,Thursday,302.0,303.53846153846155,13,-1.5384615384615472,-0.506842372022304
63,63,2026-08-14,Friday,302.0,303.53846153846155,13,-1.5384615384615472,-0.506842372022304
73,73,2026-08-14,Friday,185.0,186.53846153846155,13,-1.5384615384615472,-0.8247422680412417
70,70,2026-08-06,Thursday,211.0,212.53846153846155,13,-1.5384615384615472,-0.7238508867173403
70,70,2026-08-07,Friday,211.0,212.53846153846155,13,-1.5384615384615472,-0.7238508867173403
73,73,2026-08-21,Friday,185.0,186.53846153846155,13,-1.5384615384615472,-0.8247422680412417
63,63,2026-08-19,Wednesday,302.0,303.53846153846155,13,-1.5384615384615472,-0.506842372022304
70,70,2026-08-21,Friday,211.0,212.53846153846155,13,-1.5384615384615472,-0.7238508867173403
63,63,2026-08-20,Thursday,302.0,303.53846153846155,13,-1.5384615384615472,-0.506842372022304
70,70,2026-08-14,Friday,211.0,212.53846153846155,13,-1.5384615384615472,-0.7238508867173403
70,70,2026-08-13,Thursday,211.0,212.53846153846155,13,-1.5384615384615472,-0.7238508867173403
63,63,2026-08-21,Friday,302.0,303.53846153846155,13,-1.5384615384615472,-0.506842372022304
30,30,2026-08-20,Thursday,112.0,113.53846153846153,13,-1.538461538461533,-1.3550135501354965
30,30,2026-08-06,Thursday,112.0,113.53846153846153,13,-1.538461538461533,-1.3550135501354965
30,30,2026-08-12,Wednesday,112.0,113.53846153846153,13,-1.538461538461533,-1.3550135501354965
30,30,2026-08-07,Friday,112.0,113.53846153846153,13,-1.538461538461533,-1.3550135501354965
30,30,2026-08-13,Thursday,112.0,113.53846153846153,13,-1.538461538461533,-1.3550135501354965
30,30,2026-08-14,Friday,112.0,113.53846153846153,13,-1.538461538461533,-1.3550135501354965
30,30,2026-08-19,Wednesday,112.0,113.53846153846153,13,-1.538461538461533,-1.3550135501354965
30,30,2026-08-21,Friday,112.0,113.53846153846153,13,-1.538461538461533,-1.3550135501354965
30,30,2026-08-05,Wednesday,112.0,113.53846153846153,13,-1.538461538461533,-1.3550135501354965
91,91,2026-08-22,Saturday,102.0,103.53846153846153,13,-1.538461538461533,-1.4858841010401136
91,91,2026-08-15,Saturday,102.0,103.53846153846153,13,-1.538461538461533,-1.4858841010401136
91,91,2026-08-08,Saturday,102.0,103.53846153846153,13,-1.538461538461533,-1.4858841010401136
73,73,2026-08-08,Saturday,116.0,114.46153846153847,13,1.538461538461533,1.3440860215053716
73,73,2026-08-15,Saturday,116.0,114.46153846153847,13,1.538461538461533,1.3440860215053716
73,73,2026-08-22,Saturday,116.0,114.46153846153847,13,1.538461538461533,1.3440860215053716
51,51,2026-10-12,Monday,98.0,96.5,12,1.5,1.5544041450777202
51,51,2026-10-19,Monday,98.0,96.5,12,1.5,1.5544041450777202
51,51,2026-10-26,Monday,98.0,96.5,12,1.5,1.5544041450777202
51,51,2026-09-28,Monday,98.0,96.5,12,1.5,1.5544041450777202
51,51,2026-09-21,Monday,98.0,96.5,12,1.5,1.5544041450777202
51,51,2026-09-14,Monday,98.0,96.5,12,1.5,1.5544041450777202
51,51,2026-08-31,Monday,98.0,96.5,12,1.5,1.5544041450777202
51,51,2026-08-24,Monday,98.0,96.5,12,1.5,1.5544041450777202
51,51,2026-08-17,Monday,98.0,96.5,12,1.5,1.5544041450777202
51,51,2026-08-10,Monday,98.0,96.5,12,1.5,1.5544041450777202
51,51,2026-10-05,Monday,98.0,96.5,12,1.5,1.5544041450777202
126,126,2026-09-28,Monday,146.0,144.58333333333334,12,1.4166666666666572,0.9798270893371692
126,126,2026-10-05,Monday,146.0,144.58333333333334,12,1.4166666666666572,0.9798270893371692
126,126,2026-10-12,Monday,146.0,144.58333333333334,12,1.4166666666666572,0.9798270893371692
126,126,2026-10-19,Monday,146.0,144.58333333333334,12,1.4166666666666572,0.9798270893371692
126,126,2026-10-26,Monday,146.0,144.58333333333334,12,1.4166666666666572,0.9798270893371692
126,126,2026-09-14,Monday,146.0,144.58333333333334,12,1.4166666666666572,0.9798270893371692
126,126,2026-09-21,Monday,146.0,144.58333333333334,12,1.4166666666666572,0.9798270893371692
126,126,2026-08-24,Monday,146.0,144.58333333333334,12,1.4166666666666572,0.9798270893371692
126,126,2026-08-31,Monday,146.0,144.58333333333334,12,1.4166666666666572,0.9798270893371692
157,157,2026-10-01,Thursday,131.0,129.6153846153846,13,1.3846153846153868,1.0682492581602392
157,157,2026-09-11,Friday,131.0,129.6153846153846,13,1.3846153846153868,1.0682492581602392
157,157,2026-09-17,Thursday,131.0,129.6153846153846,13,1.3846153846153868,1.0682492581602392
157,157,2026-10-02,Friday,131.0,129.6153846153846,13,1.3846153846153868,1.0682492581602392
157,157,2026-09-10,Thursday,131.0,129.6153846153846,13,1.3846153846153868,1.0682492581602392
157,157,2026-09-09,Wednesday,131.0,129.6153846153846,13,1.3846153846153868,1.0682492581602392
157,157,2026-09-04,Friday,131.0,129.6153846153846,13,1.3846153846153868,1.0682492581602392
157,157,2026-10-07,Wednesday,131.0,129.6153846153846,13,1.3846153846153868,1.0682492581602392
15,15,2026-08-26,Wednesday,159.0,157.6153846153846,13,1.3846153846153868,0.8784773060029296
15,15,2026-08-27,Thursday,159.0,157.6153846153846,13,1.3846153846153868,0.8784773060029296
15,15,2026-08-28,Friday,159.0,157.6153846153846,13,1.3846153846153868,0.8784773060029296
157,157,2026-10-08,Thursday,131.0,129.6153846153846,13,1.3846153846153868,1.0682492581602392
15,15,2026-09-02,Wednesday,159.0,157.6153846153846,13,1.3846153846153868,0.8784773060029296
15,15,2026-09-03,Thursday,159.0,157.6153846153846,13,1.3846153846153868,0.8784773060029296
15,15,2026-09-04,Friday,159.0,157.6153846153846,13,1.3846153846153868,0.8784773060029296
157,157,2026-10-09,Friday,131.0,129.6153846153846,13,1.3846153846153868,1.0682492581602392
15,15,2026-09-09,Wednesday,159.0,157.6153846153846,13,1.3846153846153868,0.8784773060029296
15,15,2026-09-10,Thursday,159.0,157.6153846153846,13,1.3846153846153868,0.8784773060029296
15,15,2026-09-11,Friday,159.0,157.6153846153846,13,1.3846153846153868,0.8784773060029296
157,157,2026-10-14,Wednesday,131.0,129.6153846153846,13,1.3846153846153868,1.0682492581602392
15,15,2026-09-16,Wednesday,159.0,157.6153846153846,13,1.3846153846153868,0.8784773060029296
15,15,2026-09-17,Thursday,159.0,157.6153846153846,13,1.3846153846153868,0.8784773060029296
15,15,2026-09-18,Friday,159.0,157.6153846153846,13,1.3846153846153868,0.8784773060029296
157,157,2026-09-16,Wednesday,131.0,129.6153846153846,13,1.3846153846153868,1.0682492581602392
15,15,2026-09-23,Wednesday,159.0,157.6153846153846,13,1.3846153846153868,0.8784773060029296
15,15,2026-09-24,Thursday,159.0,157.6153846153846,13,1.3846153846153868,0.8784773060029296
15,15,2026-09-25,Friday,159.0,157.6153846153846,13,1.3846153846153868,0.8784773060029296
157,157,2026-10-16,Friday,131.0,129.6153846153846,13,1.3846153846153868,1.0682492581602392
15,15,2026-09-30,Wednesday,159.0,157.6153846153846,13,1.3846153846153868,0.8784773060029296
15,15,2026-10-01,Thursday,159.0,157.6153846153846,13,1.3846153846153868,0.8784773060029296
15,15,2026-10-02,Friday,159.0,157.6153846153846,13,1.3846153846153868,0.8784773060029296
157,157,2026-10-21,Wednesday,131.0,129.6153846153846,13,1.3846153846153868,1.0682492581602392
15,15,2026-10-07,Wednesday,159.0,157.6153846153846,13,1.3846153846153868,0.8784773060029296
15,15,2026-10-08,Thursday,159.0,157.6153846153846,13,1.3846153846153868,0.8784773060029296
15,15,2026-10-09,Friday,159.0,157.6153846153846,13,1.3846153846153868,0.8784773060029296
157,157,2026-10-22,Thursday,131.0,129.6153846153846,13,1.3846153846153868,1.0682492581602392
15,15,2026-10-14,Wednesday,159.0,157.6153846153846,13,1.3846153846153868,0.8784773060029296
15,15,2026-10-15,Thursday,159.0,157.6153846153846,13,1.3846153846153868,0.8784773060029296
15,15,2026-10-16,Friday,159.0,157.6153846153846,13,1.3846153846153868,0.8784773060029296
157,157,2026-10-23,Friday,131.0,129.6153846153846,13,1.3846153846153868,1.0682492581602392
15,15,2026-10-21,Wednesday,159.0,157.6153846153846,13,1.3846153846153868,0.8784773060029296
15,15,2026-10-22,Thursday,159.0,157.6153846153846,13,1.3846153846153868,0.8784773060029296
15,15,2026-10-23,Friday,159.0,157.6153846153846,13,1.3846153846153868,0.8784773060029296
157,157,2026-10-28,Wednesday,131.0,129.6153846153846,13,1.3846153846153868,1.0682492581602392
15,15,2026-10-28,Wednesday,159.0,157.6153846153846,13,1.3846153846153868,0.8784773060029296
15,15,2026-10-29,Thursday,159.0,157.6153846153846,13,1.3846153846153868,0.8784773060029296
15,15,2026-10-30,Friday,159.0,157.6153846153846,13,1.3846153846153868,0.8784773060029296
157,157,2026-10-29,Thursday,131.0,129.6153846153846,13,1.3846153846153868,1.0682492581602392
157,157,2026-09-18,Friday,131.0,129.6153846153846,13,1.3846153846153868,1.0682492581602392
157,157,2026-09-03,Thursday,131.0,129.6153846153846,13,1.3846153846153868,1.0682492581602392
157,157,2026-09-02,Wednesday,131.0,129.6153846153846,13,1.3846153846153868,1.0682492581602392
157,157,2026-09-30,Wednesday,131.0,129.6153846153846,13,1.3846153846153868,1.0682492581602392
157,157,2026-10-30,Friday,131.0,129.6153846153846,13,1.3846153846153868,1.0682492581602392
157,157,2026-08-28,Friday,131.0,129.6153846153846,13,1.3846153846153868,1.0682492581602392
157,157,2026-09-23,Wednesday,131.0,129.6153846153846,13,1.3846153846153868,1.0682492581602392
157,157,2026-08-27,Thursday,131.0,129.6153846153846,13,1.3846153846153868,1.0682492581602392
157,157,2026-08-26,Wednesday,131.0,129.6153846153846,13,1.3846153846153868,1.0682492581602392
157,157,2026-09-25,Friday,131.0,129.6153846153846,13,1.3846153846153868,1.0682492581602392
157,157,2026-09-24,Thursday,131.0,129.6153846153846,13,1.3846153846153868,1.0682492581602392
157,157,2026-10-15,Thursday,131.0,129.6153846153846,13,1.3846153846153868,1.0682492581602392
48,48,2026-09-30,Wednesday,69.0,67.61538461538461,13,1.3846153846153868,2.0477815699658737
48,48,2026-09-24,Thursday,69.0,67.61538461538461,13,1.3846153846153868,2.0477815699658737
48,48,2026-10-07,Wednesday,69.0,67.61538461538461,13,1.3846153846153868,2.0477815699658737
48,48,2026-09-18,Friday,69.0,67.61538461538461,13,1.3846153846153868,2.0477815699658737
48,48,2026-10-08,Thursday,69.0,67.61538461538461,13,1.3846153846153868,2.0477815699658737
48,48,2026-10-09,Friday,69.0,67.61538461538461,13,1.3846153846153868,2.0477815699658737
48,48,2026-10-14,Wednesday,69.0,67.61538461538461,13,1.3846153846153868,2.0477815699658737
48,48,2026-10-15,Thursday,69.0,67.61538461538461,13,1.3846153846153868,2.0477815699658737
48,48,2026-09-17,Thursday,69.0,67.61538461538461,13,1.3846153846153868,2.0477815699658737
48,48,2026-10-16,Friday,69.0,67.61538461538461,13,1.3846153846153868,2.0477815699658737
48,48,2026-10-21,Wednesday,69.0,67.61538461538461,13,1.3846153846153868,2.0477815699658737
48,48,2026-10-22,Thursday,69.0,67.61538461538461,13,1.3846153846153868,2.0477815699658737
48,48,2026-10-23,Friday,69.0,67.61538461538461,13,1.3846153846153868,2.0477815699658737
48,48,2026-10-02,Friday,69.0,67.61538461538461,13,1.3846153846153868,2.0477815699658737
48,48,2026-08-26,Wednesday,69.0,67.61538461538461,13,1.3846153846153868,2.0477815699658737
48,48,2026-08-27,Thursday,69.0,67.61538461538461,13,1.3846153846153868,2.0477815699658737
48,48,2026-08-28,Friday,69.0,67.61538461538461,13,1.3846153846153868,2.0477815699658737
48,48,2026-09-02,Wednesday,69.0,67.61538461538461,13,1.3846153846153868,2.0477815699658737
48,48,2026-10-28,Wednesday,69.0,67.61538461538461,13,1.3846153846153868,2.0477815699658737
48,48,2026-09-23,Wednesday,69.0,67.61538461538461,13,1.3846153846153868,2.0477815699658737
48,48,2026-10-29,Thursday,69.0,67.61538461538461,13,1.3846153846153868,2.0477815699658737
48,48,2026-09-03,Thursday,69.0,67.61538461538461,13,1.3846153846153868,2.0477815699658737
48,48,2026-09-04,Friday,69.0,67.61538461538461,13,1.3846153846153868,2.0477815699658737
48,48,2026-09-16,Wednesday,69.0,67.61538461538461,13,1.3846153846153868,2.0477815699658737
48,48,2026-09-25,Friday,69.0,67.61538461538461,13,1.3846153846153868,2.0477815699658737
48,48,2026-09-09,Wednesday,69.0,67.61538461538461,13,1.3846153846153868,2.0477815699658737
48,48,2026-09-10,Thursday,69.0,67.61538461538461,13,1.3846153846153868,2.0477815699658737
48,48,2026-10-30,Friday,69.0,67.61538461538461,13,1.3846153846153868,2.0477815699658737
48,48,2026-09-11,Friday,69.0,67.61538461538461,13,1.3846153846153868,2.0477815699658737
48,48,2026-10-01,Thursday,69.0,67.61538461538461,13,1.3846153846153868,2.0477815699658737
86,86,2026-09-11,Friday,106.0,104.61538461538461,13,1.3846153846153868,1.323529411764708
86,86,2026-10-21,Wednesday,106.0,104.61538461538461,13,1.3846153846153868,1.323529411764708
86,86,2026-09-17,Thursday,106.0,104.61538461538461,13,1.3846153846153868,1.323529411764708
86,86,2026-08-26,Wednesday,106.0,104.61538461538461,13,1.3846153846153868,1.323529411764708
86,86,2026-09-18,Friday,106.0,104.61538461538461,13,1.3846153846153868,1.323529411764708
86,86,2026-08-27,Thursday,106.0,104.61538461538461,13,1.3846153846153868,1.323529411764708
86,86,2026-09-23,Wednesday,106.0,104.61538461538461,13,1.3846153846153868,1.323529411764708
86,86,2026-09-24,Thursday,106.0,104.61538461538461,13,1.3846153846153868,1.323529411764708
86,86,2026-09-16,Wednesday,106.0,104.61538461538461,13,1.3846153846153868,1.323529411764708
86,86,2026-08-28,Friday,106.0,104.61538461538461,13,1.3846153846153868,1.323529411764708
86,86,2026-09-30,Wednesday,106.0,104.61538461538461,13,1.3846153846153868,1.323529411764708
86,86,2026-10-01,Thursday,106.0,104.61538461538461,13,1.3846153846153868,1.323529411764708
86,86,2026-10-02,Friday,106.0,104.61538461538461,13,1.3846153846153868,1.323529411764708
86,86,2026-10-28,Wednesday,106.0,104.61538461538461,13,1.3846153846153868,1.323529411764708
86,86,2026-09-02,Wednesday,106.0,104.61538461538461,13,1.3846153846153868,1.323529411764708
86,86,2026-10-07,Wednesday,106.0,104.61538461538461,13,1.3846153846153868,1.323529411764708
86,86,2026-10-08,Thursday,106.0,104.61538461538461,13,1.3846153846153868,1.323529411764708
86,86,2026-10-09,Friday,106.0,104.61538461538461,13,1.3846153846153868,1.323529411764708
86,86,2026-09-03,Thursday,106.0,104.61538461538461,13,1.3846153846153868,1.323529411764708
86,86,2026-10-14,Wednesday,106.0,104.61538461538461,13,1.3846153846153868,1.323529411764708
86,86,2026-10-15,Thursday,106.0,104.61538461538461,13,1.3846153846153868,1.323529411764708
86,86,2026-10-16,Friday,106.0,104.61538461538461,13,1.3846153846153868,1.323529411764708
86,86,2026-09-04,Friday,106.0,104.61538461538461,13,1.3846153846153868,1.323529411764708
86,86,2026-09-10,Thursday,106.0,104.61538461538461,13,1.3846153846153868,1.323529411764708
86,86,2026-10-22,Thursday,106.0,104.61538461538461,13,1.3846153846153868,1.323529411764708
86,86,2026-10-23,Friday,106.0,104.61538461538461,13,1.3846153846153868,1.323529411764708
86,86,2026-10-29,Thursday,106.0,104.61538461538461,13,1.3846153846153868,1.323529411764708
86,86,2026-10-30,Friday,106.0,104.61538461538461,13,1.3846153846153868,1.323529411764708
86,86,2026-09-09,Wednesday,106.0,104.61538461538461,13,1.3846153846153868,1.323529411764708
86,86,2026-09-25,Friday,106.0,104.61538461538461,13,1.3846153846153868,1.323529411764708
62,62,2026-10-02,Friday,193.0,191.6153846153846,13,1.3846153846153868,0.7226013649136904
62,62,2026-09-30,Wednesday,193.0,191.6153846153846,13,1.3846153846153868,0.7226013649136904
62,62,2026-09-16,Wednesday,193.0,191.6153846153846,13,1.3846153846153868,0.7226013649136904
62,62,2026-10-07,Wednesday,193.0,191.6153846153846,13,1.3846153846153868,0.7226013649136904
62,62,2026-09-17,Thursday,193.0,191.6153846153846,13,1.3846153846153868,0.7226013649136904
62,62,2026-10-08,Thursday,193.0,191.6153846153846,13,1.3846153846153868,0.7226013649136904
62,62,2026-09-18,Friday,193.0,191.6153846153846,13,1.3846153846153868,0.7226013649136904
62,62,2026-10-09,Friday,193.0,191.6153846153846,13,1.3846153846153868,0.7226013649136904
62,62,2026-09-11,Friday,193.0,191.6153846153846,13,1.3846153846153868,0.7226013649136904
62,62,2026-10-14,Wednesday,193.0,191.6153846153846,13,1.3846153846153868,0.7226013649136904
62,62,2026-10-15,Thursday,193.0,191.6153846153846,13,1.3846153846153868,0.7226013649136904
62,62,2026-10-16,Friday,193.0,191.6153846153846,13,1.3846153846153868,0.7226013649136904
62,62,2026-09-24,Thursday,193.0,191.6153846153846,13,1.3846153846153868,0.7226013649136904
62,62,2026-10-21,Wednesday,193.0,191.6153846153846,13,1.3846153846153868,0.7226013649136904
62,62,2026-10-22,Thursday,193.0,191.6153846153846,13,1.3846153846153868,0.7226013649136904
62,62,2026-08-26,Wednesday,193.0,191.6153846153846,13,1.3846153846153868,0.7226013649136904
62,62,2026-08-27,Thursday,193.0,191.6153846153846,13,1.3846153846153868,0.7226013649136904
62,62,2026-08-28,Friday,193.0,191.6153846153846,13,1.3846153846153868,0.7226013649136904
62,62,2026-09-25,Friday,193.0,191.6153846153846,13,1.3846153846153868,0.7226013649136904
62,62,2026-10-23,Friday,193.0,191.6153846153846,13,1.3846153846153868,0.7226013649136904
62,62,2026-09-02,Wednesday,193.0,191.6153846153846,13,1.3846153846153868,0.7226013649136904
62,62,2026-09-03,Thursday,193.0,191.6153846153846,13,1.3846153846153868,0.7226013649136904
62,62,2026-09-04,Friday,193.0,191.6153846153846,13,1.3846153846153868,0.7226013649136904
62,62,2026-09-10,Thursday,193.0,191.6153846153846,13,1.3846153846153868,0.7226013649136904
62,62,2026-10-28,Wednesday,193.0,191.6153846153846,13,1.3846153846153868,0.7226013649136904
62,62,2026-10-29,Thursday,193.0,191.6153846153846,13,1.3846153846153868,0.7226013649136904
62,62,2026-10-30,Friday,193.0,191.6153846153846,13,1.3846153846153868,0.7226013649136904
62,62,2026-10-01,Thursday,193.0,191.6153846153846,13,1.3846153846153868,0.7226013649136904
62,62,2026-09-09,Wednesday,193.0,191.6153846153846,13,1.3846153846153868,0.7226013649136904
62,62,2026-09-23,Wednesday,193.0,191.6153846153846,13,1.3846153846153868,0.7226013649136904
206,206,2026-09-23,Wednesday,25.0,23.615384615384617,13,1.3846153846153832,5.863192182410418
206,206,2026-09-04,Friday,25.0,23.615384615384617,13,1.3846153846153832,5.863192182410418
206,206,2026-09-25,Friday,25.0,23.615384615384617,13,1.3846153846153832,5.863192182410418
206,206,2026-09-30,Wednesday,25.0,23.615384615384617,13,1.3846153846153832,5.863192182410418
206,206,2026-10-01,Thursday,25.0,23.615384615384617,13,1.3846153846153832,5.863192182410418
206,206,2026-10-02,Friday,25.0,23.615384615384617,13,1.3846153846153832,5.863192182410418
206,206,2026-10-07,Wednesday,25.0,23.615384615384617,13,1.3846153846153832,5.863192182410418
206,206,2026-10-08,Thursday,25.0,23.615384615384617,13,1.3846153846153832,5.863192182410418
206,206,2026-09-24,Thursday,25.0,23.615384615384617,13,1.3846153846153832,5.863192182410418
206,206,2026-10-14,Wednesday,25.0,23.615384615384617,13,1.3846153846153832,5.863192182410418
206,206,2026-10-15,Thursday,25.0,23.615384615384617,13,1.3846153846153832,5.863192182410418
206,206,2026-10-16,Friday,25.0,23.615384615384617,13,1.3846153846153832,5.863192182410418
206,206,2026-09-17,Thursday,25.0,23.615384615384617,13,1.3846153846153832,5.863192182410418
206,206,2026-10-21,Wednesday,25.0,23.615384615384617,13,1.3846153846153832,5.863192182410418
206,206,2026-09-16,Wednesday,25.0,23.615384615384617,13,1.3846153846153832,5.863192182410418
206,206,2026-10-22,Thursday,25.0,23.615384615384617,13,1.3846153846153832,5.863192182410418
206,206,2026-10-23,Friday,25.0,23.615384615384617,13,1.3846153846153832,5.863192182410418
206,206,2026-10-28,Wednesday,25.0,23.615384615384617,13,1.3846153846153832,5.863192182410418
206,206,2026-10-29,Thursday,25.0,23.615384615384617,13,1.3846153846153832,5.863192182410418
206,206,2026-10-30,Friday,25.0,23.615384615384617,13,1.3846153846153832,5.863192182410418
206,206,2026-09-11,Friday,25.0,23.615384615384617,13,1.3846153846153832,5.863192182410418
206,206,2026-09-10,Thursday,25.0,23.615384615384617,13,1.3846153846153832,5.863192182410418
206,206,2026-09-09,Wednesday,25.0,23.615384615384617,13,1.3846153846153832,5.863192182410418
206,206,2026-10-09,Friday,25.0,23.615384615384617,13,1.3846153846153832,5.863192182410418
206,206,2026-09-03,Thursday,25.0,23.615384615384617,13,1.3846153846153832,5.863192182410418
206,206,2026-09-02,Wednesday,25.0,23.615384615384617,13,1.3846153846153832,5.863192182410418
206,206,2026-08-28,Friday,25.0,23.615384615384617,13,1.3846153846153832,5.863192182410418
206,206,2026-08-27,Thursday,25.0,23.615384615384617,13,1.3846153846153832,5.863192182410418
206,206,2026-08-26,Wednesday,25.0,23.615384615384617,13,1.3846153846153832,5.863192182410418
206,206,2026-09-18,Friday,25.0,23.615384615384617,13,1.3846153846153832,5.863192182410418
126,126,2026-09-29,Tuesday,146.0,147.33333333333334,12,-1.3333333333333428,-0.9049773755656172
126,126,2026-10-06,Tuesday,146.0,147.33333333333334,12,-1.3333333333333428,-0.9049773755656172
126,126,2026-09-01,Tuesday,146.0,147.33333333333334,12,-1.3333333333333428,-0.9049773755656172
126,126,2026-10-13,Tuesday,146.0,147.33333333333334,12,-1.3333333333333428,-0.9049773755656172
126,126,2026-10-20,Tuesday,146.0,147.33333333333334,12,-1.3333333333333428,-0.9049773755656172
126,126,2026-10-27,Tuesday,146.0,147.33333333333334,12,-1.3333333333333428,-0.9049773755656172
126,126,2026-09-08,Tuesday,146.0,147.33333333333334,12,-1.3333333333333428,-0.9049773755656172
126,126,2026-09-15,Tuesday,146.0,147.33333333333334,12,-1.3333333333333428,-0.9049773755656172
126,126,2026-09-22,Tuesday,146.0,147.33333333333334,12,-1.3333333333333428,-0.9049773755656172
126,126,2026-08-25,Tuesday,146.0,147.33333333333334,12,-1.3333333333333428,-0.9049773755656172
44,44,2026-10-06,Tuesday,141.0,139.66666666666666,12,1.3333333333333428,0.9546539379475009
44,44,2026-10-13,Tuesday,141.0,139.66666666666666,12,1.3333333333333428,0.9546539379475009
44,44,2026-09-08,Tuesday,141.0,139.66666666666666,12,1.3333333333333428,0.9546539379475009
44,44,2026-10-20,Tuesday,141.0,139.66666666666666,12,1.3333333333333428,0.9546539379475009
44,44,2026-10-27,Tuesday,141.0,139.66666666666666,12,1.3333333333333428,0.9546539379475009
44,44,2026-09-15,Tuesday,141.0,139.66666666666666,12,1.3333333333333428,0.9546539379475009
44,44,2026-09-29,Tuesday,141.0,139.66666666666666,12,1.3333333333333428,0.9546539379475009
44,44,2026-08-25,Tuesday,141.0,139.66666666666666,12,1.3333333333333428,0.9546539379475009
53A,53A,2026-09-08,Tuesday,171.0,172.33333333333334,12,-1.3333333333333428,-0.7736943907156728
44,44,2026-09-22,Tuesday,141.0,139.66666666666666,12,1.3333333333333428,0.9546539379475009
44,44,2026-09-01,Tuesday,141.0,139.66666666666666,12,1.3333333333333428,0.9546539379475009
84,84,2026-08-25,Tuesday,142.0,140.66666666666666,12,1.3333333333333428,0.9478672985782058
84,84,2026-09-01,Tuesday,142.0,140.66666666666666,12,1.3333333333333428,0.9478672985782058
84,84,2026-10-20,Tuesday,142.0,140.66666666666666,12,1.3333333333333428,0.9478672985782058
84,84,2026-09-08,Tuesday,142.0,140.66666666666666,12,1.3333333333333428,0.9478672985782058
84,84,2026-09-15,Tuesday,142.0,140.66666666666666,12,1.3333333333333428,0.9478672985782058
84,84,2026-10-27,Tuesday,142.0,140.66666666666666,12,1.3333333333333428,0.9478672985782058
84,84,2026-09-22,Tuesday,142.0,140.66666666666666,12,1.3333333333333428,0.9478672985782058
84,84,2026-09-29,Tuesday,142.0,140.66666666666666,12,1.3333333333333428,0.9478672985782058
84,84,2026-10-06,Tuesday,142.0,140.66666666666666,12,1.3333333333333428,0.9478672985782058
84,84,2026-10-13,Tuesday,142.0,140.66666666666666,12,1.3333333333333428,0.9478672985782058
7,7,2026-09-29,Tuesday,132.0,133.33333333333334,12,-1.3333333333333428,-1.000000000000007
7,7,2026-10-06,Tuesday,132.0,133.33333333333334,12,-1.3333333333333428,-1.000000000000007
7,7,2026-10-13,Tuesday,132.0,133.33333333333334,12,-1.3333333333333428,-1.000000000000007
7,7,2026-08-25,Tuesday,132.0,133.33333333333334,12,-1.3333333333333428,-1.000000000000007
7,7,2026-09-01,Tuesday,132.0,133.33333333333334,12,-1.3333333333333428,-1.000000000000007
7,7,2026-09-08,Tuesday,132.0,133.33333333333334,12,-1.3333333333333428,-1.000000000000007
7,7,2026-10-20,Tuesday,132.0,133.33333333333334,12,-1.3333333333333428,-1.000000000000007
7,7,2026-09-15,Tuesday,132.0,133.33333333333334,12,-1.3333333333333428,-1.000000000000007
7,7,2026-09-22,Tuesday,132.0,133.33333333333334,12,-1.3333333333333428,-1.000000000000007
7,7,2026-10-27,Tuesday,132.0,133.33333333333334,12,-1.3333333333333428,-1.000000000000007
20,20,2026-09-15,Tuesday,338.0,339.3333333333333,12,-1.3333333333333144,-0.39292730844793156
20,20,2026-10-27,Tuesday,338.0,339.3333333333333,12,-1.3333333333333144,-0.39292730844793156
20,20,2026-10-06,Tuesday,338.0,339.3333333333333,12,-1.3333333333333144,-0.39292730844793156
20,20,2026-09-29,Tuesday,338.0,339.3333333333333,12,-1.3333333333333144,-0.39292730844793156
20,20,2026-10-13,Tuesday,338.0,339.3333333333333,12,-1.3333333333333144,-0.39292730844793156
20,20,2026-09-22,Tuesday,338.0,339.3333333333333,12,-1.3333333333333144,-0.39292730844793156
20,20,2026-09-01,Tuesday,338.0,339.3333333333333,12,-1.3333333333333144,-0.39292730844793156
20,20,2026-08-25,Tuesday,338.0,339.3333333333333,12,-1.3333333333333144,-0.39292730844793156
20,20,2026-10-20,Tuesday,338.0,339.3333333333333,12,-1.3333333333333144,-0.39292730844793156
20,20,2026-09-08,Tuesday,338.0,339.3333333333333,12,-1.3333333333333144,-0.39292730844793156
55,55,2026-08-24,Monday,264.0,262.6666666666667,12,1.3333333333333144,0.5076142131979623
55,55,2026-08-31,Monday,264.0,262.6666666666667,12,1.3333333333333144,0.5076142131979623
55,55,2026-09-14,Monday,264.0,262.6666666666667,12,1.3333333333333144,0.5076142131979623
55,55,2026-09-21,Monday,264.0,262.6666666666667,12,1.3333333333333144,0.5076142131979623
55,55,2026-09-28,Monday,264.0,262.6666666666667,12,1.3333333333333144,0.5076142131979623
55,55,2026-10-05,Monday,264.0,262.6666666666667,12,1.3333333333333144,0.5076142131979623
55,55,2026-10-12,Monday,264.0,262.6666666666667,12,1.3333333333333144,0.5076142131979623
55,55,2026-10-19,Monday,264.0,262.6666666666667,12,1.3333333333333144,0.5076142131979623
55,55,2026-10-26,Monday,264.0,262.6666666666667,12,1.3333333333333144,0.5076142131979623
3,3,2026-09-15,Tuesday,243.0,241.75,12,1.25,0.5170630816959669
3,3,2026-09-22,Tuesday,243.0,241.75,12,1.25,0.5170630816959669
3,3,2026-09-29,Tuesday,243.0,241.75,12,1.25,0.5170630816959669
3,3,2026-10-06,Tuesday,243.0,241.75,12,1.25,0.5170630816959669
3,3,2026-10-13,Tuesday,243.0,241.75,12,1.25,0.5170630816959669
3,3,2026-10-20,Tuesday,243.0,241.75,12,1.25,0.5170630816959669
3,3,2026-10-27,Tuesday,243.0,241.75,12,1.25,0.5170630816959669
3,3,2026-09-01,Tuesday,243.0,241.75,12,1.25,0.5170630816959669
3,3,2026-08-25,Tuesday,243.0,241.75,12,1.25,0.5170630816959669
62,62,2026-08-10,Monday,187.0,188.25,12,-1.25,-0.6640106241699867
62,62,2026-08-17,Monday,187.0,188.25,12,-1.25,-0.6640106241699867
103,103,2026-08-17,Monday,128.0,126.83333333333333,12,1.1666666666666714,0.9198423127463901
103,103,2026-08-10,Monday,128.0,126.83333333333333,12,1.1666666666666714,0.9198423127463901
44,44,2026-10-11,Sunday,75.0,73.83333333333333,12,1.1666666666666714,1.5801354401805934
44,44,2026-10-18,Sunday,75.0,73.83333333333333,12,1.1666666666666714,1.5801354401805934
44,44,2026-09-27,Sunday,75.0,73.83333333333333,12,1.1666666666666714,1.5801354401805934
44,44,2026-10-25,Sunday,75.0,73.83333333333333,12,1.1666666666666714,1.5801354401805934
44,44,2026-09-06,Sunday,75.0,73.83333333333333,12,1.1666666666666714,1.5801354401805934
44,44,2026-08-23,Sunday,75.0,73.83333333333333,12,1.1666666666666714,1.5801354401805934
44,44,2026-09-20,Sunday,75.0,73.83333333333333,12,1.1666666666666714,1.5801354401805934
44,44,2026-10-04,Sunday,75.0,73.83333333333333,12,1.1666666666666714,1.5801354401805934
44,44,2026-08-30,Sunday,75.0,73.83333333333333,12,1.1666666666666714,1.5801354401805934
44,44,2026-09-13,Sunday,75.0,73.83333333333333,12,1.1666666666666714,1.5801354401805934
93,93,2026-09-08,Tuesday,125.0,123.83333333333333,12,1.1666666666666714,0.9421265141319016
93,93,2026-08-25,Tuesday,125.0,123.83333333333333,12,1.1666666666666714,0.9421265141319016
93,93,2026-09-29,Tuesday,125.0,123.83333333333333,12,1.1666666666666714,0.9421265141319016
93,93,2026-09-22,Tuesday,125.0,123.83333333333333,12,1.1666666666666714,0.9421265141319016
93,93,2026-09-01,Tuesday,125.0,123.83333333333333,12,1.1666666666666714,0.9421265141319016
93,93,2026-10-27,Tuesday,125.0,123.83333333333333,12,1.1666666666666714,0.9421265141319016
93,93,2026-10-06,Tuesday,125.0,123.83333333333333,12,1.1666666666666714,0.9421265141319016
93,93,2026-09-15,Tuesday,125.0,123.83333333333333,12,1.1666666666666714,0.9421265141319016
93,93,2026-10-13,Tuesday,125.0,123.83333333333333,12,1.1666666666666714,0.9421265141319016
93,93,2026-10-20,Tuesday,125.0,123.83333333333333,12,1.1666666666666714,0.9421265141319016
73,73,2026-10-18,Sunday,105.0,103.83333333333333,12,1.1666666666666714,1.123595505617982
73,73,2026-08-23,Sunday,105.0,103.83333333333333,12,1.1666666666666714,1.123595505617982
73,73,2026-09-06,Sunday,105.0,103.83333333333333,12,1.1666666666666714,1.123595505617982
73,73,2026-10-04,Sunday,105.0,103.83333333333333,12,1.1666666666666714,1.123595505617982
73,73,2026-09-20,Sunday,105.0,103.83333333333333,12,1.1666666666666714,1.123595505617982
73,73,2026-09-13,Sunday,105.0,103.83333333333333,12,1.1666666666666714,1.123595505617982
73,73,2026-08-30,Sunday,105.0,103.83333333333333,12,1.1666666666666714,1.123595505617982
73,73,2026-09-27,Sunday,105.0,103.83333333333333,12,1.1666666666666714,1.123595505617982
73,73,2026-10-11,Sunday,105.0,103.83333333333333,12,1.1666666666666714,1.123595505617982
73,73,2026-10-25,Sunday,105.0,103.83333333333333,12,1.1666666666666714,1.123595505617982
50,50,2026-09-22,Tuesday,173.0,171.83333333333334,12,1.1666666666666572,0.6789524733268616
50,50,2026-09-29,Tuesday,173.0,171.83333333333334,12,1.1666666666666572,0.6789524733268616
50,50,2026-10-06,Tuesday,173.0,171.83333333333334,12,1.1666666666666572,0.6789524733268616
50,50,2026-10-13,Tuesday,173.0,171.83333333333334,12,1.1666666666666572,0.6789524733268616
50,50,2026-10-20,Tuesday,173.0,171.83333333333334,12,1.1666666666666572,0.6789524733268616
50,50,2026-10-27,Tuesday,173.0,171.83333333333334,12,1.1666666666666572,0.6789524733268616
44,44,2026-08-10,Monday,133.0,134.16666666666666,12,-1.1666666666666572,-0.8695652173912973
50,50,2026-08-25,Tuesday,173.0,171.83333333333334,12,1.1666666666666572,0.6789524733268616
50,50,2026-09-01,Tuesday,173.0,171.83333333333334,12,1.1666666666666572,0.6789524733268616
44,44,2026-08-17,Monday,133.0,134.16666666666666,12,-1.1666666666666572,-0.8695652173912973
50,50,2026-09-08,Tuesday,173.0,171.83333333333334,12,1.1666666666666572,0.6789524733268616
50,50,2026-09-15,Tuesday,173.0,171.83333333333334,12,1.1666666666666572,0.6789524733268616
34,34,2026-09-08,Tuesday,234.0,235.16666666666666,12,-1.1666666666666572,-0.4961020552799393
92,92,2026-08-10,Monday,158.0,156.83333333333334,12,1.1666666666666572,0.7438894792773584
92,92,2026-08-17,Monday,158.0,156.83333333333334,12,1.1666666666666572,0.7438894792773584
78,78,2026-09-03,Thursday,167.0,165.84615384615384,13,1.1538461538461604,0.6957328385899855
78,78,2026-10-23,Friday,167.0,165.84615384615384,13,1.1538461538461604,0.6957328385899855
78,78,2026-09-09,Wednesday,167.0,165.84615384615384,13,1.1538461538461604,0.6957328385899855
78,78,2026-09-10,Thursday,167.0,165.84615384615384,13,1.1538461538461604,0.6957328385899855
78,78,2026-09-11,Friday,167.0,165.84615384615384,13,1.1538461538461604,0.6957328385899855
78,78,2026-09-16,Wednesday,167.0,165.84615384615384,13,1.1538461538461604,0.6957328385899855
78,78,2026-09-17,Thursday,167.0,165.84615384615384,13,1.1538461538461604,0.6957328385899855
78,78,2026-09-18,Friday,167.0,165.84615384615384,13,1.1538461538461604,0.6957328385899855
78,78,2026-08-26,Wednesday,167.0,165.84615384615384,13,1.1538461538461604,0.6957328385899855
78,78,2026-09-02,Wednesday,167.0,165.84615384615384,13,1.1538461538461604,0.6957328385899855
78,78,2026-09-04,Friday,167.0,165.84615384615384,13,1.1538461538461604,0.6957328385899855
78,78,2026-09-24,Thursday,167.0,165.84615384615384,13,1.1538461538461604,0.6957328385899855
78,78,2026-09-25,Friday,167.0,165.84615384615384,13,1.1538461538461604,0.6957328385899855
78,78,2026-09-30,Wednesday,167.0,165.84615384615384,13,1.1538461538461604,0.6957328385899855
78,78,2026-08-28,Friday,167.0,165.84615384615384,13,1.1538461538461604,0.6957328385899855
78,78,2026-10-02,Friday,167.0,165.84615384615384,13,1.1538461538461604,0.6957328385899855
78,78,2026-10-07,Wednesday,167.0,165.84615384615384,13,1.1538461538461604,0.6957328385899855
78,78,2026-10-08,Thursday,167.0,165.84615384615384,13,1.1538461538461604,0.6957328385899855
78,78,2026-10-09,Friday,167.0,165.84615384615384,13,1.1538461538461604,0.6957328385899855
78,78,2026-10-14,Wednesday,167.0,165.84615384615384,13,1.1538461538461604,0.6957328385899855
78,78,2026-10-15,Thursday,167.0,165.84615384615384,13,1.1538461538461604,0.6957328385899855
87,87,2026-10-10,Saturday,213.0,214.15384615384616,13,-1.1538461538461604,-0.5387931034482789
78,78,2026-10-16,Friday,167.0,165.84615384615384,13,1.1538461538461604,0.6957328385899855
78,78,2026-08-27,Thursday,167.0,165.84615384615384,13,1.1538461538461604,0.6957328385899855
87,87,2026-10-03,Saturday,213.0,214.15384615384616,13,-1.1538461538461604,-0.5387931034482789
87,87,2026-10-17,Saturday,213.0,214.15384615384616,13,-1.1538461538461604,-0.5387931034482789
87,87,2026-08-29,Saturday,213.0,214.15384615384616,13,-1.1538461538461604,-0.5387931034482789
78,78,2026-10-21,Wednesday,167.0,165.84615384615384,13,1.1538461538461604,0.6957328385899855
87,87,2026-10-24,Saturday,213.0,214.15384615384616,13,-1.1538461538461604,-0.5387931034482789
87,87,2026-09-05,Saturday,213.0,214.15384615384616,13,-1.1538461538461604,-0.5387931034482789
78,78,2026-10-22,Thursday,167.0,165.84615384615384,13,1.1538461538461604,0.6957328385899855
78,78,2026-10-01,Thursday,167.0,165.84615384615384,13,1.1538461538461604,0.6957328385899855
87,87,2026-09-26,Saturday,213.0,214.15384615384616,13,-1.1538461538461604,-0.5387931034482789
87,87,2026-09-19,Saturday,213.0,214.15384615384616,13,-1.1538461538461604,-0.5387931034482789
87,87,2026-09-12,Saturday,213.0,214.15384615384616,13,-1.1538461538461604,-0.5387931034482789
78,78,2026-10-28,Wednesday,167.0,165.84615384615384,13,1.1538461538461604,0.6957328385899855
78,78,2026-10-29,Thursday,167.0,165.84615384615384,13,1.1538461538461604,0.6957328385899855
78,78,2026-10-30,Friday,167.0,165.84615384615384,13,1.1538461538461604,0.6957328385899855
87,87,2026-10-31,Saturday,213.0,214.15384615384616,13,-1.1538461538461604,-0.5387931034482789
78,78,2026-09-23,Wednesday,167.0,165.84615384615384,13,1.1538461538461604,0.6957328385899855
65,65,2026-10-17,Saturday,161.0,159.84615384615384,13,1.1538461538461604,0.7218479307026028
65,65,2026-10-24,Saturday,161.0,159.84615384615384,13,1.1538461538461604,0.7218479307026028
72,72,2026-09-12,Saturday,247.0,248.15384615384616,13,-1.1538461538461604,-0.4649721016739022
72,72,2026-10-31,Saturday,247.0,248.15384615384616,13,-1.1538461538461604,-0.4649721016739022
72,72,2026-10-24,Saturday,247.0,248.15384615384616,13,-1.1538461538461604,-0.4649721016739022
72,72,2026-10-17,Saturday,247.0,248.15384615384616,13,-1.1538461538461604,-0.4649721016739022
72,72,2026-10-10,Saturday,247.0,248.15384615384616,13,-1.1538461538461604,-0.4649721016739022
72,72,2026-10-03,Saturday,247.0,248.15384615384616,13,-1.1538461538461604,-0.4649721016739022
72,72,2026-09-26,Saturday,247.0,248.15384615384616,13,-1.1538461538461604,-0.4649721016739022
72,72,2026-08-29,Saturday,247.0,248.15384615384616,13,-1.1538461538461604,-0.4649721016739022
72,72,2026-09-19,Saturday,247.0,248.15384615384616,13,-1.1538461538461604,-0.4649721016739022
65,65,2026-08-29,Saturday,161.0,159.84615384615384,13,1.1538461538461604,0.7218479307026028
65,65,2026-09-05,Saturday,161.0,159.84615384615384,13,1.1538461538461604,0.7218479307026028
65,65,2026-09-12,Saturday,161.0,159.84615384615384,13,1.1538461538461604,0.7218479307026028
65,65,2026-09-19,Saturday,161.0,159.84615384615384,13,1.1538461538461604,0.7218479307026028
65,65,2026-09-26,Saturday,161.0,159.84615384615384,13,1.1538461538461604,0.7218479307026028
65,65,2026-10-03,Saturday,161.0,159.84615384615384,13,1.1538461538461604,0.7218479307026028
65,65,2026-10-31,Saturday,161.0,159.84615384615384,13,1.1538461538461604,0.7218479307026028
72,72,2026-09-05,Saturday,247.0,248.15384615384616,13,-1.1538461538461604,-0.4649721016739022
65,65,2026-10-10,Saturday,161.0,159.84615384615384,13,1.1538461538461604,0.7218479307026028
54A,54A,2026-10-02,Friday,38.0,39.15384615384615,13,-1.1538461538461533,-2.946954813359527
54A,54A,2026-09-02,Wednesday,38.0,39.15384615384615,13,-1.1538461538461533,-2.946954813359527
54A,54A,2026-09-30,Wednesday,38.0,39.15384615384615,13,-1.1538461538461533,-2.946954813359527
54A,54A,2026-08-28,Friday,38.0,39.15384615384615,13,-1.1538461538461533,-2.946954813359527
54A,54A,2026-10-01,Thursday,38.0,39.15384615384615,13,-1.1538461538461533,-2.946954813359527
54A,54A,2026-09-04,Friday,38.0,39.15384615384615,13,-1.1538461538461533,-2.946954813359527
54A,54A,2026-09-25,Friday,38.0,39.15384615384615,13,-1.1538461538461533,-2.946954813359527
54A,54A,2026-10-07,Wednesday,38.0,39.15384615384615,13,-1.1538461538461533,-2.946954813359527
54A,54A,2026-09-24,Thursday,38.0,39.15384615384615,13,-1.1538461538461533,-2.946954813359527
54A,54A,2026-10-08,Thursday,38.0,39.15384615384615,13,-1.1538461538461533,-2.946954813359527
54A,54A,2026-10-09,Friday,38.0,39.15384615384615,13,-1.1538461538461533,-2.946954813359527
54A,54A,2026-09-23,Wednesday,38.0,39.15384615384615,13,-1.1538461538461533,-2.946954813359527
54A,54A,2026-09-18,Friday,38.0,39.15384615384615,13,-1.1538461538461533,-2.946954813359527
54A,54A,2026-10-14,Wednesday,38.0,39.15384615384615,13,-1.1538461538461533,-2.946954813359527
54A,54A,2026-09-17,Thursday,38.0,39.15384615384615,13,-1.1538461538461533,-2.946954813359527
54A,54A,2026-10-15,Thursday,38.0,39.15384615384615,13,-1.1538461538461533,-2.946954813359527
54A,54A,2026-09-16,Wednesday,38.0,39.15384615384615,13,-1.1538461538461533,-2.946954813359527
54A,54A,2026-10-16,Friday,38.0,39.15384615384615,13,-1.1538461538461533,-2.946954813359527
54A,54A,2026-08-27,Thursday,38.0,39.15384615384615,13,-1.1538461538461533,-2.946954813359527
54A,54A,2026-09-11,Friday,38.0,39.15384615384615,13,-1.1538461538461533,-2.946954813359527
54A,54A,2026-09-10,Thursday,38.0,39.15384615384615,13,-1.1538461538461533,-2.946954813359527
54A,54A,2026-10-21,Wednesday,38.0,39.15384615384615,13,-1.1538461538461533,-2.946954813359527
54A,54A,2026-10-22,Thursday,38.0,39.15384615384615,13,-1.1538461538461533,-2.946954813359527
54A,54A,2026-10-23,Friday,38.0,39.15384615384615,13,-1.1538461538461533,-2.946954813359527
54A,54A,2026-09-09,Wednesday,38.0,39.15384615384615,13,-1.1538461538461533,-2.946954813359527
54A,54A,2026-10-28,Wednesday,38.0,39.15384615384615,13,-1.1538461538461533,-2.946954813359527
54A,54A,2026-10-29,Thursday,38.0,39.15384615384615,13,-1.1538461538461533,-2.946954813359527
54A,54A,2026-10-30,Friday,38.0,39.15384615384615,13,-1.1538461538461533,-2.946954813359527
54A,54A,2026-09-03,Thursday,38.0,39.15384615384615,13,-1.1538461538461533,-2.946954813359527
54A,54A,2026-08-26,Wednesday,38.0,39.15384615384615,13,-1.1538461538461533,-2.946954813359527
67,67,2026-10-20,Tuesday,225.0,223.91666666666666,12,1.0833333333333428,0.483810941570529
67,67,2026-09-22,Tuesday,225.0,223.91666666666666,12,1.0833333333333428,0.483810941570529
67,67,2026-10-13,Tuesday,225.0,223.91666666666666,12,1.0833333333333428,0.483810941570529
67,67,2026-10-27,Tuesday,225.0,223.91666666666666,12,1.0833333333333428,0.483810941570529
67,67,2026-10-06,Tuesday,225.0,223.91666666666666,12,1.0833333333333428,0.483810941570529
67,67,2026-09-15,Tuesday,225.0,223.91666666666666,12,1.0833333333333428,0.483810941570529
67,67,2026-09-29,Tuesday,225.0,223.91666666666666,12,1.0833333333333428,0.483810941570529
67,67,2026-08-25,Tuesday,225.0,223.91666666666666,12,1.0833333333333428,0.483810941570529
67,67,2026-09-01,Tuesday,225.0,223.91666666666666,12,1.0833333333333428,0.483810941570529
68,68,2026-08-10,Monday,96.0,94.91666666666667,12,1.0833333333333286,1.14135206321334
68,68,2026-08-17,Monday,96.0,94.91666666666667,12,1.0833333333333286,1.14135206321334
87,87,2026-09-29,Tuesday,263.0,264.0833333333333,12,-1.0833333333333144,-0.4102240454401948
87,87,2026-09-15,Tuesday,263.0,264.0833333333333,12,-1.0833333333333144,-0.4102240454401948
87,87,2026-09-22,Tuesday,263.0,264.0833333333333,12,-1.0833333333333144,-0.4102240454401948
87,87,2026-10-20,Tuesday,263.0,264.0833333333333,12,-1.0833333333333144,-0.4102240454401948
87,87,2026-10-13,Tuesday,263.0,264.0833333333333,12,-1.0833333333333144,-0.4102240454401948
87,87,2026-08-25,Tuesday,263.0,264.0833333333333,12,-1.0833333333333144,-0.4102240454401948
87,87,2026-10-06,Tuesday,263.0,264.0833333333333,12,-1.0833333333333144,-0.4102240454401948
87,87,2026-10-27,Tuesday,263.0,264.0833333333333,12,-1.0833333333333144,-0.4102240454401948
87,87,2026-09-01,Tuesday,263.0,264.0833333333333,12,-1.0833333333333144,-0.4102240454401948
157,157,2026-09-15,Tuesday,131.0,130.0,12,1.0,0.7692307692307693
206,206,2026-10-13,Tuesday,25.0,24.0,12,1.0,4.166666666666667
15,15,2026-08-25,Tuesday,159.0,158.0,12,1.0,0.6329113924050633
157,157,2026-10-06,Tuesday,131.0,130.0,12,1.0,0.7692307692307693
15,15,2026-09-01,Tuesday,159.0,158.0,12,1.0,0.6329113924050633
15,15,2026-09-08,Tuesday,159.0,158.0,12,1.0,0.6329113924050633
15,15,2026-09-15,Tuesday,159.0,158.0,12,1.0,0.6329113924050633
157,157,2026-10-13,Tuesday,131.0,130.0,12,1.0,0.7692307692307693
206,206,2026-08-25,Tuesday,25.0,24.0,12,1.0,4.166666666666667
15,15,2026-09-29,Tuesday,159.0,158.0,12,1.0,0.6329113924050633
15,15,2026-10-06,Tuesday,159.0,158.0,12,1.0,0.6329113924050633
157,157,2026-10-20,Tuesday,131.0,130.0,12,1.0,0.7692307692307693
15,15,2026-10-13,Tuesday,159.0,158.0,12,1.0,0.6329113924050633
15,15,2026-10-20,Tuesday,159.0,158.0,12,1.0,0.6329113924050633
15,15,2026-10-27,Tuesday,159.0,158.0,12,1.0,0.6329113924050633
157,157,2026-10-27,Tuesday,131.0,130.0,12,1.0,0.7692307692307693
206,206,2026-09-01,Tuesday,25.0,24.0,12,1.0,4.166666666666667
206,206,2026-09-08,Tuesday,25.0,24.0,12,1.0,4.166666666666667
157,157,2026-09-22,Tuesday,131.0,130.0,12,1.0,0.7692307692307693
206,206,2026-09-15,Tuesday,25.0,24.0,12,1.0,4.166666666666667
206,206,2026-09-22,Tuesday,25.0,24.0,12,1.0,4.166666666666667
206,206,2026-09-29,Tuesday,25.0,24.0,12,1.0,4.166666666666667
206,206,2026-10-06,Tuesday,25.0,24.0,12,1.0,4.166666666666667
157,157,2026-09-08,Tuesday,131.0,130.0,12,1.0,0.7692307692307693
206,206,2026-10-20,Tuesday,25.0,24.0,12,1.0,4.166666666666667
206,206,2026-10-27,Tuesday,25.0,24.0,12,1.0,4.166666666666667
157,157,2026-08-25,Tuesday,131.0,130.0,12,1.0,0.7692307692307693
157,157,2026-09-01,Tuesday,131.0,130.0,12,1.0,0.7692307692307693
157,157,2026-09-29,Tuesday,131.0,130.0,12,1.0,0.7692307692307693
15,15,2026-09-22,Tuesday,159.0,158.0,12,1.0,0.6329113924050633
48,48,2026-10-06,Tuesday,69.0,68.0,12,1.0,1.4705882352941178
48,48,2026-10-13,Tuesday,69.0,68.0,12,1.0,1.4705882352941178
48,48,2026-09-22,Tuesday,69.0,68.0,12,1.0,1.4705882352941178
48,48,2026-10-20,Tuesday,69.0,68.0,12,1.0,1.4705882352941178
54,54,2026-08-23,Sunday,223.0,224.0,12,-1.0,-0.44642857142857145
54,54,2026-08-30,Sunday,223.0,224.0,12,-1.0,-0.44642857142857145
30,30,2026-08-10,Monday,112.0,111.0,12,1.0,0.9009009009009009
48,48,2026-08-25,Tuesday,69.0,68.0,12,1.0,1.4705882352941178
54,54,2026-09-06,Sunday,223.0,224.0,12,-1.0,-0.44642857142857145
48,48,2026-10-27,Tuesday,69.0,68.0,12,1.0,1.4705882352941178
48,48,2026-09-01,Tuesday,69.0,68.0,12,1.0,1.4705882352941178
30,30,2026-08-17,Monday,112.0,111.0,12,1.0,0.9009009009009009
54,54,2026-09-13,Sunday,223.0,224.0,12,-1.0,-0.44642857142857145
54,54,2026-09-20,Sunday,223.0,224.0,12,-1.0,-0.44642857142857145
54,54,2026-09-27,Sunday,223.0,224.0,12,-1.0,-0.44642857142857145
54,54,2026-10-04,Sunday,223.0,224.0,12,-1.0,-0.44642857142857145
54,54,2026-10-11,Sunday,223.0,224.0,12,-1.0,-0.44642857142857145
48,48,2026-09-08,Tuesday,69.0,68.0,12,1.0,1.4705882352941178
48,48,2026-09-29,Tuesday,69.0,68.0,12,1.0,1.4705882352941178
48,48,2026-09-15,Tuesday,69.0,68.0,12,1.0,1.4705882352941178
86,86,2026-09-15,Tuesday,106.0,105.0,12,1.0,0.9523809523809523
86,86,2026-10-27,Tuesday,106.0,105.0,12,1.0,0.9523809523809523
86,86,2026-08-25,Tuesday,106.0,105.0,12,1.0,0.9523809523809523
86,86,2026-09-22,Tuesday,106.0,105.0,12,1.0,0.9523809523809523
86,86,2026-09-29,Tuesday,106.0,105.0,12,1.0,0.9523809523809523
86,86,2026-10-06,Tuesday,106.0,105.0,12,1.0,0.9523809523809523
86,86,2026-09-01,Tuesday,106.0,105.0,12,1.0,0.9523809523809523
86,86,2026-10-13,Tuesday,106.0,105.0,12,1.0,0.9523809523809523
86,86,2026-10-20,Tuesday,106.0,105.0,12,1.0,0.9523809523809523
8A,8A,2026-08-10,Monday,132.0,131.0,12,1.0,0.7633587786259542
86,86,2026-09-08,Tuesday,106.0,105.0,12,1.0,0.9523809523809523
8A,8A,2026-08-17,Monday,132.0,131.0,12,1.0,0.7633587786259542
54,54,2026-10-18,Sunday,223.0,224.0,12,-1.0,-0.44642857142857145
62,62,2026-10-06,Tuesday,193.0,192.0,12,1.0,0.5208333333333334
62,62,2026-09-15,Tuesday,193.0,192.0,12,1.0,0.5208333333333334
54,54,2026-10-25,Sunday,223.0,224.0,12,-1.0,-0.44642857142857145
62,62,2026-08-25,Tuesday,193.0,192.0,12,1.0,0.5208333333333334
62,62,2026-10-13,Tuesday,193.0,192.0,12,1.0,0.5208333333333334
62,62,2026-09-22,Tuesday,193.0,192.0,12,1.0,0.5208333333333334
62,62,2026-10-20,Tuesday,193.0,192.0,12,1.0,0.5208333333333334
62,62,2026-09-01,Tuesday,193.0,192.0,12,1.0,0.5208333333333334
62,62,2026-10-27,Tuesday,193.0,192.0,12,1.0,0.5208333333333334
62,62,2026-09-29,Tuesday,193.0,192.0,12,1.0,0.5208333333333334
62,62,2026-09-08,Tuesday,193.0,192.0,12,1.0,0.5208333333333334
18,18,2026-09-18,Friday,130.0,129.07692307692307,13,0.923076923076934,0.71513706793803
18,18,2026-09-03,Thursday,130.0,129.07692307692307,13,0.923076923076934,0.71513706793803
18,18,2026-10-15,Thursday,130.0,129.07692307692307,13,0.923076923076934,0.71513706793803
18,18,2026-09-09,Wednesday,130.0,129.07692307692307,13,0.923076923076934,0.71513706793803
20,20,2026-09-12,Saturday,255.0,254.07692307692307,13,0.923076923076934,0.3633060853769344
18,18,2026-10-16,Friday,130.0,129.07692307692307,13,0.923076923076934,0.71513706793803
18,18,2026-09-23,Wednesday,130.0,129.07692307692307,13,0.923076923076934,0.71513706793803
18,18,2026-09-10,Thursday,130.0,129.07692307692307,13,0.923076923076934,0.71513706793803
18,18,2026-10-22,Thursday,130.0,129.07692307692307,13,0.923076923076934,0.71513706793803
20,20,2026-10-03,Saturday,255.0,254.07692307692307,13,0.923076923076934,0.3633060853769344
18,18,2026-09-11,Friday,130.0,129.07692307692307,13,0.923076923076934,0.71513706793803
18,18,2026-10-30,Friday,130.0,129.07692307692307,13,0.923076923076934,0.71513706793803
28,28,2026-09-17,Thursday,162.0,161.07692307692307,13,0.923076923076934,0.5730659025788034
20,20,2026-10-24,Saturday,255.0,254.07692307692307,13,0.923076923076934,0.3633060853769344
18,18,2026-10-14,Wednesday,130.0,129.07692307692307,13,0.923076923076934,0.71513706793803
18,18,2026-10-29,Thursday,130.0,129.07692307692307,13,0.923076923076934,0.71513706793803
18,18,2026-10-23,Friday,130.0,129.07692307692307,13,0.923076923076934,0.71513706793803
18,18,2026-09-25,Friday,130.0,129.07692307692307,13,0.923076923076934,0.71513706793803
20,20,2026-10-10,Saturday,255.0,254.07692307692307,13,0.923076923076934,0.3633060853769344
20,20,2026-10-31,Saturday,255.0,254.07692307692307,13,0.923076923076934,0.3633060853769344
28,28,2026-08-26,Wednesday,162.0,161.07692307692307,13,0.923076923076934,0.5730659025788034
18,18,2026-09-30,Wednesday,130.0,129.07692307692307,13,0.923076923076934,0.71513706793803
18,18,2026-09-16,Wednesday,130.0,129.07692307692307,13,0.923076923076934,0.71513706793803
18,18,2026-10-01,Thursday,130.0,129.07692307692307,13,0.923076923076934,0.71513706793803
20,20,2026-09-19,Saturday,255.0,254.07692307692307,13,0.923076923076934,0.3633060853769344
28,28,2026-08-27,Thursday,162.0,161.07692307692307,13,0.923076923076934,0.5730659025788034
18,18,2026-10-02,Friday,130.0,129.07692307692307,13,0.923076923076934,0.71513706793803
28,28,2026-08-28,Friday,162.0,161.07692307692307,13,0.923076923076934,0.5730659025788034
20,20,2026-08-29,Saturday,255.0,254.07692307692307,13,0.923076923076934,0.3633060853769344
20,20,2026-10-17,Saturday,255.0,254.07692307692307,13,0.923076923076934,0.3633060853769344
28,28,2026-09-02,Wednesday,162.0,161.07692307692307,13,0.923076923076934,0.5730659025788034
18,18,2026-09-17,Thursday,130.0,129.07692307692307,13,0.923076923076934,0.71513706793803
18,18,2026-10-21,Wednesday,130.0,129.07692307692307,13,0.923076923076934,0.71513706793803
28,28,2026-09-03,Thursday,162.0,161.07692307692307,13,0.923076923076934,0.5730659025788034
20,20,2026-09-26,Saturday,255.0,254.07692307692307,13,0.923076923076934,0.3633060853769344
28,28,2026-09-04,Friday,162.0,161.07692307692307,13,0.923076923076934,0.5730659025788034
28,28,2026-09-09,Wednesday,162.0,161.07692307692307,13,0.923076923076934,0.5730659025788034
18,18,2026-10-28,Wednesday,130.0,129.07692307692307,13,0.923076923076934,0.71513706793803
28,28,2026-09-10,Thursday,162.0,161.07692307692307,13,0.923076923076934,0.5730659025788034
28,28,2026-09-11,Friday,162.0,161.07692307692307,13,0.923076923076934,0.5730659025788034
18,18,2026-09-04,Friday,130.0,129.07692307692307,13,0.923076923076934,0.71513706793803
28,28,2026-09-16,Wednesday,162.0,161.07692307692307,13,0.923076923076934,0.5730659025788034
20,20,2026-09-05,Saturday,255.0,254.07692307692307,13,0.923076923076934,0.3633060853769344
18,18,2026-10-07,Wednesday,130.0,129.07692307692307,13,0.923076923076934,0.71513706793803
28,28,2026-09-18,Friday,162.0,161.07692307692307,13,0.923076923076934,0.5730659025788034
18,18,2026-10-08,Thursday,130.0,129.07692307692307,13,0.923076923076934,0.71513706793803
18,18,2026-08-26,Wednesday,130.0,129.07692307692307,13,0.923076923076934,0.71513706793803
18,18,2026-08-27,Thursday,130.0,129.07692307692307,13,0.923076923076934,0.71513706793803
18,18,2026-08-28,Friday,130.0,129.07692307692307,13,0.923076923076934,0.71513706793803
18,18,2026-10-09,Friday,130.0,129.07692307692307,13,0.923076923076934,0.71513706793803
18,18,2026-09-02,Wednesday,130.0,129.07692307692307,13,0.923076923076934,0.71513706793803
18,18,2026-09-24,Thursday,130.0,129.07692307692307,13,0.923076923076934,0.71513706793803
34,34,2026-09-10,Thursday,236.0,235.07692307692307,13,0.923076923076934,0.3926701570680675
34,34,2026-09-09,Wednesday,236.0,235.07692307692307,13,0.923076923076934,0.3926701570680675
28,28,2026-09-25,Friday,162.0,161.07692307692307,13,0.923076923076934,0.5730659025788034
34,34,2026-09-11,Friday,236.0,235.07692307692307,13,0.923076923076934,0.3926701570680675
28,28,2026-09-30,Wednesday,162.0,161.07692307692307,13,0.923076923076934,0.5730659025788034
34,34,2026-09-16,Wednesday,236.0,235.07692307692307,13,0.923076923076934,0.3926701570680675
34,34,2026-09-17,Thursday,236.0,235.07692307692307,13,0.923076923076934,0.3926701570680675
34,34,2026-09-18,Friday,236.0,235.07692307692307,13,0.923076923076934,0.3926701570680675
28,28,2026-10-01,Thursday,162.0,161.07692307692307,13,0.923076923076934,0.5730659025788034
28,28,2026-10-02,Friday,162.0,161.07692307692307,13,0.923076923076934,0.5730659025788034
28,28,2026-10-07,Wednesday,162.0,161.07692307692307,13,0.923076923076934,0.5730659025788034
28,28,2026-10-08,Thursday,162.0,161.07692307692307,13,0.923076923076934,0.5730659025788034
28,28,2026-10-09,Friday,162.0,161.07692307692307,13,0.923076923076934,0.5730659025788034
28,28,2026-09-24,Thursday,162.0,161.07692307692307,13,0.923076923076934,0.5730659025788034
34,34,2026-09-24,Thursday,236.0,235.07692307692307,13,0.923076923076934,0.3926701570680675
34,34,2026-09-25,Friday,236.0,235.07692307692307,13,0.923076923076934,0.3926701570680675
28,28,2026-10-14,Wednesday,162.0,161.07692307692307,13,0.923076923076934,0.5730659025788034
34,34,2026-09-30,Wednesday,236.0,235.07692307692307,13,0.923076923076934,0.3926701570680675
34,34,2026-10-01,Thursday,236.0,235.07692307692307,13,0.923076923076934,0.3926701570680675
28,28,2026-10-15,Thursday,162.0,161.07692307692307,13,0.923076923076934,0.5730659025788034
28,28,2026-10-16,Friday,162.0,161.07692307692307,13,0.923076923076934,0.5730659025788034
34,34,2026-10-02,Friday,236.0,235.07692307692307,13,0.923076923076934,0.3926701570680675
34,34,2026-10-22,Thursday,236.0,235.07692307692307,13,0.923076923076934,0.3926701570680675
28,28,2026-10-21,Wednesday,162.0,161.07692307692307,13,0.923076923076934,0.5730659025788034
28,28,2026-10-22,Thursday,162.0,161.07692307692307,13,0.923076923076934,0.5730659025788034
28,28,2026-10-23,Friday,162.0,161.07692307692307,13,0.923076923076934,0.5730659025788034
34,34,2026-10-07,Wednesday,236.0,235.07692307692307,13,0.923076923076934,0.3926701570680675
34,34,2026-10-08,Thursday,236.0,235.07692307692307,13,0.923076923076934,0.3926701570680675
28,28,2026-09-23,Wednesday,162.0,161.07692307692307,13,0.923076923076934,0.5730659025788034
28,28,2026-10-28,Wednesday,162.0,161.07692307692307,13,0.923076923076934,0.5730659025788034
34,34,2026-10-09,Friday,236.0,235.07692307692307,13,0.923076923076934,0.3926701570680675
28,28,2026-10-29,Thursday,162.0,161.07692307692307,13,0.923076923076934,0.5730659025788034
28,28,2026-10-30,Friday,162.0,161.07692307692307,13,0.923076923076934,0.5730659025788034
34,34,2026-10-14,Wednesday,236.0,235.07692307692307,13,0.923076923076934,0.3926701570680675
34,34,2026-10-15,Thursday,236.0,235.07692307692307,13,0.923076923076934,0.3926701570680675
34,34,2026-10-16,Friday,236.0,235.07692307692307,13,0.923076923076934,0.3926701570680675
34,34,2026-10-21,Wednesday,236.0,235.07692307692307,13,0.923076923076934,0.3926701570680675
34,34,2026-10-30,Friday,236.0,235.07692307692307,13,0.923076923076934,0.3926701570680675
34,34,2026-08-26,Wednesday,236.0,235.07692307692307,13,0.923076923076934,0.3926701570680675
34,34,2026-08-27,Thursday,236.0,235.07692307692307,13,0.923076923076934,0.3926701570680675
34,34,2026-08-28,Friday,236.0,235.07692307692307,13,0.923076923076934,0.3926701570680675
34,34,2026-09-02,Wednesday,236.0,235.07692307692307,13,0.923076923076934,0.3926701570680675
34,34,2026-09-03,Thursday,236.0,235.07692307692307,13,0.923076923076934,0.3926701570680675
34,34,2026-09-04,Friday,236.0,235.07692307692307,13,0.923076923076934,0.3926701570680675
34,34,2026-10-23,Friday,236.0,235.07692307692307,13,0.923076923076934,0.3926701570680675
34,34,2026-10-28,Wednesday,236.0,235.07692307692307,13,0.923076923076934,0.3926701570680675
34,34,2026-10-29,Thursday,236.0,235.07692307692307,13,0.923076923076934,0.3926701570680675
34,34,2026-09-23,Wednesday,236.0,235.07692307692307,13,0.923076923076934,0.3926701570680675
80,80,2026-10-22,Thursday,208.0,207.07692307692307,13,0.923076923076934,0.44576523031204096
92,92,2026-10-07,Wednesday,162.0,161.07692307692307,13,0.923076923076934,0.5730659025788034
92,92,2026-10-08,Thursday,162.0,161.07692307692307,13,0.923076923076934,0.5730659025788034
80,80,2026-09-10,Thursday,208.0,207.07692307692307,13,0.923076923076934,0.44576523031204096
80,80,2026-10-07,Wednesday,208.0,207.07692307692307,13,0.923076923076934,0.44576523031204096
80,80,2026-09-24,Thursday,208.0,207.07692307692307,13,0.923076923076934,0.44576523031204096
92,92,2026-10-09,Friday,162.0,161.07692307692307,13,0.923076923076934,0.5730659025788034
80,80,2026-09-17,Thursday,208.0,207.07692307692307,13,0.923076923076934,0.44576523031204096
92,92,2026-10-14,Wednesday,162.0,161.07692307692307,13,0.923076923076934,0.5730659025788034
80,80,2026-10-30,Friday,208.0,207.07692307692307,13,0.923076923076934,0.44576523031204096
92,92,2026-10-15,Thursday,162.0,161.07692307692307,13,0.923076923076934,0.5730659025788034
80,80,2026-10-28,Wednesday,208.0,207.07692307692307,13,0.923076923076934,0.44576523031204096
92,92,2026-10-16,Friday,162.0,161.07692307692307,13,0.923076923076934,0.5730659025788034
80,80,2026-10-09,Friday,208.0,207.07692307692307,13,0.923076923076934,0.44576523031204096
92,92,2026-10-21,Wednesday,162.0,161.07692307692307,13,0.923076923076934,0.5730659025788034
92,92,2026-08-26,Wednesday,162.0,161.07692307692307,13,0.923076923076934,0.5730659025788034
80,80,2026-09-23,Wednesday,208.0,207.07692307692307,13,0.923076923076934,0.44576523031204096
80,80,2026-09-04,Friday,208.0,207.07692307692307,13,0.923076923076934,0.44576523031204096
80,80,2026-10-01,Thursday,208.0,207.07692307692307,13,0.923076923076934,0.44576523031204096
92,92,2026-10-22,Thursday,162.0,161.07692307692307,13,0.923076923076934,0.5730659025788034
80,80,2026-10-02,Friday,208.0,207.07692307692307,13,0.923076923076934,0.44576523031204096
92,92,2026-10-23,Friday,162.0,161.07692307692307,13,0.923076923076934,0.5730659025788034
80,80,2026-09-18,Friday,208.0,207.07692307692307,13,0.923076923076934,0.44576523031204096
92,92,2026-10-28,Wednesday,162.0,161.07692307692307,13,0.923076923076934,0.5730659025788034
92,92,2026-10-29,Thursday,162.0,161.07692307692307,13,0.923076923076934,0.5730659025788034
92,92,2026-10-30,Friday,162.0,161.07692307692307,13,0.923076923076934,0.5730659025788034
92,92,2026-08-27,Thursday,162.0,161.07692307692307,13,0.923076923076934,0.5730659025788034
92,92,2026-08-28,Friday,162.0,161.07692307692307,13,0.923076923076934,0.5730659025788034
80,80,2026-10-23,Friday,208.0,207.07692307692307,13,0.923076923076934,0.44576523031204096
92,92,2026-09-02,Wednesday,162.0,161.07692307692307,13,0.923076923076934,0.5730659025788034
92,92,2026-09-03,Thursday,162.0,161.07692307692307,13,0.923076923076934,0.5730659025788034
92,92,2026-09-04,Friday,162.0,161.07692307692307,13,0.923076923076934,0.5730659025788034
92,92,2026-09-09,Wednesday,162.0,161.07692307692307,13,0.923076923076934,0.5730659025788034
92,92,2026-09-10,Thursday,162.0,161.07692307692307,13,0.923076923076934,0.5730659025788034
92,92,2026-09-11,Friday,162.0,161.07692307692307,13,0.923076923076934,0.5730659025788034
92,92,2026-09-16,Wednesday,162.0,161.07692307692307,13,0.923076923076934,0.5730659025788034
92,92,2026-09-17,Thursday,162.0,161.07692307692307,13,0.923076923076934,0.5730659025788034
92,92,2026-09-18,Friday,162.0,161.07692307692307,13,0.923076923076934,0.5730659025788034
92,92,2026-09-23,Wednesday,162.0,161.07692307692307,13,0.923076923076934,0.5730659025788034
92,92,2026-09-24,Thursday,162.0,161.07692307692307,13,0.923076923076934,0.5730659025788034
92,92,2026-09-25,Friday,162.0,161.07692307692307,13,0.923076923076934,0.5730659025788034
80,80,2026-09-02,Wednesday,208.0,207.07692307692307,13,0.923076923076934,0.44576523031204096
80,80,2026-10-29,Thursday,208.0,207.07692307692307,13,0.923076923076934,0.44576523031204096
92,92,2026-09-30,Wednesday,162.0,161.07692307692307,13,0.923076923076934,0.5730659025788034
80,80,2026-09-16,Wednesday,208.0,207.07692307692307,13,0.923076923076934,0.44576523031204096
92,92,2026-10-01,Thursday,162.0,161.07692307692307,13,0.923076923076934,0.5730659025788034
80,80,2026-09-09,Wednesday,208.0,207.07692307692307,13,0.923076923076934,0.44576523031204096
92,92,2026-10-02,Friday,162.0,161.07692307692307,13,0.923076923076934,0.5730659025788034
80,80,2026-10-08,Thursday,208.0,207.07692307692307,13,0.923076923076934,0.44576523031204096
80,80,2026-08-26,Wednesday,208.0,207.07692307692307,13,0.923076923076934,0.44576523031204096
80,80,2026-10-14,Wednesday,208.0,207.07692307692307,13,0.923076923076934,0.44576523031204096
80,80,2026-10-15,Thursday,208.0,207.07692307692307,13,0.923076923076934,0.44576523031204096
80,80,2026-09-11,Friday,208.0,207.07692307692307,13,0.923076923076934,0.44576523031204096
80,80,2026-08-27,Thursday,208.0,207.07692307692307,13,0.923076923076934,0.44576523031204096
80,80,2026-10-21,Wednesday,208.0,207.07692307692307,13,0.923076923076934,0.44576523031204096
80,80,2026-10-16,Friday,208.0,207.07692307692307,13,0.923076923076934,0.44576523031204096
80,80,2026-09-25,Friday,208.0,207.07692307692307,13,0.923076923076934,0.44576523031204096
80,80,2026-08-28,Friday,208.0,207.07692307692307,13,0.923076923076934,0.44576523031204096
80,80,2026-09-03,Thursday,208.0,207.07692307692307,13,0.923076923076934,0.44576523031204096
80,80,2026-09-30,Wednesday,208.0,207.07692307692307,13,0.923076923076934,0.44576523031204096
57,57,2026-09-18,Friday,130.0,129.07692307692307,13,0.923076923076934,0.71513706793803
57,57,2026-10-15,Thursday,130.0,129.07692307692307,13,0.923076923076934,0.71513706793803
57,57,2026-10-02,Friday,130.0,129.07692307692307,13,0.923076923076934,0.71513706793803
57,57,2026-09-11,Friday,130.0,129.07692307692307,13,0.923076923076934,0.71513706793803
57,57,2026-10-21,Wednesday,130.0,129.07692307692307,13,0.923076923076934,0.71513706793803
57,57,2026-10-22,Thursday,130.0,129.07692307692307,13,0.923076923076934,0.71513706793803
57,57,2026-10-23,Friday,130.0,129.07692307692307,13,0.923076923076934,0.71513706793803
57,57,2026-10-08,Thursday,130.0,129.07692307692307,13,0.923076923076934,0.71513706793803
57,57,2026-10-07,Wednesday,130.0,129.07692307692307,13,0.923076923076934,0.71513706793803
57,57,2026-10-09,Friday,130.0,129.07692307692307,13,0.923076923076934,0.71513706793803
57,57,2026-10-28,Wednesday,130.0,129.07692307692307,13,0.923076923076934,0.71513706793803
57,57,2026-10-29,Thursday,130.0,129.07692307692307,13,0.923076923076934,0.71513706793803
57,57,2026-09-30,Wednesday,130.0,129.07692307692307,13,0.923076923076934,0.71513706793803
57,57,2026-09-02,Wednesday,130.0,129.07692307692307,13,0.923076923076934,0.71513706793803
57,57,2026-09-24,Thursday,130.0,129.07692307692307,13,0.923076923076934,0.71513706793803
57,57,2026-09-03,Thursday,130.0,129.07692307692307,13,0.923076923076934,0.71513706793803
57,57,2026-09-04,Friday,130.0,129.07692307692307,13,0.923076923076934,0.71513706793803
57,57,2026-08-26,Wednesday,130.0,129.07692307692307,13,0.923076923076934,0.71513706793803
57,57,2026-08-27,Thursday,130.0,129.07692307692307,13,0.923076923076934,0.71513706793803
57,57,2026-09-09,Wednesday,130.0,129.07692307692307,13,0.923076923076934,0.71513706793803
57,57,2026-09-10,Thursday,130.0,129.07692307692307,13,0.923076923076934,0.71513706793803
57,57,2026-10-30,Friday,130.0,129.07692307692307,13,0.923076923076934,0.71513706793803
57,57,2026-09-23,Wednesday,130.0,129.07692307692307,13,0.923076923076934,0.71513706793803
57,57,2026-08-28,Friday,130.0,129.07692307692307,13,0.923076923076934,0.71513706793803
57,57,2026-10-01,Thursday,130.0,129.07692307692307,13,0.923076923076934,0.71513706793803
57,57,2026-09-16,Wednesday,130.0,129.07692307692307,13,0.923076923076934,0.71513706793803
57,57,2026-10-14,Wednesday,130.0,129.07692307692307,13,0.923076923076934,0.71513706793803
57,57,2026-10-16,Friday,130.0,129.07692307692307,13,0.923076923076934,0.71513706793803
57,57,2026-09-25,Friday,130.0,129.07692307692307,13,0.923076923076934,0.71513706793803
57,57,2026-09-17,Thursday,130.0,129.07692307692307,13,0.923076923076934,0.71513706793803
22,22,2026-09-08,Tuesday,240.0,239.08333333333334,12,0.9166666666666572,0.3834088532589713
15,15,2026-08-17,Monday,153.0,153.91666666666666,12,-0.9166666666666572,-0.5955603681645851
15,15,2026-08-10,Monday,153.0,153.91666666666666,12,-0.9166666666666572,-0.5955603681645851
49B,49B,2026-09-08,Tuesday,220.0,220.91666666666666,12,-0.9166666666666572,-0.41493775933609534
76,76,2026-09-08,Tuesday,208.0,208.91666666666666,12,-0.9166666666666572,-0.4387714399680848
P,Purple Line,2026-08-10,Monday,189.0,188.08333333333334,12,0.9166666666666572,0.48737261852015445
P,Purple Line,2026-08-17,Monday,189.0,188.08333333333334,12,0.9166666666666572,0.48737261852015445
P,Purple Line,2026-08-24,Monday,189.0,188.08333333333334,12,0.9166666666666572,0.48737261852015445
P,Purple Line,2026-08-31,Monday,189.0,188.08333333333334,12,0.9166666666666572,0.48737261852015445
P,Purple Line,2026-09-08,Tuesday,189.0,188.08333333333334,12,0.9166666666666572,0.48737261852015445
P,Purple Line,2026-09-14,Monday,189.0,188.08333333333334,12,0.9166666666666572,0.48737261852015445
P,Purple Line,2026-09-21,Monday,189.0,188.08333333333334,12,0.9166666666666572,0.48737261852015445
P,Purple Line,2026-09-28,Monday,189.0,188.08333333333334,12,0.9166666666666572,0.48737261852015445
P,Purple Line,2026-10-05,Monday,189.0,188.08333333333334,12,0.9166666666666572,0.48737261852015445
P,Purple Line,2026-10-12,Monday,189.0,188.08333333333334,12,0.9166666666666572,0.48737261852015445
P,Purple Line,2026-10-19,Monday,189.0,188.08333333333334,12,0.9166666666666572,0.48737261852015445
P,Purple Line,2026-10-26,Monday,189.0,188.08333333333334,12,0.9166666666666572,0.48737261852015445
6,6,2026-09-08,Tuesday,190.0,189.08333333333334,12,0.9166666666666572,0.4847950639047988
103,103,2026-08-18,Tuesday,128.0,128.83333333333334,12,-0.8333333333333428,-0.6468305304010422
12,12,2026-08-11,Tuesday,253.0,253.83333333333334,12,-0.8333333333333428,-0.3282994090610674
12,12,2026-08-18,Tuesday,253.0,253.83333333333334,12,-0.8333333333333428,-0.3282994090610674
103,103,2026-08-11,Tuesday,128.0,128.83333333333334,12,-0.8333333333333428,-0.6468305304010422
147,147,2026-08-10,Monday,205.0,204.16666666666666,12,0.8333333333333428,0.4081632653061271
21,21,2026-08-11,Tuesday,175.0,175.83333333333334,12,-0.8333333333333428,-0.47393364928910486
147,147,2026-08-17,Monday,205.0,204.16666666666666,12,0.8333333333333428,0.4081632653061271
20,20,2026-09-13,Sunday,243.0,243.83333333333334,12,-0.8333333333333428,-0.3417634996582404
20,20,2026-08-30,Sunday,243.0,243.83333333333334,12,-0.8333333333333428,-0.3417634996582404
20,20,2026-10-04,Sunday,243.0,243.83333333333334,12,-0.8333333333333428,-0.3417634996582404
21,21,2026-08-16,Sunday,129.0,128.16666666666666,12,0.8333333333333428,0.6501950585175627
21,21,2026-08-18,Tuesday,175.0,175.83333333333334,12,-0.8333333333333428,-0.47393364928910486
20,20,2026-09-27,Sunday,243.0,243.83333333333334,12,-0.8333333333333428,-0.3417634996582404
20,20,2026-08-23,Sunday,243.0,243.83333333333334,12,-0.8333333333333428,-0.3417634996582404
20,20,2026-10-11,Sunday,243.0,243.83333333333334,12,-0.8333333333333428,-0.3417634996582404
20,20,2026-10-18,Sunday,243.0,243.83333333333334,12,-0.8333333333333428,-0.3417634996582404
20,20,2026-09-20,Sunday,243.0,243.83333333333334,12,-0.8333333333333428,-0.3417634996582404
21,21,2026-08-09,Sunday,129.0,128.16666666666666,12,0.8333333333333428,0.6501950585175627
20,20,2026-09-06,Sunday,243.0,243.83333333333334,12,-0.8333333333333428,-0.3417634996582404
20,20,2026-10-25,Sunday,243.0,243.83333333333334,12,-0.8333333333333428,-0.3417634996582404
34,34,2026-09-15,Tuesday,236.0,235.16666666666666,12,0.8333333333333428,0.35435861091424925
34,34,2026-09-22,Tuesday,236.0,235.16666666666666,12,0.8333333333333428,0.35435861091424925
34,34,2026-09-29,Tuesday,236.0,235.16666666666666,12,0.8333333333333428,0.35435861091424925
34,34,2026-10-06,Tuesday,236.0,235.16666666666666,12,0.8333333333333428,0.35435861091424925
34,34,2026-10-13,Tuesday,236.0,235.16666666666666,12,0.8333333333333428,0.35435861091424925
34,34,2026-10-20,Tuesday,236.0,235.16666666666666,12,0.8333333333333428,0.35435861091424925
34,34,2026-08-25,Tuesday,236.0,235.16666666666666,12,0.8333333333333428,0.35435861091424925
34,34,2026-09-01,Tuesday,236.0,235.16666666666666,12,0.8333333333333428,0.35435861091424925
34,34,2026-10-27,Tuesday,236.0,235.16666666666666,12,0.8333333333333428,0.35435861091424925
78,78,2026-10-13,Tuesday,167.0,166.16666666666666,12,0.8333333333333428,0.5015045135406276
84,84,2026-08-10,Monday,134.0,134.83333333333334,12,-0.8333333333333428,-0.6180469715698463
78,78,2026-08-10,Monday,162.0,161.16666666666666,12,0.8333333333333428,0.5170630816959728
78,78,2026-10-06,Tuesday,167.0,166.16666666666666,12,0.8333333333333428,0.5015045135406276
78,78,2026-08-17,Monday,162.0,161.16666666666666,12,0.8333333333333428,0.5170630816959728
78,78,2026-09-29,Tuesday,167.0,166.16666666666666,12,0.8333333333333428,0.5015045135406276
78,78,2026-08-25,Tuesday,167.0,166.16666666666666,12,0.8333333333333428,0.5015045135406276
78,78,2026-10-27,Tuesday,167.0,166.16666666666666,12,0.8333333333333428,0.5015045135406276
91,91,2026-08-18,Tuesday,154.0,154.83333333333334,12,-0.8333333333333428,-0.5382131324004367
78,78,2026-09-01,Tuesday,167.0,166.16666666666666,12,0.8333333333333428,0.5015045135406276
78,78,2026-09-22,Tuesday,167.0,166.16666666666666,12,0.8333333333333428,0.5015045135406276
78,78,2026-09-08,Tuesday,167.0,166.16666666666666,12,0.8333333333333428,0.5015045135406276
84,84,2026-08-17,Monday,134.0,134.83333333333334,12,-0.8333333333333428,-0.6180469715698463
91,91,2026-08-11,Tuesday,154.0,154.83333333333334,12,-0.8333333333333428,-0.5382131324004367
78,78,2026-09-15,Tuesday,167.0,166.16666666666666,12,0.8333333333333428,0.5015045135406276
78,78,2026-10-20,Tuesday,167.0,166.16666666666666,12,0.8333333333333428,0.5015045135406276
J14,J14,2026-08-09,Sunday,177.0,177.83333333333334,12,-0.8333333333333428,-0.4686035613870718
J14,J14,2026-08-16,Sunday,177.0,177.83333333333334,12,-0.8333333333333428,-0.4686035613870718
73,73,2026-08-18,Tuesday,185.0,185.83333333333334,12,-0.8333333333333428,-0.44843049327354767
56,56,2026-08-18,Tuesday,166.0,166.83333333333334,12,-0.8333333333333428,-0.4995004995005051
67,67,2026-08-09,Sunday,168.0,167.16666666666666,12,0.8333333333333428,0.49850448654038454
73,73,2026-08-11,Tuesday,185.0,185.83333333333334,12,-0.8333333333333428,-0.44843049327354767
67,67,2026-08-16,Sunday,168.0,167.16666666666666,12,0.8333333333333428,0.49850448654038454
56,56,2026-08-11,Tuesday,166.0,166.83333333333334,12,-0.8333333333333428,-0.4995004995005051
100,100,2026-08-11,Tuesday,52.0,52.833333333333336,12,-0.8333333333333357,-1.5772870662460612
100,100,2026-08-18,Tuesday,52.0,52.833333333333336,12,-0.8333333333333357,-1.5772870662460612
54A,54A,2026-10-27,Tuesday,38.0,38.833333333333336,12,-0.8333333333333357,-2.145922746781122
54A,54A,2026-09-08,Tuesday,38.0,38.833333333333336,12,-0.8333333333333357,-2.145922746781122
54A,54A,2026-09-15,Tuesday,38.0,38.833333333333336,12,-0.8333333333333357,-2.145922746781122
54A,54A,2026-08-25,Tuesday,38.0,38.833333333333336,12,-0.8333333333333357,-2.145922746781122
54A,54A,2026-09-29,Tuesday,38.0,38.833333333333336,12,-0.8333333333333357,-2.145922746781122
54A,54A,2026-10-06,Tuesday,38.0,38.833333333333336,12,-0.8333333333333357,-2.145922746781122
54A,54A,2026-09-01,Tuesday,38.0,38.833333333333336,12,-0.8333333333333357,-2.145922746781122
54A,54A,2026-09-22,Tuesday,38.0,38.833333333333336,12,-0.8333333333333357,-2.145922746781122
54A,54A,2026-10-20,Tuesday,38.0,38.833333333333336,12,-0.8333333333333357,-2.145922746781122
54A,54A,2026-10-13,Tuesday,38.0,38.833333333333336,12,-0.8333333333333357,-2.145922746781122
108,108,2026-08-11,Tuesday,71.0,71.83333333333333,12,-0.8333333333333286,-1.1600928074245875
108,108,2026-08-18,Tuesday,71.0,71.83333333333333,12,-0.8333333333333286,-1.1600928074245875
126,126,2026-08-09,Sunday,114.0,113.16666666666667,12,0.8333333333333286,0.7363770250368147
126,126,2026-08-16,Sunday,114.0,113.16666666666667,12,0.8333333333333286,0.7363770250368147
78,78,2026-10-18,Sunday,107.0,107.83333333333333,12,-0.8333333333333286,-0.772797527047909
78,78,2026-09-20,Sunday,107.0,107.83333333333333,12,-0.8333333333333286,-0.772797527047909
78,78,2026-09-06,Sunday,107.0,107.83333333333333,12,-0.8333333333333286,-0.772797527047909
78,78,2026-08-30,Sunday,107.0,107.83333333333333,12,-0.8333333333333286,-0.772797527047909
78,78,2026-09-13,Sunday,107.0,107.83333333333333,12,-0.8333333333333286,-0.772797527047909
78,78,2026-08-23,Sunday,107.0,107.83333333333333,12,-0.8333333333333286,-0.772797527047909
78,78,2026-10-04,Sunday,107.0,107.83333333333333,12,-0.8333333333333286,-0.772797527047909
78,78,2026-10-25,Sunday,107.0,107.83333333333333,12,-0.8333333333333286,-0.772797527047909
78,78,2026-10-11,Sunday,107.0,107.83333333333333,12,-0.8333333333333286,-0.772797527047909
78,78,2026-09-27,Sunday,107.0,107.83333333333333,12,-0.8333333333333286,-0.772797527047909
59,59,2026-08-11,Tuesday,113.0,113.83333333333333,12,-0.8333333333333286,-0.7320644216691028
59,59,2026-08-18,Tuesday,113.0,113.83333333333333,12,-0.8333333333333286,-0.7320644216691028
63W,63W,2026-08-11,Tuesday,117.0,117.83333333333333,12,-0.8333333333333286,-0.7072135785007032
63W,63W,2026-08-18,Tuesday,117.0,117.83333333333333,12,-0.8333333333333286,-0.7072135785007032
82,82,2026-08-16,Sunday,265.0,265.8333333333333,12,-0.8333333333333144,-0.31347962382444433
79,79,2026-10-20,Tuesday,450.0,450.8333333333333,12,-0.8333333333333144,-0.18484288354897918
9,9,2026-08-16,Sunday,275.0,275.8333333333333,12,-0.8333333333333144,-0.3021148036253708
79,79,2026-09-01,Tuesday,450.0,450.8333333333333,12,-0.8333333333333144,-0.18484288354897918
77,77,2026-08-11,Tuesday,329.0,328.1666666666667,12,0.8333333333333144,0.25393600812594647
79,79,2026-09-29,Tuesday,450.0,450.8333333333333,12,-0.8333333333333144,-0.18484288354897918
77,77,2026-08-18,Tuesday,329.0,328.1666666666667,12,0.8333333333333144,0.25393600812594647
79,79,2026-10-13,Tuesday,450.0,450.8333333333333,12,-0.8333333333333144,-0.18484288354897918
79,79,2026-09-15,Tuesday,450.0,450.8333333333333,12,-0.8333333333333144,-0.18484288354897918
79,79,2026-10-06,Tuesday,450.0,450.8333333333333,12,-0.8333333333333144,-0.18484288354897918
79,79,2026-10-27,Tuesday,450.0,450.8333333333333,12,-0.8333333333333144,-0.18484288354897918
9,9,2026-08-09,Sunday,275.0,275.8333333333333,12,-0.8333333333333144,-0.3021148036253708
79,79,2026-08-25,Tuesday,450.0,450.8333333333333,12,-0.8333333333333144,-0.18484288354897918
79,79,2026-09-22,Tuesday,450.0,450.8333333333333,12,-0.8333333333333144,-0.18484288354897918
82,82,2026-08-09,Sunday,265.0,265.8333333333333,12,-0.8333333333333144,-0.31347962382444433
72,72,2026-09-15,Tuesday,299.0,298.1666666666667,12,0.8333333333333144,0.27948574622693606
72,72,2026-09-22,Tuesday,299.0,298.1666666666667,12,0.8333333333333144,0.27948574622693606
72,72,2026-10-06,Tuesday,299.0,298.1666666666667,12,0.8333333333333144,0.27948574622693606
72,72,2026-10-13,Tuesday,299.0,298.1666666666667,12,0.8333333333333144,0.27948574622693606
72,72,2026-10-20,Tuesday,299.0,298.1666666666667,12,0.8333333333333144,0.27948574622693606
72,72,2026-10-27,Tuesday,299.0,298.1666666666667,12,0.8333333333333144,0.27948574622693606
72,72,2026-09-01,Tuesday,299.0,298.1666666666667,12,0.8333333333333144,0.27948574622693606
72,72,2026-08-25,Tuesday,299.0,298.1666666666667,12,0.8333333333333144,0.27948574622693606
72,72,2026-09-29,Tuesday,299.0,298.1666666666667,12,0.8333333333333144,0.27948574622693606
103,103,2026-08-14,Friday,128.0,128.76923076923077,13,-0.7692307692307736,-0.597371565113504
106,106,2026-08-07,Friday,133.0,133.76923076923077,13,-0.7692307692307736,-0.5750431282346209
108,108,2026-08-19,Wednesday,71.0,71.76923076923077,13,-0.7692307692307736,-1.0718113612004347
106,106,2026-08-21,Friday,133.0,133.76923076923077,13,-0.7692307692307736,-0.5750431282346209
103,103,2026-08-05,Wednesday,128.0,128.76923076923077,13,-0.7692307692307736,-0.597371565113504
103,103,2026-08-13,Thursday,128.0,128.76923076923077,13,-0.7692307692307736,-0.597371565113504
103,103,2026-08-12,Wednesday,128.0,128.76923076923077,13,-0.7692307692307736,-0.597371565113504
103,103,2026-08-19,Wednesday,128.0,128.76923076923077,13,-0.7692307692307736,-0.597371565113504
108,108,2026-08-05,Wednesday,71.0,71.76923076923077,13,-0.7692307692307736,-1.0718113612004347
106,106,2026-08-14,Friday,133.0,133.76923076923077,13,-0.7692307692307736,-0.5750431282346209
103,103,2026-08-20,Thursday,128.0,128.76923076923077,13,-0.7692307692307736,-0.597371565113504
108,108,2026-08-20,Thursday,71.0,71.76923076923077,13,-0.7692307692307736,-1.0718113612004347
108,108,2026-08-13,Thursday,71.0,71.76923076923077,13,-0.7692307692307736,-1.0718113612004347
103,103,2026-08-07,Friday,128.0,128.76923076923077,13,-0.7692307692307736,-0.597371565113504
103,103,2026-08-21,Friday,128.0,128.76923076923077,13,-0.7692307692307736,-0.597371565113504
108,108,2026-08-06,Thursday,71.0,71.76923076923077,13,-0.7692307692307736,-1.0718113612004347
12,12,2026-08-05,Wednesday,253.0,253.76923076923077,13,-0.7692307692307736,-0.3031221582297683
12,12,2026-08-06,Thursday,253.0,253.76923076923077,13,-0.7692307692307736,-0.3031221582297683
12,12,2026-08-07,Friday,253.0,253.76923076923077,13,-0.7692307692307736,-0.3031221582297683
12,12,2026-08-12,Wednesday,253.0,253.76923076923077,13,-0.7692307692307736,-0.3031221582297683
12,12,2026-08-13,Thursday,253.0,253.76923076923077,13,-0.7692307692307736,-0.3031221582297683
12,12,2026-08-14,Friday,253.0,253.76923076923077,13,-0.7692307692307736,-0.3031221582297683
12,12,2026-08-19,Wednesday,253.0,253.76923076923077,13,-0.7692307692307736,-0.3031221582297683
12,12,2026-08-20,Thursday,253.0,253.76923076923077,13,-0.7692307692307736,-0.3031221582297683
12,12,2026-08-21,Friday,253.0,253.76923076923077,13,-0.7692307692307736,-0.3031221582297683
108,108,2026-08-12,Wednesday,71.0,71.76923076923077,13,-0.7692307692307736,-1.0718113612004347
103,103,2026-08-06,Thursday,128.0,128.76923076923077,13,-0.7692307692307736,-0.597371565113504
21,21,2026-08-12,Wednesday,175.0,175.76923076923077,13,-0.7692307692307736,-0.4376367614879675
21,21,2026-08-13,Thursday,175.0,175.76923076923077,13,-0.7692307692307736,-0.4376367614879675
21,21,2026-08-14,Friday,175.0,175.76923076923077,13,-0.7692307692307736,-0.4376367614879675
21,21,2026-08-19,Wednesday,175.0,175.76923076923077,13,-0.7692307692307736,-0.4376367614879675
21,21,2026-08-20,Thursday,175.0,175.76923076923077,13,-0.7692307692307736,-0.4376367614879675
21,21,2026-08-21,Friday,175.0,175.76923076923077,13,-0.7692307692307736,-0.4376367614879675
18,18,2026-08-15,Saturday,120.0,120.76923076923077,13,-0.7692307692307736,-0.6369426751592393
18,18,2026-08-08,Saturday,120.0,120.76923076923077,13,-0.7692307692307736,-0.6369426751592393
18,18,2026-08-22,Saturday,120.0,120.76923076923077,13,-0.7692307692307736,-0.6369426751592393
21,21,2026-08-05,Wednesday,175.0,175.76923076923077,13,-0.7692307692307736,-0.4376367614879675
21,21,2026-08-06,Thursday,175.0,175.76923076923077,13,-0.7692307692307736,-0.4376367614879675
21,21,2026-08-07,Friday,175.0,175.76923076923077,13,-0.7692307692307736,-0.4376367614879675
49B,49B,2026-08-22,Saturday,176.0,176.76923076923077,13,-0.7692307692307736,-0.4351610095735447
49B,49B,2026-08-08,Saturday,176.0,176.76923076923077,13,-0.7692307692307736,-0.4351610095735447
49B,49B,2026-08-15,Saturday,176.0,176.76923076923077,13,-0.7692307692307736,-0.4351610095735447
91,91,2026-08-21,Friday,154.0,154.76923076923077,13,-0.7692307692307736,-0.497017892644138
77,77,2026-08-21,Friday,329.0,328.2307692307692,13,0.7692307692307736,0.23435669088352606
77,77,2026-08-20,Thursday,329.0,328.2307692307692,13,0.7692307692307736,0.23435669088352606
91,91,2026-08-05,Wednesday,154.0,154.76923076923077,13,-0.7692307692307736,-0.497017892644138
91,91,2026-08-06,Thursday,154.0,154.76923076923077,13,-0.7692307692307736,-0.497017892644138
91,91,2026-08-07,Friday,154.0,154.76923076923077,13,-0.7692307692307736,-0.497017892644138
77,77,2026-08-05,Wednesday,329.0,328.2307692307692,13,0.7692307692307736,0.23435669088352606
77,77,2026-08-19,Wednesday,329.0,328.2307692307692,13,0.7692307692307736,0.23435669088352606
77,77,2026-08-06,Thursday,329.0,328.2307692307692,13,0.7692307692307736,0.23435669088352606
91,91,2026-08-12,Wednesday,154.0,154.76923076923077,13,-0.7692307692307736,-0.497017892644138
77,77,2026-08-07,Friday,329.0,328.2307692307692,13,0.7692307692307736,0.23435669088352606
91,91,2026-08-13,Thursday,154.0,154.76923076923077,13,-0.7692307692307736,-0.497017892644138
91,91,2026-08-14,Friday,154.0,154.76923076923077,13,-0.7692307692307736,-0.497017892644138
77,77,2026-08-12,Wednesday,329.0,328.2307692307692,13,0.7692307692307736,0.23435669088352606
77,77,2026-08-13,Thursday,329.0,328.2307692307692,13,0.7692307692307736,0.23435669088352606
77,77,2026-08-14,Friday,329.0,328.2307692307692,13,0.7692307692307736,0.23435669088352606
91,91,2026-08-19,Wednesday,154.0,154.76923076923077,13,-0.7692307692307736,-0.497017892644138
91,91,2026-08-20,Thursday,154.0,154.76923076923077,13,-0.7692307692307736,-0.497017892644138
59,59,2026-08-06,Thursday,113.0,113.76923076923077,13,-0.7692307692307736,-0.6761325219743107
63W,63W,2026-08-19,Wednesday,117.0,117.76923076923077,13,-0.7692307692307736,-0.653167864141088
59,59,2026-08-14,Friday,113.0,113.76923076923077,13,-0.7692307692307736,-0.6761325219743107
59,59,2026-08-19,Wednesday,113.0,113.76923076923077,13,-0.7692307692307736,-0.6761325219743107
59,59,2026-08-20,Thursday,113.0,113.76923076923077,13,-0.7692307692307736,-0.6761325219743107
59,59,2026-08-21,Friday,113.0,113.76923076923077,13,-0.7692307692307736,-0.6761325219743107
56,56,2026-08-13,Thursday,166.0,166.76923076923077,13,-0.7692307692307736,-0.4612546125461281
67,67,2026-08-22,Saturday,207.0,207.76923076923077,13,-0.7692307692307736,-0.3702332469455778
67,67,2026-08-08,Saturday,207.0,207.76923076923077,13,-0.7692307692307736,-0.3702332469455778
59,59,2026-08-13,Thursday,113.0,113.76923076923077,13,-0.7692307692307736,-0.6761325219743107
56,56,2026-08-19,Wednesday,166.0,166.76923076923077,13,-0.7692307692307736,-0.4612546125461281
73,73,2026-08-05,Wednesday,185.0,185.76923076923077,13,-0.7692307692307736,-0.4140786749482425
73,73,2026-08-06,Thursday,185.0,185.76923076923077,13,-0.7692307692307736,-0.4140786749482425
56,56,2026-08-20,Thursday,166.0,166.76923076923077,13,-0.7692307692307736,-0.4612546125461281
56,56,2026-08-21,Friday,166.0,166.76923076923077,13,-0.7692307692307736,-0.4612546125461281
67,67,2026-08-15,Saturday,207.0,207.76923076923077,13,-0.7692307692307736,-0.3702332469455778
56,56,2026-08-05,Wednesday,166.0,166.76923076923077,13,-0.7692307692307736,-0.4612546125461281
73,73,2026-08-12,Wednesday,185.0,185.76923076923077,13,-0.7692307692307736,-0.4140786749482425
59,59,2026-08-07,Friday,113.0,113.76923076923077,13,-0.7692307692307736,-0.6761325219743107
73,73,2026-08-13,Thursday,185.0,185.76923076923077,13,-0.7692307692307736,-0.4140786749482425
63W,63W,2026-08-05,Wednesday,117.0,117.76923076923077,13,-0.7692307692307736,-0.653167864141088
63W,63W,2026-08-06,Thursday,117.0,117.76923076923077,13,-0.7692307692307736,-0.653167864141088
63W,63W,2026-08-07,Friday,117.0,117.76923076923077,13,-0.7692307692307736,-0.653167864141088
56,56,2026-08-06,Thursday,166.0,166.76923076923077,13,-0.7692307692307736,-0.4612546125461281
63W,63W,2026-08-12,Wednesday,117.0,117.76923076923077,13,-0.7692307692307736,-0.653167864141088
63W,63W,2026-08-13,Thursday,117.0,117.76923076923077,13,-0.7692307692307736,-0.653167864141088
63W,63W,2026-08-14,Friday,117.0,117.76923076923077,13,-0.7692307692307736,-0.653167864141088
56,56,2026-08-07,Friday,166.0,166.76923076923077,13,-0.7692307692307736,-0.4612546125461281
59,59,2026-08-12,Wednesday,113.0,113.76923076923077,13,-0.7692307692307736,-0.6761325219743107
63W,63W,2026-08-20,Thursday,117.0,117.76923076923077,13,-0.7692307692307736,-0.653167864141088
63W,63W,2026-08-21,Friday,117.0,117.76923076923077,13,-0.7692307692307736,-0.653167864141088
73,73,2026-08-19,Wednesday,185.0,185.76923076923077,13,-0.7692307692307736,-0.4140786749482425
73,73,2026-08-20,Thursday,185.0,185.76923076923077,13,-0.7692307692307736,-0.4140786749482425
56,56,2026-08-12,Wednesday,166.0,166.76923076923077,13,-0.7692307692307736,-0.4612546125461281
59,59,2026-08-05,Wednesday,113.0,113.76923076923077,13,-0.7692307692307736,-0.6761325219743107
56,56,2026-08-14,Friday,166.0,166.76923076923077,13,-0.7692307692307736,-0.4612546125461281
100,100,2026-08-21,Friday,52.0,52.76923076923077,13,-0.7692307692307665,-1.4577259475218607
100,100,2026-08-05,Wednesday,52.0,52.76923076923077,13,-0.7692307692307665,-1.4577259475218607
100,100,2026-08-20,Thursday,52.0,52.76923076923077,13,-0.7692307692307665,-1.4577259475218607
100,100,2026-08-06,Thursday,52.0,52.76923076923077,13,-0.7692307692307665,-1.4577259475218607
100,100,2026-08-19,Wednesday,52.0,52.76923076923077,13,-0.7692307692307665,-1.4577259475218607
100,100,2026-08-14,Friday,52.0,52.76923076923077,13,-0.7692307692307665,-1.4577259475218607
100,100,2026-08-13,Thursday,52.0,52.76923076923077,13,-0.7692307692307665,-1.4577259475218607
100,100,2026-08-12,Wednesday,52.0,52.76923076923077,13,-0.7692307692307665,-1.4577259475218607
100,100,2026-08-07,Friday,52.0,52.76923076923077,13,-0.7692307692307665,-1.4577259475218607
48,48,2026-08-10,Monday,63.0,62.25,12,0.75,1.2048192771084338
48,48,2026-08-17,Monday,63.0,62.25,12,0.75,1.2048192771084338
80,80,2026-09-15,Tuesday,208.0,207.25,12,0.75,0.3618817852834741
80,80,2026-08-25,Tuesday,208.0,207.25,12,0.75,0.3618817852834741
80,80,2026-09-01,Tuesday,208.0,207.25,12,0.75,0.3618817852834741
80,80,2026-09-29,Tuesday,208.0,207.25,12,0.75,0.3618817852834741
80,80,2026-10-06,Tuesday,208.0,207.25,12,0.75,0.3618817852834741
80,80,2026-10-27,Tuesday,208.0,207.25,12,0.75,0.3618817852834741
80,80,2026-10-13,Tuesday,208.0,207.25,12,0.75,0.3618817852834741
80,80,2026-10-20,Tuesday,208.0,207.25,12,0.75,0.3618817852834741
80,80,2026-09-22,Tuesday,208.0,207.25,12,0.75,0.3618817852834741
24,24,2026-10-02,Friday,101.0,100.3076923076923,13,0.6923076923076934,0.6901840490797557
152,152,2026-10-24,Saturday,121.0,121.6923076923077,13,-0.6923076923076934,-0.5689001264222512
24,24,2026-10-08,Thursday,101.0,100.3076923076923,13,0.6923076923076934,0.6901840490797557
24,24,2026-10-01,Thursday,101.0,100.3076923076923,13,0.6923076923076934,0.6901840490797557
24,24,2026-10-09,Friday,101.0,100.3076923076923,13,0.6923076923076934,0.6901840490797557
24,24,2026-09-30,Wednesday,101.0,100.3076923076923,13,0.6923076923076934,0.6901840490797557
24,24,2026-10-14,Wednesday,101.0,100.3076923076923,13,0.6923076923076934,0.6901840490797557
24,24,2026-10-15,Thursday,101.0,100.3076923076923,13,0.6923076923076934,0.6901840490797557
24,24,2026-10-16,Friday,101.0,100.3076923076923,13,0.6923076923076934,0.6901840490797557
24,24,2026-09-25,Friday,101.0,100.3076923076923,13,0.6923076923076934,0.6901840490797557
24,24,2026-10-07,Wednesday,101.0,100.3076923076923,13,0.6923076923076934,0.6901840490797557
24,24,2026-10-21,Wednesday,101.0,100.3076923076923,13,0.6923076923076934,0.6901840490797557
24,24,2026-10-22,Thursday,101.0,100.3076923076923,13,0.6923076923076934,0.6901840490797557
24,24,2026-10-23,Friday,101.0,100.3076923076923,13,0.6923076923076934,0.6901840490797557
24,24,2026-09-23,Wednesday,101.0,100.3076923076923,13,0.6923076923076934,0.6901840490797557
24,24,2026-09-18,Friday,101.0,100.3076923076923,13,0.6923076923076934,0.6901840490797557
24,24,2026-09-17,Thursday,101.0,100.3076923076923,13,0.6923076923076934,0.6901840490797557
24,24,2026-10-28,Wednesday,101.0,100.3076923076923,13,0.6923076923076934,0.6901840490797557
24,24,2026-09-16,Wednesday,101.0,100.3076923076923,13,0.6923076923076934,0.6901840490797557
24,24,2026-09-11,Friday,101.0,100.3076923076923,13,0.6923076923076934,0.6901840490797557
24,24,2026-09-10,Thursday,101.0,100.3076923076923,13,0.6923076923076934,0.6901840490797557
24,24,2026-09-09,Wednesday,101.0,100.3076923076923,13,0.6923076923076934,0.6901840490797557
24,24,2026-09-04,Friday,101.0,100.3076923076923,13,0.6923076923076934,0.6901840490797557
24,24,2026-09-03,Thursday,101.0,100.3076923076923,13,0.6923076923076934,0.6901840490797557
24,24,2026-10-29,Thursday,101.0,100.3076923076923,13,0.6923076923076934,0.6901840490797557
24,24,2026-09-02,Wednesday,101.0,100.3076923076923,13,0.6923076923076934,0.6901840490797557
152,152,2026-10-31,Saturday,121.0,121.6923076923077,13,-0.6923076923076934,-0.5689001264222512
24,24,2026-08-28,Friday,101.0,100.3076923076923,13,0.6923076923076934,0.6901840490797557
24,24,2026-10-30,Friday,101.0,100.3076923076923,13,0.6923076923076934,0.6901840490797557
24,24,2026-08-27,Thursday,101.0,100.3076923076923,13,0.6923076923076934,0.6901840490797557
24,24,2026-08-26,Wednesday,101.0,100.3076923076923,13,0.6923076923076934,0.6901840490797557
152,152,2026-08-29,Saturday,121.0,121.6923076923077,13,-0.6923076923076934,-0.5689001264222512
152,152,2026-10-17,Saturday,121.0,121.6923076923077,13,-0.6923076923076934,-0.5689001264222512
152,152,2026-10-10,Saturday,121.0,121.6923076923077,13,-0.6923076923076934,-0.5689001264222512
152,152,2026-10-03,Saturday,121.0,121.6923076923077,13,-0.6923076923076934,-0.5689001264222512
152,152,2026-09-26,Saturday,121.0,121.6923076923077,13,-0.6923076923076934,-0.5689001264222512
152,152,2026-09-19,Saturday,121.0,121.6923076923077,13,-0.6923076923076934,-0.5689001264222512
152,152,2026-09-12,Saturday,121.0,121.6923076923077,13,-0.6923076923076934,-0.5689001264222512
152,152,2026-09-05,Saturday,121.0,121.6923076923077,13,-0.6923076923076934,-0.5689001264222512
24,24,2026-09-24,Thursday,101.0,100.3076923076923,13,0.6923076923076934,0.6901840490797557
44,44,2026-10-10,Saturday,77.0,77.6923076923077,13,-0.6923076923076934,-0.8910891089108924
44,44,2026-10-17,Saturday,77.0,77.6923076923077,13,-0.6923076923076934,-0.8910891089108924
44,44,2026-08-29,Saturday,77.0,77.6923076923077,13,-0.6923076923076934,-0.8910891089108924
44,44,2026-09-12,Saturday,77.0,77.6923076923077,13,-0.6923076923076934,-0.8910891089108924
44,44,2026-10-03,Saturday,77.0,77.6923076923077,13,-0.6923076923076934,-0.8910891089108924
44,44,2026-09-05,Saturday,77.0,77.6923076923077,13,-0.6923076923076934,-0.8910891089108924
44,44,2026-09-19,Saturday,77.0,77.6923076923077,13,-0.6923076923076934,-0.8910891089108924
44,44,2026-10-31,Saturday,77.0,77.6923076923077,13,-0.6923076923076934,-0.8910891089108924
44,44,2026-10-24,Saturday,77.0,77.6923076923077,13,-0.6923076923076934,-0.8910891089108924
44,44,2026-09-26,Saturday,77.0,77.6923076923077,13,-0.6923076923076934,-0.8910891089108924
68,68,2026-09-18,Friday,99.0,98.3076923076923,13,0.6923076923076934,0.7042253521126772
68,68,2026-09-03,Thursday,99.0,98.3076923076923,13,0.6923076923076934,0.7042253521126772
68,68,2026-10-22,Thursday,99.0,98.3076923076923,13,0.6923076923076934,0.7042253521126772
68,68,2026-10-30,Friday,99.0,98.3076923076923,13,0.6923076923076934,0.7042253521126772
68,68,2026-10-29,Thursday,99.0,98.3076923076923,13,0.6923076923076934,0.7042253521126772
68,68,2026-10-16,Friday,99.0,98.3076923076923,13,0.6923076923076934,0.7042253521126772
68,68,2026-10-15,Thursday,99.0,98.3076923076923,13,0.6923076923076934,0.7042253521126772
68,68,2026-10-14,Wednesday,99.0,98.3076923076923,13,0.6923076923076934,0.7042253521126772
68,68,2026-10-21,Wednesday,99.0,98.3076923076923,13,0.6923076923076934,0.7042253521126772
68,68,2026-09-23,Wednesday,99.0,98.3076923076923,13,0.6923076923076934,0.7042253521126772
68,68,2026-09-24,Thursday,99.0,98.3076923076923,13,0.6923076923076934,0.7042253521126772
68,68,2026-09-25,Friday,99.0,98.3076923076923,13,0.6923076923076934,0.7042253521126772
68,68,2026-09-30,Wednesday,99.0,98.3076923076923,13,0.6923076923076934,0.7042253521126772
68,68,2026-10-09,Friday,99.0,98.3076923076923,13,0.6923076923076934,0.7042253521126772
68,68,2026-10-28,Wednesday,99.0,98.3076923076923,13,0.6923076923076934,0.7042253521126772
68,68,2026-10-23,Friday,99.0,98.3076923076923,13,0.6923076923076934,0.7042253521126772
68,68,2026-10-01,Thursday,99.0,98.3076923076923,13,0.6923076923076934,0.7042253521126772
68,68,2026-10-08,Thursday,99.0,98.3076923076923,13,0.6923076923076934,0.7042253521126772
68,68,2026-08-26,Wednesday,99.0,98.3076923076923,13,0.6923076923076934,0.7042253521126772
68,68,2026-10-02,Friday,99.0,98.3076923076923,13,0.6923076923076934,0.7042253521126772
68,68,2026-08-27,Thursday,99.0,98.3076923076923,13,0.6923076923076934,0.7042253521126772
68,68,2026-08-28,Friday,99.0,98.3076923076923,13,0.6923076923076934,0.7042253521126772
68,68,2026-09-02,Wednesday,99.0,98.3076923076923,13,0.6923076923076934,0.7042253521126772
68,68,2026-09-17,Thursday,99.0,98.3076923076923,13,0.6923076923076934,0.7042253521126772
68,68,2026-09-04,Friday,99.0,98.3076923076923,13,0.6923076923076934,0.7042253521126772
68,68,2026-09-09,Wednesday,99.0,98.3076923076923,13,0.6923076923076934,0.7042253521126772
68,68,2026-09-10,Thursday,99.0,98.3076923076923,13,0.6923076923076934,0.7042253521126772
68,68,2026-09-11,Friday,99.0,98.3076923076923,13,0.6923076923076934,0.7042253521126772
68,68,2026-09-16,Wednesday,99.0,98.3076923076923,13,0.6923076923076934,0.7042253521126772
68,68,2026-10-07,Wednesday,99.0,98.3076923076923,13,0.6923076923076934,0.7042253521126772
147,147,2026-10-10,Saturday,219.0,218.30769230769232,13,0.6923076923076792,0.3171247357293809
147,147,2026-09-24,Thursday,208.0,207.30769230769232,13,0.6923076923076792,0.33395176252318476
147,147,2026-09-16,Wednesday,208.0,207.30769230769232,13,0.6923076923076792,0.33395176252318476
147,147,2026-10-09,Friday,208.0,207.30769230769232,13,0.6923076923076792,0.33395176252318476
147,147,2026-10-08,Thursday,208.0,207.30769230769232,13,0.6923076923076792,0.33395176252318476
147,147,2026-09-11,Friday,208.0,207.30769230769232,13,0.6923076923076792,0.33395176252318476
147,147,2026-10-14,Wednesday,208.0,207.30769230769232,13,0.6923076923076792,0.33395176252318476
147,147,2026-09-10,Thursday,208.0,207.30769230769232,13,0.6923076923076792,0.33395176252318476
147,147,2026-09-09,Wednesday,208.0,207.30769230769232,13,0.6923076923076792,0.33395176252318476
147,147,2026-10-15,Thursday,208.0,207.30769230769232,13,0.6923076923076792,0.33395176252318476
147,147,2026-09-17,Thursday,208.0,207.30769230769232,13,0.6923076923076792,0.33395176252318476
147,147,2026-09-18,Friday,208.0,207.30769230769232,13,0.6923076923076792,0.33395176252318476
147,147,2026-09-26,Saturday,219.0,218.30769230769232,13,0.6923076923076792,0.3171247357293809
147,147,2026-10-07,Wednesday,208.0,207.30769230769232,13,0.6923076923076792,0.33395176252318476
147,147,2026-09-19,Saturday,219.0,218.30769230769232,13,0.6923076923076792,0.3171247357293809
147,147,2026-10-16,Friday,208.0,207.30769230769232,13,0.6923076923076792,0.33395176252318476
147,147,2026-10-17,Saturday,219.0,218.30769230769232,13,0.6923076923076792,0.3171247357293809
147,147,2026-09-05,Saturday,219.0,218.30769230769232,13,0.6923076923076792,0.3171247357293809
147,147,2026-09-04,Friday,208.0,207.30769230769232,13,0.6923076923076792,0.33395176252318476
147,147,2026-09-03,Thursday,208.0,207.30769230769232,13,0.6923076923076792,0.33395176252318476
147,147,2026-09-02,Wednesday,208.0,207.30769230769232,13,0.6923076923076792,0.33395176252318476
147,147,2026-08-29,Saturday,219.0,218.30769230769232,13,0.6923076923076792,0.3171247357293809
147,147,2026-08-28,Friday,208.0,207.30769230769232,13,0.6923076923076792,0.33395176252318476
147,147,2026-10-03,Saturday,219.0,218.30769230769232,13,0.6923076923076792,0.3171247357293809
147,147,2026-10-21,Wednesday,208.0,207.30769230769232,13,0.6923076923076792,0.33395176252318476
147,147,2026-10-02,Friday,208.0,207.30769230769232,13,0.6923076923076792,0.33395176252318476
147,147,2026-08-27,Thursday,208.0,207.30769230769232,13,0.6923076923076792,0.33395176252318476
147,147,2026-10-31,Saturday,219.0,218.30769230769232,13,0.6923076923076792,0.3171247357293809
147,147,2026-10-22,Thursday,208.0,207.30769230769232,13,0.6923076923076792,0.33395176252318476
147,147,2026-10-30,Friday,208.0,207.30769230769232,13,0.6923076923076792,0.33395176252318476
147,147,2026-08-26,Wednesday,208.0,207.30769230769232,13,0.6923076923076792,0.33395176252318476
147,147,2026-10-29,Thursday,208.0,207.30769230769232,13,0.6923076923076792,0.33395176252318476
147,147,2026-09-23,Wednesday,208.0,207.30769230769232,13,0.6923076923076792,0.33395176252318476
147,147,2026-10-24,Saturday,219.0,218.30769230769232,13,0.6923076923076792,0.3171247357293809
147,147,2026-10-01,Thursday,208.0,207.30769230769232,13,0.6923076923076792,0.33395176252318476
147,147,2026-10-28,Wednesday,208.0,207.30769230769232,13,0.6923076923076792,0.33395176252318476
147,147,2026-10-23,Friday,208.0,207.30769230769232,13,0.6923076923076792,0.33395176252318476
147,147,2026-09-30,Wednesday,208.0,207.30769230769232,13,0.6923076923076792,0.33395176252318476
147,147,2026-09-25,Friday,208.0,207.30769230769232,13,0.6923076923076792,0.33395176252318476
147,147,2026-09-12,Saturday,219.0,218.30769230769232,13,0.6923076923076792,0.3171247357293809
53A,53A,2026-10-23,Friday,173.0,172.30769230769232,13,0.6923076923076792,0.40178571428570664
53A,53A,2026-09-02,Wednesday,173.0,172.30769230769232,13,0.6923076923076792,0.40178571428570664
53A,53A,2026-10-28,Wednesday,173.0,172.30769230769232,13,0.6923076923076792,0.40178571428570664
53A,53A,2026-10-29,Thursday,173.0,172.30769230769232,13,0.6923076923076792,0.40178571428570664
53A,53A,2026-10-30,Friday,173.0,172.30769230769232,13,0.6923076923076792,0.40178571428570664
53A,53A,2026-10-01,Thursday,173.0,172.30769230769232,13,0.6923076923076792,0.40178571428570664
53A,53A,2026-09-17,Thursday,173.0,172.30769230769232,13,0.6923076923076792,0.40178571428570664
53A,53A,2026-10-02,Friday,173.0,172.30769230769232,13,0.6923076923076792,0.40178571428570664
53A,53A,2026-09-30,Wednesday,173.0,172.30769230769232,13,0.6923076923076792,0.40178571428570664
53A,53A,2026-10-22,Thursday,173.0,172.30769230769232,13,0.6923076923076792,0.40178571428570664
53A,53A,2026-10-21,Wednesday,173.0,172.30769230769232,13,0.6923076923076792,0.40178571428570664
53A,53A,2026-09-18,Friday,173.0,172.30769230769232,13,0.6923076923076792,0.40178571428570664
53A,53A,2026-09-23,Wednesday,173.0,172.30769230769232,13,0.6923076923076792,0.40178571428570664
53A,53A,2026-09-24,Thursday,173.0,172.30769230769232,13,0.6923076923076792,0.40178571428570664
53A,53A,2026-08-26,Wednesday,173.0,172.30769230769232,13,0.6923076923076792,0.40178571428570664
53A,53A,2026-08-27,Thursday,173.0,172.30769230769232,13,0.6923076923076792,0.40178571428570664
53A,53A,2026-08-28,Friday,173.0,172.30769230769232,13,0.6923076923076792,0.40178571428570664
53A,53A,2026-09-25,Friday,173.0,172.30769230769232,13,0.6923076923076792,0.40178571428570664
53A,53A,2026-09-16,Wednesday,173.0,172.30769230769232,13,0.6923076923076792,0.40178571428570664
53A,53A,2026-10-16,Friday,173.0,172.30769230769232,13,0.6923076923076792,0.40178571428570664
53A,53A,2026-10-15,Thursday,173.0,172.30769230769232,13,0.6923076923076792,0.40178571428570664
53A,53A,2026-09-11,Friday,173.0,172.30769230769232,13,0.6923076923076792,0.40178571428570664
53A,53A,2026-09-03,Thursday,173.0,172.30769230769232,13,0.6923076923076792,0.40178571428570664
53A,53A,2026-10-14,Wednesday,173.0,172.30769230769232,13,0.6923076923076792,0.40178571428570664
53A,53A,2026-10-09,Friday,173.0,172.30769230769232,13,0.6923076923076792,0.40178571428570664
53A,53A,2026-09-04,Friday,173.0,172.30769230769232,13,0.6923076923076792,0.40178571428570664
53A,53A,2026-10-07,Wednesday,173.0,172.30769230769232,13,0.6923076923076792,0.40178571428570664
53A,53A,2026-09-09,Wednesday,173.0,172.30769230769232,13,0.6923076923076792,0.40178571428570664
53A,53A,2026-09-10,Thursday,173.0,172.30769230769232,13,0.6923076923076792,0.40178571428570664
53A,53A,2026-10-08,Thursday,173.0,172.30769230769232,13,0.6923076923076792,0.40178571428570664
72,72,2026-09-04,Friday,299.0,298.3076923076923,13,0.6923076923076792,0.23207839092315186
55,55,2026-10-24,Saturday,240.0,239.30769230769232,13,0.6923076923076792,0.2892960462873619
70,70,2026-10-21,Wednesday,214.0,213.30769230769232,13,0.6923076923076792,0.32455824017309154
70,70,2026-10-10,Saturday,149.0,148.30769230769232,13,0.6923076923076792,0.46680497925310316
70,70,2026-09-09,Wednesday,214.0,213.30769230769232,13,0.6923076923076792,0.32455824017309154
70,70,2026-10-03,Saturday,149.0,148.30769230769232,13,0.6923076923076792,0.46680497925310316
72,72,2026-08-26,Wednesday,299.0,298.3076923076923,13,0.6923076923076792,0.23207839092315186
70,70,2026-08-29,Saturday,149.0,148.30769230769232,13,0.6923076923076792,0.46680497925310316
70,70,2026-10-07,Wednesday,214.0,213.30769230769232,13,0.6923076923076792,0.32455824017309154
72,72,2026-08-27,Thursday,299.0,298.3076923076923,13,0.6923076923076792,0.23207839092315186
60,60,2026-08-26,Wednesday,252.0,251.30769230769232,13,0.6923076923076792,0.27548209366390664
60,60,2026-08-27,Thursday,252.0,251.30769230769232,13,0.6923076923076792,0.27548209366390664
60,60,2026-08-28,Friday,252.0,251.30769230769232,13,0.6923076923076792,0.27548209366390664
60,60,2026-09-02,Wednesday,252.0,251.30769230769232,13,0.6923076923076792,0.27548209366390664
70,70,2026-08-26,Wednesday,214.0,213.30769230769232,13,0.6923076923076792,0.32455824017309154
60,60,2026-09-03,Thursday,252.0,251.30769230769232,13,0.6923076923076792,0.27548209366390664
60,60,2026-09-04,Friday,252.0,251.30769230769232,13,0.6923076923076792,0.27548209366390664
60,60,2026-09-09,Wednesday,252.0,251.30769230769232,13,0.6923076923076792,0.27548209366390664
60,60,2026-09-10,Thursday,252.0,251.30769230769232,13,0.6923076923076792,0.27548209366390664
60,60,2026-09-11,Friday,252.0,251.30769230769232,13,0.6923076923076792,0.27548209366390664
72,72,2026-08-28,Friday,299.0,298.3076923076923,13,0.6923076923076792,0.23207839092315186
60,60,2026-09-16,Wednesday,252.0,251.30769230769232,13,0.6923076923076792,0.27548209366390664
60,60,2026-09-17,Thursday,252.0,251.30769230769232,13,0.6923076923076792,0.27548209366390664
60,60,2026-09-18,Friday,252.0,251.30769230769232,13,0.6923076923076792,0.27548209366390664
60,60,2026-09-23,Wednesday,252.0,251.30769230769232,13,0.6923076923076792,0.27548209366390664
60,60,2026-09-24,Thursday,252.0,251.30769230769232,13,0.6923076923076792,0.27548209366390664
60,60,2026-09-25,Friday,252.0,251.30769230769232,13,0.6923076923076792,0.27548209366390664
72,72,2026-09-16,Wednesday,299.0,298.3076923076923,13,0.6923076923076792,0.23207839092315186
72,72,2026-09-17,Thursday,299.0,298.3076923076923,13,0.6923076923076792,0.23207839092315186
72,72,2026-09-18,Friday,299.0,298.3076923076923,13,0.6923076923076792,0.23207839092315186
60,60,2026-09-30,Wednesday,252.0,251.30769230769232,13,0.6923076923076792,0.27548209366390664
60,60,2026-10-01,Thursday,252.0,251.30769230769232,13,0.6923076923076792,0.27548209366390664
60,60,2026-10-02,Friday,252.0,251.30769230769232,13,0.6923076923076792,0.27548209366390664
72,72,2026-09-23,Wednesday,299.0,298.3076923076923,13,0.6923076923076792,0.23207839092315186
72,72,2026-09-24,Thursday,299.0,298.3076923076923,13,0.6923076923076792,0.23207839092315186
72,72,2026-09-25,Friday,299.0,298.3076923076923,13,0.6923076923076792,0.23207839092315186
60,60,2026-10-07,Wednesday,252.0,251.30769230769232,13,0.6923076923076792,0.27548209366390664
70,70,2026-09-26,Saturday,149.0,148.30769230769232,13,0.6923076923076792,0.46680497925310316
70,70,2026-09-30,Wednesday,214.0,213.30769230769232,13,0.6923076923076792,0.32455824017309154
72,72,2026-09-30,Wednesday,299.0,298.3076923076923,13,0.6923076923076792,0.23207839092315186
72,72,2026-10-01,Thursday,299.0,298.3076923076923,13,0.6923076923076792,0.23207839092315186
72,72,2026-10-02,Friday,299.0,298.3076923076923,13,0.6923076923076792,0.23207839092315186
60,60,2026-10-08,Thursday,252.0,251.30769230769232,13,0.6923076923076792,0.27548209366390664
72,72,2026-09-11,Friday,299.0,298.3076923076923,13,0.6923076923076792,0.23207839092315186
60,60,2026-10-09,Friday,252.0,251.30769230769232,13,0.6923076923076792,0.27548209366390664
72,72,2026-10-07,Wednesday,299.0,298.3076923076923,13,0.6923076923076792,0.23207839092315186
72,72,2026-10-08,Thursday,299.0,298.3076923076923,13,0.6923076923076792,0.23207839092315186
72,72,2026-10-09,Friday,299.0,298.3076923076923,13,0.6923076923076792,0.23207839092315186
60,60,2026-10-14,Wednesday,252.0,251.30769230769232,13,0.6923076923076792,0.27548209366390664
60,60,2026-10-15,Thursday,252.0,251.30769230769232,13,0.6923076923076792,0.27548209366390664
70,70,2026-10-24,Saturday,149.0,148.30769230769232,13,0.6923076923076792,0.46680497925310316
72,72,2026-10-14,Wednesday,299.0,298.3076923076923,13,0.6923076923076792,0.23207839092315186
72,72,2026-10-15,Thursday,299.0,298.3076923076923,13,0.6923076923076792,0.23207839092315186
72,72,2026-10-16,Friday,299.0,298.3076923076923,13,0.6923076923076792,0.23207839092315186
60,60,2026-10-16,Friday,252.0,251.30769230769232,13,0.6923076923076792,0.27548209366390664
72,72,2026-09-10,Thursday,299.0,298.3076923076923,13,0.6923076923076792,0.23207839092315186
70,70,2026-09-12,Saturday,149.0,148.30769230769232,13,0.6923076923076792,0.46680497925310316
72,72,2026-10-21,Wednesday,299.0,298.3076923076923,13,0.6923076923076792,0.23207839092315186
72,72,2026-10-22,Thursday,299.0,298.3076923076923,13,0.6923076923076792,0.23207839092315186
72,72,2026-10-23,Friday,299.0,298.3076923076923,13,0.6923076923076792,0.23207839092315186
60,60,2026-10-21,Wednesday,252.0,251.30769230769232,13,0.6923076923076792,0.27548209366390664
60,60,2026-10-22,Thursday,252.0,251.30769230769232,13,0.6923076923076792,0.27548209366390664
60,60,2026-10-23,Friday,252.0,251.30769230769232,13,0.6923076923076792,0.27548209366390664
72,72,2026-10-28,Wednesday,299.0,298.3076923076923,13,0.6923076923076792,0.23207839092315186
72,72,2026-10-29,Thursday,299.0,298.3076923076923,13,0.6923076923076792,0.23207839092315186
72,72,2026-10-30,Friday,299.0,298.3076923076923,13,0.6923076923076792,0.23207839092315186
55,55,2026-10-31,Saturday,240.0,239.30769230769232,13,0.6923076923076792,0.2892960462873619
60,60,2026-10-28,Wednesday,252.0,251.30769230769232,13,0.6923076923076792,0.27548209366390664
60,60,2026-10-29,Thursday,252.0,251.30769230769232,13,0.6923076923076792,0.27548209366390664
60,60,2026-10-30,Friday,252.0,251.30769230769232,13,0.6923076923076792,0.27548209366390664
55,55,2026-08-29,Saturday,240.0,239.30769230769232,13,0.6923076923076792,0.2892960462873619
70,70,2026-09-23,Wednesday,214.0,213.30769230769232,13,0.6923076923076792,0.32455824017309154
55,55,2026-09-05,Saturday,240.0,239.30769230769232,13,0.6923076923076792,0.2892960462873619
55,55,2026-09-12,Saturday,240.0,239.30769230769232,13,0.6923076923076792,0.2892960462873619
72,72,2026-09-09,Wednesday,299.0,298.3076923076923,13,0.6923076923076792,0.23207839092315186
72,72,2026-09-02,Wednesday,299.0,298.3076923076923,13,0.6923076923076792,0.23207839092315186
72,72,2026-09-03,Thursday,299.0,298.3076923076923,13,0.6923076923076792,0.23207839092315186
70,70,2026-10-28,Wednesday,214.0,213.30769230769232,13,0.6923076923076792,0.32455824017309154
55,55,2026-09-19,Saturday,240.0,239.30769230769232,13,0.6923076923076792,0.2892960462873619
55,55,2026-09-26,Saturday,240.0,239.30769230769232,13,0.6923076923076792,0.2892960462873619
70,70,2026-09-16,Wednesday,214.0,213.30769230769232,13,0.6923076923076792,0.32455824017309154
70,70,2026-09-02,Wednesday,214.0,213.30769230769232,13,0.6923076923076792,0.32455824017309154
55,55,2026-10-03,Saturday,240.0,239.30769230769232,13,0.6923076923076792,0.2892960462873619
70,70,2026-10-31,Saturday,149.0,148.30769230769232,13,0.6923076923076792,0.46680497925310316
70,70,2026-10-17,Saturday,149.0,148.30769230769232,13,0.6923076923076792,0.46680497925310316
55,55,2026-10-10,Saturday,240.0,239.30769230769232,13,0.6923076923076792,0.2892960462873619
70,70,2026-09-19,Saturday,149.0,148.30769230769232,13,0.6923076923076792,0.46680497925310316
55,55,2026-10-17,Saturday,240.0,239.30769230769232,13,0.6923076923076792,0.2892960462873619
70,70,2026-10-14,Wednesday,214.0,213.30769230769232,13,0.6923076923076792,0.32455824017309154
70,70,2026-09-05,Saturday,149.0,148.30769230769232,13,0.6923076923076792,0.46680497925310316
18,18,2026-08-10,Monday,126.0,126.66666666666667,12,-0.6666666666666714,-0.526315789473688
152,152,2026-10-25,Sunday,97.0,97.66666666666667,12,-0.6666666666666714,-0.6825938566552949
152,152,2026-10-18,Sunday,97.0,97.66666666666667,12,-0.6666666666666714,-0.6825938566552949
152,152,2026-10-11,Sunday,97.0,97.66666666666667,12,-0.6666666666666714,-0.6825938566552949
152,152,2026-10-04,Sunday,97.0,97.66666666666667,12,-0.6666666666666714,-0.6825938566552949
152,152,2026-09-27,Sunday,97.0,97.66666666666667,12,-0.6666666666666714,-0.6825938566552949
152,152,2026-09-20,Sunday,97.0,97.66666666666667,12,-0.6666666666666714,-0.6825938566552949
152,152,2026-09-13,Sunday,97.0,97.66666666666667,12,-0.6666666666666714,-0.6825938566552949
152,152,2026-09-06,Sunday,97.0,97.66666666666667,12,-0.6666666666666714,-0.6825938566552949
152,152,2026-08-30,Sunday,97.0,97.66666666666667,12,-0.6666666666666714,-0.6825938566552949
18,18,2026-08-17,Monday,126.0,126.66666666666667,12,-0.6666666666666714,-0.526315789473688
152,152,2026-08-23,Sunday,97.0,97.66666666666667,12,-0.6666666666666714,-0.6825938566552949
76,76,2026-08-23,Sunday,98.0,97.33333333333333,12,0.6666666666666714,0.6849315068493199
76,76,2026-08-30,Sunday,98.0,97.33333333333333,12,0.6666666666666714,0.6849315068493199
76,76,2026-09-06,Sunday,98.0,97.33333333333333,12,0.6666666666666714,0.6849315068493199
76,76,2026-09-13,Sunday,98.0,97.33333333333333,12,0.6666666666666714,0.6849315068493199
76,76,2026-09-20,Sunday,98.0,97.33333333333333,12,0.6666666666666714,0.6849315068493199
76,76,2026-09-27,Sunday,98.0,97.33333333333333,12,0.6666666666666714,0.6849315068493199
76,76,2026-10-04,Sunday,98.0,97.33333333333333,12,0.6666666666666714,0.6849315068493199
76,76,2026-10-11,Sunday,98.0,97.33333333333333,12,0.6666666666666714,0.6849315068493199
76,76,2026-10-18,Sunday,98.0,97.33333333333333,12,0.6666666666666714,0.6849315068493199
76,76,2026-10-25,Sunday,98.0,97.33333333333333,12,0.6666666666666714,0.6849315068493199
169,169,2026-08-10,Monday,9.0,8.333333333333334,12,0.6666666666666661,7.999999999999991
169,169,2026-10-26,Monday,9.0,8.333333333333334,12,0.6666666666666661,7.999999999999991
169,169,2026-08-17,Monday,9.0,8.333333333333334,12,0.6666666666666661,7.999999999999991
169,169,2026-10-19,Monday,9.0,8.333333333333334,12,0.6666666666666661,7.999999999999991
169,169,2026-10-12,Monday,9.0,8.333333333333334,12,0.6666666666666661,7.999999999999991
169,169,2026-10-05,Monday,9.0,8.333333333333334,12,0.6666666666666661,7.999999999999991
169,169,2026-09-28,Monday,9.0,8.333333333333334,12,0.6666666666666661,7.999999999999991
169,169,2026-09-21,Monday,9.0,8.333333333333334,12,0.6666666666666661,7.999999999999991
169,169,2026-09-14,Monday,9.0,8.333333333333334,12,0.6666666666666661,7.999999999999991
169,169,2026-08-31,Monday,9.0,8.333333333333334,12,0.6666666666666661,7.999999999999991
169,169,2026-08-24,Monday,9.0,8.333333333333334,12,0.6666666666666661,7.999999999999991
18,18,2026-09-29,Tuesday,130.0,129.33333333333334,12,0.6666666666666572,0.5154639175257658
18,18,2026-10-20,Tuesday,130.0,129.33333333333334,12,0.6666666666666572,0.5154639175257658
28,28,2026-08-10,Monday,160.0,159.33333333333334,12,0.6666666666666572,0.4184100418409982
18,18,2026-09-15,Tuesday,130.0,129.33333333333334,12,0.6666666666666572,0.5154639175257658
18,18,2026-10-13,Tuesday,130.0,129.33333333333334,12,0.6666666666666572,0.5154639175257658
18,18,2026-09-22,Tuesday,130.0,129.33333333333334,12,0.6666666666666572,0.5154639175257658
18,18,2026-10-06,Tuesday,130.0,129.33333333333334,12,0.6666666666666572,0.5154639175257658
18,18,2026-10-27,Tuesday,130.0,129.33333333333334,12,0.6666666666666572,0.5154639175257658
18,18,2026-08-25,Tuesday,130.0,129.33333333333334,12,0.6666666666666572,0.5154639175257658
18,18,2026-09-08,Tuesday,130.0,129.33333333333334,12,0.6666666666666572,0.5154639175257658
18,18,2026-09-01,Tuesday,130.0,129.33333333333334,12,0.6666666666666572,0.5154639175257658
28,28,2026-08-17,Monday,160.0,159.33333333333334,12,0.6666666666666572,0.4184100418409982
53A,53A,2026-10-13,Tuesday,173.0,172.33333333333334,12,0.6666666666666572,0.38684719535782813
53A,53A,2026-10-20,Tuesday,173.0,172.33333333333334,12,0.6666666666666572,0.38684719535782813
53A,53A,2026-09-15,Tuesday,173.0,172.33333333333334,12,0.6666666666666572,0.38684719535782813
53A,53A,2026-10-27,Tuesday,173.0,172.33333333333334,12,0.6666666666666572,0.38684719535782813
53A,53A,2026-09-22,Tuesday,173.0,172.33333333333334,12,0.6666666666666572,0.38684719535782813
34,34,2026-08-10,Monday,230.0,230.66666666666666,12,-0.6666666666666572,-0.28901734104045834
34,34,2026-08-17,Monday,230.0,230.66666666666666,12,-0.6666666666666572,-0.28901734104045834
53A,53A,2026-08-25,Tuesday,173.0,172.33333333333334,12,0.6666666666666572,0.38684719535782813
53A,53A,2026-09-01,Tuesday,173.0,172.33333333333334,12,0.6666666666666572,0.38684719535782813
53A,53A,2026-10-06,Tuesday,173.0,172.33333333333334,12,0.6666666666666572,0.38684719535782813
53A,53A,2026-09-29,Tuesday,173.0,172.33333333333334,12,0.6666666666666572,0.38684719535782813
92,92,2026-10-13,Tuesday,162.0,161.33333333333334,12,0.6666666666666572,0.4132231404958619
92,92,2026-08-25,Tuesday,162.0,161.33333333333334,12,0.6666666666666572,0.4132231404958619
92,92,2026-10-20,Tuesday,162.0,161.33333333333334,12,0.6666666666666572,0.4132231404958619
92,92,2026-10-27,Tuesday,162.0,161.33333333333334,12,0.6666666666666572,0.4132231404958619
92,92,2026-09-01,Tuesday,162.0,161.33333333333334,12,0.6666666666666572,0.4132231404958619
92,92,2026-09-08,Tuesday,162.0,161.33333333333334,12,0.6666666666666572,0.4132231404958619
92,92,2026-09-15,Tuesday,162.0,161.33333333333334,12,0.6666666666666572,0.4132231404958619
92,92,2026-09-22,Tuesday,162.0,161.33333333333334,12,0.6666666666666572,0.4132231404958619
92,92,2026-09-29,Tuesday,162.0,161.33333333333334,12,0.6666666666666572,0.4132231404958619
92,92,2026-10-06,Tuesday,162.0,161.33333333333334,12,0.6666666666666572,0.4132231404958619
72,72,2026-09-06,Sunday,234.0,234.66666666666666,12,-0.6666666666666572,-0.28409090909090506
57,57,2026-09-29,Tuesday,130.0,129.33333333333334,12,0.6666666666666572,0.5154639175257658
57,57,2026-10-06,Tuesday,130.0,129.33333333333334,12,0.6666666666666572,0.5154639175257658
57,57,2026-10-20,Tuesday,130.0,129.33333333333334,12,0.6666666666666572,0.5154639175257658
57,57,2026-09-15,Tuesday,130.0,129.33333333333334,12,0.6666666666666572,0.5154639175257658
57,57,2026-09-01,Tuesday,130.0,129.33333333333334,12,0.6666666666666572,0.5154639175257658
57,57,2026-10-27,Tuesday,130.0,129.33333333333334,12,0.6666666666666572,0.5154639175257658
57,57,2026-10-13,Tuesday,130.0,129.33333333333334,12,0.6666666666666572,0.5154639175257658
57,57,2026-08-25,Tuesday,130.0,129.33333333333334,12,0.6666666666666572,0.5154639175257658
72,72,2026-09-13,Sunday,234.0,234.66666666666666,12,-0.6666666666666572,-0.28409090909090506
72,72,2026-09-20,Sunday,234.0,234.66666666666666,12,-0.6666666666666572,-0.28409090909090506
72,72,2026-09-27,Sunday,234.0,234.66666666666666,12,-0.6666666666666572,-0.28409090909090506
72,72,2026-10-04,Sunday,234.0,234.66666666666666,12,-0.6666666666666572,-0.28409090909090506
57,57,2026-09-08,Tuesday,130.0,129.33333333333334,12,0.6666666666666572,0.5154639175257658
72,72,2026-10-11,Sunday,234.0,234.66666666666666,12,-0.6666666666666572,-0.28409090909090506
57,57,2026-09-22,Tuesday,130.0,129.33333333333334,12,0.6666666666666572,0.5154639175257658
72,72,2026-10-18,Sunday,234.0,234.66666666666666,12,-0.6666666666666572,-0.28409090909090506
72,72,2026-08-30,Sunday,234.0,234.66666666666666,12,-0.6666666666666572,-0.28409090909090506
72,72,2026-10-25,Sunday,234.0,234.66666666666666,12,-0.6666666666666572,-0.28409090909090506
72,72,2026-08-23,Sunday,234.0,234.66666666666666,12,-0.6666666666666572,-0.28409090909090506
70,70,2026-09-08,Tuesday,212.0,212.58333333333334,12,-0.5833333333333428,-0.2744021952175662
24,24,2026-10-13,Tuesday,101.0,100.5,12,0.5,0.4975124378109453
147,147,2026-09-29,Tuesday,208.0,207.5,12,0.5,0.24096385542168675
24,24,2026-10-20,Tuesday,101.0,100.5,12,0.5,0.4975124378109453
24,24,2026-10-27,Tuesday,101.0,100.5,12,0.5,0.4975124378109453
147,147,2026-08-25,Tuesday,208.0,207.5,12,0.5,0.24096385542168675
147,147,2026-09-01,Tuesday,208.0,207.5,12,0.5,0.24096385542168675
28,28,2026-08-25,Tuesday,162.0,161.5,12,0.5,0.30959752321981426
147,147,2026-10-06,Tuesday,208.0,207.5,12,0.5,0.24096385542168675
147,147,2026-09-08,Tuesday,208.0,207.5,12,0.5,0.24096385542168675
147,147,2026-09-15,Tuesday,208.0,207.5,12,0.5,0.24096385542168675
28,28,2026-09-01,Tuesday,162.0,161.5,12,0.5,0.30959752321981426
147,147,2026-10-13,Tuesday,208.0,207.5,12,0.5,0.24096385542168675
28,28,2026-09-15,Tuesday,162.0,161.5,12,0.5,0.30959752321981426
24,24,2026-08-25,Tuesday,101.0,100.5,12,0.5,0.4975124378109453
24,24,2026-09-01,Tuesday,101.0,100.5,12,0.5,0.4975124378109453
24,24,2026-09-08,Tuesday,101.0,100.5,12,0.5,0.4975124378109453
147,147,2026-10-20,Tuesday,208.0,207.5,12,0.5,0.24096385542168675
24,24,2026-09-15,Tuesday,101.0,100.5,12,0.5,0.4975124378109453
147,147,2026-09-22,Tuesday,208.0,207.5,12,0.5,0.24096385542168675
24,24,2026-09-22,Tuesday,101.0,100.5,12,0.5,0.4975124378109453
24,24,2026-09-29,Tuesday,101.0,100.5,12,0.5,0.4975124378109453
24,24,2026-10-06,Tuesday,101.0,100.5,12,0.5,0.4975124378109453
147,147,2026-10-27,Tuesday,208.0,207.5,12,0.5,0.24096385542168675
28,28,2026-09-22,Tuesday,162.0,161.5,12,0.5,0.30959752321981426
28,28,2026-09-29,Tuesday,162.0,161.5,12,0.5,0.30959752321981426
28,28,2026-10-06,Tuesday,162.0,161.5,12,0.5,0.30959752321981426
28,28,2026-10-13,Tuesday,162.0,161.5,12,0.5,0.30959752321981426
28,28,2026-10-20,Tuesday,162.0,161.5,12,0.5,0.30959752321981426
28,28,2026-10-27,Tuesday,162.0,161.5,12,0.5,0.30959752321981426
79,79,2026-08-23,Sunday,283.0,282.5,12,0.5,0.17699115044247787
93,93,2026-09-27,Sunday,77.0,76.5,12,0.5,0.6535947712418301
93,93,2026-08-30,Sunday,77.0,76.5,12,0.5,0.6535947712418301
79,79,2026-09-27,Sunday,283.0,282.5,12,0.5,0.17699115044247787
79,79,2026-08-30,Sunday,283.0,282.5,12,0.5,0.17699115044247787
93,93,2026-10-04,Sunday,77.0,76.5,12,0.5,0.6535947712418301
93,93,2026-10-11,Sunday,77.0,76.5,12,0.5,0.6535947712418301
93,93,2026-09-06,Sunday,77.0,76.5,12,0.5,0.6535947712418301
79,79,2026-10-04,Sunday,283.0,282.5,12,0.5,0.17699115044247787
93,93,2026-10-18,Sunday,77.0,76.5,12,0.5,0.6535947712418301
79,79,2026-10-11,Sunday,283.0,282.5,12,0.5,0.17699115044247787
93,93,2026-10-25,Sunday,77.0,76.5,12,0.5,0.6535947712418301
93,93,2026-09-13,Sunday,77.0,76.5,12,0.5,0.6535947712418301
79,79,2026-10-18,Sunday,283.0,282.5,12,0.5,0.17699115044247787
79,79,2026-09-06,Sunday,283.0,282.5,12,0.5,0.17699115044247787
79,79,2026-09-13,Sunday,283.0,282.5,12,0.5,0.17699115044247787
93,93,2026-08-23,Sunday,77.0,76.5,12,0.5,0.6535947712418301
93,93,2026-09-20,Sunday,77.0,76.5,12,0.5,0.6535947712418301
79,79,2026-10-25,Sunday,283.0,282.5,12,0.5,0.17699115044247787
79,79,2026-09-20,Sunday,283.0,282.5,12,0.5,0.17699115044247787
68,68,2026-10-27,Tuesday,99.0,98.5,12,0.5,0.5076142131979695
57,57,2026-09-20,Sunday,57.0,56.5,12,0.5,0.8849557522123894
70,70,2026-09-27,Sunday,134.0,133.5,12,0.5,0.37453183520599254
57,57,2026-10-18,Sunday,57.0,56.5,12,0.5,0.8849557522123894
57,57,2026-10-11,Sunday,57.0,56.5,12,0.5,0.8849557522123894
70,70,2026-09-20,Sunday,134.0,133.5,12,0.5,0.37453183520599254
57,57,2026-10-25,Sunday,57.0,56.5,12,0.5,0.8849557522123894
70,70,2026-10-11,Sunday,134.0,133.5,12,0.5,0.37453183520599254
70,70,2026-10-04,Sunday,134.0,133.5,12,0.5,0.37453183520599254
70,70,2026-09-06,Sunday,134.0,133.5,12,0.5,0.37453183520599254
68,68,2026-08-25,Tuesday,99.0,98.5,12,0.5,0.5076142131979695
68,68,2026-09-01,Tuesday,99.0,98.5,12,0.5,0.5076142131979695
68,68,2026-09-08,Tuesday,99.0,98.5,12,0.5,0.5076142131979695
57,57,2026-08-30,Sunday,57.0,56.5,12,0.5,0.8849557522123894
68,68,2026-09-15,Tuesday,99.0,98.5,12,0.5,0.5076142131979695
68,68,2026-09-22,Tuesday,99.0,98.5,12,0.5,0.5076142131979695
70,70,2026-08-30,Sunday,134.0,133.5,12,0.5,0.37453183520599254
70,70,2026-10-18,Sunday,134.0,133.5,12,0.5,0.37453183520599254
60,60,2026-08-25,Tuesday,252.0,251.5,12,0.5,0.1988071570576541
65,65,2026-08-23,Sunday,122.0,122.5,12,-0.5,-0.40816326530612246
68,68,2026-09-29,Tuesday,99.0,98.5,12,0.5,0.5076142131979695
65,65,2026-08-30,Sunday,122.0,122.5,12,-0.5,-0.40816326530612246
65,65,2026-09-06,Sunday,122.0,122.5,12,-0.5,-0.40816326530612246
60,60,2026-09-01,Tuesday,252.0,251.5,12,0.5,0.1988071570576541
65,65,2026-09-13,Sunday,122.0,122.5,12,-0.5,-0.40816326530612246
65,65,2026-09-20,Sunday,122.0,122.5,12,-0.5,-0.40816326530612246
68,68,2026-10-06,Tuesday,99.0,98.5,12,0.5,0.5076142131979695
65,65,2026-09-27,Sunday,122.0,122.5,12,-0.5,-0.40816326530612246
60,60,2026-09-08,Tuesday,252.0,251.5,12,0.5,0.1988071570576541
65,65,2026-10-04,Sunday,122.0,122.5,12,-0.5,-0.40816326530612246
57,57,2026-08-23,Sunday,57.0,56.5,12,0.5,0.8849557522123894
65,65,2026-10-11,Sunday,122.0,122.5,12,-0.5,-0.40816326530612246
60,60,2026-09-15,Tuesday,252.0,251.5,12,0.5,0.1988071570576541
65,65,2026-10-18,Sunday,122.0,122.5,12,-0.5,-0.40816326530612246
65,65,2026-10-25,Sunday,122.0,122.5,12,-0.5,-0.40816326530612246
60,60,2026-09-22,Tuesday,252.0,251.5,12,0.5,0.1988071570576541
60,60,2026-09-29,Tuesday,252.0,251.5,12,0.5,0.1988071570576541
68,68,2026-10-13,Tuesday,99.0,98.5,12,0.5,0.5076142131979695
68,68,2026-10-20,Tuesday,99.0,98.5,12,0.5,0.5076142131979695
57,57,2026-09-06,Sunday,57.0,56.5,12,0.5,0.8849557522123894
60,60,2026-10-06,Tuesday,252.0,251.5,12,0.5,0.1988071570576541
60,60,2026-10-13,Tuesday,252.0,251.5,12,0.5,0.1988071570576541
70,70,2026-10-25,Sunday,134.0,133.5,12,0.5,0.37453183520599254
57,57,2026-10-04,Sunday,57.0,56.5,12,0.5,0.8849557522123894
60,60,2026-10-20,Tuesday,252.0,251.5,12,0.5,0.1988071570576541
60,60,2026-10-27,Tuesday,252.0,251.5,12,0.5,0.1988071570576541
70,70,2026-09-13,Sunday,134.0,133.5,12,0.5,0.37453183520599254
70,70,2026-08-23,Sunday,134.0,133.5,12,0.5,0.37453183520599254
57,57,2026-09-13,Sunday,57.0,56.5,12,0.5,0.8849557522123894
57,57,2026-09-27,Sunday,57.0,56.5,12,0.5,0.8849557522123894
30,30,2026-09-10,Thursday,114.0,113.53846153846153,13,0.461538461538467,0.4065040650406552
30,30,2026-10-09,Friday,114.0,113.53846153846153,13,0.461538461538467,0.4065040650406552
30,30,2026-09-09,Wednesday,114.0,113.53846153846153,13,0.461538461538467,0.4065040650406552
30,30,2026-09-16,Wednesday,114.0,113.53846153846153,13,0.461538461538467,0.4065040650406552
30,30,2026-09-04,Friday,114.0,113.53846153846153,13,0.461538461538467,0.4065040650406552
30,30,2026-09-03,Thursday,114.0,113.53846153846153,13,0.461538461538467,0.4065040650406552
30,30,2026-09-17,Thursday,114.0,113.53846153846153,13,0.461538461538467,0.4065040650406552
30,30,2026-09-02,Wednesday,114.0,113.53846153846153,13,0.461538461538467,0.4065040650406552
30,30,2026-08-28,Friday,114.0,113.53846153846153,13,0.461538461538467,0.4065040650406552
30,30,2026-09-18,Friday,114.0,113.53846153846153,13,0.461538461538467,0.4065040650406552
30,30,2026-08-27,Thursday,114.0,113.53846153846153,13,0.461538461538467,0.4065040650406552
30,30,2026-08-26,Wednesday,114.0,113.53846153846153,13,0.461538461538467,0.4065040650406552
30,30,2026-10-30,Friday,114.0,113.53846153846153,13,0.461538461538467,0.4065040650406552
30,30,2026-10-29,Thursday,114.0,113.53846153846153,13,0.461538461538467,0.4065040650406552
30,30,2026-09-23,Wednesday,114.0,113.53846153846153,13,0.461538461538467,0.4065040650406552
30,30,2026-10-28,Wednesday,114.0,113.53846153846153,13,0.461538461538467,0.4065040650406552
30,30,2026-10-23,Friday,114.0,113.53846153846153,13,0.461538461538467,0.4065040650406552
30,30,2026-10-22,Thursday,114.0,113.53846153846153,13,0.461538461538467,0.4065040650406552
30,30,2026-09-24,Thursday,114.0,113.53846153846153,13,0.461538461538467,0.4065040650406552
30,30,2026-09-25,Friday,114.0,113.53846153846153,13,0.461538461538467,0.4065040650406552
30,30,2026-10-21,Wednesday,114.0,113.53846153846153,13,0.461538461538467,0.4065040650406552
30,30,2026-10-16,Friday,114.0,113.53846153846153,13,0.461538461538467,0.4065040650406552
30,30,2026-10-15,Thursday,114.0,113.53846153846153,13,0.461538461538467,0.4065040650406552
30,30,2026-10-08,Thursday,114.0,113.53846153846153,13,0.461538461538467,0.4065040650406552
30,30,2026-10-01,Thursday,114.0,113.53846153846153,13,0.461538461538467,0.4065040650406552
30,30,2026-09-11,Friday,114.0,113.53846153846153,13,0.461538461538467,0.4065040650406552
30,30,2026-10-02,Friday,114.0,113.53846153846153,13,0.461538461538467,0.4065040650406552
30,30,2026-09-30,Wednesday,114.0,113.53846153846153,13,0.461538461538467,0.4065040650406552
30,30,2026-10-14,Wednesday,114.0,113.53846153846153,13,0.461538461538467,0.4065040650406552
30,30,2026-10-07,Wednesday,114.0,113.53846153846153,13,0.461538461538467,0.4065040650406552
91,91,2026-10-03,Saturday,104.0,103.53846153846153,13,0.461538461538467,0.44576523031204096
91,91,2026-09-12,Saturday,104.0,103.53846153846153,13,0.461538461538467,0.44576523031204096
91,91,2026-10-31,Saturday,104.0,103.53846153846153,13,0.461538461538467,0.44576523031204096
91,91,2026-09-19,Saturday,104.0,103.53846153846153,13,0.461538461538467,0.44576523031204096
91,91,2026-09-05,Saturday,104.0,103.53846153846153,13,0.461538461538467,0.44576523031204096
91,91,2026-08-29,Saturday,104.0,103.53846153846153,13,0.461538461538467,0.44576523031204096
91,91,2026-10-24,Saturday,104.0,103.53846153846153,13,0.461538461538467,0.44576523031204096
91,91,2026-10-17,Saturday,104.0,103.53846153846153,13,0.461538461538467,0.44576523031204096
91,91,2026-10-10,Saturday,104.0,103.53846153846153,13,0.461538461538467,0.44576523031204096
91,91,2026-09-26,Saturday,104.0,103.53846153846153,13,0.461538461538467,0.44576523031204096
73,73,2026-10-24,Saturday,114.0,114.46153846153847,13,-0.461538461538467,-0.40322580645161765
73,73,2026-08-29,Saturday,114.0,114.46153846153847,13,-0.461538461538467,-0.40322580645161765
73,73,2026-09-26,Saturday,114.0,114.46153846153847,13,-0.461538461538467,-0.40322580645161765
73,73,2026-09-19,Saturday,114.0,114.46153846153847,13,-0.461538461538467,-0.40322580645161765
73,73,2026-10-31,Saturday,114.0,114.46153846153847,13,-0.461538461538467,-0.40322580645161765
73,73,2026-09-12,Saturday,114.0,114.46153846153847,13,-0.461538461538467,-0.40322580645161765
73,73,2026-09-05,Saturday,114.0,114.46153846153847,13,-0.461538461538467,-0.40322580645161765
73,73,2026-10-03,Saturday,114.0,114.46153846153847,13,-0.461538461538467,-0.40322580645161765
73,73,2026-10-17,Saturday,114.0,114.46153846153847,13,-0.461538461538467,-0.40322580645161765
73,73,2026-10-10,Saturday,114.0,114.46153846153847,13,-0.461538461538467,-0.40322580645161765
112,112,2026-09-04,Friday,134.0,133.53846153846155,13,0.4615384615384528,0.34562211981566165
112,112,2026-08-28,Friday,134.0,133.53846153846155,13,0.4615384615384528,0.34562211981566165
112,112,2026-10-09,Friday,134.0,133.53846153846155,13,0.4615384615384528,0.34562211981566165
112,112,2026-10-07,Wednesday,134.0,133.53846153846155,13,0.4615384615384528,0.34562211981566165
106,106,2026-09-02,Wednesday,135.0,134.53846153846155,13,0.4615384615384528,0.343053173241846
106,106,2026-09-03,Thursday,135.0,134.53846153846155,13,0.4615384615384528,0.343053173241846
112,112,2026-10-14,Wednesday,134.0,133.53846153846155,13,0.4615384615384528,0.34562211981566165
112,112,2026-09-11,Friday,134.0,133.53846153846155,13,0.4615384615384528,0.34562211981566165
106,106,2026-09-09,Wednesday,135.0,134.53846153846155,13,0.4615384615384528,0.343053173241846
106,106,2026-09-10,Thursday,135.0,134.53846153846155,13,0.4615384615384528,0.343053173241846
112,112,2026-10-08,Thursday,134.0,133.53846153846155,13,0.4615384615384528,0.34562211981566165
112,112,2026-10-16,Friday,134.0,133.53846153846155,13,0.4615384615384528,0.34562211981566165
106,106,2026-09-16,Wednesday,135.0,134.53846153846155,13,0.4615384615384528,0.343053173241846
106,106,2026-08-27,Thursday,135.0,134.53846153846155,13,0.4615384615384528,0.343053173241846
112,112,2026-10-29,Thursday,134.0,133.53846153846155,13,0.4615384615384528,0.34562211981566165
112,112,2026-10-30,Friday,134.0,133.53846153846155,13,0.4615384615384528,0.34562211981566165
106,106,2026-09-23,Wednesday,135.0,134.53846153846155,13,0.4615384615384528,0.343053173241846
106,106,2026-09-24,Thursday,135.0,134.53846153846155,13,0.4615384615384528,0.343053173241846
112,112,2026-09-16,Wednesday,134.0,133.53846153846155,13,0.4615384615384528,0.34562211981566165
112,112,2026-09-17,Thursday,134.0,133.53846153846155,13,0.4615384615384528,0.34562211981566165
106,106,2026-09-30,Wednesday,135.0,134.53846153846155,13,0.4615384615384528,0.343053173241846
106,106,2026-10-01,Thursday,135.0,134.53846153846155,13,0.4615384615384528,0.343053173241846
112,112,2026-09-24,Thursday,134.0,133.53846153846155,13,0.4615384615384528,0.34562211981566165
112,112,2026-09-18,Friday,134.0,133.53846153846155,13,0.4615384615384528,0.34562211981566165
106,106,2026-10-07,Wednesday,135.0,134.53846153846155,13,0.4615384615384528,0.343053173241846
106,106,2026-10-08,Thursday,135.0,134.53846153846155,13,0.4615384615384528,0.343053173241846
112,112,2026-09-30,Wednesday,134.0,133.53846153846155,13,0.4615384615384528,0.34562211981566165
112,112,2026-10-01,Thursday,134.0,133.53846153846155,13,0.4615384615384528,0.34562211981566165
106,106,2026-10-14,Wednesday,135.0,134.53846153846155,13,0.4615384615384528,0.343053173241846
106,106,2026-10-15,Thursday,135.0,134.53846153846155,13,0.4615384615384528,0.343053173241846
112,112,2026-10-02,Friday,134.0,133.53846153846155,13,0.4615384615384528,0.34562211981566165
112,112,2026-08-26,Wednesday,134.0,133.53846153846155,13,0.4615384615384528,0.34562211981566165
106,106,2026-10-21,Wednesday,135.0,134.53846153846155,13,0.4615384615384528,0.343053173241846
106,106,2026-10-22,Thursday,135.0,134.53846153846155,13,0.4615384615384528,0.343053173241846
112,112,2026-09-25,Friday,134.0,133.53846153846155,13,0.4615384615384528,0.34562211981566165
112,112,2026-10-21,Wednesday,134.0,133.53846153846155,13,0.4615384615384528,0.34562211981566165
112,112,2026-08-27,Thursday,134.0,133.53846153846155,13,0.4615384615384528,0.34562211981566165
112,112,2026-10-15,Thursday,134.0,133.53846153846155,13,0.4615384615384528,0.34562211981566165
106,106,2026-08-26,Wednesday,135.0,134.53846153846155,13,0.4615384615384528,0.343053173241846
112,112,2026-09-09,Wednesday,134.0,133.53846153846155,13,0.4615384615384528,0.34562211981566165
112,112,2026-10-23,Friday,134.0,133.53846153846155,13,0.4615384615384528,0.34562211981566165
112,112,2026-10-28,Wednesday,134.0,133.53846153846155,13,0.4615384615384528,0.34562211981566165
112,112,2026-09-02,Wednesday,134.0,133.53846153846155,13,0.4615384615384528,0.34562211981566165
112,112,2026-09-23,Wednesday,134.0,133.53846153846155,13,0.4615384615384528,0.34562211981566165
112,112,2026-10-22,Thursday,134.0,133.53846153846155,13,0.4615384615384528,0.34562211981566165
106,106,2026-10-29,Thursday,135.0,134.53846153846155,13,0.4615384615384528,0.343053173241846
112,112,2026-09-03,Thursday,134.0,133.53846153846155,13,0.4615384615384528,0.34562211981566165
106,106,2026-10-28,Wednesday,135.0,134.53846153846155,13,0.4615384615384528,0.343053173241846
112,112,2026-09-10,Thursday,134.0,133.53846153846155,13,0.4615384615384528,0.34562211981566165
106,106,2026-09-17,Thursday,135.0,134.53846153846155,13,0.4615384615384528,0.343053173241846
21,21,2026-09-12,Saturday,148.0,148.46153846153845,13,-0.4615384615384528,-0.31088082901553815
21,21,2026-08-29,Saturday,148.0,148.46153846153845,13,-0.4615384615384528,-0.31088082901553815
21,21,2026-09-19,Saturday,148.0,148.46153846153845,13,-0.4615384615384528,-0.31088082901553815
21,21,2026-09-26,Saturday,148.0,148.46153846153845,13,-0.4615384615384528,-0.31088082901553815
21,21,2026-10-03,Saturday,148.0,148.46153846153845,13,-0.4615384615384528,-0.31088082901553815
21,21,2026-10-10,Saturday,148.0,148.46153846153845,13,-0.4615384615384528,-0.31088082901553815
21,21,2026-09-05,Saturday,148.0,148.46153846153845,13,-0.4615384615384528,-0.31088082901553815
21,21,2026-10-17,Saturday,148.0,148.46153846153845,13,-0.4615384615384528,-0.31088082901553815
21,21,2026-10-24,Saturday,148.0,148.46153846153845,13,-0.4615384615384528,-0.31088082901553815
21,21,2026-10-31,Saturday,148.0,148.46153846153845,13,-0.4615384615384528,-0.31088082901553815
54,54,2026-08-29,Saturday,238.0,238.46153846153845,13,-0.4615384615384528,-0.19354838709677052
49,49,2026-09-16,Wednesday,271.0,270.53846153846155,13,0.4615384615384528,0.17059994313334906
49,49,2026-10-09,Friday,271.0,270.53846153846155,13,0.4615384615384528,0.17059994313334906
4,4,2026-09-17,Thursday,250.0,249.53846153846155,13,0.4615384615384528,0.1849568434032024
4,4,2026-10-23,Friday,250.0,249.53846153846155,13,0.4615384615384528,0.1849568434032024
4,4,2026-09-18,Friday,250.0,249.53846153846155,13,0.4615384615384528,0.1849568434032024
4,4,2026-09-23,Wednesday,250.0,249.53846153846155,13,0.4615384615384528,0.1849568434032024
4,4,2026-09-02,Wednesday,250.0,249.53846153846155,13,0.4615384615384528,0.1849568434032024
4,4,2026-10-28,Wednesday,250.0,249.53846153846155,13,0.4615384615384528,0.1849568434032024
54,54,2026-09-05,Saturday,238.0,238.46153846153845,13,-0.4615384615384528,-0.19354838709677052
4,4,2026-10-29,Thursday,250.0,249.53846153846155,13,0.4615384615384528,0.1849568434032024
49,49,2026-09-02,Wednesday,271.0,270.53846153846155,13,0.4615384615384528,0.17059994313334906
49,49,2026-09-03,Thursday,271.0,270.53846153846155,13,0.4615384615384528,0.17059994313334906
49,49,2026-09-04,Friday,271.0,270.53846153846155,13,0.4615384615384528,0.17059994313334906
4,4,2026-10-30,Friday,250.0,249.53846153846155,13,0.4615384615384528,0.1849568434032024
49,49,2026-09-09,Wednesday,271.0,270.53846153846155,13,0.4615384615384528,0.17059994313334906
49,49,2026-09-10,Thursday,271.0,270.53846153846155,13,0.4615384615384528,0.17059994313334906
4,4,2026-09-24,Thursday,250.0,249.53846153846155,13,0.4615384615384528,0.1849568434032024
49,49,2026-10-08,Thursday,271.0,270.53846153846155,13,0.4615384615384528,0.17059994313334906
49,49,2026-09-30,Wednesday,271.0,270.53846153846155,13,0.4615384615384528,0.17059994313334906
4,4,2026-08-28,Friday,250.0,249.53846153846155,13,0.4615384615384528,0.1849568434032024
4,4,2026-10-22,Thursday,250.0,249.53846153846155,13,0.4615384615384528,0.1849568434032024
49,49,2026-10-01,Thursday,271.0,270.53846153846155,13,0.4615384615384528,0.17059994313334906
4,4,2026-10-21,Wednesday,250.0,249.53846153846155,13,0.4615384615384528,0.1849568434032024
4,4,2026-08-27,Thursday,250.0,249.53846153846155,13,0.4615384615384528,0.1849568434032024
4,4,2026-09-25,Friday,250.0,249.53846153846155,13,0.4615384615384528,0.1849568434032024
4,4,2026-09-11,Friday,250.0,249.53846153846155,13,0.4615384615384528,0.1849568434032024
4,4,2026-08-26,Wednesday,250.0,249.53846153846155,13,0.4615384615384528,0.1849568434032024
4,4,2026-10-16,Friday,250.0,249.53846153846155,13,0.4615384615384528,0.1849568434032024
49,49,2026-08-26,Wednesday,271.0,270.53846153846155,13,0.4615384615384528,0.17059994313334906
4,4,2026-09-30,Wednesday,250.0,249.53846153846155,13,0.4615384615384528,0.1849568434032024
54,54,2026-09-12,Saturday,238.0,238.46153846153845,13,-0.4615384615384528,-0.19354838709677052
4,4,2026-10-01,Thursday,250.0,249.53846153846155,13,0.4615384615384528,0.1849568434032024
4,4,2026-10-02,Friday,250.0,249.53846153846155,13,0.4615384615384528,0.1849568434032024
49,49,2026-08-27,Thursday,271.0,270.53846153846155,13,0.4615384615384528,0.17059994313334906
4,4,2026-09-10,Thursday,250.0,249.53846153846155,13,0.4615384615384528,0.1849568434032024
49,49,2026-09-24,Thursday,271.0,270.53846153846155,13,0.4615384615384528,0.17059994313334906
49,49,2026-08-28,Friday,271.0,270.53846153846155,13,0.4615384615384528,0.17059994313334906
49,49,2026-10-15,Thursday,271.0,270.53846153846155,13,0.4615384615384528,0.17059994313334906
54,54,2026-09-19,Saturday,238.0,238.46153846153845,13,-0.4615384615384528,-0.19354838709677052
4,4,2026-09-09,Wednesday,250.0,249.53846153846155,13,0.4615384615384528,0.1849568434032024
49,49,2026-09-11,Friday,271.0,270.53846153846155,13,0.4615384615384528,0.17059994313334906
49,49,2026-09-25,Friday,271.0,270.53846153846155,13,0.4615384615384528,0.17059994313334906
4,4,2026-09-04,Friday,250.0,249.53846153846155,13,0.4615384615384528,0.1849568434032024
49,49,2026-09-17,Thursday,271.0,270.53846153846155,13,0.4615384615384528,0.17059994313334906
49,49,2026-09-18,Friday,271.0,270.53846153846155,13,0.4615384615384528,0.17059994313334906
49,49,2026-09-23,Wednesday,271.0,270.53846153846155,13,0.4615384615384528,0.17059994313334906
54,54,2026-09-26,Saturday,238.0,238.46153846153845,13,-0.4615384615384528,-0.19354838709677052
4,4,2026-09-03,Thursday,250.0,249.53846153846155,13,0.4615384615384528,0.1849568434032024
54,54,2026-10-03,Saturday,238.0,238.46153846153845,13,-0.4615384615384528,-0.19354838709677052
4,4,2026-10-15,Thursday,250.0,249.53846153846155,13,0.4615384615384528,0.1849568434032024
4,4,2026-10-07,Wednesday,250.0,249.53846153846155,13,0.4615384615384528,0.1849568434032024
49,49,2026-10-02,Friday,271.0,270.53846153846155,13,0.4615384615384528,0.17059994313334906
49,49,2026-10-16,Friday,271.0,270.53846153846155,13,0.4615384615384528,0.17059994313334906
49,49,2026-10-22,Thursday,271.0,270.53846153846155,13,0.4615384615384528,0.17059994313334906
49,49,2026-10-23,Friday,271.0,270.53846153846155,13,0.4615384615384528,0.17059994313334906
49,49,2026-10-21,Wednesday,271.0,270.53846153846155,13,0.4615384615384528,0.17059994313334906
49,49,2026-10-28,Wednesday,271.0,270.53846153846155,13,0.4615384615384528,0.17059994313334906
54,54,2026-10-10,Saturday,238.0,238.46153846153845,13,-0.4615384615384528,-0.19354838709677052
49,49,2026-10-29,Thursday,271.0,270.53846153846155,13,0.4615384615384528,0.17059994313334906
49,49,2026-10-30,Friday,271.0,270.53846153846155,13,0.4615384615384528,0.17059994313334906
4,4,2026-10-08,Thursday,250.0,249.53846153846155,13,0.4615384615384528,0.1849568434032024
49,49,2026-10-14,Wednesday,271.0,270.53846153846155,13,0.4615384615384528,0.17059994313334906
49,49,2026-10-07,Wednesday,271.0,270.53846153846155,13,0.4615384615384528,0.17059994313334906
4,4,2026-10-09,Friday,250.0,249.53846153846155,13,0.4615384615384528,0.1849568434032024
4,4,2026-10-14,Wednesday,250.0,249.53846153846155,13,0.4615384615384528,0.1849568434032024
4,4,2026-09-16,Wednesday,250.0,249.53846153846155,13,0.4615384615384528,0.1849568434032024
78,78,2026-10-31,Saturday,132.0,132.46153846153845,13,-0.4615384615384528,-0.34843205574912234
8A,8A,2026-10-30,Friday,134.0,133.53846153846155,13,0.4615384615384528,0.34562211981566165
8A,8A,2026-10-01,Thursday,134.0,133.53846153846155,13,0.4615384615384528,0.34562211981566165
76,76,2026-09-05,Saturday,142.0,141.53846153846155,13,0.4615384615384528,0.3260869565217329
8A,8A,2026-10-21,Wednesday,134.0,133.53846153846155,13,0.4615384615384528,0.34562211981566165
78,78,2026-09-05,Saturday,132.0,132.46153846153845,13,-0.4615384615384528,-0.34843205574912234
8A,8A,2026-08-27,Thursday,134.0,133.53846153846155,13,0.4615384615384528,0.34562211981566165
76,76,2026-09-12,Saturday,142.0,141.53846153846155,13,0.4615384615384528,0.3260869565217329
8A,8A,2026-10-15,Thursday,134.0,133.53846153846155,13,0.4615384615384528,0.34562211981566165
78,78,2026-09-12,Saturday,132.0,132.46153846153845,13,-0.4615384615384528,-0.34843205574912234
8A,8A,2026-09-24,Thursday,134.0,133.53846153846155,13,0.4615384615384528,0.34562211981566165
8A,8A,2026-09-25,Friday,134.0,133.53846153846155,13,0.4615384615384528,0.34562211981566165
76,76,2026-09-19,Saturday,142.0,141.53846153846155,13,0.4615384615384528,0.3260869565217329
78,78,2026-09-19,Saturday,132.0,132.46153846153845,13,-0.4615384615384528,-0.34843205574912234
8A,8A,2026-08-28,Friday,134.0,133.53846153846155,13,0.4615384615384528,0.34562211981566165
8A,8A,2026-10-16,Friday,134.0,133.53846153846155,13,0.4615384615384528,0.34562211981566165
76,76,2026-09-26,Saturday,142.0,141.53846153846155,13,0.4615384615384528,0.3260869565217329
78,78,2026-09-26,Saturday,132.0,132.46153846153845,13,-0.4615384615384528,-0.34843205574912234
8A,8A,2026-09-02,Wednesday,134.0,133.53846153846155,13,0.4615384615384528,0.34562211981566165
8A,8A,2026-09-18,Friday,134.0,133.53846153846155,13,0.4615384615384528,0.34562211981566165
78,78,2026-10-03,Saturday,132.0,132.46153846153845,13,-0.4615384615384528,-0.34843205574912234
76,76,2026-10-03,Saturday,142.0,141.53846153846155,13,0.4615384615384528,0.3260869565217329
8A,8A,2026-10-02,Friday,134.0,133.53846153846155,13,0.4615384615384528,0.34562211981566165
76,76,2026-10-10,Saturday,142.0,141.53846153846155,13,0.4615384615384528,0.3260869565217329
8A,8A,2026-09-03,Thursday,134.0,133.53846153846155,13,0.4615384615384528,0.34562211981566165
78,78,2026-10-10,Saturday,132.0,132.46153846153845,13,-0.4615384615384528,-0.34843205574912234
8A,8A,2026-09-30,Wednesday,134.0,133.53846153846155,13,0.4615384615384528,0.34562211981566165
8A,8A,2026-10-22,Thursday,134.0,133.53846153846155,13,0.4615384615384528,0.34562211981566165
8A,8A,2026-09-04,Friday,134.0,133.53846153846155,13,0.4615384615384528,0.34562211981566165
94,94,2026-08-26,Wednesday,170.0,169.53846153846155,13,0.4615384615384528,0.2722323049001763
94,94,2026-08-27,Thursday,170.0,169.53846153846155,13,0.4615384615384528,0.2722323049001763
94,94,2026-08-28,Friday,170.0,169.53846153846155,13,0.4615384615384528,0.2722323049001763
76,76,2026-10-17,Saturday,142.0,141.53846153846155,13,0.4615384615384528,0.3260869565217329
94,94,2026-09-02,Wednesday,170.0,169.53846153846155,13,0.4615384615384528,0.2722323049001763
94,94,2026-09-03,Thursday,170.0,169.53846153846155,13,0.4615384615384528,0.2722323049001763
94,94,2026-09-04,Friday,170.0,169.53846153846155,13,0.4615384615384528,0.2722323049001763
8A,8A,2026-09-09,Wednesday,134.0,133.53846153846155,13,0.4615384615384528,0.34562211981566165
76,76,2026-10-24,Saturday,142.0,141.53846153846155,13,0.4615384615384528,0.3260869565217329
76,76,2026-10-31,Saturday,142.0,141.53846153846155,13,0.4615384615384528,0.3260869565217329
78,78,2026-10-17,Saturday,132.0,132.46153846153845,13,-0.4615384615384528,-0.34843205574912234
78,78,2026-08-29,Saturday,132.0,132.46153846153845,13,-0.4615384615384528,-0.34843205574912234
8A,8A,2026-09-10,Thursday,134.0,133.53846153846155,13,0.4615384615384528,0.34562211981566165
8A,8A,2026-08-26,Wednesday,134.0,133.53846153846155,13,0.4615384615384528,0.34562211981566165
8A,8A,2026-10-14,Wednesday,134.0,133.53846153846155,13,0.4615384615384528,0.34562211981566165
8A,8A,2026-09-16,Wednesday,134.0,133.53846153846155,13,0.4615384615384528,0.34562211981566165
76,76,2026-08-29,Saturday,142.0,141.53846153846155,13,0.4615384615384528,0.3260869565217329
8A,8A,2026-09-17,Thursday,134.0,133.53846153846155,13,0.4615384615384528,0.34562211981566165
78,78,2026-10-24,Saturday,132.0,132.46153846153845,13,-0.4615384615384528,-0.34843205574912234
8A,8A,2026-10-07,Wednesday,134.0,133.53846153846155,13,0.4615384615384528,0.34562211981566165
8A,8A,2026-10-08,Thursday,134.0,133.53846153846155,13,0.4615384615384528,0.34562211981566165
8A,8A,2026-10-28,Wednesday,134.0,133.53846153846155,13,0.4615384615384528,0.34562211981566165
8A,8A,2026-10-29,Thursday,134.0,133.53846153846155,13,0.4615384615384528,0.34562211981566165
8A,8A,2026-10-09,Friday,134.0,133.53846153846155,13,0.4615384615384528,0.34562211981566165
8A,8A,2026-10-23,Friday,134.0,133.53846153846155,13,0.4615384615384528,0.34562211981566165
8A,8A,2026-09-11,Friday,134.0,133.53846153846155,13,0.4615384615384528,0.34562211981566165
8A,8A,2026-09-23,Wednesday,134.0,133.53846153846155,13,0.4615384615384528,0.34562211981566165
94,94,2026-09-09,Wednesday,170.0,169.53846153846155,13,0.4615384615384528,0.2722323049001763
95,95,2026-10-15,Thursday,256.0,256.46153846153845,13,-0.4615384615384528,-0.17996400719855687
94,94,2026-09-10,Thursday,170.0,169.53846153846155,13,0.4615384615384528,0.2722323049001763
94,94,2026-10-14,Wednesday,170.0,169.53846153846155,13,0.4615384615384528,0.2722323049001763
94,94,2026-10-30,Friday,170.0,169.53846153846155,13,0.4615384615384528,0.2722323049001763
94,94,2026-10-15,Thursday,170.0,169.53846153846155,13,0.4615384615384528,0.2722323049001763
95,95,2026-08-26,Wednesday,256.0,256.46153846153845,13,-0.4615384615384528,-0.17996400719855687
95,95,2026-08-27,Thursday,256.0,256.46153846153845,13,-0.4615384615384528,-0.17996400719855687
95,95,2026-08-28,Friday,256.0,256.46153846153845,13,-0.4615384615384528,-0.17996400719855687
95,95,2026-08-29,Saturday,233.0,233.46153846153845,13,-0.4615384615384528,-0.1976935749588101
94,94,2026-10-16,Friday,170.0,169.53846153846155,13,0.4615384615384528,0.2722323049001763
94,94,2026-10-21,Wednesday,170.0,169.53846153846155,13,0.4615384615384528,0.2722323049001763
95,95,2026-09-02,Wednesday,256.0,256.46153846153845,13,-0.4615384615384528,-0.17996400719855687
95,95,2026-09-03,Thursday,256.0,256.46153846153845,13,-0.4615384615384528,-0.17996400719855687
95,95,2026-09-04,Friday,256.0,256.46153846153845,13,-0.4615384615384528,-0.17996400719855687
95,95,2026-09-05,Saturday,233.0,233.46153846153845,13,-0.4615384615384528,-0.1976935749588101
94,94,2026-10-09,Friday,170.0,169.53846153846155,13,0.4615384615384528,0.2722323049001763
94,94,2026-09-11,Friday,170.0,169.53846153846155,13,0.4615384615384528,0.2722323049001763
95,95,2026-09-09,Wednesday,256.0,256.46153846153845,13,-0.4615384615384528,-0.17996400719855687
95,95,2026-09-10,Thursday,256.0,256.46153846153845,13,-0.4615384615384528,-0.17996400719855687
95,95,2026-09-11,Friday,256.0,256.46153846153845,13,-0.4615384615384528,-0.17996400719855687
95,95,2026-09-12,Saturday,233.0,233.46153846153845,13,-0.4615384615384528,-0.1976935749588101
94,94,2026-10-22,Thursday,170.0,169.53846153846155,13,0.4615384615384528,0.2722323049001763
94,94,2026-10-23,Friday,170.0,169.53846153846155,13,0.4615384615384528,0.2722323049001763
95,95,2026-09-16,Wednesday,256.0,256.46153846153845,13,-0.4615384615384528,-0.17996400719855687
95,95,2026-09-17,Thursday,256.0,256.46153846153845,13,-0.4615384615384528,-0.17996400719855687
95,95,2026-09-18,Friday,256.0,256.46153846153845,13,-0.4615384615384528,-0.17996400719855687
95,95,2026-09-19,Saturday,233.0,233.46153846153845,13,-0.4615384615384528,-0.1976935749588101
94,94,2026-09-17,Thursday,170.0,169.53846153846155,13,0.4615384615384528,0.2722323049001763
94,94,2026-10-28,Wednesday,170.0,169.53846153846155,13,0.4615384615384528,0.2722323049001763
95,95,2026-09-23,Wednesday,256.0,256.46153846153845,13,-0.4615384615384528,-0.17996400719855687
95,95,2026-09-24,Thursday,256.0,256.46153846153845,13,-0.4615384615384528,-0.17996400719855687
95,95,2026-09-25,Friday,256.0,256.46153846153845,13,-0.4615384615384528,-0.17996400719855687
95,95,2026-09-26,Saturday,233.0,233.46153846153845,13,-0.4615384615384528,-0.1976935749588101
94,94,2026-10-29,Thursday,170.0,169.53846153846155,13,0.4615384615384528,0.2722323049001763
94,94,2026-09-18,Friday,170.0,169.53846153846155,13,0.4615384615384528,0.2722323049001763
95,95,2026-09-30,Wednesday,256.0,256.46153846153845,13,-0.4615384615384528,-0.17996400719855687
95,95,2026-10-01,Thursday,256.0,256.46153846153845,13,-0.4615384615384528,-0.17996400719855687
95,95,2026-10-02,Friday,256.0,256.46153846153845,13,-0.4615384615384528,-0.17996400719855687
95,95,2026-10-03,Saturday,233.0,233.46153846153845,13,-0.4615384615384528,-0.1976935749588101
94,94,2026-09-23,Wednesday,170.0,169.53846153846155,13,0.4615384615384528,0.2722323049001763
94,94,2026-09-24,Thursday,170.0,169.53846153846155,13,0.4615384615384528,0.2722323049001763
95,95,2026-10-07,Wednesday,256.0,256.46153846153845,13,-0.4615384615384528,-0.17996400719855687
95,95,2026-10-08,Thursday,256.0,256.46153846153845,13,-0.4615384615384528,-0.17996400719855687
95,95,2026-10-09,Friday,256.0,256.46153846153845,13,-0.4615384615384528,-0.17996400719855687
95,95,2026-10-10,Saturday,233.0,233.46153846153845,13,-0.4615384615384528,-0.1976935749588101
94,94,2026-09-25,Friday,170.0,169.53846153846155,13,0.4615384615384528,0.2722323049001763
94,94,2026-09-30,Wednesday,170.0,169.53846153846155,13,0.4615384615384528,0.2722323049001763
95,95,2026-10-14,Wednesday,256.0,256.46153846153845,13,-0.4615384615384528,-0.17996400719855687
95,95,2026-10-31,Saturday,233.0,233.46153846153845,13,-0.4615384615384528,-0.1976935749588101
95,95,2026-10-16,Friday,256.0,256.46153846153845,13,-0.4615384615384528,-0.17996400719855687
95,95,2026-10-17,Saturday,233.0,233.46153846153845,13,-0.4615384615384528,-0.1976935749588101
94,94,2026-10-01,Thursday,170.0,169.53846153846155,13,0.4615384615384528,0.2722323049001763
94,94,2026-10-02,Friday,170.0,169.53846153846155,13,0.4615384615384528,0.2722323049001763
95,95,2026-10-21,Wednesday,256.0,256.46153846153845,13,-0.4615384615384528,-0.17996400719855687
95,95,2026-10-22,Thursday,256.0,256.46153846153845,13,-0.4615384615384528,-0.17996400719855687
95,95,2026-10-23,Friday,256.0,256.46153846153845,13,-0.4615384615384528,-0.17996400719855687
95,95,2026-10-24,Saturday,233.0,233.46153846153845,13,-0.4615384615384528,-0.1976935749588101
94,94,2026-10-07,Wednesday,170.0,169.53846153846155,13,0.4615384615384528,0.2722323049001763
94,94,2026-10-08,Thursday,170.0,169.53846153846155,13,0.4615384615384528,0.2722323049001763
95,95,2026-10-28,Wednesday,256.0,256.46153846153845,13,-0.4615384615384528,-0.17996400719855687
95,95,2026-10-29,Thursday,256.0,256.46153846153845,13,-0.4615384615384528,-0.17996400719855687
95,95,2026-10-30,Friday,256.0,256.46153846153845,13,-0.4615384615384528,-0.17996400719855687
94,94,2026-09-16,Wednesday,170.0,169.53846153846155,13,0.4615384615384528,0.2722323049001763
54,54,2026-10-17,Saturday,238.0,238.46153846153845,13,-0.4615384615384528,-0.19354838709677052
70,70,2026-09-04,Friday,213.0,212.53846153846155,13,0.4615384615384528,0.21715526601519675
70,70,2026-10-01,Thursday,213.0,212.53846153846155,13,0.4615384615384528,0.21715526601519675
54,54,2026-10-31,Saturday,238.0,238.46153846153845,13,-0.4615384615384528,-0.19354838709677052
63,63,2026-10-07,Wednesday,304.0,303.53846153846155,13,0.4615384615384528,0.15205271160668743
63,63,2026-08-26,Wednesday,304.0,303.53846153846155,13,0.4615384615384528,0.15205271160668743
63,63,2026-10-08,Thursday,304.0,303.53846153846155,13,0.4615384615384528,0.15205271160668743
70,70,2026-10-22,Thursday,213.0,212.53846153846155,13,0.4615384615384528,0.21715526601519675
63,63,2026-08-27,Thursday,304.0,303.53846153846155,13,0.4615384615384528,0.15205271160668743
70,70,2026-10-02,Friday,213.0,212.53846153846155,13,0.4615384615384528,0.21715526601519675
63,63,2026-10-09,Friday,304.0,303.53846153846155,13,0.4615384615384528,0.15205271160668743
63,63,2026-08-28,Friday,304.0,303.53846153846155,13,0.4615384615384528,0.15205271160668743
70,70,2026-10-23,Friday,213.0,212.53846153846155,13,0.4615384615384528,0.21715526601519675
70,70,2026-10-09,Friday,213.0,212.53846153846155,13,0.4615384615384528,0.21715526601519675
73,73,2026-09-11,Friday,187.0,186.53846153846155,13,0.4615384615384528,0.24742268041236642
63,63,2026-10-14,Wednesday,304.0,303.53846153846155,13,0.4615384615384528,0.15205271160668743
70,70,2026-09-11,Friday,213.0,212.53846153846155,13,0.4615384615384528,0.21715526601519675
63,63,2026-09-02,Wednesday,304.0,303.53846153846155,13,0.4615384615384528,0.15205271160668743
73,73,2026-10-09,Friday,187.0,186.53846153846155,13,0.4615384615384528,0.24742268041236642
63,63,2026-09-03,Thursday,304.0,303.53846153846155,13,0.4615384615384528,0.15205271160668743
63,63,2026-10-15,Thursday,304.0,303.53846153846155,13,0.4615384615384528,0.15205271160668743
63,63,2026-10-16,Friday,304.0,303.53846153846155,13,0.4615384615384528,0.15205271160668743
63,63,2026-09-04,Friday,304.0,303.53846153846155,13,0.4615384615384528,0.15205271160668743
73,73,2026-10-16,Friday,187.0,186.53846153846155,13,0.4615384615384528,0.24742268041236642
73,73,2026-10-23,Friday,187.0,186.53846153846155,13,0.4615384615384528,0.24742268041236642
73,73,2026-10-30,Friday,187.0,186.53846153846155,13,0.4615384615384528,0.24742268041236642
70,70,2026-09-25,Friday,213.0,212.53846153846155,13,0.4615384615384528,0.21715526601519675
63,63,2026-09-09,Wednesday,304.0,303.53846153846155,13,0.4615384615384528,0.15205271160668743
63,63,2026-09-10,Thursday,304.0,303.53846153846155,13,0.4615384615384528,0.15205271160668743
63,63,2026-09-11,Friday,304.0,303.53846153846155,13,0.4615384615384528,0.15205271160668743
63,63,2026-09-16,Wednesday,304.0,303.53846153846155,13,0.4615384615384528,0.15205271160668743
73,73,2026-09-18,Friday,187.0,186.53846153846155,13,0.4615384615384528,0.24742268041236642
63,63,2026-09-17,Thursday,304.0,303.53846153846155,13,0.4615384615384528,0.15205271160668743
54,54,2026-10-24,Saturday,238.0,238.46153846153845,13,-0.4615384615384528,-0.19354838709677052
63,63,2026-09-18,Friday,304.0,303.53846153846155,13,0.4615384615384528,0.15205271160668743
73,73,2026-09-25,Friday,187.0,186.53846153846155,13,0.4615384615384528,0.24742268041236642
70,70,2026-08-27,Thursday,213.0,212.53846153846155,13,0.4615384615384528,0.21715526601519675
63,63,2026-09-23,Wednesday,304.0,303.53846153846155,13,0.4615384615384528,0.15205271160668743
63,63,2026-09-24,Thursday,304.0,303.53846153846155,13,0.4615384615384528,0.15205271160668743
63,63,2026-09-25,Friday,304.0,303.53846153846155,13,0.4615384615384528,0.15205271160668743
63,63,2026-10-21,Wednesday,304.0,303.53846153846155,13,0.4615384615384528,0.15205271160668743
63,63,2026-10-22,Thursday,304.0,303.53846153846155,13,0.4615384615384528,0.15205271160668743
63,63,2026-10-23,Friday,304.0,303.53846153846155,13,0.4615384615384528,0.15205271160668743
63,63,2026-10-28,Wednesday,304.0,303.53846153846155,13,0.4615384615384528,0.15205271160668743
63,63,2026-10-29,Thursday,304.0,303.53846153846155,13,0.4615384615384528,0.15205271160668743
70,70,2026-09-03,Thursday,213.0,212.53846153846155,13,0.4615384615384528,0.21715526601519675
63,63,2026-10-30,Friday,304.0,303.53846153846155,13,0.4615384615384528,0.15205271160668743
63,63,2026-09-30,Wednesday,304.0,303.53846153846155,13,0.4615384615384528,0.15205271160668743
63,63,2026-10-01,Thursday,304.0,303.53846153846155,13,0.4615384615384528,0.15205271160668743
63,63,2026-10-02,Friday,304.0,303.53846153846155,13,0.4615384615384528,0.15205271160668743
70,70,2026-10-15,Thursday,213.0,212.53846153846155,13,0.4615384615384528,0.21715526601519675
70,70,2026-10-29,Thursday,213.0,212.53846153846155,13,0.4615384615384528,0.21715526601519675
73,73,2026-09-04,Friday,187.0,186.53846153846155,13,0.4615384615384528,0.24742268041236642
70,70,2026-08-28,Friday,213.0,212.53846153846155,13,0.4615384615384528,0.21715526601519675
70,70,2026-09-10,Thursday,213.0,212.53846153846155,13,0.4615384615384528,0.21715526601519675
70,70,2026-10-16,Friday,213.0,212.53846153846155,13,0.4615384615384528,0.21715526601519675
70,70,2026-09-17,Thursday,213.0,212.53846153846155,13,0.4615384615384528,0.21715526601519675
70,70,2026-10-08,Thursday,213.0,212.53846153846155,13,0.4615384615384528,0.21715526601519675
70,70,2026-10-30,Friday,213.0,212.53846153846155,13,0.4615384615384528,0.21715526601519675
73,73,2026-08-28,Friday,187.0,186.53846153846155,13,0.4615384615384528,0.24742268041236642
70,70,2026-09-18,Friday,213.0,212.53846153846155,13,0.4615384615384528,0.21715526601519675
70,70,2026-09-24,Thursday,213.0,212.53846153846155,13,0.4615384615384528,0.21715526601519675
73,73,2026-10-02,Friday,187.0,186.53846153846155,13,0.4615384615384528,0.24742268041236642
70,70,2026-09-29,Tuesday,213.0,212.58333333333334,12,0.4166666666666572,0.19600156801253962
70,70,2026-10-20,Tuesday,213.0,212.58333333333334,12,0.4166666666666572,0.19600156801253962
70,70,2026-10-06,Tuesday,213.0,212.58333333333334,12,0.4166666666666572,0.19600156801253962
70,70,2026-09-01,Tuesday,213.0,212.58333333333334,12,0.4166666666666572,0.19600156801253962
70,70,2026-10-27,Tuesday,213.0,212.58333333333334,12,0.4166666666666572,0.19600156801253962
70,70,2026-09-22,Tuesday,213.0,212.58333333333334,12,0.4166666666666572,0.19600156801253962
70,70,2026-10-13,Tuesday,213.0,212.58333333333334,12,0.4166666666666572,0.19600156801253962
70,70,2026-09-15,Tuesday,213.0,212.58333333333334,12,0.4166666666666572,0.19600156801253962
70,70,2026-08-25,Tuesday,213.0,212.58333333333334,12,0.4166666666666572,0.19600156801253962
106,106,2026-09-01,Tuesday,135.0,134.66666666666666,12,0.3333333333333428,0.24752475247525457
112,112,2026-10-06,Tuesday,134.0,133.66666666666666,12,0.3333333333333428,0.2493765586034984
106,106,2026-09-08,Tuesday,135.0,134.66666666666666,12,0.3333333333333428,0.24752475247525457
106,106,2026-09-15,Tuesday,135.0,134.66666666666666,12,0.3333333333333428,0.24752475247525457
106,106,2026-09-22,Tuesday,135.0,134.66666666666666,12,0.3333333333333428,0.24752475247525457
112,112,2026-09-15,Tuesday,134.0,133.66666666666666,12,0.3333333333333428,0.2493765586034984
106,106,2026-09-29,Tuesday,135.0,134.66666666666666,12,0.3333333333333428,0.24752475247525457
106,106,2026-10-06,Tuesday,135.0,134.66666666666666,12,0.3333333333333428,0.24752475247525457
106,106,2026-10-13,Tuesday,135.0,134.66666666666666,12,0.3333333333333428,0.24752475247525457
106,106,2026-10-20,Tuesday,135.0,134.66666666666666,12,0.3333333333333428,0.24752475247525457
112,112,2026-09-22,Tuesday,134.0,133.66666666666666,12,0.3333333333333428,0.2493765586034984
112,112,2026-10-20,Tuesday,134.0,133.66666666666666,12,0.3333333333333428,0.2493765586034984
112,112,2026-09-08,Tuesday,134.0,133.66666666666666,12,0.3333333333333428,0.2493765586034984
112,112,2026-09-29,Tuesday,134.0,133.66666666666666,12,0.3333333333333428,0.2493765586034984
112,112,2026-08-25,Tuesday,134.0,133.66666666666666,12,0.3333333333333428,0.2493765586034984
112,112,2026-09-01,Tuesday,134.0,133.66666666666666,12,0.3333333333333428,0.2493765586034984
112,112,2026-10-27,Tuesday,134.0,133.66666666666666,12,0.3333333333333428,0.2493765586034984
106,106,2026-10-27,Tuesday,135.0,134.66666666666666,12,0.3333333333333428,0.24752475247525457
106,106,2026-08-25,Tuesday,135.0,134.66666666666666,12,0.3333333333333428,0.24752475247525457
112,112,2026-10-13,Tuesday,134.0,133.66666666666666,12,0.3333333333333428,0.2493765586034984
147,147,2026-08-23,Sunday,168.0,167.66666666666666,12,0.3333333333333428,0.19880715705765975
147,147,2026-08-30,Sunday,168.0,167.66666666666666,12,0.3333333333333428,0.19880715705765975
147,147,2026-10-04,Sunday,168.0,167.66666666666666,12,0.3333333333333428,0.19880715705765975
147,147,2026-10-25,Sunday,168.0,167.66666666666666,12,0.3333333333333428,0.19880715705765975
147,147,2026-09-06,Sunday,168.0,167.66666666666666,12,0.3333333333333428,0.19880715705765975
147,147,2026-09-13,Sunday,168.0,167.66666666666666,12,0.3333333333333428,0.19880715705765975
147,147,2026-09-27,Sunday,168.0,167.66666666666666,12,0.3333333333333428,0.19880715705765975
147,147,2026-10-11,Sunday,168.0,167.66666666666666,12,0.3333333333333428,0.19880715705765975
147,147,2026-09-20,Sunday,168.0,167.66666666666666,12,0.3333333333333428,0.19880715705765975
147,147,2026-10-18,Sunday,168.0,167.66666666666666,12,0.3333333333333428,0.19880715705765975
4,4,2026-10-13,Tuesday,250.0,249.66666666666666,12,0.3333333333333428,0.1335113484646233
4,4,2026-09-29,Tuesday,250.0,249.66666666666666,12,0.3333333333333428,0.1335113484646233
4,4,2026-09-08,Tuesday,250.0,249.66666666666666,12,0.3333333333333428,0.1335113484646233
36,36,2026-09-21,Monday,166.0,165.66666666666666,12,0.3333333333333428,0.20120724346077032
36,36,2026-10-19,Monday,166.0,165.66666666666666,12,0.3333333333333428,0.20120724346077032
3,3,2026-09-20,Sunday,150.0,149.66666666666666,12,0.3333333333333428,0.22271714922049632
36,36,2026-10-26,Monday,166.0,165.66666666666666,12,0.3333333333333428,0.20120724346077032
3,3,2026-08-30,Sunday,150.0,149.66666666666666,12,0.3333333333333428,0.22271714922049632
3,3,2026-09-27,Sunday,150.0,149.66666666666666,12,0.3333333333333428,0.22271714922049632
4,4,2026-08-25,Tuesday,250.0,249.66666666666666,12,0.3333333333333428,0.1335113484646233
4,4,2026-10-20,Tuesday,250.0,249.66666666666666,12,0.3333333333333428,0.1335113484646233
3,3,2026-10-04,Sunday,150.0,149.66666666666666,12,0.3333333333333428,0.22271714922049632
3,3,2026-10-11,Sunday,150.0,149.66666666666666,12,0.3333333333333428,0.22271714922049632
36,36,2026-09-14,Monday,166.0,165.66666666666666,12,0.3333333333333428,0.20120724346077032
3,3,2026-10-18,Sunday,150.0,149.66666666666666,12,0.3333333333333428,0.22271714922049632
36,36,2026-10-12,Monday,166.0,165.66666666666666,12,0.3333333333333428,0.20120724346077032
36,36,2026-08-17,Monday,166.0,165.66666666666666,12,0.3333333333333428,0.20120724346077032
3,3,2026-10-25,Sunday,150.0,149.66666666666666,12,0.3333333333333428,0.22271714922049632
4,4,2026-09-01,Tuesday,250.0,249.66666666666666,12,0.3333333333333428,0.1335113484646233
4,4,2026-09-22,Tuesday,250.0,249.66666666666666,12,0.3333333333333428,0.1335113484646233
4,4,2026-10-27,Tuesday,250.0,249.66666666666666,12,0.3333333333333428,0.1335113484646233
36,36,2026-10-05,Monday,166.0,165.66666666666666,12,0.3333333333333428,0.20120724346077032
36,36,2026-09-28,Monday,166.0,165.66666666666666,12,0.3333333333333428,0.20120724346077032
3,3,2026-08-23,Sunday,150.0,149.66666666666666,12,0.3333333333333428,0.22271714922049632
36,36,2026-08-24,Monday,166.0,165.66666666666666,12,0.3333333333333428,0.20120724346077032
3,3,2026-09-06,Sunday,150.0,149.66666666666666,12,0.3333333333333428,0.22271714922049632
3,3,2026-09-13,Sunday,150.0,149.66666666666666,12,0.3333333333333428,0.22271714922049632
36,36,2026-08-10,Monday,166.0,165.66666666666666,12,0.3333333333333428,0.20120724346077032
4,4,2026-10-06,Tuesday,250.0,249.66666666666666,12,0.3333333333333428,0.1335113484646233
36,36,2026-08-31,Monday,166.0,165.66666666666666,12,0.3333333333333428,0.20120724346077032
4,4,2026-09-15,Tuesday,250.0,249.66666666666666,12,0.3333333333333428,0.1335113484646233
8A,8A,2026-09-15,Tuesday,134.0,133.66666666666666,12,0.3333333333333428,0.2493765586034984
8A,8A,2026-09-22,Tuesday,134.0,133.66666666666666,12,0.3333333333333428,0.2493765586034984
8A,8A,2026-08-25,Tuesday,134.0,133.66666666666666,12,0.3333333333333428,0.2493765586034984
8A,8A,2026-10-13,Tuesday,134.0,133.66666666666666,12,0.3333333333333428,0.2493765586034984
8A,8A,2026-09-01,Tuesday,134.0,133.66666666666666,12,0.3333333333333428,0.2493765586034984
8A,8A,2026-09-29,Tuesday,134.0,133.66666666666666,12,0.3333333333333428,0.2493765586034984
94,94,2026-08-25,Tuesday,170.0,169.66666666666666,12,0.3333333333333428,0.19646365422397416
94,94,2026-09-01,Tuesday,170.0,169.66666666666666,12,0.3333333333333428,0.19646365422397416
8A,8A,2026-10-20,Tuesday,134.0,133.66666666666666,12,0.3333333333333428,0.2493765586034984
8A,8A,2026-09-08,Tuesday,134.0,133.66666666666666,12,0.3333333333333428,0.2493765586034984
8A,8A,2026-10-06,Tuesday,134.0,133.66666666666666,12,0.3333333333333428,0.2493765586034984
8A,8A,2026-10-27,Tuesday,134.0,133.66666666666666,12,0.3333333333333428,0.2493765586034984
94,94,2026-09-08,Tuesday,170.0,169.66666666666666,12,0.3333333333333428,0.19646365422397416
95,95,2026-10-04,Sunday,224.0,223.66666666666666,12,0.3333333333333428,0.14903129657228442
95,95,2026-08-23,Sunday,224.0,223.66666666666666,12,0.3333333333333428,0.14903129657228442
94,94,2026-09-29,Tuesday,170.0,169.66666666666666,12,0.3333333333333428,0.19646365422397416
95,95,2026-08-30,Sunday,224.0,223.66666666666666,12,0.3333333333333428,0.14903129657228442
94,94,2026-10-06,Tuesday,170.0,169.66666666666666,12,0.3333333333333428,0.19646365422397416
94,94,2026-10-20,Tuesday,170.0,169.66666666666666,12,0.3333333333333428,0.19646365422397416
94,94,2026-10-13,Tuesday,170.0,169.66666666666666,12,0.3333333333333428,0.19646365422397416
94,94,2026-09-15,Tuesday,170.0,169.66666666666666,12,0.3333333333333428,0.19646365422397416
95,95,2026-10-25,Sunday,224.0,223.66666666666666,12,0.3333333333333428,0.14903129657228442
95,95,2026-09-13,Sunday,224.0,223.66666666666666,12,0.3333333333333428,0.14903129657228442
95,95,2026-10-18,Sunday,224.0,223.66666666666666,12,0.3333333333333428,0.14903129657228442
95,95,2026-09-20,Sunday,224.0,223.66666666666666,12,0.3333333333333428,0.14903129657228442
95,95,2026-10-11,Sunday,224.0,223.66666666666666,12,0.3333333333333428,0.14903129657228442
94,94,2026-10-27,Tuesday,170.0,169.66666666666666,12,0.3333333333333428,0.19646365422397416
95,95,2026-09-27,Sunday,224.0,223.66666666666666,12,0.3333333333333428,0.14903129657228442
94,94,2026-09-22,Tuesday,170.0,169.66666666666666,12,0.3333333333333428,0.19646365422397416
95,95,2026-09-06,Sunday,224.0,223.66666666666666,12,0.3333333333333428,0.14903129657228442
71,71,2026-09-29,Tuesday,199.0,198.66666666666666,12,0.3333333333333428,0.16778523489933364
71,71,2026-08-18,Tuesday,199.0,198.66666666666666,12,0.3333333333333428,0.16778523489933364
71,71,2026-10-06,Tuesday,199.0,198.66666666666666,12,0.3333333333333428,0.16778523489933364
71,71,2026-08-25,Tuesday,199.0,198.66666666666666,12,0.3333333333333428,0.16778523489933364
71,71,2026-10-13,Tuesday,199.0,198.66666666666666,12,0.3333333333333428,0.16778523489933364
71,71,2026-10-20,Tuesday,199.0,198.66666666666666,12,0.3333333333333428,0.16778523489933364
71,71,2026-10-27,Tuesday,199.0,198.66666666666666,12,0.3333333333333428,0.16778523489933364
71,71,2026-08-11,Tuesday,199.0,198.66666666666666,12,0.3333333333333428,0.16778523489933364
71,71,2026-09-15,Tuesday,199.0,198.66666666666666,12,0.3333333333333428,0.16778523489933364
71,71,2026-09-22,Tuesday,199.0,198.66666666666666,12,0.3333333333333428,0.16778523489933364
71,71,2026-09-01,Tuesday,199.0,198.66666666666666,12,0.3333333333333428,0.16778523489933364
18,18,2026-09-06,Sunday,98.0,98.33333333333333,12,-0.3333333333333286,-0.33898305084745284
18,18,2026-10-11,Sunday,98.0,98.33333333333333,12,-0.3333333333333286,-0.33898305084745284
18,18,2026-10-18,Sunday,98.0,98.33333333333333,12,-0.3333333333333286,-0.33898305084745284
18,18,2026-09-20,Sunday,98.0,98.33333333333333,12,-0.3333333333333286,-0.33898305084745284
18,18,2026-09-13,Sunday,98.0,98.33333333333333,12,-0.3333333333333286,-0.33898305084745284
18,18,2026-09-27,Sunday,98.0,98.33333333333333,12,-0.3333333333333286,-0.33898305084745284
18,18,2026-08-23,Sunday,98.0,98.33333333333333,12,-0.3333333333333286,-0.33898305084745284
18,18,2026-10-04,Sunday,98.0,98.33333333333333,12,-0.3333333333333286,-0.33898305084745284
18,18,2026-10-25,Sunday,98.0,98.33333333333333,12,-0.3333333333333286,-0.33898305084745284
18,18,2026-08-30,Sunday,98.0,98.33333333333333,12,-0.3333333333333286,-0.33898305084745284
30,30,2026-10-27,Tuesday,114.0,113.66666666666667,12,0.3333333333333286,0.2932551319648052
30,30,2026-08-25,Tuesday,114.0,113.66666666666667,12,0.3333333333333286,0.2932551319648052
30,30,2026-10-20,Tuesday,114.0,113.66666666666667,12,0.3333333333333286,0.2932551319648052
30,30,2026-09-01,Tuesday,114.0,113.66666666666667,12,0.3333333333333286,0.2932551319648052
30,30,2026-10-13,Tuesday,114.0,113.66666666666667,12,0.3333333333333286,0.2932551319648052
30,30,2026-10-06,Tuesday,114.0,113.66666666666667,12,0.3333333333333286,0.2932551319648052
30,30,2026-09-29,Tuesday,114.0,113.66666666666667,12,0.3333333333333286,0.2932551319648052
30,30,2026-09-08,Tuesday,114.0,113.66666666666667,12,0.3333333333333286,0.2932551319648052
30,30,2026-09-22,Tuesday,114.0,113.66666666666667,12,0.3333333333333286,0.2932551319648052
30,30,2026-09-15,Tuesday,114.0,113.66666666666667,12,0.3333333333333286,0.2932551319648052
91,91,2026-09-20,Sunday,92.0,91.66666666666667,12,0.3333333333333286,0.36363636363635843
91,91,2026-09-27,Sunday,92.0,91.66666666666667,12,0.3333333333333286,0.36363636363635843
91,91,2026-10-04,Sunday,92.0,91.66666666666667,12,0.3333333333333286,0.36363636363635843
91,91,2026-10-11,Sunday,92.0,91.66666666666667,12,0.3333333333333286,0.36363636363635843
91,91,2026-10-18,Sunday,92.0,91.66666666666667,12,0.3333333333333286,0.36363636363635843
91,91,2026-10-25,Sunday,92.0,91.66666666666667,12,0.3333333333333286,0.36363636363635843
91,91,2026-08-23,Sunday,92.0,91.66666666666667,12,0.3333333333333286,0.36363636363635843
91,91,2026-08-30,Sunday,92.0,91.66666666666667,12,0.3333333333333286,0.36363636363635843
91,91,2026-09-06,Sunday,92.0,91.66666666666667,12,0.3333333333333286,0.36363636363635843
91,91,2026-09-13,Sunday,92.0,91.66666666666667,12,0.3333333333333286,0.36363636363635843
54,54,2026-09-08,Tuesday,270.0,269.6666666666667,12,0.3333333333333144,0.12360939431396083
49,49,2026-08-25,Tuesday,271.0,270.6666666666667,12,0.3333333333333144,0.1231527093595989
49,49,2026-10-20,Tuesday,271.0,270.6666666666667,12,0.3333333333333144,0.1231527093595989
49,49,2026-09-08,Tuesday,271.0,270.6666666666667,12,0.3333333333333144,0.1231527093595989
49,49,2026-09-15,Tuesday,271.0,270.6666666666667,12,0.3333333333333144,0.1231527093595989
49,49,2026-10-13,Tuesday,271.0,270.6666666666667,12,0.3333333333333144,0.1231527093595989
49,49,2026-09-01,Tuesday,271.0,270.6666666666667,12,0.3333333333333144,0.1231527093595989
49,49,2026-09-29,Tuesday,271.0,270.6666666666667,12,0.3333333333333144,0.1231527093595989
49,49,2026-10-27,Tuesday,271.0,270.6666666666667,12,0.3333333333333144,0.1231527093595989
49,49,2026-09-22,Tuesday,271.0,270.6666666666667,12,0.3333333333333144,0.1231527093595989
49,49,2026-10-06,Tuesday,271.0,270.6666666666667,12,0.3333333333333144,0.1231527093595989
95,95,2026-09-29,Tuesday,256.0,256.3333333333333,12,-0.3333333333333144,-0.13003901170350368
95,95,2026-10-06,Tuesday,256.0,256.3333333333333,12,-0.3333333333333144,-0.13003901170350368
95,95,2026-09-22,Tuesday,256.0,256.3333333333333,12,-0.3333333333333144,-0.13003901170350368
95,95,2026-10-13,Tuesday,256.0,256.3333333333333,12,-0.3333333333333144,-0.13003901170350368
95,95,2026-10-27,Tuesday,256.0,256.3333333333333,12,-0.3333333333333144,-0.13003901170350368
95,95,2026-09-15,Tuesday,256.0,256.3333333333333,12,-0.3333333333333144,-0.13003901170350368
95,95,2026-10-20,Tuesday,256.0,256.3333333333333,12,-0.3333333333333144,-0.13003901170350368
95,95,2026-09-08,Tuesday,256.0,256.3333333333333,12,-0.3333333333333144,-0.13003901170350368
95,95,2026-09-01,Tuesday,256.0,256.3333333333333,12,-0.3333333333333144,-0.13003901170350368
95,95,2026-08-25,Tuesday,256.0,256.3333333333333,12,-0.3333333333333144,-0.13003901170350368
63,63,2026-10-11,Sunday,264.0,263.6666666666667,12,0.3333333333333144,0.12642225031604842
63,63,2026-08-30,Sunday,264.0,263.6666666666667,12,0.3333333333333144,0.12642225031604842
63,63,2026-09-06,Sunday,264.0,263.6666666666667,12,0.3333333333333144,0.12642225031604842
63,63,2026-10-18,Sunday,264.0,263.6666666666667,12,0.3333333333333144,0.12642225031604842
63,63,2026-09-13,Sunday,264.0,263.6666666666667,12,0.3333333333333144,0.12642225031604842
63,63,2026-09-20,Sunday,264.0,263.6666666666667,12,0.3333333333333144,0.12642225031604842
63,63,2026-10-25,Sunday,264.0,263.6666666666667,12,0.3333333333333144,0.12642225031604842
63,63,2026-09-27,Sunday,264.0,263.6666666666667,12,0.3333333333333144,0.12642225031604842
63,63,2026-10-04,Sunday,264.0,263.6666666666667,12,0.3333333333333144,0.12642225031604842
63,63,2026-08-23,Sunday,264.0,263.6666666666667,12,0.3333333333333144,0.12642225031604842
3,3,2026-09-08,Tuesday,242.0,241.75,12,0.25,0.10341261633919338
80,80,2026-09-08,Tuesday,207.0,207.25,12,-0.25,-0.12062726176115803
60,60,2026-08-10,Monday,249.0,248.75,12,0.25,0.10050251256281408
60,60,2026-08-17,Monday,249.0,248.75,12,0.25,0.10050251256281408
100,100,2026-09-04,Friday,53.0,52.76923076923077,13,0.2307692307692335,0.437317784256565
100,100,2026-08-27,Thursday,53.0,52.76923076923077,13,0.2307692307692335,0.437317784256565
100,100,2026-09-24,Thursday,53.0,52.76923076923077,13,0.2307692307692335,0.437317784256565
100,100,2026-10-30,Friday,53.0,52.76923076923077,13,0.2307692307692335,0.437317784256565
100,100,2026-09-23,Wednesday,53.0,52.76923076923077,13,0.2307692307692335,0.437317784256565
100,100,2026-10-29,Thursday,53.0,52.76923076923077,13,0.2307692307692335,0.437317784256565
100,100,2026-10-28,Wednesday,53.0,52.76923076923077,13,0.2307692307692335,0.437317784256565
100,100,2026-09-18,Friday,53.0,52.76923076923077,13,0.2307692307692335,0.437317784256565
100,100,2026-09-25,Friday,53.0,52.76923076923077,13,0.2307692307692335,0.437317784256565
100,100,2026-10-02,Friday,53.0,52.76923076923077,13,0.2307692307692335,0.437317784256565
100,100,2026-10-23,Friday,53.0,52.76923076923077,13,0.2307692307692335,0.437317784256565
100,100,2026-10-22,Thursday,53.0,52.76923076923077,13,0.2307692307692335,0.437317784256565
100,100,2026-10-21,Wednesday,53.0,52.76923076923077,13,0.2307692307692335,0.437317784256565
100,100,2026-10-01,Thursday,53.0,52.76923076923077,13,0.2307692307692335,0.437317784256565
100,100,2026-10-16,Friday,53.0,52.76923076923077,13,0.2307692307692335,0.437317784256565
100,100,2026-09-16,Wednesday,53.0,52.76923076923077,13,0.2307692307692335,0.437317784256565
100,100,2026-09-30,Wednesday,53.0,52.76923076923077,13,0.2307692307692335,0.437317784256565
100,100,2026-10-15,Thursday,53.0,52.76923076923077,13,0.2307692307692335,0.437317784256565
100,100,2026-10-14,Wednesday,53.0,52.76923076923077,13,0.2307692307692335,0.437317784256565
100,100,2026-08-26,Wednesday,53.0,52.76923076923077,13,0.2307692307692335,0.437317784256565
100,100,2026-10-09,Friday,53.0,52.76923076923077,13,0.2307692307692335,0.437317784256565
100,100,2026-10-08,Thursday,53.0,52.76923076923077,13,0.2307692307692335,0.437317784256565
100,100,2026-09-10,Thursday,53.0,52.76923076923077,13,0.2307692307692335,0.437317784256565
100,100,2026-09-03,Thursday,53.0,52.76923076923077,13,0.2307692307692335,0.437317784256565
100,100,2026-08-28,Friday,53.0,52.76923076923077,13,0.2307692307692335,0.437317784256565
100,100,2026-09-09,Wednesday,53.0,52.76923076923077,13,0.2307692307692335,0.437317784256565
100,100,2026-09-02,Wednesday,53.0,52.76923076923077,13,0.2307692307692335,0.437317784256565
100,100,2026-09-11,Friday,53.0,52.76923076923077,13,0.2307692307692335,0.437317784256565
100,100,2026-10-07,Wednesday,53.0,52.76923076923077,13,0.2307692307692335,0.437317784256565
100,100,2026-09-17,Thursday,53.0,52.76923076923077,13,0.2307692307692335,0.437317784256565
103,103,2026-09-23,Wednesday,129.0,128.76923076923077,13,0.2307692307692264,0.1792114695340468
108,108,2026-09-24,Thursday,72.0,71.76923076923077,13,0.2307692307692264,0.3215434083601225
108,108,2026-10-07,Wednesday,72.0,71.76923076923077,13,0.2307692307692264,0.3215434083601225
103,103,2026-09-03,Thursday,129.0,128.76923076923077,13,0.2307692307692264,0.1792114695340468
106,106,2026-09-18,Friday,134.0,133.76923076923077,13,0.2307692307692264,0.17251293847038202
106,106,2026-09-25,Friday,134.0,133.76923076923077,13,0.2307692307692264,0.17251293847038202
103,103,2026-10-21,Wednesday,129.0,128.76923076923077,13,0.2307692307692264,0.1792114695340468
103,103,2026-10-22,Thursday,129.0,128.76923076923077,13,0.2307692307692264,0.1792114695340468
103,103,2026-08-26,Wednesday,129.0,128.76923076923077,13,0.2307692307692264,0.1792114695340468
103,103,2026-10-23,Friday,129.0,128.76923076923077,13,0.2307692307692264,0.1792114695340468
106,106,2026-10-02,Friday,134.0,133.76923076923077,13,0.2307692307692264,0.17251293847038202
106,106,2026-10-09,Friday,134.0,133.76923076923077,13,0.2307692307692264,0.17251293847038202
103,103,2026-09-10,Thursday,129.0,128.76923076923077,13,0.2307692307692264,0.1792114695340468
12,12,2026-09-23,Wednesday,254.0,253.76923076923077,13,0.2307692307692264,0.09093664746892825
12,12,2026-09-24,Thursday,254.0,253.76923076923077,13,0.2307692307692264,0.09093664746892825
12,12,2026-09-25,Friday,254.0,253.76923076923077,13,0.2307692307692264,0.09093664746892825
103,103,2026-10-28,Wednesday,129.0,128.76923076923077,13,0.2307692307692264,0.1792114695340468
12,12,2026-09-30,Wednesday,254.0,253.76923076923077,13,0.2307692307692264,0.09093664746892825
106,106,2026-10-16,Friday,134.0,133.76923076923077,13,0.2307692307692264,0.17251293847038202
12,12,2026-10-01,Thursday,254.0,253.76923076923077,13,0.2307692307692264,0.09093664746892825
12,12,2026-10-02,Friday,254.0,253.76923076923077,13,0.2307692307692264,0.09093664746892825
103,103,2026-10-29,Thursday,129.0,128.76923076923077,13,0.2307692307692264,0.1792114695340468
103,103,2026-09-11,Friday,129.0,128.76923076923077,13,0.2307692307692264,0.1792114695340468
12,12,2026-10-07,Wednesday,254.0,253.76923076923077,13,0.2307692307692264,0.09093664746892825
12,12,2026-10-08,Thursday,254.0,253.76923076923077,13,0.2307692307692264,0.09093664746892825
12,12,2026-10-09,Friday,254.0,253.76923076923077,13,0.2307692307692264,0.09093664746892825
103,103,2026-10-30,Friday,129.0,128.76923076923077,13,0.2307692307692264,0.1792114695340468
12,12,2026-10-14,Wednesday,254.0,253.76923076923077,13,0.2307692307692264,0.09093664746892825
12,12,2026-10-15,Thursday,254.0,253.76923076923077,13,0.2307692307692264,0.09093664746892825
12,12,2026-10-16,Friday,254.0,253.76923076923077,13,0.2307692307692264,0.09093664746892825
106,106,2026-10-23,Friday,134.0,133.76923076923077,13,0.2307692307692264,0.17251293847038202
12,12,2026-10-21,Wednesday,254.0,253.76923076923077,13,0.2307692307692264,0.09093664746892825
12,12,2026-10-22,Thursday,254.0,253.76923076923077,13,0.2307692307692264,0.09093664746892825
12,12,2026-10-23,Friday,254.0,253.76923076923077,13,0.2307692307692264,0.09093664746892825
108,108,2026-09-30,Wednesday,72.0,71.76923076923077,13,0.2307692307692264,0.3215434083601225
12,12,2026-10-28,Wednesday,254.0,253.76923076923077,13,0.2307692307692264,0.09093664746892825
12,12,2026-10-29,Thursday,254.0,253.76923076923077,13,0.2307692307692264,0.09093664746892825
12,12,2026-10-30,Friday,254.0,253.76923076923077,13,0.2307692307692264,0.09093664746892825
103,103,2026-10-15,Thursday,129.0,128.76923076923077,13,0.2307692307692264,0.1792114695340468
103,103,2026-08-27,Thursday,129.0,128.76923076923077,13,0.2307692307692264,0.1792114695340468
106,106,2026-09-11,Friday,134.0,133.76923076923077,13,0.2307692307692264,0.17251293847038202
106,106,2026-10-30,Friday,134.0,133.76923076923077,13,0.2307692307692264,0.17251293847038202
12,12,2026-08-26,Wednesday,254.0,253.76923076923077,13,0.2307692307692264,0.09093664746892825
12,12,2026-08-27,Thursday,254.0,253.76923076923077,13,0.2307692307692264,0.09093664746892825
12,12,2026-08-28,Friday,254.0,253.76923076923077,13,0.2307692307692264,0.09093664746892825
12,12,2026-09-17,Thursday,254.0,253.76923076923077,13,0.2307692307692264,0.09093664746892825
12,12,2026-09-02,Wednesday,254.0,253.76923076923077,13,0.2307692307692264,0.09093664746892825
12,12,2026-09-03,Thursday,254.0,253.76923076923077,13,0.2307692307692264,0.09093664746892825
103,103,2026-09-16,Wednesday,129.0,128.76923076923077,13,0.2307692307692264,0.1792114695340468
12,12,2026-09-04,Friday,254.0,253.76923076923077,13,0.2307692307692264,0.09093664746892825
12,12,2026-09-18,Friday,254.0,253.76923076923077,13,0.2307692307692264,0.09093664746892825
103,103,2026-10-14,Wednesday,129.0,128.76923076923077,13,0.2307692307692264,0.1792114695340468
106,106,2026-09-04,Friday,134.0,133.76923076923077,13,0.2307692307692264,0.17251293847038202
108,108,2026-10-21,Wednesday,72.0,71.76923076923077,13,0.2307692307692264,0.3215434083601225
12,12,2026-09-09,Wednesday,254.0,253.76923076923077,13,0.2307692307692264,0.09093664746892825
12,12,2026-09-10,Thursday,254.0,253.76923076923077,13,0.2307692307692264,0.09093664746892825
12,12,2026-09-11,Friday,254.0,253.76923076923077,13,0.2307692307692264,0.09093664746892825
103,103,2026-10-09,Friday,129.0,128.76923076923077,13,0.2307692307692264,0.1792114695340468
108,108,2026-10-22,Thursday,72.0,71.76923076923077,13,0.2307692307692264,0.3215434083601225
103,103,2026-10-08,Thursday,129.0,128.76923076923077,13,0.2307692307692264,0.1792114695340468
103,103,2026-10-07,Wednesday,129.0,128.76923076923077,13,0.2307692307692264,0.1792114695340468
103,103,2026-09-09,Wednesday,129.0,128.76923076923077,13,0.2307692307692264,0.1792114695340468
103,103,2026-10-02,Friday,129.0,128.76923076923077,13,0.2307692307692264,0.1792114695340468
103,103,2026-09-17,Thursday,129.0,128.76923076923077,13,0.2307692307692264,0.1792114695340468
103,103,2026-10-01,Thursday,129.0,128.76923076923077,13,0.2307692307692264,0.1792114695340468
108,108,2026-10-01,Thursday,72.0,71.76923076923077,13,0.2307692307692264,0.3215434083601225
103,103,2026-09-30,Wednesday,129.0,128.76923076923077,13,0.2307692307692264,0.1792114695340468
108,108,2026-08-26,Wednesday,72.0,71.76923076923077,13,0.2307692307692264,0.3215434083601225
108,108,2026-08-27,Thursday,72.0,71.76923076923077,13,0.2307692307692264,0.3215434083601225
106,106,2026-08-28,Friday,134.0,133.76923076923077,13,0.2307692307692264,0.17251293847038202
108,108,2026-10-29,Thursday,72.0,71.76923076923077,13,0.2307692307692264,0.3215434083601225
103,103,2026-09-18,Friday,129.0,128.76923076923077,13,0.2307692307692264,0.1792114695340468
108,108,2026-09-02,Wednesday,72.0,71.76923076923077,13,0.2307692307692264,0.3215434083601225
108,108,2026-09-03,Thursday,72.0,71.76923076923077,13,0.2307692307692264,0.3215434083601225
108,108,2026-10-14,Wednesday,72.0,71.76923076923077,13,0.2307692307692264,0.3215434083601225
103,103,2026-09-04,Friday,129.0,128.76923076923077,13,0.2307692307692264,0.1792114695340468
108,108,2026-09-09,Wednesday,72.0,71.76923076923077,13,0.2307692307692264,0.3215434083601225
103,103,2026-08-28,Friday,129.0,128.76923076923077,13,0.2307692307692264,0.1792114695340468
12,12,2026-09-16,Wednesday,254.0,253.76923076923077,13,0.2307692307692264,0.09093664746892825
108,108,2026-09-10,Thursday,72.0,71.76923076923077,13,0.2307692307692264,0.3215434083601225
103,103,2026-09-25,Friday,129.0,128.76923076923077,13,0.2307692307692264,0.1792114695340468
108,108,2026-10-28,Wednesday,72.0,71.76923076923077,13,0.2307692307692264,0.3215434083601225
103,103,2026-09-02,Wednesday,129.0,128.76923076923077,13,0.2307692307692264,0.1792114695340468
108,108,2026-10-15,Thursday,72.0,71.76923076923077,13,0.2307692307692264,0.3215434083601225
108,108,2026-09-16,Wednesday,72.0,71.76923076923077,13,0.2307692307692264,0.3215434083601225
108,108,2026-09-17,Thursday,72.0,71.76923076923077,13,0.2307692307692264,0.3215434083601225
103,103,2026-09-24,Thursday,129.0,128.76923076923077,13,0.2307692307692264,0.1792114695340468
108,108,2026-10-08,Thursday,72.0,71.76923076923077,13,0.2307692307692264,0.3215434083601225
108,108,2026-09-23,Wednesday,72.0,71.76923076923077,13,0.2307692307692264,0.3215434083601225
103,103,2026-10-16,Friday,129.0,128.76923076923077,13,0.2307692307692264,0.1792114695340468
21,21,2026-09-16,Wednesday,176.0,175.76923076923077,13,0.2307692307692264,0.13129102844638701
18,18,2026-08-29,Saturday,121.0,120.76923076923077,13,0.2307692307692264,0.19108280254776708
21,21,2026-09-17,Thursday,176.0,175.76923076923077,13,0.2307692307692264,0.13129102844638701
21,21,2026-09-18,Friday,176.0,175.76923076923077,13,0.2307692307692264,0.13129102844638701
21,21,2026-09-23,Wednesday,176.0,175.76923076923077,13,0.2307692307692264,0.13129102844638701
21,21,2026-09-24,Thursday,176.0,175.76923076923077,13,0.2307692307692264,0.13129102844638701
18,18,2026-10-17,Saturday,121.0,120.76923076923077,13,0.2307692307692264,0.19108280254776708
21,21,2026-09-25,Friday,176.0,175.76923076923077,13,0.2307692307692264,0.13129102844638701
21,21,2026-09-30,Wednesday,176.0,175.76923076923077,13,0.2307692307692264,0.13129102844638701
21,21,2026-10-01,Thursday,176.0,175.76923076923077,13,0.2307692307692264,0.13129102844638701
18,18,2026-09-19,Saturday,121.0,120.76923076923077,13,0.2307692307692264,0.19108280254776708
21,21,2026-09-02,Wednesday,176.0,175.76923076923077,13,0.2307692307692264,0.13129102844638701
21,21,2026-10-07,Wednesday,176.0,175.76923076923077,13,0.2307692307692264,0.13129102844638701
21,21,2026-09-03,Thursday,176.0,175.76923076923077,13,0.2307692307692264,0.13129102844638701
21,21,2026-10-08,Thursday,176.0,175.76923076923077,13,0.2307692307692264,0.13129102844638701
18,18,2026-10-31,Saturday,121.0,120.76923076923077,13,0.2307692307692264,0.19108280254776708
21,21,2026-09-04,Friday,176.0,175.76923076923077,13,0.2307692307692264,0.13129102844638701
21,21,2026-10-09,Friday,176.0,175.76923076923077,13,0.2307692307692264,0.13129102844638701
18,18,2026-09-12,Saturday,121.0,120.76923076923077,13,0.2307692307692264,0.19108280254776708
18,18,2026-10-24,Saturday,121.0,120.76923076923077,13,0.2307692307692264,0.19108280254776708
21,21,2026-10-14,Wednesday,176.0,175.76923076923077,13,0.2307692307692264,0.13129102844638701
18,18,2026-09-26,Saturday,121.0,120.76923076923077,13,0.2307692307692264,0.19108280254776708
21,21,2026-10-15,Thursday,176.0,175.76923076923077,13,0.2307692307692264,0.13129102844638701
21,21,2026-10-16,Friday,176.0,175.76923076923077,13,0.2307692307692264,0.13129102844638701
21,21,2026-10-21,Wednesday,176.0,175.76923076923077,13,0.2307692307692264,0.13129102844638701
21,21,2026-10-22,Thursday,176.0,175.76923076923077,13,0.2307692307692264,0.13129102844638701
21,21,2026-10-23,Friday,176.0,175.76923076923077,13,0.2307692307692264,0.13129102844638701
21,21,2026-10-28,Wednesday,176.0,175.76923076923077,13,0.2307692307692264,0.13129102844638701
21,21,2026-10-29,Thursday,176.0,175.76923076923077,13,0.2307692307692264,0.13129102844638701
21,21,2026-10-30,Friday,176.0,175.76923076923077,13,0.2307692307692264,0.13129102844638701
18,18,2026-10-03,Saturday,121.0,120.76923076923077,13,0.2307692307692264,0.19108280254776708
21,21,2026-08-28,Friday,176.0,175.76923076923077,13,0.2307692307692264,0.13129102844638701
18,18,2026-10-10,Saturday,121.0,120.76923076923077,13,0.2307692307692264,0.19108280254776708
21,21,2026-09-09,Wednesday,176.0,175.76923076923077,13,0.2307692307692264,0.13129102844638701
21,21,2026-09-10,Thursday,176.0,175.76923076923077,13,0.2307692307692264,0.13129102844638701
21,21,2026-09-11,Friday,176.0,175.76923076923077,13,0.2307692307692264,0.13129102844638701
18,18,2026-09-05,Saturday,121.0,120.76923076923077,13,0.2307692307692264,0.19108280254776708
21,21,2026-08-26,Wednesday,176.0,175.76923076923077,13,0.2307692307692264,0.13129102844638701
21,21,2026-08-27,Thursday,176.0,175.76923076923077,13,0.2307692307692264,0.13129102844638701
21,21,2026-10-02,Friday,176.0,175.76923076923077,13,0.2307692307692264,0.13129102844638701
49B,49B,2026-08-29,Saturday,177.0,176.76923076923077,13,0.2307692307692264,0.13054830287206018
49B,49B,2026-09-05,Saturday,177.0,176.76923076923077,13,0.2307692307692264,0.13054830287206018
49B,49B,2026-10-03,Saturday,177.0,176.76923076923077,13,0.2307692307692264,0.13054830287206018
49B,49B,2026-10-10,Saturday,177.0,176.76923076923077,13,0.2307692307692264,0.13054830287206018
49B,49B,2026-10-17,Saturday,177.0,176.76923076923077,13,0.2307692307692264,0.13054830287206018
49B,49B,2026-10-24,Saturday,177.0,176.76923076923077,13,0.2307692307692264,0.13054830287206018
49B,49B,2026-10-31,Saturday,177.0,176.76923076923077,13,0.2307692307692264,0.13054830287206018
49B,49B,2026-09-26,Saturday,177.0,176.76923076923077,13,0.2307692307692264,0.13054830287206018
49B,49B,2026-09-19,Saturday,177.0,176.76923076923077,13,0.2307692307692264,0.13054830287206018
49B,49B,2026-09-12,Saturday,177.0,176.76923076923077,13,0.2307692307692264,0.13054830287206018
77,77,2026-10-22,Thursday,328.0,328.2307692307692,13,-0.2307692307692264,-0.07030700726505609
91,91,2026-10-28,Wednesday,155.0,154.76923076923077,13,0.2307692307692264,0.14910536779323771
91,91,2026-09-16,Wednesday,155.0,154.76923076923077,13,0.2307692307692264,0.14910536779323771
91,91,2026-09-17,Thursday,155.0,154.76923076923077,13,0.2307692307692264,0.14910536779323771
77,77,2026-10-28,Wednesday,328.0,328.2307692307692,13,-0.2307692307692264,-0.07030700726505609
77,77,2026-10-29,Thursday,328.0,328.2307692307692,13,-0.2307692307692264,-0.07030700726505609
77,77,2026-10-30,Friday,328.0,328.2307692307692,13,-0.2307692307692264,-0.07030700726505609
91,91,2026-09-18,Friday,155.0,154.76923076923077,13,0.2307692307692264,0.14910536779323771
91,91,2026-09-23,Wednesday,155.0,154.76923076923077,13,0.2307692307692264,0.14910536779323771
91,91,2026-09-24,Thursday,155.0,154.76923076923077,13,0.2307692307692264,0.14910536779323771
91,91,2026-09-25,Friday,155.0,154.76923076923077,13,0.2307692307692264,0.14910536779323771
91,91,2026-09-30,Wednesday,155.0,154.76923076923077,13,0.2307692307692264,0.14910536779323771
91,91,2026-10-01,Thursday,155.0,154.76923076923077,13,0.2307692307692264,0.14910536779323771
91,91,2026-10-02,Friday,155.0,154.76923076923077,13,0.2307692307692264,0.14910536779323771
91,91,2026-10-07,Wednesday,155.0,154.76923076923077,13,0.2307692307692264,0.14910536779323771
77,77,2026-10-23,Friday,328.0,328.2307692307692,13,-0.2307692307692264,-0.07030700726505609
91,91,2026-10-09,Friday,155.0,154.76923076923077,13,0.2307692307692264,0.14910536779323771
91,91,2026-10-14,Wednesday,155.0,154.76923076923077,13,0.2307692307692264,0.14910536779323771
91,91,2026-10-15,Thursday,155.0,154.76923076923077,13,0.2307692307692264,0.14910536779323771
77,77,2026-10-14,Wednesday,328.0,328.2307692307692,13,-0.2307692307692264,-0.07030700726505609
91,91,2026-10-16,Friday,155.0,154.76923076923077,13,0.2307692307692264,0.14910536779323771
77,77,2026-10-15,Thursday,328.0,328.2307692307692,13,-0.2307692307692264,-0.07030700726505609
91,91,2026-10-21,Wednesday,155.0,154.76923076923077,13,0.2307692307692264,0.14910536779323771
77,77,2026-10-16,Friday,328.0,328.2307692307692,13,-0.2307692307692264,-0.07030700726505609
91,91,2026-10-22,Thursday,155.0,154.76923076923077,13,0.2307692307692264,0.14910536779323771
91,91,2026-10-23,Friday,155.0,154.76923076923077,13,0.2307692307692264,0.14910536779323771
91,91,2026-08-26,Wednesday,155.0,154.76923076923077,13,0.2307692307692264,0.14910536779323771
91,91,2026-08-27,Thursday,155.0,154.76923076923077,13,0.2307692307692264,0.14910536779323771
91,91,2026-08-28,Friday,155.0,154.76923076923077,13,0.2307692307692264,0.14910536779323771
77,77,2026-08-26,Wednesday,328.0,328.2307692307692,13,-0.2307692307692264,-0.07030700726505609
77,77,2026-08-27,Thursday,328.0,328.2307692307692,13,-0.2307692307692264,-0.07030700726505609
77,77,2026-08-28,Friday,328.0,328.2307692307692,13,-0.2307692307692264,-0.07030700726505609
77,77,2026-09-02,Wednesday,328.0,328.2307692307692,13,-0.2307692307692264,-0.07030700726505609
91,91,2026-09-02,Wednesday,155.0,154.76923076923077,13,0.2307692307692264,0.14910536779323771
91,91,2026-09-03,Thursday,155.0,154.76923076923077,13,0.2307692307692264,0.14910536779323771
77,77,2026-09-03,Thursday,328.0,328.2307692307692,13,-0.2307692307692264,-0.07030700726505609
91,91,2026-09-04,Friday,155.0,154.76923076923077,13,0.2307692307692264,0.14910536779323771
77,77,2026-09-04,Friday,328.0,328.2307692307692,13,-0.2307692307692264,-0.07030700726505609
77,77,2026-09-09,Wednesday,328.0,328.2307692307692,13,-0.2307692307692264,-0.07030700726505609
77,77,2026-09-10,Thursday,328.0,328.2307692307692,13,-0.2307692307692264,-0.07030700726505609
77,77,2026-09-11,Friday,328.0,328.2307692307692,13,-0.2307692307692264,-0.07030700726505609
77,77,2026-09-16,Wednesday,328.0,328.2307692307692,13,-0.2307692307692264,-0.07030700726505609
77,77,2026-09-17,Thursday,328.0,328.2307692307692,13,-0.2307692307692264,-0.07030700726505609
77,77,2026-09-18,Friday,328.0,328.2307692307692,13,-0.2307692307692264,-0.07030700726505609
77,77,2026-09-23,Wednesday,328.0,328.2307692307692,13,-0.2307692307692264,-0.07030700726505609
77,77,2026-09-24,Thursday,328.0,328.2307692307692,13,-0.2307692307692264,-0.07030700726505609
77,77,2026-10-09,Friday,328.0,328.2307692307692,13,-0.2307692307692264,-0.07030700726505609
77,77,2026-09-25,Friday,328.0,328.2307692307692,13,-0.2307692307692264,-0.07030700726505609
91,91,2026-10-29,Thursday,155.0,154.76923076923077,13,0.2307692307692264,0.14910536779323771
91,91,2026-09-09,Wednesday,155.0,154.76923076923077,13,0.2307692307692264,0.14910536779323771
77,77,2026-09-30,Wednesday,328.0,328.2307692307692,13,-0.2307692307692264,-0.07030700726505609
77,77,2026-10-01,Thursday,328.0,328.2307692307692,13,-0.2307692307692264,-0.07030700726505609
91,91,2026-09-10,Thursday,155.0,154.76923076923077,13,0.2307692307692264,0.14910536779323771
91,91,2026-10-30,Friday,155.0,154.76923076923077,13,0.2307692307692264,0.14910536779323771
91,91,2026-09-11,Friday,155.0,154.76923076923077,13,0.2307692307692264,0.14910536779323771
77,77,2026-10-02,Friday,328.0,328.2307692307692,13,-0.2307692307692264,-0.07030700726505609
77,77,2026-10-21,Wednesday,328.0,328.2307692307692,13,-0.2307692307692264,-0.07030700726505609
77,77,2026-10-07,Wednesday,328.0,328.2307692307692,13,-0.2307692307692264,-0.07030700726505609
77,77,2026-10-08,Thursday,328.0,328.2307692307692,13,-0.2307692307692264,-0.07030700726505609
91,91,2026-10-08,Thursday,155.0,154.76923076923077,13,0.2307692307692264,0.14910536779323771
56,56,2026-09-18,Friday,167.0,166.76923076923077,13,0.2307692307692264,0.13837638376383501
67,67,2026-10-03,Saturday,208.0,207.76923076923077,13,0.2307692307692264,0.1110699740836706
63W,63W,2026-09-04,Friday,118.0,117.76923076923077,13,0.2307692307692264,0.19595035924232157
56,56,2026-09-23,Wednesday,167.0,166.76923076923077,13,0.2307692307692264,0.13837638376383501
73,73,2026-09-30,Wednesday,186.0,185.76923076923077,13,0.2307692307692264,0.12422360248446969
56,56,2026-09-24,Thursday,167.0,166.76923076923077,13,0.2307692307692264,0.13837638376383501
73,73,2026-10-01,Thursday,186.0,185.76923076923077,13,0.2307692307692264,0.12422360248446969
56,56,2026-09-25,Friday,167.0,166.76923076923077,13,0.2307692307692264,0.13837638376383501
63W,63W,2026-09-09,Wednesday,118.0,117.76923076923077,13,0.2307692307692264,0.19595035924232157
63W,63W,2026-09-10,Thursday,118.0,117.76923076923077,13,0.2307692307692264,0.19595035924232157
59,59,2026-10-23,Friday,114.0,113.76923076923077,13,0.2307692307692264,0.20283975659228823
63W,63W,2026-09-11,Friday,118.0,117.76923076923077,13,0.2307692307692264,0.19595035924232157
59,59,2026-08-26,Wednesday,114.0,113.76923076923077,13,0.2307692307692264,0.20283975659228823
63W,63W,2026-09-16,Wednesday,118.0,117.76923076923077,13,0.2307692307692264,0.19595035924232157
59,59,2026-08-27,Thursday,114.0,113.76923076923077,13,0.2307692307692264,0.20283975659228823
59,59,2026-08-28,Friday,114.0,113.76923076923077,13,0.2307692307692264,0.20283975659228823
67,67,2026-10-17,Saturday,208.0,207.76923076923077,13,0.2307692307692264,0.1110699740836706
56,56,2026-09-30,Wednesday,167.0,166.76923076923077,13,0.2307692307692264,0.13837638376383501
59,59,2026-09-02,Wednesday,114.0,113.76923076923077,13,0.2307692307692264,0.20283975659228823
63W,63W,2026-09-17,Thursday,118.0,117.76923076923077,13,0.2307692307692264,0.19595035924232157
56,56,2026-10-01,Thursday,167.0,166.76923076923077,13,0.2307692307692264,0.13837638376383501
73,73,2026-09-09,Wednesday,186.0,185.76923076923077,13,0.2307692307692264,0.12422360248446969
56,56,2026-10-02,Friday,167.0,166.76923076923077,13,0.2307692307692264,0.13837638376383501
59,59,2026-09-03,Thursday,114.0,113.76923076923077,13,0.2307692307692264,0.20283975659228823
63W,63W,2026-09-18,Friday,118.0,117.76923076923077,13,0.2307692307692264,0.19595035924232157
59,59,2026-09-04,Friday,114.0,113.76923076923077,13,0.2307692307692264,0.20283975659228823
56,56,2026-10-07,Wednesday,167.0,166.76923076923077,13,0.2307692307692264,0.13837638376383501
73,73,2026-09-10,Thursday,186.0,185.76923076923077,13,0.2307692307692264,0.12422360248446969
59,59,2026-09-09,Wednesday,114.0,113.76923076923077,13,0.2307692307692264,0.20283975659228823
63W,63W,2026-09-23,Wednesday,118.0,117.76923076923077,13,0.2307692307692264,0.19595035924232157
63W,63W,2026-09-03,Thursday,118.0,117.76923076923077,13,0.2307692307692264,0.19595035924232157
56,56,2026-10-08,Thursday,167.0,166.76923076923077,13,0.2307692307692264,0.13837638376383501
63W,63W,2026-09-25,Friday,118.0,117.76923076923077,13,0.2307692307692264,0.19595035924232157
56,56,2026-10-09,Friday,167.0,166.76923076923077,13,0.2307692307692264,0.13837638376383501
73,73,2026-10-07,Wednesday,186.0,185.76923076923077,13,0.2307692307692264,0.12422360248446969
56,56,2026-10-14,Wednesday,167.0,166.76923076923077,13,0.2307692307692264,0.13837638376383501
56,56,2026-10-15,Thursday,167.0,166.76923076923077,13,0.2307692307692264,0.13837638376383501
67,67,2026-10-24,Saturday,208.0,207.76923076923077,13,0.2307692307692264,0.1110699740836706
56,56,2026-10-16,Friday,167.0,166.76923076923077,13,0.2307692307692264,0.13837638376383501
63W,63W,2026-09-30,Wednesday,118.0,117.76923076923077,13,0.2307692307692264,0.19595035924232157
59,59,2026-09-10,Thursday,114.0,113.76923076923077,13,0.2307692307692264,0.20283975659228823
59,59,2026-09-11,Friday,114.0,113.76923076923077,13,0.2307692307692264,0.20283975659228823
63W,63W,2026-10-01,Thursday,118.0,117.76923076923077,13,0.2307692307692264,0.19595035924232157
67,67,2026-10-31,Saturday,208.0,207.76923076923077,13,0.2307692307692264,0.1110699740836706
73,73,2026-10-08,Thursday,186.0,185.76923076923077,13,0.2307692307692264,0.12422360248446969
56,56,2026-10-21,Wednesday,167.0,166.76923076923077,13,0.2307692307692264,0.13837638376383501
56,56,2026-10-22,Thursday,167.0,166.76923076923077,13,0.2307692307692264,0.13837638376383501
56,56,2026-10-23,Friday,167.0,166.76923076923077,13,0.2307692307692264,0.13837638376383501
63W,63W,2026-10-02,Friday,118.0,117.76923076923077,13,0.2307692307692264,0.19595035924232157
59,59,2026-09-16,Wednesday,114.0,113.76923076923077,13,0.2307692307692264,0.20283975659228823
59,59,2026-09-17,Thursday,114.0,113.76923076923077,13,0.2307692307692264,0.20283975659228823
63W,63W,2026-10-07,Wednesday,118.0,117.76923076923077,13,0.2307692307692264,0.19595035924232157
63W,63W,2026-10-08,Thursday,118.0,117.76923076923077,13,0.2307692307692264,0.19595035924232157
63W,63W,2026-10-09,Friday,118.0,117.76923076923077,13,0.2307692307692264,0.19595035924232157
56,56,2026-10-28,Wednesday,167.0,166.76923076923077,13,0.2307692307692264,0.13837638376383501
56,56,2026-10-29,Thursday,167.0,166.76923076923077,13,0.2307692307692264,0.13837638376383501
59,59,2026-09-18,Friday,114.0,113.76923076923077,13,0.2307692307692264,0.20283975659228823
63W,63W,2026-10-14,Wednesday,118.0,117.76923076923077,13,0.2307692307692264,0.19595035924232157
63W,63W,2026-10-15,Thursday,118.0,117.76923076923077,13,0.2307692307692264,0.19595035924232157
56,56,2026-10-30,Friday,167.0,166.76923076923077,13,0.2307692307692264,0.13837638376383501
63W,63W,2026-10-16,Friday,118.0,117.76923076923077,13,0.2307692307692264,0.19595035924232157
73,73,2026-10-14,Wednesday,186.0,185.76923076923077,13,0.2307692307692264,0.12422360248446969
63W,63W,2026-10-21,Wednesday,118.0,117.76923076923077,13,0.2307692307692264,0.19595035924232157
73,73,2026-10-15,Thursday,186.0,185.76923076923077,13,0.2307692307692264,0.12422360248446969
63W,63W,2026-10-22,Thursday,118.0,117.76923076923077,13,0.2307692307692264,0.19595035924232157
63W,63W,2026-10-23,Friday,118.0,117.76923076923077,13,0.2307692307692264,0.19595035924232157
67,67,2026-09-12,Saturday,208.0,207.76923076923077,13,0.2307692307692264,0.1110699740836706
63W,63W,2026-10-28,Wednesday,118.0,117.76923076923077,13,0.2307692307692264,0.19595035924232157
63W,63W,2026-10-29,Thursday,118.0,117.76923076923077,13,0.2307692307692264,0.19595035924232157
63W,63W,2026-10-30,Friday,118.0,117.76923076923077,13,0.2307692307692264,0.19595035924232157
73,73,2026-10-21,Wednesday,186.0,185.76923076923077,13,0.2307692307692264,0.12422360248446969
73,73,2026-10-22,Thursday,186.0,185.76923076923077,13,0.2307692307692264,0.12422360248446969
59,59,2026-09-23,Wednesday,114.0,113.76923076923077,13,0.2307692307692264,0.20283975659228823
59,59,2026-09-24,Thursday,114.0,113.76923076923077,13,0.2307692307692264,0.20283975659228823
73,73,2026-10-28,Wednesday,186.0,185.76923076923077,13,0.2307692307692264,0.12422360248446969
73,73,2026-10-29,Thursday,186.0,185.76923076923077,13,0.2307692307692264,0.12422360248446969
59,59,2026-09-25,Friday,114.0,113.76923076923077,13,0.2307692307692264,0.20283975659228823
59,59,2026-09-30,Wednesday,114.0,113.76923076923077,13,0.2307692307692264,0.20283975659228823
73,73,2026-09-16,Wednesday,186.0,185.76923076923077,13,0.2307692307692264,0.12422360248446969
73,73,2026-09-17,Thursday,186.0,185.76923076923077,13,0.2307692307692264,0.12422360248446969
59,59,2026-10-01,Thursday,114.0,113.76923076923077,13,0.2307692307692264,0.20283975659228823
59,59,2026-10-02,Friday,114.0,113.76923076923077,13,0.2307692307692264,0.20283975659228823
73,73,2026-09-23,Wednesday,186.0,185.76923076923077,13,0.2307692307692264,0.12422360248446969
73,73,2026-09-24,Thursday,186.0,185.76923076923077,13,0.2307692307692264,0.12422360248446969
59,59,2026-10-07,Wednesday,114.0,113.76923076923077,13,0.2307692307692264,0.20283975659228823
59,59,2026-10-08,Thursday,114.0,113.76923076923077,13,0.2307692307692264,0.20283975659228823
59,59,2026-10-09,Friday,114.0,113.76923076923077,13,0.2307692307692264,0.20283975659228823
67,67,2026-10-10,Saturday,208.0,207.76923076923077,13,0.2307692307692264,0.1110699740836706
67,67,2026-08-29,Saturday,208.0,207.76923076923077,13,0.2307692307692264,0.1110699740836706
56,56,2026-08-26,Wednesday,167.0,166.76923076923077,13,0.2307692307692264,0.13837638376383501
56,56,2026-08-27,Thursday,167.0,166.76923076923077,13,0.2307692307692264,0.13837638376383501
63W,63W,2026-09-02,Wednesday,118.0,117.76923076923077,13,0.2307692307692264,0.19595035924232157
56,56,2026-08-28,Friday,167.0,166.76923076923077,13,0.2307692307692264,0.13837638376383501
67,67,2026-09-05,Saturday,208.0,207.76923076923077,13,0.2307692307692264,0.1110699740836706
59,59,2026-10-28,Wednesday,114.0,113.76923076923077,13,0.2307692307692264,0.20283975659228823
63W,63W,2026-08-26,Wednesday,118.0,117.76923076923077,13,0.2307692307692264,0.19595035924232157
56,56,2026-09-02,Wednesday,167.0,166.76923076923077,13,0.2307692307692264,0.13837638376383501
56,56,2026-09-03,Thursday,167.0,166.76923076923077,13,0.2307692307692264,0.13837638376383501
63W,63W,2026-08-27,Thursday,118.0,117.76923076923077,13,0.2307692307692264,0.19595035924232157
59,59,2026-10-29,Thursday,114.0,113.76923076923077,13,0.2307692307692264,0.20283975659228823
56,56,2026-09-04,Friday,167.0,166.76923076923077,13,0.2307692307692264,0.13837638376383501
59,59,2026-10-30,Friday,114.0,113.76923076923077,13,0.2307692307692264,0.20283975659228823
67,67,2026-09-26,Saturday,208.0,207.76923076923077,13,0.2307692307692264,0.1110699740836706
59,59,2026-10-14,Wednesday,114.0,113.76923076923077,13,0.2307692307692264,0.20283975659228823
63W,63W,2026-08-28,Friday,118.0,117.76923076923077,13,0.2307692307692264,0.19595035924232157
59,59,2026-10-15,Thursday,114.0,113.76923076923077,13,0.2307692307692264,0.20283975659228823
59,59,2026-10-16,Friday,114.0,113.76923076923077,13,0.2307692307692264,0.20283975659228823
56,56,2026-09-09,Wednesday,167.0,166.76923076923077,13,0.2307692307692264,0.13837638376383501
73,73,2026-08-26,Wednesday,186.0,185.76923076923077,13,0.2307692307692264,0.12422360248446969
67,67,2026-09-19,Saturday,208.0,207.76923076923077,13,0.2307692307692264,0.1110699740836706
56,56,2026-09-10,Thursday,167.0,166.76923076923077,13,0.2307692307692264,0.13837638376383501
73,73,2026-08-27,Thursday,186.0,185.76923076923077,13,0.2307692307692264,0.12422360248446969
56,56,2026-09-11,Friday,167.0,166.76923076923077,13,0.2307692307692264,0.13837638376383501
59,59,2026-10-21,Wednesday,114.0,113.76923076923077,13,0.2307692307692264,0.20283975659228823
59,59,2026-10-22,Thursday,114.0,113.76923076923077,13,0.2307692307692264,0.20283975659228823
73,73,2026-09-02,Wednesday,186.0,185.76923076923077,13,0.2307692307692264,0.12422360248446969
56,56,2026-09-16,Wednesday,167.0,166.76923076923077,13,0.2307692307692264,0.13837638376383501
56,56,2026-09-17,Thursday,167.0,166.76923076923077,13,0.2307692307692264,0.13837638376383501
73,73,2026-09-03,Thursday,186.0,185.76923076923077,13,0.2307692307692264,0.12422360248446969
63W,63W,2026-09-24,Thursday,118.0,117.76923076923077,13,0.2307692307692264,0.19595035924232157
9,9,2026-09-20,Sunday,276.0,275.8333333333333,12,0.16666666666668561,0.0604229607250824
81,81,2026-10-27,Tuesday,262.0,261.8333333333333,12,0.16666666666668561,0.0636537237428462
9,9,2026-08-30,Sunday,276.0,275.8333333333333,12,0.16666666666668561,0.0604229607250824
9,9,2026-09-27,Sunday,276.0,275.8333333333333,12,0.16666666666668561,0.0604229607250824
81,81,2026-09-22,Tuesday,262.0,261.8333333333333,12,0.16666666666668561,0.0636537237428462
82,82,2026-08-23,Sunday,266.0,265.8333333333333,12,0.16666666666668561,0.06269592476489741
9,9,2026-10-04,Sunday,276.0,275.8333333333333,12,0.16666666666668561,0.0604229607250824
77,77,2026-10-27,Tuesday,328.0,328.1666666666667,12,-0.16666666666668561,-0.050787201625196225
9,9,2026-09-06,Sunday,276.0,275.8333333333333,12,0.16666666666668561,0.0604229607250824
9,9,2026-10-11,Sunday,276.0,275.8333333333333,12,0.16666666666668561,0.0604229607250824
81,81,2026-09-29,Tuesday,262.0,261.8333333333333,12,0.16666666666668561,0.0636537237428462
9,9,2026-10-18,Sunday,276.0,275.8333333333333,12,0.16666666666668561,0.0604229607250824
9,9,2026-08-23,Sunday,276.0,275.8333333333333,12,0.16666666666668561,0.0604229607250824
81,81,2026-10-13,Tuesday,262.0,261.8333333333333,12,0.16666666666668561,0.0636537237428462
82,82,2026-08-30,Sunday,266.0,265.8333333333333,12,0.16666666666668561,0.06269592476489741
81,81,2026-10-20,Tuesday,262.0,261.8333333333333,12,0.16666666666668561,0.0636537237428462
82,82,2026-09-06,Sunday,266.0,265.8333333333333,12,0.16666666666668561,0.06269592476489741
82,82,2026-09-13,Sunday,266.0,265.8333333333333,12,0.16666666666668561,0.06269592476489741
82,82,2026-09-20,Sunday,266.0,265.8333333333333,12,0.16666666666668561,0.06269592476489741
82,82,2026-09-27,Sunday,266.0,265.8333333333333,12,0.16666666666668561,0.06269592476489741
82,82,2026-10-04,Sunday,266.0,265.8333333333333,12,0.16666666666668561,0.06269592476489741
77,77,2026-10-06,Tuesday,328.0,328.1666666666667,12,-0.16666666666668561,-0.050787201625196225
9,9,2026-10-25,Sunday,276.0,275.8333333333333,12,0.16666666666668561,0.0604229607250824
82,82,2026-10-11,Sunday,266.0,265.8333333333333,12,0.16666666666668561,0.06269592476489741
82,82,2026-10-18,Sunday,266.0,265.8333333333333,12,0.16666666666668561,0.06269592476489741
82,82,2026-10-25,Sunday,266.0,265.8333333333333,12,0.16666666666668561,0.06269592476489741
81,81,2026-10-06,Tuesday,262.0,261.8333333333333,12,0.16666666666668561,0.0636537237428462
77,77,2026-10-13,Tuesday,328.0,328.1666666666667,12,-0.16666666666668561,-0.050787201625196225
77,77,2026-10-20,Tuesday,328.0,328.1666666666667,12,-0.16666666666668561,-0.050787201625196225
77,77,2026-09-29,Tuesday,328.0,328.1666666666667,12,-0.16666666666668561,-0.050787201625196225
81,81,2026-09-01,Tuesday,262.0,261.8333333333333,12,0.16666666666668561,0.0636537237428462
77,77,2026-09-22,Tuesday,328.0,328.1666666666667,12,-0.16666666666668561,-0.050787201625196225
81,81,2026-08-11,Tuesday,262.0,261.8333333333333,12,0.16666666666668561,0.0636537237428462
77,77,2026-08-25,Tuesday,328.0,328.1666666666667,12,-0.16666666666668561,-0.050787201625196225
81,81,2026-08-18,Tuesday,262.0,261.8333333333333,12,0.16666666666668561,0.0636537237428462
81,81,2026-09-15,Tuesday,262.0,261.8333333333333,12,0.16666666666668561,0.0636537237428462
77,77,2026-09-01,Tuesday,328.0,328.1666666666667,12,-0.16666666666668561,-0.050787201625196225
9,9,2026-09-13,Sunday,276.0,275.8333333333333,12,0.16666666666668561,0.0604229607250824
81,81,2026-08-25,Tuesday,262.0,261.8333333333333,12,0.16666666666668561,0.0636537237428462
77,77,2026-09-15,Tuesday,328.0,328.1666666666667,12,-0.16666666666668561,-0.050787201625196225
77,77,2026-09-08,Tuesday,328.0,328.1666666666667,12,-0.16666666666668561,-0.050787201625196225
Red,Red Line,2026-10-27,Tuesday,424.0,423.8333333333333,12,0.16666666666668561,0.03932363350374022
Blue,Blue Line,2026-09-01,Tuesday,356.0,355.8333333333333,12,0.16666666666668561,0.046838407494150525
Red,Red Line,2026-10-20,Tuesday,424.0,423.8333333333333,12,0.16666666666668561,0.03932363350374022
Red,Red Line,2026-10-13,Tuesday,424.0,423.8333333333333,12,0.16666666666668561,0.03932363350374022
Red,Red Line,2026-10-06,Tuesday,424.0,423.8333333333333,12,0.16666666666668561,0.03932363350374022
Red,Red Line,2026-09-29,Tuesday,424.0,423.8333333333333,12,0.16666666666668561,0.03932363350374022
Red,Red Line,2026-09-22,Tuesday,424.0,423.8333333333333,12,0.16666666666668561,0.03932363350374022
Red,Red Line,2026-09-15,Tuesday,424.0,423.8333333333333,12,0.16666666666668561,0.03932363350374022
Red,Red Line,2026-09-01,Tuesday,424.0,423.8333333333333,12,0.16666666666668561,0.03932363350374022
Blue,Blue Line,2026-09-22,Tuesday,356.0,355.8333333333333,12,0.16666666666668561,0.046838407494150525
Red,Red Line,2026-08-25,Tuesday,424.0,423.8333333333333,12,0.16666666666668561,0.03932363350374022
Blue,Blue Line,2026-09-29,Tuesday,356.0,355.8333333333333,12,0.16666666666668561,0.046838407494150525
Red,Red Line,2026-08-18,Tuesday,424.0,423.8333333333333,12,0.16666666666668561,0.03932363350374022
Blue,Blue Line,2026-10-06,Tuesday,356.0,355.8333333333333,12,0.16666666666668561,0.046838407494150525
Blue,Blue Line,2026-09-15,Tuesday,356.0,355.8333333333333,12,0.16666666666668561,0.046838407494150525
Blue,Blue Line,2026-10-13,Tuesday,356.0,355.8333333333333,12,0.16666666666668561,0.046838407494150525
Blue,Blue Line,2026-08-18,Tuesday,356.0,355.8333333333333,12,0.16666666666668561,0.046838407494150525
Blue,Blue Line,2026-10-20,Tuesday,356.0,355.8333333333333,12,0.16666666666668561,0.046838407494150525
Blue,Blue Line,2026-10-27,Tuesday,356.0,355.8333333333333,12,0.16666666666668561,0.046838407494150525
Red,Red Line,2026-08-11,Tuesday,424.0,423.8333333333333,12,0.16666666666668561,0.03932363350374022
Blue,Blue Line,2026-08-25,Tuesday,356.0,355.8333333333333,12,0.16666666666668561,0.046838407494150525
Blue,Blue Line,2026-08-11,Tuesday,356.0,355.8333333333333,12,0.16666666666668561,0.046838407494150525
63,63,2026-09-29,Tuesday,304.0,303.8333333333333,12,0.16666666666668561,0.054854635216682046
63,63,2026-10-13,Tuesday,304.0,303.8333333333333,12,0.16666666666668561,0.054854635216682046
63,63,2026-09-15,Tuesday,304.0,303.8333333333333,12,0.16666666666668561,0.054854635216682046
63,63,2026-10-20,Tuesday,304.0,303.8333333333333,12,0.16666666666668561,0.054854635216682046
63,63,2026-09-01,Tuesday,304.0,303.8333333333333,12,0.16666666666668561,0.054854635216682046
63,63,2026-09-22,Tuesday,304.0,303.8333333333333,12,0.16666666666668561,0.054854635216682046
63,63,2026-08-25,Tuesday,304.0,303.8333333333333,12,0.16666666666668561,0.054854635216682046
63,63,2026-10-27,Tuesday,304.0,303.8333333333333,12,0.16666666666668561,0.054854635216682046
63,63,2026-10-06,Tuesday,304.0,303.8333333333333,12,0.16666666666668561,0.054854635216682046
126,126,2026-09-13,Sunday,113.0,113.16666666666667,12,-0.1666666666666714,-0.14727540500736794
108,108,2026-09-01,Tuesday,72.0,71.83333333333333,12,0.1666666666666714,0.2320185614849254
126,126,2026-08-30,Sunday,113.0,113.16666666666667,12,-0.1666666666666714,-0.14727540500736794
126,126,2026-10-04,Sunday,113.0,113.16666666666667,12,-0.1666666666666714,-0.14727540500736794
108,108,2026-09-22,Tuesday,72.0,71.83333333333333,12,0.1666666666666714,0.2320185614849254
108,108,2026-09-15,Tuesday,72.0,71.83333333333333,12,0.1666666666666714,0.2320185614849254
126,126,2026-10-11,Sunday,113.0,113.16666666666667,12,-0.1666666666666714,-0.14727540500736794
108,108,2026-10-06,Tuesday,72.0,71.83333333333333,12,0.1666666666666714,0.2320185614849254
108,108,2026-09-29,Tuesday,72.0,71.83333333333333,12,0.1666666666666714,0.2320185614849254
108,108,2026-10-27,Tuesday,72.0,71.83333333333333,12,0.1666666666666714,0.2320185614849254
108,108,2026-10-20,Tuesday,72.0,71.83333333333333,12,0.1666666666666714,0.2320185614849254
126,126,2026-10-18,Sunday,113.0,113.16666666666667,12,-0.1666666666666714,-0.14727540500736794
108,108,2026-10-13,Tuesday,72.0,71.83333333333333,12,0.1666666666666714,0.2320185614849254
126,126,2026-10-25,Sunday,113.0,113.16666666666667,12,-0.1666666666666714,-0.14727540500736794
126,126,2026-08-23,Sunday,113.0,113.16666666666667,12,-0.1666666666666714,-0.14727540500736794
126,126,2026-09-27,Sunday,113.0,113.16666666666667,12,-0.1666666666666714,-0.14727540500736794
108,108,2026-09-08,Tuesday,72.0,71.83333333333333,12,0.1666666666666714,0.2320185614849254
126,126,2026-09-20,Sunday,113.0,113.16666666666667,12,-0.1666666666666714,-0.14727540500736794
126,126,2026-09-06,Sunday,113.0,113.16666666666667,12,-0.1666666666666714,-0.14727540500736794
108,108,2026-08-25,Tuesday,72.0,71.83333333333333,12,0.1666666666666714,0.2320185614849254
63W,63W,2026-09-22,Tuesday,118.0,117.83333333333333,12,0.1666666666666714,0.14144271570014547
59,59,2026-09-01,Tuesday,114.0,113.83333333333333,12,0.1666666666666714,0.14641288433382554
63W,63W,2026-09-01,Tuesday,118.0,117.83333333333333,12,0.1666666666666714,0.14144271570014547
59,59,2026-10-06,Tuesday,114.0,113.83333333333333,12,0.1666666666666714,0.14641288433382554
59,59,2026-09-08,Tuesday,114.0,113.83333333333333,12,0.1666666666666714,0.14641288433382554
63W,63W,2026-08-25,Tuesday,118.0,117.83333333333333,12,0.1666666666666714,0.14144271570014547
59,59,2026-08-25,Tuesday,114.0,113.83333333333333,12,0.1666666666666714,0.14641288433382554
63W,63W,2026-09-15,Tuesday,118.0,117.83333333333333,12,0.1666666666666714,0.14144271570014547
63W,63W,2026-09-08,Tuesday,118.0,117.83333333333333,12,0.1666666666666714,0.14144271570014547
59,59,2026-10-13,Tuesday,114.0,113.83333333333333,12,0.1666666666666714,0.14641288433382554
63W,63W,2026-09-29,Tuesday,118.0,117.83333333333333,12,0.1666666666666714,0.14144271570014547
59,59,2026-10-20,Tuesday,114.0,113.83333333333333,12,0.1666666666666714,0.14641288433382554
59,59,2026-09-29,Tuesday,114.0,113.83333333333333,12,0.1666666666666714,0.14641288433382554
59,59,2026-09-22,Tuesday,114.0,113.83333333333333,12,0.1666666666666714,0.14641288433382554
59,59,2026-09-15,Tuesday,114.0,113.83333333333333,12,0.1666666666666714,0.14641288433382554
59,59,2026-10-27,Tuesday,114.0,113.83333333333333,12,0.1666666666666714,0.14641288433382554
63W,63W,2026-10-27,Tuesday,118.0,117.83333333333333,12,0.1666666666666714,0.14144271570014547
63W,63W,2026-10-20,Tuesday,118.0,117.83333333333333,12,0.1666666666666714,0.14144271570014547
63W,63W,2026-10-06,Tuesday,118.0,117.83333333333333,12,0.1666666666666714,0.14144271570014547
63W,63W,2026-10-13,Tuesday,118.0,117.83333333333333,12,0.1666666666666714,0.14144271570014547
N5,N5,2026-08-31,Monday,20.0,20.166666666666668,12,-0.16666666666666785,-0.8264462809917413
N5,N5,2026-08-10,Monday,20.0,20.166666666666668,12,-0.16666666666666785,-0.8264462809917413
N5,N5,2026-09-14,Monday,20.0,20.166666666666668,12,-0.16666666666666785,-0.8264462809917413
N5,N5,2026-09-28,Monday,20.0,20.166666666666668,12,-0.16666666666666785,-0.8264462809917413
N5,N5,2026-10-05,Monday,20.0,20.166666666666668,12,-0.16666666666666785,-0.8264462809917413
N5,N5,2026-09-21,Monday,20.0,20.166666666666668,12,-0.16666666666666785,-0.8264462809917413
N5,N5,2026-10-12,Monday,20.0,20.166666666666668,12,-0.16666666666666785,-0.8264462809917413
N5,N5,2026-10-19,Monday,20.0,20.166666666666668,12,-0.16666666666666785,-0.8264462809917413
N5,N5,2026-10-26,Monday,20.0,20.166666666666668,12,-0.16666666666666785,-0.8264462809917413
N5,N5,2026-08-24,Monday,20.0,20.166666666666668,12,-0.16666666666666785,-0.8264462809917413
N5,N5,2026-08-17,Monday,20.0,20.166666666666668,12,-0.16666666666666785,-0.8264462809917413
100,100,2026-10-06,Tuesday,53.0,52.833333333333336,12,0.1666666666666643,0.31545741324920684
100,100,2026-09-29,Tuesday,53.0,52.833333333333336,12,0.1666666666666643,0.31545741324920684
100,100,2026-10-27,Tuesday,53.0,52.833333333333336,12,0.1666666666666643,0.31545741324920684
100,100,2026-09-08,Tuesday,53.0,52.833333333333336,12,0.1666666666666643,0.31545741324920684
100,100,2026-10-20,Tuesday,53.0,52.833333333333336,12,0.1666666666666643,0.31545741324920684
100,100,2026-09-01,Tuesday,53.0,52.833333333333336,12,0.1666666666666643,0.31545741324920684
100,100,2026-09-15,Tuesday,53.0,52.833333333333336,12,0.1666666666666643,0.31545741324920684
100,100,2026-10-13,Tuesday,53.0,52.833333333333336,12,0.1666666666666643,0.31545741324920684
100,100,2026-08-25,Tuesday,53.0,52.833333333333336,12,0.1666666666666643,0.31545741324920684
100,100,2026-09-22,Tuesday,53.0,52.833333333333336,12,0.1666666666666643,0.31545741324920684
12,12,2026-10-13,Tuesday,254.0,253.83333333333334,12,0.1666666666666572,0.065659881812209
12,12,2026-09-15,Tuesday,254.0,253.83333333333334,12,0.1666666666666572,0.065659881812209
12,12,2026-10-27,Tuesday,254.0,253.83333333333334,12,0.1666666666666572,0.065659881812209
103,103,2026-09-15,Tuesday,129.0,128.83333333333334,12,0.1666666666666572,0.12936610608019963
12,12,2026-10-06,Tuesday,254.0,253.83333333333334,12,0.1666666666666572,0.065659881812209
103,103,2026-10-27,Tuesday,129.0,128.83333333333334,12,0.1666666666666572,0.12936610608019963
12,12,2026-08-25,Tuesday,254.0,253.83333333333334,12,0.1666666666666572,0.065659881812209
119,119,2026-10-20,Tuesday,189.0,188.83333333333334,12,0.1666666666666572,0.08826125330979198
12,12,2026-09-01,Tuesday,254.0,253.83333333333334,12,0.1666666666666572,0.065659881812209
12,12,2026-09-29,Tuesday,254.0,253.83333333333334,12,0.1666666666666572,0.065659881812209
12,12,2026-09-08,Tuesday,254.0,253.83333333333334,12,0.1666666666666572,0.065659881812209
119,119,2026-10-13,Tuesday,189.0,188.83333333333334,12,0.1666666666666572,0.08826125330979198
119,119,2026-10-06,Tuesday,189.0,188.83333333333334,12,0.1666666666666572,0.08826125330979198
119,119,2026-08-11,Tuesday,189.0,188.83333333333334,12,0.1666666666666572,0.08826125330979198
119,119,2026-09-29,Tuesday,189.0,188.83333333333334,12,0.1666666666666572,0.08826125330979198
119,119,2026-09-22,Tuesday,189.0,188.83333333333334,12,0.1666666666666572,0.08826125330979198
119,119,2026-10-27,Tuesday,189.0,188.83333333333334,12,0.1666666666666572,0.08826125330979198
119,119,2026-08-18,Tuesday,189.0,188.83333333333334,12,0.1666666666666572,0.08826125330979198
103,103,2026-10-20,Tuesday,129.0,128.83333333333334,12,0.1666666666666572,0.12936610608019963
12,12,2026-09-22,Tuesday,254.0,253.83333333333334,12,0.1666666666666572,0.065659881812209
103,103,2026-09-22,Tuesday,129.0,128.83333333333334,12,0.1666666666666572,0.12936610608019963
103,103,2026-08-25,Tuesday,129.0,128.83333333333334,12,0.1666666666666572,0.12936610608019963
103,103,2026-10-13,Tuesday,129.0,128.83333333333334,12,0.1666666666666572,0.12936610608019963
103,103,2026-10-06,Tuesday,129.0,128.83333333333334,12,0.1666666666666572,0.12936610608019963
119,119,2026-08-25,Tuesday,189.0,188.83333333333334,12,0.1666666666666572,0.08826125330979198
103,103,2026-09-01,Tuesday,129.0,128.83333333333334,12,0.1666666666666572,0.12936610608019963
103,103,2026-09-08,Tuesday,129.0,128.83333333333334,12,0.1666666666666572,0.12936610608019963
119,119,2026-09-15,Tuesday,189.0,188.83333333333334,12,0.1666666666666572,0.08826125330979198
119,119,2026-09-01,Tuesday,189.0,188.83333333333334,12,0.1666666666666572,0.08826125330979198
103,103,2026-09-29,Tuesday,129.0,128.83333333333334,12,0.1666666666666572,0.12936610608019963
12,12,2026-10-20,Tuesday,254.0,253.83333333333334,12,0.1666666666666572,0.065659881812209
21,21,2026-09-13,Sunday,128.0,128.16666666666666,12,-0.1666666666666572,-0.13003901170350368
21,21,2026-10-20,Tuesday,176.0,175.83333333333334,12,0.1666666666666572,0.09478672985781451
21,21,2026-09-20,Sunday,128.0,128.16666666666666,12,-0.1666666666666572,-0.13003901170350368
21,21,2026-08-30,Sunday,128.0,128.16666666666666,12,-0.1666666666666572,-0.13003901170350368
21,21,2026-09-22,Tuesday,176.0,175.83333333333334,12,0.1666666666666572,0.09478672985781451
21,21,2026-09-01,Tuesday,176.0,175.83333333333334,12,0.1666666666666572,0.09478672985781451
21,21,2026-09-27,Sunday,128.0,128.16666666666666,12,-0.1666666666666572,-0.13003901170350368
21,21,2026-09-29,Tuesday,176.0,175.83333333333334,12,0.1666666666666572,0.09478672985781451
21,21,2026-09-15,Tuesday,176.0,175.83333333333334,12,0.1666666666666572,0.09478672985781451
21,21,2026-10-06,Tuesday,176.0,175.83333333333334,12,0.1666666666666572,0.09478672985781451
151,151,2026-08-11,Tuesday,211.0,210.83333333333334,12,0.1666666666666572,0.07905138339920499
21,21,2026-10-11,Sunday,128.0,128.16666666666666,12,-0.1666666666666572,-0.13003901170350368
151,151,2026-08-18,Tuesday,211.0,210.83333333333334,12,0.1666666666666572,0.07905138339920499
151,151,2026-08-25,Tuesday,211.0,210.83333333333334,12,0.1666666666666572,0.07905138339920499
151,151,2026-09-01,Tuesday,211.0,210.83333333333334,12,0.1666666666666572,0.07905138339920499
151,151,2026-09-15,Tuesday,211.0,210.83333333333334,12,0.1666666666666572,0.07905138339920499
21,21,2026-10-13,Tuesday,176.0,175.83333333333334,12,0.1666666666666572,0.09478672985781451
21,21,2026-09-06,Sunday,128.0,128.16666666666666,12,-0.1666666666666572,-0.13003901170350368
151,151,2026-09-22,Tuesday,211.0,210.83333333333334,12,0.1666666666666572,0.07905138339920499
151,151,2026-09-29,Tuesday,211.0,210.83333333333334,12,0.1666666666666572,0.07905138339920499
151,151,2026-10-06,Tuesday,211.0,210.83333333333334,12,0.1666666666666572,0.07905138339920499
151,151,2026-10-13,Tuesday,211.0,210.83333333333334,12,0.1666666666666572,0.07905138339920499
151,151,2026-10-20,Tuesday,211.0,210.83333333333334,12,0.1666666666666572,0.07905138339920499
21,21,2026-10-18,Sunday,128.0,128.16666666666666,12,-0.1666666666666572,-0.13003901170350368
21,21,2026-08-25,Tuesday,176.0,175.83333333333334,12,0.1666666666666572,0.09478672985781451
21,21,2026-10-25,Sunday,128.0,128.16666666666666,12,-0.1666666666666572,-0.13003901170350368
21,21,2026-10-27,Tuesday,176.0,175.83333333333334,12,0.1666666666666572,0.09478672985781451
151,151,2026-10-27,Tuesday,211.0,210.83333333333334,12,0.1666666666666572,0.07905138339920499
21,21,2026-09-08,Tuesday,176.0,175.83333333333334,12,0.1666666666666572,0.09478672985781451
21,21,2026-08-23,Sunday,128.0,128.16666666666666,12,-0.1666666666666572,-0.13003901170350368
21,21,2026-10-04,Sunday,128.0,128.16666666666666,12,-0.1666666666666572,-0.13003901170350368
91,91,2026-09-15,Tuesday,155.0,154.83333333333334,12,0.1666666666666572,0.10764262648008
91,91,2026-09-01,Tuesday,155.0,154.83333333333334,12,0.1666666666666572,0.10764262648008
91,91,2026-09-08,Tuesday,155.0,154.83333333333334,12,0.1666666666666572,0.10764262648008
91,91,2026-08-25,Tuesday,155.0,154.83333333333334,12,0.1666666666666572,0.10764262648008
91,91,2026-10-27,Tuesday,155.0,154.83333333333334,12,0.1666666666666572,0.10764262648008
91,91,2026-10-20,Tuesday,155.0,154.83333333333334,12,0.1666666666666572,0.10764262648008
91,91,2026-10-13,Tuesday,155.0,154.83333333333334,12,0.1666666666666572,0.10764262648008
91,91,2026-09-29,Tuesday,155.0,154.83333333333334,12,0.1666666666666572,0.10764262648008
91,91,2026-09-22,Tuesday,155.0,154.83333333333334,12,0.1666666666666572,0.10764262648008
91,91,2026-10-06,Tuesday,155.0,154.83333333333334,12,0.1666666666666572,0.10764262648008
Brn,Brown Line,2026-10-20,Tuesday,180.0,179.83333333333334,12,0.1666666666666572,0.0926784059314127
J14,J14,2026-10-04,Sunday,178.0,177.83333333333334,12,0.1666666666666572,0.09372071227740797
J14,J14,2026-10-11,Sunday,178.0,177.83333333333334,12,0.1666666666666572,0.09372071227740797
J14,J14,2026-10-18,Sunday,178.0,177.83333333333334,12,0.1666666666666572,0.09372071227740797
J14,J14,2026-10-25,Sunday,178.0,177.83333333333334,12,0.1666666666666572,0.09372071227740797
Brn,Brown Line,2026-09-15,Tuesday,180.0,179.83333333333334,12,0.1666666666666572,0.0926784059314127
J14,J14,2026-09-27,Sunday,178.0,177.83333333333334,12,0.1666666666666572,0.09372071227740797
J14,J14,2026-09-20,Sunday,178.0,177.83333333333334,12,0.1666666666666572,0.09372071227740797
Brn,Brown Line,2026-10-06,Tuesday,180.0,179.83333333333334,12,0.1666666666666572,0.0926784059314127
Brn,Brown Line,2026-08-18,Tuesday,180.0,179.83333333333334,12,0.1666666666666572,0.0926784059314127
Brn,Brown Line,2026-08-11,Tuesday,180.0,179.83333333333334,12,0.1666666666666572,0.0926784059314127
Brn,Brown Line,2026-09-29,Tuesday,180.0,179.83333333333334,12,0.1666666666666572,0.0926784059314127
Brn,Brown Line,2026-09-22,Tuesday,180.0,179.83333333333334,12,0.1666666666666572,0.0926784059314127
Brn,Brown Line,2026-10-27,Tuesday,180.0,179.83333333333334,12,0.1666666666666572,0.0926784059314127
Brn,Brown Line,2026-09-01,Tuesday,180.0,179.83333333333334,12,0.1666666666666572,0.0926784059314127
J14,J14,2026-09-13,Sunday,178.0,177.83333333333334,12,0.1666666666666572,0.09372071227740797
Brn,Brown Line,2026-08-25,Tuesday,180.0,179.83333333333334,12,0.1666666666666572,0.0926784059314127
J14,J14,2026-09-06,Sunday,178.0,177.83333333333334,12,0.1666666666666572,0.09372071227740797
J14,J14,2026-08-30,Sunday,178.0,177.83333333333334,12,0.1666666666666572,0.09372071227740797
J14,J14,2026-08-23,Sunday,178.0,177.83333333333334,12,0.1666666666666572,0.09372071227740797
Brn,Brown Line,2026-10-13,Tuesday,180.0,179.83333333333334,12,0.1666666666666572,0.0926784059314127
73,73,2026-10-13,Tuesday,186.0,185.83333333333334,12,0.1666666666666572,0.08968609865470342
56,56,2026-09-15,Tuesday,167.0,166.83333333333334,12,0.1666666666666572,0.09990009990009421
56,56,2026-10-27,Tuesday,167.0,166.83333333333334,12,0.1666666666666572,0.09990009990009421
67,67,2026-08-23,Sunday,167.0,167.16666666666666,12,-0.1666666666666572,-0.09970089730807011
67,67,2026-09-13,Sunday,167.0,167.16666666666666,12,-0.1666666666666572,-0.09970089730807011
73,73,2026-10-20,Tuesday,186.0,185.83333333333334,12,0.1666666666666572,0.08968609865470342
73,73,2026-10-27,Tuesday,186.0,185.83333333333334,12,0.1666666666666572,0.08968609865470342
73,73,2026-09-15,Tuesday,186.0,185.83333333333334,12,0.1666666666666572,0.08968609865470342
56,56,2026-10-20,Tuesday,167.0,166.83333333333334,12,0.1666666666666572,0.09990009990009421
67,67,2026-10-25,Sunday,167.0,167.16666666666666,12,-0.1666666666666572,-0.09970089730807011
73,73,2026-09-22,Tuesday,186.0,185.83333333333334,12,0.1666666666666572,0.08968609865470342
67,67,2026-09-27,Sunday,167.0,167.16666666666666,12,-0.1666666666666572,-0.09970089730807011
56,56,2026-10-13,Tuesday,167.0,166.83333333333334,12,0.1666666666666572,0.09990009990009421
67,67,2026-10-04,Sunday,167.0,167.16666666666666,12,-0.1666666666666572,-0.09970089730807011
67,67,2026-10-11,Sunday,167.0,167.16666666666666,12,-0.1666666666666572,-0.09970089730807011
73,73,2026-10-06,Tuesday,186.0,185.83333333333334,12,0.1666666666666572,0.08968609865470342
56,56,2026-10-06,Tuesday,167.0,166.83333333333334,12,0.1666666666666572,0.09990009990009421
67,67,2026-08-30,Sunday,167.0,167.16666666666666,12,-0.1666666666666572,-0.09970089730807011
56,56,2026-08-25,Tuesday,167.0,166.83333333333334,12,0.1666666666666572,0.09990009990009421
56,56,2026-09-01,Tuesday,167.0,166.83333333333334,12,0.1666666666666572,0.09990009990009421
73,73,2026-09-08,Tuesday,186.0,185.83333333333334,12,0.1666666666666572,0.08968609865470342
67,67,2026-09-06,Sunday,167.0,167.16666666666666,12,-0.1666666666666572,-0.09970089730807011
56,56,2026-09-29,Tuesday,167.0,166.83333333333334,12,0.1666666666666572,0.09990009990009421
56,56,2026-09-08,Tuesday,167.0,166.83333333333334,12,0.1666666666666572,0.09990009990009421
73,73,2026-09-29,Tuesday,186.0,185.83333333333334,12,0.1666666666666572,0.08968609865470342
73,73,2026-08-25,Tuesday,186.0,185.83333333333334,12,0.1666666666666572,0.08968609865470342
67,67,2026-10-18,Sunday,167.0,167.16666666666666,12,-0.1666666666666572,-0.09970089730807011
67,67,2026-09-20,Sunday,167.0,167.16666666666666,12,-0.1666666666666572,-0.09970089730807011
73,73,2026-09-01,Tuesday,186.0,185.83333333333334,12,0.1666666666666572,0.08968609865470342
56,56,2026-09-22,Tuesday,167.0,166.83333333333334,12,0.1666666666666572,0.09990009990009421
22,22,2026-08-11,Tuesday,239.0,239.08333333333334,12,-0.08333333333334281,-0.034855350296274436
22,22,2026-08-18,Tuesday,239.0,239.08333333333334,12,-0.08333333333334281,-0.034855350296274436
22,22,2026-08-25,Tuesday,239.0,239.08333333333334,12,-0.08333333333334281,-0.034855350296274436
22,22,2026-09-01,Tuesday,239.0,239.08333333333334,12,-0.08333333333334281,-0.034855350296274436
22,22,2026-09-15,Tuesday,239.0,239.08333333333334,12,-0.08333333333334281,-0.034855350296274436
22,22,2026-09-22,Tuesday,239.0,239.08333333333334,12,-0.08333333333334281,-0.034855350296274436
22,22,2026-09-29,Tuesday,239.0,239.08333333333334,12,-0.08333333333334281,-0.034855350296274436
22,22,2026-10-06,Tuesday,239.0,239.08333333333334,12,-0.08333333333334281,-0.034855350296274436
22,22,2026-10-13,Tuesday,239.0,239.08333333333334,12,-0.08333333333334281,-0.034855350296274436
22,22,2026-10-20,Tuesday,239.0,239.08333333333334,12,-0.08333333333334281,-0.034855350296274436
22,22,2026-10-27,Tuesday,239.0,239.08333333333334,12,-0.08333333333334281,-0.034855350296274436
49B,49B,2026-08-18,Tuesday,221.0,220.91666666666666,12,0.08333333333334281,0.03772161448510425
49B,49B,2026-08-25,Tuesday,221.0,220.91666666666666,12,0.08333333333334281,0.03772161448510425
49B,49B,2026-09-01,Tuesday,221.0,220.91666666666666,12,0.08333333333334281,0.03772161448510425
4,4,2026-08-10,Monday,248.0,247.91666666666666,12,0.08333333333334281,0.03361344537815508
49B,49B,2026-09-29,Tuesday,221.0,220.91666666666666,12,0.08333333333334281,0.03772161448510425
49B,49B,2026-09-22,Tuesday,221.0,220.91666666666666,12,0.08333333333334281,0.03772161448510425
49B,49B,2026-10-06,Tuesday,221.0,220.91666666666666,12,0.08333333333334281,0.03772161448510425
49B,49B,2026-10-13,Tuesday,221.0,220.91666666666666,12,0.08333333333334281,0.03772161448510425
49B,49B,2026-10-20,Tuesday,221.0,220.91666666666666,12,0.08333333333334281,0.03772161448510425
49B,49B,2026-10-27,Tuesday,221.0,220.91666666666666,12,0.08333333333334281,0.03772161448510425
49B,49B,2026-09-15,Tuesday,221.0,220.91666666666666,12,0.08333333333334281,0.03772161448510425
49B,49B,2026-08-11,Tuesday,221.0,220.91666666666666,12,0.08333333333334281,0.03772161448510425
4,4,2026-08-17,Monday,248.0,247.91666666666666,12,0.08333333333334281,0.03361344537815508
76,76,2026-08-18,Tuesday,209.0,208.91666666666666,12,0.08333333333334281,0.0398883127243763
76,76,2026-08-25,Tuesday,209.0,208.91666666666666,12,0.08333333333334281,0.0398883127243763
76,76,2026-09-01,Tuesday,209.0,208.91666666666666,12,0.08333333333334281,0.0398883127243763
76,76,2026-09-15,Tuesday,209.0,208.91666666666666,12,0.08333333333334281,0.0398883127243763
76,76,2026-09-22,Tuesday,209.0,208.91666666666666,12,0.08333333333334281,0.0398883127243763
76,76,2026-09-29,Tuesday,209.0,208.91666666666666,12,0.08333333333334281,0.0398883127243763
76,76,2026-10-06,Tuesday,209.0,208.91666666666666,12,0.08333333333334281,0.0398883127243763
76,76,2026-08-11,Tuesday,209.0,208.91666666666666,12,0.08333333333334281,0.0398883127243763
76,76,2026-10-13,Tuesday,209.0,208.91666666666666,12,0.08333333333334281,0.0398883127243763
76,76,2026-10-20,Tuesday,209.0,208.91666666666666,12,0.08333333333334281,0.0398883127243763
76,76,2026-10-27,Tuesday,209.0,208.91666666666666,12,0.08333333333334281,0.0398883127243763
P,Purple Line,2026-08-11,Tuesday,188.0,188.08333333333334,12,-0.08333333333334281,-0.0443066016836559
P,Purple Line,2026-08-18,Tuesday,188.0,188.08333333333334,12,-0.08333333333334281,-0.0443066016836559
P,Purple Line,2026-08-25,Tuesday,188.0,188.08333333333334,12,-0.08333333333334281,-0.0443066016836559
P,Purple Line,2026-09-01,Tuesday,188.0,188.08333333333334,12,-0.08333333333334281,-0.0443066016836559
P,Purple Line,2026-09-15,Tuesday,188.0,188.08333333333334,12,-0.08333333333334281,-0.0443066016836559
P,Purple Line,2026-09-22,Tuesday,188.0,188.08333333333334,12,-0.08333333333334281,-0.0443066016836559
P,Purple Line,2026-09-29,Tuesday,188.0,188.08333333333334,12,-0.08333333333334281,-0.0443066016836559
P,Purple Line,2026-10-06,Tuesday,188.0,188.08333333333334,12,-0.08333333333334281,-0.0443066016836559
P,Purple Line,2026-10-13,Tuesday,188.0,188.08333333333334,12,-0.08333333333334281,-0.0443066016836559
P,Purple Line,2026-10-20,Tuesday,188.0,188.08333333333334,12,-0.08333333333334281,-0.0443066016836559
P,Purple Line,2026-10-27,Tuesday,188.0,188.08333333333334,12,-0.08333333333334281,-0.0443066016836559
6,6,2026-09-01,Tuesday,189.0,189.08333333333334,12,-0.08333333333334281,-0.044072278536805364
6,6,2026-09-15,Tuesday,189.0,189.08333333333334,12,-0.08333333333334281,-0.044072278536805364
6,6,2026-09-22,Tuesday,189.0,189.08333333333334,12,-0.08333333333334281,-0.044072278536805364
6,6,2026-09-29,Tuesday,189.0,189.08333333333334,12,-0.08333333333334281,-0.044072278536805364
6,6,2026-10-06,Tuesday,189.0,189.08333333333334,12,-0.08333333333334281,-0.044072278536805364
6,6,2026-10-13,Tuesday,189.0,189.08333333333334,12,-0.08333333333334281,-0.044072278536805364
6,6,2026-10-20,Tuesday,189.0,189.08333333333334,12,-0.08333333333334281,-0.044072278536805364
6,6,2026-10-27,Tuesday,189.0,189.08333333333334,12,-0.08333333333334281,-0.044072278536805364
6,6,2026-08-25,Tuesday,189.0,189.08333333333334,12,-0.08333333333334281,-0.044072278536805364
6,6,2026-08-11,Tuesday,189.0,189.08333333333334,12,-0.08333333333334281,-0.044072278536805364
6,6,2026-08-18,Tuesday,189.0,189.08333333333334,12,-0.08333333333334281,-0.044072278536805364
1,1,2026-08-05,Wednesday,59.0,59.0,13,0.0,0.0
1,1,2026-08-06,Thursday,59.0,59.0,13,0.0,0.0
1,1,2026-08-07,Friday,59.0,59.0,13,0.0,0.0
1,1,2026-08-08,Saturday,0.0,0.0,13,0.0,
1,1,2026-08-09,Sunday,0.0,0.0,12,0.0,
1,1,2026-08-11,Tuesday,59.0,59.0,12,0.0,0.0
1,1,2026-08-12,Wednesday,59.0,59.0,13,0.0,0.0
1,1,2026-08-13,Thursday,59.0,59.0,13,0.0,0.0
1,1,2026-08-14,Friday,59.0,59.0,13,0.0,0.0
1,1,2026-08-15,Saturday,0.0,0.0,13,0.0,
1,1,2026-08-16,Sunday,0.0,0.0,12,0.0,
1,1,2026-08-18,Tuesday,59.0,59.0,12,0.0,0.0
1,1,2026-08-19,Wednesday,59.0,59.0,13,0.0,0.0
1,1,2026-08-20,Thursday,59.0,59.0,13,0.0,0.0
1,1,2026-08-21,Friday,59.0,59.0,13,0.0,0.0
1,1,2026-08-22,Saturday,0.0,0.0,13,0.0,
1,1,2026-08-23,Sunday,0.0,0.0,12,0.0,
1,1,2026-08-25,Tuesday,59.0,59.0,12,0.0,0.0
1,1,2026-08-26,Wednesday,59.0,59.0,13,0.0,0.0
1,1,2026-08-27,Thursday,59.0,59.0,13,0.0,0.0
1,1,2026-08-28,Friday,59.0,59.0,13,0.0,0.0
1,1,2026-08-29,Saturday,0.0,0.0,13,0.0,
1,1,2026-08-30,Sunday,0.0,0.0,12,0.0,
1,1,2026-09-01,Tuesday,59.0,59.0,12,0.0,0.0
1,1,2026-09-02,Wednesday,59.0,59.0,13,0.0,0.0
1,1,2026-09-03,Thursday,59.0,59.0,13,0.0,0.0
1,1,2026-09-04,Friday,59.0,59.0,13,0.0,0.0
1,1,2026-09-05,Saturday,0.0,0.0,13,0.0,
1,1,2026-09-06,Sunday,0.0,0.0,12,0.0,
1,1,2026-09-08,Tuesday,59.0,59.0,12,0.0,0.0
1,1,2026-09-09,Wednesday,59.0,59.0,13,0.0,0.0
1,1,2026-09-10,Thursday,59.0,59.0,13,0.0,0.0
1,1,2026-09-11,Friday,59.0,59.0,13,0.0,0.0
1,1,2026-09-12,Saturday,0.0,0.0,13,0.0,
1,1,2026-09-13,Sunday,0.0,0.0,12,0.0,
1,1,2026-09-15,Tuesday,59.0,59.0,12,0.0,0.0
1,1,2026-09-16,Wednesday,59.0,59.0,13,0.0,0.0
1,1,2026-09-17,Thursday,59.0,59.0,13,0.0,0.0
1,1,2026-09-18,Friday,59.0,59.0,13,0.0,0.0
1,1,2026-09-19,Saturday,0.0,0.0,13,0.0,
1,1,2026-09-20,Sunday,0.0,0.0,12,0.0,
1,1,2026-09-22,Tuesday,59.0,59.0,12,0.0,0.0
1,1,2026-09-23,Wednesday,59.0,59.0,13,0.0,0.0
1,1,2026-09-24,Thursday,59.0,59.0,13,0.0,0.0
1,1,2026-09-25,Friday,59.0,59.0,13,0.0,0.0
1,1,2026-09-26,Saturday,0.0,0.0,13,0.0,
1,1,2026-09-27,Sunday,0.0,0.0,12,0.0,
1,1,2026-09-29,Tuesday,59.0,59.0,12,0.0,0.0
1,1,2026-09-30,Wednesday,59.0,59.0,13,0.0,0.0
1,1,2026-10-01,Thursday,59.0,59.0,13,0.0,0.0
1,1,2026-10-02,Friday,59.0,59.0,13,0.0,0.0
1,1,2026-10-03,Saturday,0.0,0.0,13,0.0,
1,1,2026-10-04,Sunday,0.0,0.0,12,0.0,
1,1,2026-10-06,Tuesday,59.0,59.0,12,0.0,0.0
1,1,2026-10-07,Wednesday,59.0,59.0,13,0.0,0.0
1,1,2026-10-08,Thursday,59.0,59.0,13,0.0,0.0
1,1,2026-10-09,Friday,59.0,59.0,13,0.0,0.0
1,1,2026-10-10,Saturday,0.0,0.0,13,0.0,
1,1,2026-10-11,Sunday,0.0,0.0,12,0.0,
1,1,2026-10-13,Tuesday,59.0,59.0,12,0.0,0.0
1,1,2026-10-14,Wednesday,59.0,59.0,13,0.0,0.0
1,1,2026-10-15,Thursday,59.0,59.0,13,0.0,0.0
1,1,2026-10-16,Friday,59.0,59.0,13,0.0,0.0
1,1,2026-10-17,Saturday,0.0,0.0,13,0.0,
1,1,2026-10-18,Sunday,0.0,0.0,12,0.0,
1,1,2026-10-20,Tuesday,59.0,59.0,12,0.0,0.0
1,1,2026-10-21,Wednesday,59.0,59.0,13,0.0,0.0
1,1,2026-10-22,Thursday,59.0,59.0,13,0.0,0.0
1,1,2026-10-23,Friday,59.0,59.0,13,0.0,0.0
1,1,2026-10-24,Saturday,0.0,0.0,13,0.0,
1,1,2026-10-25,Sunday,0.0,0.0,12,0.0,
1,1,2026-10-27,Tuesday,59.0,59.0,12,0.0,0.0
1,1,2026-10-28,Wednesday,59.0,59.0,13,0.0,0.0
1,1,2026-10-29,Thursday,59.0,59.0,13,0.0,0.0
1,1,2026-10-30,Friday,59.0,59.0,13,0.0,0.0
1,1,2026-10-31,Saturday,0.0,0.0,13,0.0,
10,10,2026-08-05,Wednesday,36.0,36.0,13,0.0,0.0
10,10,2026-08-06,Thursday,36.0,36.0,13,0.0,0.0
10,10,2026-08-07,Friday,36.0,36.0,13,0.0,0.0
10,10,2026-08-08,Saturday,36.0,36.0,13,0.0,0.0
10,10,2026-08-09,Sunday,36.0,36.0,12,0.0,0.0
10,10,2026-08-10,Monday,36.0,36.0,12,0.0,0.0
10,10,2026-08-11,Tuesday,36.0,36.0,12,0.0,0.0
10,10,2026-08-12,Wednesday,36.0,36.0,13,0.0,0.0
10,10,2026-08-13,Thursday,36.0,36.0,13,0.0,0.0
10,10,2026-08-14,Friday,36.0,36.0,13,0.0,0.0
10,10,2026-08-15,Saturday,36.0,36.0,13,0.0,0.0
10,10,2026-08-16,Sunday,36.0,36.0,12,0.0,0.0
10,10,2026-08-17,Monday,36.0,36.0,12,0.0,0.0
10,10,2026-08-18,Tuesday,36.0,36.0,12,0.0,0.0
10,10,2026-08-19,Wednesday,36.0,36.0,13,0.0,0.0
10,10,2026-08-20,Thursday,36.0,36.0,13,0.0,0.0
10,10,2026-08-21,Friday,36.0,36.0,13,0.0,0.0
10,10,2026-08-22,Saturday,36.0,36.0,13,0.0,0.0
10,10,2026-08-23,Sunday,36.0,36.0,12,0.0,0.0
10,10,2026-08-24,Monday,36.0,36.0,12,0.0,0.0
10,10,2026-08-25,Tuesday,36.0,36.0,12,0.0,0.0
10,10,2026-08-26,Wednesday,36.0,36.0,13,0.0,0.0
10,10,2026-08-27,Thursday,36.0,36.0,13,0.0,0.0
10,10,2026-08-28,Friday,36.0,36.0,13,0.0,0.0
10,10,2026-08-29,Saturday,36.0,36.0,13,0.0,0.0
10,10,2026-08-30,Sunday,36.0,36.0,12,0.0,0.0
10,10,2026-08-31,Monday,36.0,36.0,12,0.0,0.0
10,10,2026-09-01,Tuesday,36.0,36.0,12,0.0,0.0
10,10,2026-09-02,Wednesday,36.0,36.0,13,0.0,0.0
10,10,2026-09-03,Thursday,36.0,36.0,13,0.0,0.0
10,10,2026-09-04,Friday,36.0,36.0,13,0.0,0.0
10,10,2026-09-05,Saturday,36.0,36.0,13,0.0,0.0
10,10,2026-09-06,Sunday,36.0,36.0,12,0.0,0.0
10,10,2026-09-07,Monday,36.0,36.0,12,0.0,0.0
10,10,2026-09-08,Tuesday,36.0,36.0,12,0.0,0.0
10,10,2026-09-09,Wednesday,36.0,36.0,13,0.0,0.0
10,10,2026-09-10,Thursday,36.0,36.0,13,0.0,0.0
10,10,2026-09-11,Friday,36.0,36.0,13,0.0,0.0
10,10,2026-09-12,Saturday,36.0,36.0,13,0.0,0.0
10,10,2026-09-13,Sunday,36.0,36.0,12,0.0,0.0
10,10,2026-09-14,Monday,36.0,36.0,12,0.0,0.0
10,10,2026-09-15,Tuesday,36.0,36.0,12,0.0,0.0
10,10,2026-09-16,Wednesday,36.0,36.0,13,0.0,0.0
10,10,2026-09-17,Thursday,36.0,36.0,13,0.0,0.0
10,10,2026-09-18,Friday,36.0,36.0,13,0.0,0.0
10,10,2026-09-19,Saturday,36.0,36.0,13,0.0,0.0
10,10,2026-09-20,Sunday,36.0,36.0,12,0.0,0.0
10,10,2026-09-21,Monday,36.0,36.0,12,0.0,0.0
10,10,2026-09-22,Tuesday,36.0,36.0,12,0.0,0.0
10,10,2026-09-23,Wednesday,36.0,36.0,13,0.0,0.0
10,10,2026-09-24,Thursday,36.0,36.0,13,0.0,0.0
10,10,2026-09-25,Friday,36.0,36.0,13,0.0,0.0
10,10,2026-09-26,Saturday,36.0,36.0,13,0.0,0.0
10,10,2026-09-27,Sunday,36.0,36.0,12,0.0,0.0
10,10,2026-09-28,Monday,36.0,36.0,12,0.0,0.0
10,10,2026-09-29,Tuesday,36.0,36.0,12,0.0,0.0
10,10,2026-09-30,Wednesday,36.0,36.0,13,0.0,0.0
10,10,2026-10-01,Thursday,36.0,36.0,13,0.0,0.0
10,10,2026-10-02,Friday,36.0,36.0,13,0.0,0.0
10,10,2026-10-03,Saturday,36.0,36.0,13,0.0,0.0
10,10,2026-10-04,Sunday,36.0,36.0,12,0.0,0.0
10,10,2026-10-05,Monday,36.0,36.0,12,0.0,0.0
10,10,2026-10-06,Tuesday,36.0,36.0,12,0.0,0.0
10,10,2026-10-07,Wednesday,36.0,36.0,13,0.0,0.0
10,10,2026-10-08,Thursday,36.0,36.0,13,0.0,0.0
10,10,2026-10-09,Friday,36.0,36.0,13,0.0,0.0
10,10,2026-10-10,Saturday,36.0,36.0,13,0.0,0.0
10,10,2026-10-11,Sunday,36.0,36.0,12,0.0,0.0
10,10,2026-10-12,Monday,36.0,36.0,12,0.0,0.0
10,10,2026-10-13,Tuesday,36.0,36.0,12,0.0,0.0
10,10,2026-10-14,Wednesday,36.0,36.0,13,0.0,0.0
10,10,2026-10-15,Thursday,36.0,36.0,13,0.0,0.0
10,10,2026-10-16,Friday,36.0,36.0,13,0.0,0.0
10,10,2026-10-17,Saturday,36.0,36.0,13,0.0,0.0
10,10,2026-10-18,Sunday,36.0,36.0,12,0.0,0.0
10,10,2026-10-19,Monday,36.0,36.0,12,0.0,0.0
10,10,2026-10-20,Tuesday,36.0,36.0,12,0.0,0.0
10,10,2026-10-21,Wednesday,36.0,36.0,13,0.0,0.0
10,10,2026-10-22,Thursday,36.0,36.0,13,0.0,0.0
10,10,2026-10-23,Friday,36.0,36.0,13,0.0,0.0
10,10,2026-10-24,Saturday,36.0,36.0,13,0.0,0.0
10,10,2026-10-25,Sunday,36.0,36.0,12,0.0,0.0
10,10,2026-10-26,Monday,36.0,36.0,12,0.0,0.0
10,10,2026-10-27,Tuesday,36.0,36.0,12,0.0,0.0
10,10,2026-10-28,Wednesday,36.0,36.0,13,0.0,0.0
10,10,2026-10-29,Thursday,36.0,36.0,13,0.0,0.0
10,10,2026-10-30,Friday,36.0,36.0,13,0.0,0.0
10,10,2026-10-31,Saturday,36.0,36.0,13,0.0,0.0
100,100,2026-08-08,Saturday,0.0,0.0,13,0.0,
100,100,2026-08-09,Sunday,0.0,0.0,12,0.0,
100,100,2026-08-15,Saturday,0.0,0.0,13,0.0,
100,100,2026-08-16,Sunday,0.0,0.0,12,0.0,
100,100,2026-08-22,Saturday,0.0,0.0,13,0.0,
100,100,2026-08-23,Sunday,0.0,0.0,12,0.0,
100,100,2026-08-29,Saturday,0.0,0.0,13,0.0,
100,100,2026-08-30,Sunday,0.0,0.0,12,0.0,
100,100,2026-09-05,Saturday,0.0,0.0,13,0.0,
100,100,2026-09-06,Sunday,0.0,0.0,12,0.0,
100,100,2026-09-12,Saturday,0.0,0.0,13,0.0,
100,100,2026-09-13,Sunday,0.0,0.0,12,0.0,
100,100,2026-09-19,Saturday,0.0,0.0,13,0.0,
100,100,2026-09-20,Sunday,0.0,0.0,12,0.0,
100,100,2026-09-26,Saturday,0.0,0.0,13,0.0,
100,100,2026-09-27,Sunday,0.0,0.0,12,0.0,
100,100,2026-10-03,Saturday,0.0,0.0,13,0.0,
100,100,2026-10-04,Sunday,0.0,0.0,12,0.0,
100,100,2026-10-10,Saturday,0.0,0.0,13,0.0,
100,100,2026-10-11,Sunday,0.0,0.0,12,0.0,
100,100,2026-10-17,Saturday,0.0,0.0,13,0.0,
100,100,2026-10-18,Sunday,0.0,0.0,12,0.0,
100,100,2026-10-24,Saturday,0.0,0.0,13,0.0,
100,100,2026-10-25,Sunday,0.0,0.0,12,0.0,
100,100,2026-10-31,Saturday,0.0,0.0,13,0.0,
103,103,2026-08-08,Saturday,107.0,107.0,13,0.0,0.0
103,103,2026-08-09,Sunday,105.0,105.0,12,0.0,0.0
103,103,2026-08-15,Saturday,107.0,107.0,13,0.0,0.0
103,103,2026-08-16,Sunday,105.0,105.0,12,0.0,0.0
103,103,2026-08-22,Saturday,107.0,107.0,13,0.0,0.0
103,103,2026-08-23,Sunday,105.0,105.0,12,0.0,0.0
103,103,2026-08-29,Saturday,107.0,107.0,13,0.0,0.0
103,103,2026-08-30,Sunday,105.0,105.0,12,0.0,0.0
103,103,2026-09-05,Saturday,107.0,107.0,13,0.0,0.0
103,103,2026-09-06,Sunday,105.0,105.0,12,0.0,0.0
103,103,2026-09-12,Saturday,107.0,107.0,13,0.0,0.0
103,103,2026-09-13,Sunday,105.0,105.0,12,0.0,0.0
103,103,2026-09-19,Saturday,107.0,107.0,13,0.0,0.0
103,103,2026-09-20,Sunday,105.0,105.0,12,0.0,0.0
103,103,2026-09-26,Saturday,107.0,107.0,13,0.0,0.0
103,103,2026-09-27,Sunday,105.0,105.0,12,0.0,0.0
103,103,2026-10-03,Saturday,107.0,107.0,13,0.0,0.0
103,103,2026-10-04,Sunday,105.0,105.0,12,0.0,0.0
103,103,2026-10-10,Saturday,107.0,107.0,13,0.0,0.0
103,103,2026-10-11,Sunday,105.0,105.0,12,0.0,0.0
103,103,2026-10-17,Saturday,107.0,107.0,13,0.0,0.0
103,103,2026-10-18,Sunday,105.0,105.0,12,0.0,0.0
103,103,2026-10-24,Saturday,107.0,107.0,13,0.0,0.0
103,103,2026-10-25,Sunday,105.0,105.0,12,0.0,0.0
103,103,2026-10-31,Saturday,107.0,107.0,13,0.0,0.0
106,106,2026-08-08,Saturday,78.0,78.0,13,0.0,0.0
106,106,2026-08-09,Sunday,82.0,82.0,12,0.0,0.0
106,106,2026-08-15,Saturday,78.0,78.0,13,0.0,0.0
106,106,2026-08-16,Sunday,82.0,82.0,12,0.0,0.0
106,106,2026-08-22,Saturday,78.0,78.0,13,0.0,0.0
106,106,2026-08-23,Sunday,82.0,82.0,12,0.0,0.0
106,106,2026-08-29,Saturday,78.0,78.0,13,0.0,0.0
106,106,2026-08-30,Sunday,82.0,82.0,12,0.0,0.0
106,106,2026-09-05,Saturday,78.0,78.0,13,0.0,0.0
106,106,2026-09-06,Sunday,82.0,82.0,12,0.0,0.0
106,106,2026-09-12,Saturday,78.0,78.0,13,0.0,0.0
106,106,2026-09-13,Sunday,82.0,82.0,12,0.0,0.0
106,106,2026-09-19,Saturday,78.0,78.0,13,0.0,0.0
106,106,2026-09-20,Sunday,82.0,82.0,12,0.0,0.0
106,106,2026-09-26,Saturday,78.0,78.0,13,0.0,0.0
106,106,2026-09-27,Sunday,82.0,82.0,12,0.0,0.0
106,106,2026-10-03,Saturday,78.0,78.0,13,0.0,0.0
106,106,2026-10-04,Sunday,82.0,82.0,12,0.0,0.0
106,106,2026-10-10,Saturday,78.0,78.0,13,0.0,0.0
106,106,2026-10-11,Sunday,82.0,82.0,12,0.0,0.0
106,106,2026-10-17,Saturday,78.0,78.0,13,0.0,0.0
106,106,2026-10-18,Sunday,82.0,82.0,12,0.0,0.0
106,106,2026-10-24,Saturday,78.0,78.0,13,0.0,0.0
11,11,2026-09-30,Wednesday,84.0,84.0,13,0.0,0.0
11,11,2026-10-01,Thursday,84.0,84.0,13,0.0,0.0
11,11,2026-10-02,Friday,84.0,84.0,13,0.0,0.0
11,11,2026-10-03,Saturday,68.0,68.0,13,0.0,0.0
11,11,2026-10-04,Sunday,50.0,50.0,12,0.0,0.0
11,11,2026-10-06,Tuesday,84.0,84.0,12,0.0,0.0
11,11,2026-10-07,Wednesday,84.0,84.0,13,0.0,0.0
11,11,2026-10-08,Thursday,84.0,84.0,13,0.0,0.0
11,11,2026-10-09,Friday,84.0,84.0,13,0.0,0.0
11,11,2026-10-10,Saturday,68.0,68.0,13,0.0,0.0
11,11,2026-10-11,Sunday,50.0,50.0,12,0.0,0.0
11,11,2026-10-13,Tuesday,84.0,84.0,12,0.0,0.0
11,11,2026-10-14,Wednesday,84.0,84.0,13,0.0,0.0
11,11,2026-10-15,Thursday,84.0,84.0,13,0.0,0.0
11,11,2026-10-16,Friday,84.0,84.0,13,0.0,0.0
11,11,2026-10-17,Saturday,68.0,68.0,13,0.0,0.0
11,11,2026-10-18,Sunday,50.0,50.0,12,0.0,0.0
11,11,2026-10-20,Tuesday,84.0,84.0,12,0.0,0.0
11,11,2026-10-21,Wednesday,84.0,84.0,13,0.0,0.0
11,11,2026-10-22,Thursday,84.0,84.0,13,0.0,0.0
11,11,2026-10-23,Friday,84.0,84.0,13,0.0,0.0
11,11,2026-10-24,Saturday,68.0,68.0,13,0.0,0.0
11,11,2026-10-25,Sunday,50.0,50.0,12,0.0,0.0
11,11,2026-10-27,Tuesday,84.0,84.0,12,0.0,0.0
11,11,2026-10-28,Wednesday,84.0,84.0,13,0.0,0.0
11,11,2026-10-29,Thursday,84.0,84.0,13,0.0,0.0
11,11,2026-10-30,Friday,84.0,84.0,13,0.0,0.0
11,11,2026-10-31,Saturday,68.0,68.0,13,0.0,0.0
111,111,2026-08-05,Wednesday,140.0,140.0,13,0.0,0.0
111,111,2026-08-06,Thursday,140.0,140.0,13,0.0,0.0
111,111,2026-08-07,Friday,140.0,140.0,13,0.0,0.0
111,111,2026-08-08,Saturday,120.0,120.0,13,0.0,0.0
111,111,2026-08-09,Sunday,104.0,104.0,12,0.0,0.0
111,111,2026-08-11,Tuesday,140.0,140.0,12,0.0,0.0
111,111,2026-08-12,Wednesday,140.0,140.0,13,0.0,0.0
111,111,2026-08-13,Thursday,140.0,140.0,13,0.0,0.0
111,111,2026-08-14,Friday,140.0,140.0,13,0.0,0.0
111,111,2026-08-15,Saturday,120.0,120.0,13,0.0,0.0
111,111,2026-08-16,Sunday,104.0,104.0,12,0.0,0.0
111,111,2026-08-18,Tuesday,140.0,140.0,12,0.0,0.0
111,111,2026-08-19,Wednesday,140.0,140.0,13,0.0,0.0
111,111,2026-08-20,Thursday,140.0,140.0,13,0.0,0.0
111,111,2026-08-21,Friday,140.0,140.0,13,0.0,0.0
111,111,2026-08-22,Saturday,120.0,120.0,13,0.0,0.0
111,111,2026-08-23,Sunday,104.0,104.0,12,0.0,0.0
111,111,2026-08-25,Tuesday,140.0,140.0,12,0.0,0.0
111,111,2026-08-26,Wednesday,140.0,140.0,13,0.0,0.0
111,111,2026-08-27,Thursday,140.0,140.0,13,0.0,0.0
111,111,2026-08-28,Friday,140.0,140.0,13,0.0,0.0
111,111,2026-08-29,Saturday,120.0,120.0,13,0.0,0.0
111,111,2026-08-30,Sunday,104.0,104.0,12,0.0,0.0
111,111,2026-09-01,Tuesday,140.0,140.0,12,0.0,0.0
111,111,2026-09-02,Wednesday,140.0,140.0,13,0.0,0.0
111,111,2026-09-03,Thursday,140.0,140.0,13,0.0,0.0
111,111,2026-09-04,Friday,140.0,140.0,13,0.0,0.0
111,111,2026-09-05,Saturday,120.0,120.0,13,0.0,0.0
111,111,2026-09-06,Sunday,104.0,104.0,12,0.0,0.0
111,111,2026-09-08,Tuesday,140.0,140.0,12,0.0,0.0
111,111,2026-09-09,Wednesday,140.0,140.0,13,0.0,0.0
111,111,2026-09-10,Thursday,140.0,140.0,13,0.0,0.0
111,111,2026-09-11,Friday,140.0,140.0,13,0.0,0.0
111,111,2026-09-12,Saturday,120.0,120.0,13,0.0,0.0
111,111,2026-09-13,Sunday,104.0,104.0,12,0.0,0.0
111,111,2026-09-15,Tuesday,140.0,140.0,12,0.0,0.0
111,111,2026-09-16,Wednesday,140.0,140.0,13,0.0,0.0
111,111,2026-09-17,Thursday,140.0,140.0,13,0.0,0.0
111,111,2026-09-18,Friday,140.0,140.0,13,0.0,0.0
111,111,2026-09-19,Saturday,120.0,120.0,13,0.0,0.0
111,111,2026-09-20,Sunday,104.0,104.0,12,0.0,0.0
111,111,2026-09-22,Tuesday,140.0,140.0,12,0.0,0.0
111,111,2026-09-23,Wednesday,140.0,140.0,13,0.0,0.0
111,111,2026-09-24,Thursday,140.0,140.0,13,0.0,0.0
111,111,2026-09-25,Friday,140.0,140.0,13,0.0,0.0
111,111,2026-09-26,Saturday,120.0,120.0,13,0.0,0.0
111,111,2026-09-27,Sunday,104.0,104.0,12,0.0,0.0
111,111,2026-09-29,Tuesday,140.0,140.0,12,0.0,0.0
111,111,2026-09-30,Wednesday,140.0,140.0,13,0.0,0.0
111,111,2026-10-01,Thursday,140.0,140.0,13,0.0,0.0
111,111,2026-10-02,Friday,140.0,140.0,13,0.0,0.0
111,111,2026-10-03,Saturday,120.0,120.0,13,0.0,0.0
111,111,2026-10-04,Sunday,104.0,104.0,12,0.0,0.0
111,111,2026-10-06,Tuesday,140.0,140.0,12,0.0,0.0
111,111,2026-10-07,Wednesday,140.0,140.0,13,0.0,0.0
111,111,2026-10-08,Thursday,140.0,140.0,13,0.0,0.0
111,111,2026-10-09,Friday,140.0,140.0,13,0.0,0.0
111,111,2026-10-10,Saturday,120.0,120.0,13,0.0,0.0
111,111,2026-10-11,Sunday,104.0,104.0,12,0.0,0.0
111,111,2026-10-13,Tuesday,140.0,140.0,12,0.0,0.0
111,111,2026-10-14,Wednesday,140.0,140.0,13,0.0,0.0
111,111,2026-10-15,Thursday,140.0,140.0,13,0.0,0.0
111,111,2026-10-16,Friday,140.0,140.0,13,0.0,0.0
111,111,2026-10-17,Saturday,120.0,120.0,13,0.0,0.0
111,111,2026-10-18,Sunday,104.0,104.0,12,0.0,0.0
111,111,2026-10-20,Tuesday,140.0,140.0,12,0.0,0.0
111,111,2026-10-21,Wednesday,140.0,140.0,13,0.0,0.0
111,111,2026-10-22,Thursday,140.0,140.0,13,0.0,0.0
111,111,2026-10-23,Friday,140.0,140.0,13,0.0,0.0
111,111,2026-10-24,Saturday,120.0,120.0,13,0.0,0.0
111,111,2026-10-25,Sunday,104.0,104.0,12,0.0,0.0
111,111,2026-10-27,Tuesday,140.0,140.0,12,0.0,0.0
111,111,2026-10-28,Wednesday,140.0,140.0,13,0.0,0.0
111,111,2026-10-29,Thursday,140.0,140.0,13,0.0,0.0
111,111,2026-10-30,Friday,140.0,140.0,13,0.0,0.0
111,111,2026-10-31,Saturday,120.0,120.0,13,0.0,0.0
111A,111A,2026-08-05,Wednesday,82.0,82.0,13,0.0,0.0
111A,111A,2026-08-06,Thursday,82.0,82.0,13,0.0,0.0
111A,111A,2026-08-07,Friday,82.0,82.0,13,0.0,0.0
111A,111A,2026-08-08,Saturday,82.0,82.0,13,0.0,0.0
111A,111A,2026-08-09,Sunday,82.0,82.0,12,0.0,0.0
111A,111A,2026-08-10,Monday,82.0,82.0,12,0.0,0.0
111A,111A,2026-08-11,Tuesday,82.0,82.0,12,0.0,0.0
111A,111A,2026-08-12,Wednesday,82.0,82.0,13,0.0,0.0
111A,111A,2026-08-13,Thursday,82.0,82.0,13,0.0,0.0
111A,111A,2026-08-14,Friday,82.0,82.0,13,0.0,0.0
111A,111A,2026-08-15,Saturday,82.0,82.0,13,0.0,0.0
111A,111A,2026-08-16,Sunday,82.0,82.0,12,0.0,0.0
111A,111A,2026-08-17,Monday,82.0,82.0,12,0.0,0.0
111A,111A,2026-08-18,Tuesday,82.0,82.0,12,0.0,0.0
111A,111A,2026-08-19,Wednesday,82.0,82.0,13,0.0,0.0
111A,111A,2026-08-20,Thursday,82.0,82.0,13,0.0,0.0
111A,111A,2026-08-21,Friday,82.0,82.0,13,0.0,0.0
111A,111A,2026-08-22,Saturday,82.0,82.0,13,0.0,0.0
111A,111A,2026-08-23,Sunday,82.0,82.0,12,0.0,0.0
111A,111A,2026-08-24,Monday,82.0,82.0,12,0.0,0.0
111A,111A,2026-08-25,Tuesday,82.0,82.0,12,0.0,0.0
111A,111A,2026-08-26,Wednesday,82.0,82.0,13,0.0,0.0
111A,111A,2026-08-27,Thursday,82.0,82.0,13,0.0,0.0
111A,111A,2026-08-28,Friday,82.0,82.0,13,0.0,0.0
111A,111A,2026-08-29,Saturday,82.0,82.0,13,0.0,0.0
111A,111A,2026-08-30,Sunday,82.0,82.0,12,0.0,0.0
111A,111A,2026-08-31,Monday,82.0,82.0,12,0.0,0.0
111A,111A,2026-09-01,Tuesday,82.0,82.0,12,0.0,0.0
111A,111A,2026-09-02,Wednesday,82.0,82.0,13,0.0,0.0
111A,111A,2026-09-03,Thursday,82.0,82.0,13,0.0,0.0
111A,111A,2026-09-04,Friday,82.0,82.0,13,0.0,0.0
111A,111A,2026-09-05,Saturday,82.0,82.0,13,0.0,0.0
111A,111A,2026-09-06,Sunday,82.0,82.0,12,0.0,0.0
111A,111A,2026-09-07,Monday,82.0,82.0,12,0.0,0.0
111A,111A,2026-09-08,Tuesday,82.0,82.0,12,0.0,0.0
111A,111A,2026-09-09,Wednesday,82.0,82.0,13,0.0,0.0
111A,111A,2026-09-10,Thursday,82.0,82.0,13,0.0,0.0
111A,111A,2026-09-11,Friday,82.0,82.0,13,0.0,0.0
111A,111A,2026-09-12,Saturday,82.0,82.0,13,0.0,0.0
111A,111A,2026-09-13,Sunday,82.0,82.0,12,0.0,0.0
111A,111A,2026-09-14,Monday,82.0,82.0,12,0.0,0.0
111A,111A,2026-09-15,Tuesday,82.0,82.0,12,0.0,0.0
111A,111A,2026-09-16,Wednesday,82.0,82.0,13,0.0,0.0
111A,111A,2026-09-17,Thursday,82.0,82.0,13,0.0,0.0
111A,111A,2026-09-18,Friday,82.0,82.0,13,0.0,0.0
111A,111A,2026-09-19,Saturday,82.0,82.0,13,0.0,0.0
111A,111A,2026-09-20,Sunday,82.0,82.0,12,0.0,0.0
111A,111A,2026-09-21,Monday,82.0,82.0,12,0.0,0.0
111A,111A,2026-09-22,Tuesday,82.0,82.0,12,0.0,0.0
111A,111A,2026-09-23,Wednesday,82.0,82.0,13,0.0,0.0
111A,111A,2026-09-24,Thursday,82.0,82.0,13,0.0,0.0
111A,111A,2026-09-25,Friday,82.0,82.0,13,0.0,0.0
111A,111A,2026-09-26,Saturday,82.0,82.0,13,0.0,0.0
111A,111A,2026-09-27,Sunday,82.0,82.0,12,0.0,0.0
111A,111A,2026-09-28,Monday,82.0,82.0,12,0.0,0.0
111A,111A,2026-09-29,Tuesday,82.0,82.0,12,0.0,0.0
111A,111A,2026-09-30,Wednesday,82.0,82.0,13,0.0,0.0
111A,111A,2026-10-01,Thursday,82.0,82.0,13,0.0,0.0
111A,111A,2026-10-02,Friday,82.0,82.0,13,0.0,0.0
111A,111A,2026-10-03,Saturday,82.0,82.0,13,0.0,0.0
111A,111A,2026-10-04,Sunday,82.0,82.0,12,0.0,0.0
111A,111A,2026-10-05,Monday,82.0,82.0,12,0.0,0.0
111A,111A,2026-10-06,Tuesday,82.0,82.0,12,0.0,0.0
111A,111A,2026-10-07,Wednesday,82.0,82.0,13,0.0,0.0
111A,111A,2026-10-08,Thursday,82.0,82.0,13,0.0,0.0
111A,111A,2026-10-09,Friday,82.0,82.0,13,0.0,0.0
111A,111A,2026-10-10,Saturday,82.0,82.0,13,0.0,0.0
111A,111A,2026-10-11,Sunday,82.0,82.0,12,0.0,0.0
111A,111A,2026-10-12,Monday,82.0,82.0,12,0.0,0.0
111A,111A,2026-10-13,Tuesday,82.0,82.0,12,0.0,0.0
111A,111A,2026-10-14,Wednesday,82.0,82.0,13,0.0,0.0
111A,111A,2026-10-15,Thursday,82.0,82.0,13,0.0,0.0
111A,111A,2026-10-16,Friday,82.0,82.0,13,0.0,0.0
111A,111A,2026-10-17,Saturday,82.0,82.0,13,0.0,0.0
111A,111A,2026-10-18,Sunday,82.0,82.0,12,0.0,0.0
111A,111A,2026-10-19,Monday,82.0,82.0,12,0.0,0.0
111A,111A,2026-10-20,Tuesday,82.0,82.0,12,0.0,0.0
111A,111A,2026-10-21,Wednesday,82.0,82.0,13,0.0,0.0
111A,111A,2026-10-22,Thursday,82.0,82.0,13,0.0,0.0
111A,111A,2026-10-23,Friday,82.0,82.0,13,0.0,0.0
111A,111A,2026-10-24,Saturday,82.0,82.0,13,0.0,0.0
111A,111A,2026-10-25,Sunday,82.0,82.0,12,0.0,0.0
111A,111A,2026-10-26,Monday,82.0,82.0,12,0.0,0.0
111A,111A,2026-10-27,Tuesday,82.0,82.0,12,0.0,0.0
111A,111A,2026-10-28,Wednesday,82.0,82.0,13,0.0,0.0
111A,111A,2026-10-29,Thursday,82.0,82.0,13,0.0,0.0
111A,111A,2026-10-30,Friday,82.0,82.0,13,0.0,0.0
111A,111A,2026-10-31,Saturday,82.0,82.0,13,0.0,0.0
112,112,2026-08-08,Saturday,90.0,90.0,13,0.0,0.0
112,112,2026-08-09,Sunday,72.0,72.0,12,0.0,0.0
121,121,2026-08-05,Wednesday,76.0,76.0,13,0.0,0.0
121,121,2026-08-06,Thursday,76.0,76.0,13,0.0,0.0
121,121,2026-08-07,Friday,76.0,76.0,13,0.0,0.0
121,121,2026-08-08,Saturday,0.0,0.0,13,0.0,
121,121,2026-08-09,Sunday,0.0,0.0,12,0.0,
121,121,2026-08-11,Tuesday,76.0,76.0,12,0.0,0.0
121,121,2026-08-12,Wednesday,76.0,76.0,13,0.0,0.0
121,121,2026-08-13,Thursday,76.0,76.0,13,0.0,0.0
121,121,2026-08-14,Friday,76.0,76.0,13,0.0,0.0
121,121,2026-08-15,Saturday,0.0,0.0,13,0.0,
121,121,2026-08-16,Sunday,0.0,0.0,12,0.0,
121,121,2026-08-18,Tuesday,76.0,76.0,12,0.0,0.0
121,121,2026-08-19,Wednesday,76.0,76.0,13,0.0,0.0
121,121,2026-08-20,Thursday,76.0,76.0,13,0.0,0.0
121,121,2026-08-21,Friday,76.0,76.0,13,0.0,0.0
121,121,2026-08-22,Saturday,0.0,0.0,13,0.0,
121,121,2026-08-23,Sunday,0.0,0.0,12,0.0,
121,121,2026-08-25,Tuesday,76.0,76.0,12,0.0,0.0
121,121,2026-08-26,Wednesday,76.0,76.0,13,0.0,0.0
121,121,2026-08-27,Thursday,76.0,76.0,13,0.0,0.0
121,121,2026-08-28,Friday,76.0,76.0,13,0.0,0.0
121,121,2026-08-29,Saturday,0.0,0.0,13,0.0,
121,121,2026-08-30,Sunday,0.0,0.0,12,0.0,
121,121,2026-09-01,Tuesday,76.0,76.0,12,0.0,0.0
121,121,2026-09-02,Wednesday,76.0,76.0,13,0.0,0.0
121,121,2026-09-03,Thursday,76.0,76.0,13,0.0,0.0
121,121,2026-09-04,Friday,76.0,76.0,13,0.0,0.0
121,121,2026-09-05,Saturday,0.0,0.0,13,0.0,
121,121,2026-09-06,Sunday,0.0,0.0,12,0.0,
121,121,2026-09-08,Tuesday,76.0,76.0,12,0.0,0.0
121,121,2026-09-09,Wednesday,76.0,76.0,13,0.0,0.0
121,121,2026-09-10,Thursday,76.0,76.0,13,0.0,0.0
121,121,2026-09-11,Friday,76.0,76.0,13,0.0,0.0
121,121,2026-09-12,Saturday,0.0,0.0,13,0.0,
121,121,2026-09-13,Sunday,0.0,0.0,12,0.0,
121,121,2026-09-15,Tuesday,76.0,76.0,12,0.0,0.0
121,121,2026-09-16,Wednesday,76.0,76.0,13,0.0,0.0
121,121,2026-09-17,Thursday,76.0,76.0,13,0.0,0.0
121,121,2026-09-18,Friday,76.0,76.0,13,0.0,0.0
121,121,2026-09-19,Saturday,0.0,0.0,13,0.0,
121,121,2026-09-20,Sunday,0.0,0.0,12,0.0,
121,121,2026-09-22,Tuesday,76.0,76.0,12,0.0,0.0
121,121,2026-09-23,Wednesday,76.0,76.0,13,0.0,0.0
121,121,2026-09-24,Thursday,76.0,76.0,13,0.0,0.0
121,121,2026-09-25,Friday,76.0,76.0,13,0.0,0.0
121,121,2026-09-26,Saturday,0.0,0.0,13,0.0,
121,121,2026-09-27,Sunday,0.0,0.0,12,0.0,
121,121,2026-09-29,Tuesday,76.0,76.0,12,0.0,0.0
121,121,2026-09-30,Wednesday,76.0,76.0,13,0.0,0.0
121,121,2026-10-01,Thursday,76.0,76.0,13,0.0,0.0
121,121,2026-10-02,Friday,76.0,76.0,13,0.0,0.0
121,121,2026-10-03,Saturday,0.0,0.0,13,0.0,
121,121,2026-10-04,Sunday,0.0,0.0,12,0.0,
121,121,2026-10-06,Tuesday,76.0,76.0,12,0.0,0.0
121,121,2026-10-07,Wednesday,76.0,76.0,13,0.0,0.0
121,121,2026-10-08,Thursday,76.0,76.0,13,0.0,0.0
121,121,2026-10-09,Friday,76.0,76.0,13,0.0,0.0
121,121,2026-10-10,Saturday,0.0,0.0,13,0.0,
121,121,2026-10-11,Sunday,0.0,0.0,12,0.0,
121,121,2026-10-13,Tuesday,76.0,76.0,12,0.0,0.0
121,121,2026-10-14,Wednesday,76.0,76.0,13,0.0,0.0
121,121,2026-10-15,Thursday,76.0,76.0,13,0.0,0.0
121,121,2026-10-16,Friday,76.0,76.0,13,0.0,0.0
121,121,2026-10-17,Saturday,0.0,0.0,13,0.0,
121,121,2026-10-18,Sunday,0.0,0.0,12,0.0,
121,121,2026-10-20,Tuesday,76.0,76.0,12,0.0,0.0
121,121,2026-10-21,Wednesday,76.0,76.0,13,0.0,0.0
121,121,2026-10-22,Thursday,76.0,76.0,13,0.0,0.0
121,121,2026-10-23,Friday,76.0,76.0,13,0.0,0.0
121,121,2026-10-24,Saturday,0.0,0.0,13,0.0,
121,121,2026-10-25,Sunday,0.0,0.0,12,0.0,
121,121,2026-10-27,Tuesday,76.0,76.0,12,0.0,0.0
121,121,2026-10-28,Wednesday,76.0,76.0,13,0.0,0.0
121,121,2026-10-29,Thursday,76.0,76.0,13,0.0,0.0
121,121,2026-10-30,Friday,76.0,76.0,13,0.0,0.0
121,121,2026-10-31,Saturday,0.0,0.0,13,0.0,
125,125,2026-08-05,Wednesday,51.0,51.0,13,0.0,0.0
125,125,2026-08-06,Thursday,51.0,51.0,13,0.0,0.0
125,125,2026-08-07,Friday,51.0,51.0,13,0.0,0.0
125,125,2026-08-08,Saturday,0.0,0.0,13,0.0,
125,125,2026-08-09,Sunday,0.0,0.0,12,0.0,
125,125,2026-08-11,Tuesday,51.0,51.0,12,0.0,0.0
125,125,2026-08-12,Wednesday,51.0,51.0,13,0.0,0.0
125,125,2026-08-13,Thursday,51.0,51.0,13,0.0,0.0
125,125,2026-08-14,Friday,51.0,51.0,13,0.0,0.0
125,125,2026-08-15,Saturday,0.0,0.0,13,0.0,
125,125,2026-08-16,Sunday,0.0,0.0,12,0.0,
125,125,2026-08-18,Tuesday,51.0,51.0,12,0.0,0.0
125,125,2026-08-19,Wednesday,51.0,51.0,13,0.0,0.0
125,125,2026-08-20,Thursday,51.0,51.0,13,0.0,0.0
125,125,2026-08-21,Friday,51.0,51.0,13,0.0,0.0
125,125,2026-08-22,Saturday,0.0,0.0,13,0.0,
125,125,2026-08-23,Sunday,0.0,0.0,12,0.0,
125,125,2026-08-25,Tuesday,51.0,51.0,12,0.0,0.0
125,125,2026-08-26,Wednesday,51.0,51.0,13,0.0,0.0
125,125,2026-08-27,Thursday,51.0,51.0,13,0.0,0.0
125,125,2026-08-28,Friday,51.0,51.0,13,0.0,0.0
125,125,2026-08-29,Saturday,0.0,0.0,13,0.0,
125,125,2026-08-30,Sunday,0.0,0.0,12,0.0,
125,125,2026-09-01,Tuesday,51.0,51.0,12,0.0,0.0
125,125,2026-09-02,Wednesday,51.0,51.0,13,0.0,0.0
125,125,2026-09-03,Thursday,51.0,51.0,13,0.0,0.0
125,125,2026-09-04,Friday,51.0,51.0,13,0.0,0.0
125,125,2026-09-05,Saturday,0.0,0.0,13,0.0,
125,125,2026-09-06,Sunday,0.0,0.0,12,0.0,
125,125,2026-09-08,Tuesday,51.0,51.0,12,0.0,0.0
125,125,2026-09-09,Wednesday,51.0,51.0,13,0.0,0.0
125,125,2026-09-10,Thursday,51.0,51.0,13,0.0,0.0
125,125,2026-09-11,Friday,51.0,51.0,13,0.0,0.0
125,125,2026-09-12,Saturday,0.0,0.0,13,0.0,
125,125,2026-09-13,Sunday,0.0,0.0,12,0.0,
125,125,2026-09-15,Tuesday,51.0,51.0,12,0.0,0.0
125,125,2026-09-16,Wednesday,51.0,51.0,13,0.0,0.0
125,125,2026-09-17,Thursday,51.0,51.0,13,0.0,0.0
125,125,2026-09-18,Friday,51.0,51.0,13,0.0,0.0
125,125,2026-09-19,Saturday,0.0,0.0,13,0.0,
125,125,2026-09-20,Sunday,0.0,0.0,12,0.0,
125,125,2026-09-22,Tuesday,51.0,51.0,12,0.0,0.0
125,125,2026-09-23,Wednesday,51.0,51.0,13,0.0,0.0
125,125,2026-09-24,Thursday,51.0,51.0,13,0.0,0.0
125,125,2026-09-25,Friday,51.0,51.0,13,0.0,0.0
125,125,2026-09-26,Saturday,0.0,0.0,13,0.0,
125,125,2026-09-27,Sunday,0.0,0.0,12,0.0,
125,125,2026-09-29,Tuesday,51.0,51.0,12,0.0,0.0
125,125,2026-09-30,Wednesday,51.0,51.0,13,0.0,0.0
125,125,2026-10-01,Thursday,51.0,51.0,13,0.0,0.0
125,125,2026-10-02,Friday,51.0,51.0,13,0.0,0.0
125,125,2026-10-03,Saturday,0.0,0.0,13,0.0,
125,125,2026-10-04,Sunday,0.0,0.0,12,0.0,
125,125,2026-10-06,Tuesday,51.0,51.0,12,0.0,0.0
125,125,2026-10-07,Wednesday,51.0,51.0,13,0.0,0.0
125,125,2026-10-08,Thursday,51.0,51.0,13,0.0,0.0
125,125,2026-10-09,Friday,51.0,51.0,13,0.0,0.0
125,125,2026-10-10,Saturday,0.0,0.0,13,0.0,
125,125,2026-10-11,Sunday,0.0,0.0,12,0.0,
125,125,2026-10-13,Tuesday,51.0,51.0,12,0.0,0.0
125,125,2026-10-14,Wednesday,51.0,51.0,13,0.0,0.0
125,125,2026-10-15,Thursday,51.0,51.0,13,0.0,0.0
125,125,2026-10-16,Friday,51.0,51.0,13,0.0,0.0
125,125,2026-10-17,Saturday,0.0,0.0,13,0.0,
125,125,2026-10-18,Sunday,0.0,0.0,12,0.0,
125,125,2026-10-20,Tuesday,51.0,51.0,12,0.0,0.0
125,125,2026-10-21,Wednesday,51.0,51.0,13,0.0,0.0
125,125,2026-10-22,Thursday,51.0,51.0,13,0.0,0.0
125,125,2026-10-23,Friday,51.0,51.0,13,0.0,0.0
125,125,2026-10-24,Saturday,0.0,0.0,13,0.0,
125,125,2026-10-25,Sunday,0.0,0.0,12,0.0,
125,125,2026-10-27,Tuesday,51.0,51.0,12,0.0,0.0
125,125,2026-10-28,Wednesday,51.0,51.0,13,0.0,0.0
125,125,2026-10-29,Thursday,51.0,51.0,13,0.0,0.0
125,125,2026-10-30,Friday,51.0,51.0,13,0.0,0.0
125,125,2026-10-31,Saturday,0.0,0.0,13,0.0,
134,134,2026-08-05,Wednesday,49.0,49.0,13,0.0,0.0
134,134,2026-08-06,Thursday,49.0,49.0,13,0.0,0.0
134,134,2026-08-07,Friday,49.0,49.0,13,0.0,0.0
134,134,2026-08-08,Saturday,0.0,0.0,13,0.0,
134,134,2026-08-09,Sunday,0.0,0.0,12,0.0,
134,134,2026-08-11,Tuesday,49.0,49.0,12,0.0,0.0
134,134,2026-08-12,Wednesday,49.0,49.0,13,0.0,0.0
134,134,2026-08-13,Thursday,49.0,49.0,13,0.0,0.0
134,134,2026-08-14,Friday,49.0,49.0,13,0.0,0.0
134,134,2026-08-15,Saturday,0.0,0.0,13,0.0,
134,134,2026-08-16,Sunday,0.0,0.0,12,0.0,
134,134,2026-08-18,Tuesday,49.0,49.0,12,0.0,0.0
134,134,2026-08-19,Wednesday,49.0,49.0,13,0.0,0.0
134,134,2026-08-20,Thursday,49.0,49.0,13,0.0,0.0
134,134,2026-08-21,Friday,49.0,49.0,13,0.0,0.0
134,134,2026-08-22,Saturday,0.0,0.0,13,0.0,
134,134,2026-08-23,Sunday,0.0,0.0,12,0.0,
134,134,2026-08-25,Tuesday,49.0,49.0,12,0.0,0.0
134,134,2026-08-26,Wednesday,49.0,49.0,13,0.0,0.0
134,134,2026-08-27,Thursday,49.0,49.0,13,0.0,0.0
134,134,2026-08-28,Friday,49.0,49.0,13,0.0,0.0
134,134,2026-08-29,Saturday,0.0,0.0,13,0.0,
134,134,2026-08-30,Sunday,0.0,0.0,12,0.0,
134,134,2026-09-01,Tuesday,49.0,49.0,12,0.0,0.0
134,134,2026-09-02,Wednesday,49.0,49.0,13,0.0,0.0
134,134,2026-09-03,Thursday,49.0,49.0,13,0.0,0.0
134,134,2026-09-04,Friday,49.0,49.0,13,0.0,0.0
134,134,2026-09-05,Saturday,0.0,0.0,13,0.0,
134,134,2026-09-06,Sunday,0.0,0.0,12,0.0,
134,134,2026-09-08,Tuesday,49.0,49.0,12,0.0,0.0
134,134,2026-09-09,Wednesday,49.0,49.0,13,0.0,0.0
134,134,2026-09-10,Thursday,49.0,49.0,13,0.0,0.0
134,134,2026-09-11,Friday,49.0,49.0,13,0.0,0.0
134,134,2026-09-12,Saturday,0.0,0.0,13,0.0,
134,134,2026-09-13,Sunday,0.0,0.0,12,0.0,
134,134,2026-09-15,Tuesday,49.0,49.0,12,0.0,0.0
134,134,2026-09-16,Wednesday,49.0,49.0,13,0.0,0.0
134,134,2026-09-17,Thursday,49.0,49.0,13,0.0,0.0
134,134,2026-09-18,Friday,49.0,49.0,13,0.0,0.0
134,134,2026-09-19,Saturday,0.0,0.0,13,0.0,
134,134,2026-09-20,Sunday,0.0,0.0,12,0.0,
134,134,2026-09-22,Tuesday,49.0,49.0,12,0.0,0.0
134,134,2026-09-23,Wednesday,49.0,49.0,13,0.0,0.0
134,134,2026-09-24,Thursday,49.0,49.0,13,0.0,0.0
134,134,2026-09-25,Friday,49.0,49.0,13,0.0,0.0
134,134,2026-09-26,Saturday,0.0,0.0,13,0.0,
134,134,2026-09-27,Sunday,0.0,0.0,12,0.0,
134,134,2026-09-29,Tuesday,49.0,49.0,12,0.0,0.0
134,134,2026-09-30,Wednesday,49.0,49.0,13,0.0,0.0
134,134,2026-10-01,Thursday,49.0,49.0,13,0.0,0.0
134,134,2026-10-02,Friday,49.0,49.0,13,0.0,0.0
134,134,2026-10-03,Saturday,0.0,0.0,13,0.0,
134,134,2026-10-04,Sunday,0.0,0.0,12,0.0,
134,134,2026-10-06,Tuesday,49.0,49.0,12,0.0,0.0
134,134,2026-10-07,Wednesday,49.0,49.0,13,0.0,0.0
134,134,2026-10-08,Thursday,49.0,49.0,13,0.0,0.0
134,134,2026-10-09,Friday,49.0,49.0,13,0.0,0.0
134,134,2026-10-10,Saturday,0.0,0.0,13,0.0,
134,134,2026-10-11,Sunday,0.0,0.0,12,0.0,
134,134,2026-10-13,Tuesday,49.0,49.0,12,0.0,0.0
134,134,2026-10-14,Wednesday,49.0,49.0,13,0.0,0.0
134,134,2026-10-15,Thursday,49.0,49.0,13,0.0,0.0
134,134,2026-10-16,Friday,49.0,49.0,13,0.0,0.0
134,134,2026-10-17,Saturday,0.0,0.0,13,0.0,
134,134,2026-10-18,Sunday,0.0,0.0,12,0.0,
134,134,2026-10-20,Tuesday,49.0,49.0,12,0.0,0.0
134,134,2026-10-21,Wednesday,49.0,49.0,13,0.0,0.0
134,134,2026-10-22,Thursday,49.0,49.0,13,0.0,0.0
134,134,2026-10-23,Friday,49.0,49.0,13,0.0,0.0
134,134,2026-10-24,Saturday,0.0,0.0,13,0.0,
134,134,2026-10-25,Sunday,0.0,0.0,12,0.0,
134,134,2026-10-27,Tuesday,49.0,49.0,12,0.0,0.0
134,134,2026-10-28,Wednesday,49.0,49.0,13,0.0,0.0
134,134,2026-10-29,Thursday,49.0,49.0,13,0.0,0.0
134,134,2026-10-30,Friday,49.0,49.0,13,0.0,0.0
134,134,2026-10-31,Saturday,0.0,0.0,13,0.0,
135,135,2026-08-05,Wednesday,50.0,50.0,13,0.0,0.0
135,135,2026-08-06,Thursday,50.0,50.0,13,0.0,0.0
135,135,2026-08-07,Friday,50.0,50.0,13,0.0,0.0
135,135,2026-08-08,Saturday,0.0,0.0,13,0.0,
135,135,2026-08-09,Sunday,0.0,0.0,12,0.0,
135,135,2026-08-11,Tuesday,50.0,50.0,12,0.0,0.0
135,135,2026-08-12,Wednesday,50.0,50.0,13,0.0,0.0
135,135,2026-08-13,Thursday,50.0,50.0,13,0.0,0.0
135,135,2026-08-14,Friday,50.0,50.0,13,0.0,0.0
135,135,2026-08-15,Saturday,0.0,0.0,13,0.0,
135,135,2026-08-16,Sunday,0.0,0.0,12,0.0,
135,135,2026-08-18,Tuesday,50.0,50.0,12,0.0,0.0
135,135,2026-08-19,Wednesday,50.0,50.0,13,0.0,0.0
135,135,2026-08-20,Thursday,50.0,50.0,13,0.0,0.0
135,135,2026-08-21,Friday,50.0,50.0,13,0.0,0.0
135,135,2026-08-22,Saturday,0.0,0.0,13,0.0,
135,135,2026-08-23,Sunday,0.0,0.0,12,0.0,
135,135,2026-08-25,Tuesday,50.0,50.0,12,0.0,0.0
135,135,2026-08-26,Wednesday,50.0,50.0,13,0.0,0.0
135,135,2026-08-27,Thursday,50.0,50.0,13,0.0,0.0
135,135,2026-08-28,Friday,50.0,50.0,13,0.0,0.0
135,135,2026-08-29,Saturday,0.0,0.0,13,0.0,
135,135,2026-08-30,Sunday,0.0,0.0,12,0.0,
135,135,2026-09-01,Tuesday,50.0,50.0,12,0.0,0.0
135,135,2026-09-02,Wednesday,50.0,50.0,13,0.0,0.0
135,135,2026-09-03,Thursday,50.0,50.0,13,0.0,0.0
135,135,2026-09-04,Friday,50.0,50.0,13,0.0,0.0
135,135,2026-09-05,Saturday,0.0,0.0,13,0.0,
135,135,2026-09-06,Sunday,0.0,0.0,12,0.0,
135,135,2026-09-08,Tuesday,50.0,50.0,12,0.0,0.0
135,135,2026-09-09,Wednesday,50.0,50.0,13,0.0,0.0
135,135,2026-09-10,Thursday,50.0,50.0,13,0.0,0.0
135,135,2026-09-11,Friday,50.0,50.0,13,0.0,0.0
135,135,2026-09-12,Saturday,0.0,0.0,13,0.0,
135,135,2026-09-13,Sunday,0.0,0.0,12,0.0,
135,135,2026-09-15,Tuesday,50.0,50.0,12,0.0,0.0
135,135,2026-09-16,Wednesday,50.0,50.0,13,0.0,0.0
135,135,2026-09-17,Thursday,50.0,50.0,13,0.0,0.0
135,135,2026-09-18,Friday,50.0,50.0,13,0.0,0.0
135,135,2026-09-19,Saturday,0.0,0.0,13,0.0,
135,135,2026-09-20,Sunday,0.0,0.0,12,0.0,
135,135,2026-09-22,Tuesday,50.0,50.0,12,0.0,0.0
135,135,2026-09-23,Wednesday,50.0,50.0,13,0.0,0.0
135,135,2026-09-24,Thursday,50.0,50.0,13,0.0,0.0
135,135,2026-09-25,Friday,50.0,50.0,13,0.0,0.0
135,135,2026-09-26,Saturday,0.0,0.0,13,0.0,
135,135,2026-09-27,Sunday,0.0,0.0,12,0.0,
135,135,2026-09-29,Tuesday,50.0,50.0,12,0.0,0.0
135,135,2026-09-30,Wednesday,50.0,50.0,13,0.0,0.0
135,135,2026-10-01,Thursday,50.0,50.0,13,0.0,0.0
135,135,2026-10-02,Friday,50.0,50.0,13,0.0,0.0
135,135,2026-10-03,Saturday,0.0,0.0,13,0.0,
135,135,2026-10-04,Sunday,0.0,0.0,12,0.0,
135,135,2026-10-06,Tuesday,50.0,50.0,12,0.0,0.0
135,135,2026-10-07,Wednesday,50.0,50.0,13,0.0,0.0
135,135,2026-10-08,Thursday,50.0,50.0,13,0.0,0.0
135,135,2026-10-09,Friday,50.0,50.0,13,0.0,0.0
135,135,2026-10-10,Saturday,0.0,0.0,13,0.0,
135,135,2026-10-11,Sunday,0.0,0.0,12,0.0,
135,135,2026-10-13,Tuesday,50.0,50.0,12,0.0,0.0
135,135,2026-10-14,Wednesday,50.0,50.0,13,0.0,0.0
135,135,2026-10-15,Thursday,50.0,50.0,13,0.0,0.0
135,135,2026-10-16,Friday,50.0,50.0,13,0.0,0.0
135,135,2026-10-17,Saturday,0.0,0.0,13,0.0,
135,135,2026-10-18,Sunday,0.0,0.0,12,0.0,
135,135,2026-10-20,Tuesday,50.0,50.0,12,0.0,0.0
135,135,2026-10-21,Wednesday,50.0,50.0,13,0.0,0.0
135,135,2026-10-22,Thursday,50.0,50.0,13,0.0,0.0
135,135,2026-10-23,Friday,50.0,50.0,13,0.0,0.0
135,135,2026-10-24,Saturday,0.0,0.0,13,0.0,
135,135,2026-10-25,Sunday,0.0,0.0,12,0.0,
135,135,2026-10-27,Tuesday,50.0,50.0,12,0.0,0.0
135,135,2026-10-28,Wednesday,50.0,50.0,13,0.0,0.0
135,135,2026-10-29,Thursday,50.0,50.0,13,0.0,0.0
135,135,2026-10-30,Friday,50.0,50.0,13,0.0,0.0
135,135,2026-10-31,Saturday,0.0,0.0,13,0.0,
136,136,2026-08-05,Wednesday,36.0,36.0,13,0.0,0.0
136,136,2026-08-06,Thursday,36.0,36.0,13,0.0,0.0
136,136,2026-08-07,Friday,36.0,36.0,13,0.0,0.0
136,136,2026-08-08,Saturday,0.0,0.0,13,0.0,
136,136,2026-08-09,Sunday,0.0,0.0,12,0.0,
136,136,2026-08-11,Tuesday,36.0,36.0,12,0.0,0.0
136,136,2026-08-12,Wednesday,36.0,36.0,13,0.0,0.0
136,136,2026-08-13,Thursday,36.0,36.0,13,0.0,0.0
136,136,2026-08-14,Friday,36.0,36.0,13,0.0,0.0
136,136,2026-08-15,Saturday,0.0,0.0,13,0.0,
136,136,2026-08-16,Sunday,0.0,0.0,12,0.0,
136,136,2026-08-18,Tuesday,36.0,36.0,12,0.0,0.0
136,136,2026-08-19,Wednesday,36.0,36.0,13,0.0,0.0
136,136,2026-08-20,Thursday,36.0,36.0,13,0.0,0.0
136,136,2026-08-21,Friday,36.0,36.0,13,0.0,0.0
136,136,2026-08-22,Saturday,0.0,0.0,13,0.0,
136,136,2026-08-23,Sunday,0.0,0.0,12,0.0,
136,136,2026-08-25,Tuesday,36.0,36.0,12,0.0,0.0
136,136,2026-08-26,Wednesday,36.0,36.0,13,0.0,0.0
136,136,2026-08-27,Thursday,36.0,36.0,13,0.0,0.0
136,136,2026-08-28,Friday,36.0,36.0,13,0.0,0.0
136,136,2026-08-29,Saturday,0.0,0.0,13,0.0,
136,136,2026-08-30,Sunday,0.0,0.0,12,0.0,
136,136,2026-09-01,Tuesday,36.0,36.0,12,0.0,0.0
136,136,2026-09-02,Wednesday,36.0,36.0,13,0.0,0.0
136,136,2026-09-03,Thursday,36.0,36.0,13,0.0,0.0
136,136,2026-09-04,Friday,36.0,36.0,13,0.0,0.0
136,136,2026-09-05,Saturday,0.0,0.0,13,0.0,
136,136,2026-09-06,Sunday,0.0,0.0,12,0.0,
136,136,2026-09-08,Tuesday,36.0,36.0,12,0.0,0.0
136,136,2026-09-09,Wednesday,36.0,36.0,13,0.0,0.0
136,136,2026-09-10,Thursday,36.0,36.0,13,0.0,0.0
136,136,2026-09-11,Friday,36.0,36.0,13,0.0,0.0
136,136,2026-09-12,Saturday,0.0,0.0,13,0.0,
136,136,2026-09-13,Sunday,0.0,0.0,12,0.0,
136,136,2026-09-15,Tuesday,36.0,36.0,12,0.0,0.0
136,136,2026-09-16,Wednesday,36.0,36.0,13,0.0,0.0
136,136,2026-09-17,Thursday,36.0,36.0,13,0.0,0.0
136,136,2026-09-18,Friday,36.0,36.0,13,0.0,0.0
136,136,2026-09-19,Saturday,0.0,0.0,13,0.0,
136,136,2026-09-20,Sunday,0.0,0.0,12,0.0,
136,136,2026-09-22,Tuesday,36.0,36.0,12,0.0,0.0
136,136,2026-09-23,Wednesday,36.0,36.0,13,0.0,0.0
136,136,2026-09-24,Thursday,36.0,36.0,13,0.0,0.0
136,136,2026-09-25,Friday,36.0,36.0,13,0.0,0.0
136,136,2026-09-26,Saturday,0.0,0.0,13,0.0,
136,136,2026-09-27,Sunday,0.0,0.0,12,0.0,
136,136,2026-09-29,Tuesday,36.0,36.0,12,0.0,0.0
136,136,2026-09-30,Wednesday,36.0,36.0,13,0.0,0.0
136,136,2026-10-01,Thursday,36.0,36.0,13,0.0,0.0
136,136,2026-10-02,Friday,36.0,36.0,13,0.0,0.0
136,136,2026-10-03,Saturday,0.0,0.0,13,0.0,
136,136,2026-10-04,Sunday,0.0,0.0,12,0.0,
136,136,2026-10-06,Tuesday,36.0,36.0,12,0.0,0.0
136,136,2026-10-07,Wednesday,36.0,36.0,13,0.0,0.0
136,136,2026-10-08,Thursday,36.0,36.0,13,0.0,0.0
136,136,2026-10-09,Friday,36.0,36.0,13,0.0,0.0
136,136,2026-10-10,Saturday,0.0,0.0,13,0.0,
136,136,2026-10-11,Sunday,0.0,0.0,12,0.0,
136,136,2026-10-13,Tuesday,36.0,36.0,12,0.0,0.0
136,136,2026-10-14,Wednesday,36.0,36.0,13,0.0,0.0
136,136,2026-10-15,Thursday,36.0,36.0,13,0.0,0.0
136,136,2026-10-16,Friday,36.0,36.0,13,0.0,0.0
136,136,2026-10-17,Saturday,0.0,0.0,13,0.0,
136,136,2026-10-18,Sunday,0.0,0.0,12,0.0,
136,136,2026-10-20,Tuesday,36.0,36.0,12,0.0,0.0
136,136,2026-10-21,Wednesday,36.0,36.0,13,0.0,0.0
136,136,2026-10-22,Thursday,36.0,36.0,13,0.0,0.0
136,136,2026-10-23,Friday,36.0,36.0,13,0.0,0.0
136,136,2026-10-24,Saturday,0.0,0.0,13,0.0,
136,136,2026-10-25,Sunday,0.0,0.0,12,0.0,
136,136,2026-10-27,Tuesday,36.0,36.0,12,0.0,0.0
136,136,2026-10-28,Wednesday,36.0,36.0,13,0.0,0.0
136,136,2026-10-29,Thursday,36.0,36.0,13,0.0,0.0
136,136,2026-10-30,Friday,36.0,36.0,13,0.0,0.0
136,136,2026-10-31,Saturday,0.0,0.0,13,0.0,
143,143,2026-08-05,Wednesday,36.0,36.0,13,0.0,0.0
143,143,2026-08-06,Thursday,36.0,36.0,13,0.0,0.0
143,143,2026-08-07,Friday,36.0,36.0,13,0.0,0.0
143,143,2026-08-08,Saturday,0.0,0.0,13,0.0,
143,143,2026-08-09,Sunday,0.0,0.0,12,0.0,
143,143,2026-08-11,Tuesday,36.0,36.0,12,0.0,0.0
143,143,2026-08-12,Wednesday,36.0,36.0,13,0.0,0.0
143,143,2026-08-13,Thursday,36.0,36.0,13,0.0,0.0
143,143,2026-08-14,Friday,36.0,36.0,13,0.0,0.0
143,143,2026-08-15,Saturday,0.0,0.0,13,0.0,
143,143,2026-08-16,Sunday,0.0,0.0,12,0.0,
143,143,2026-08-18,Tuesday,36.0,36.0,12,0.0,0.0
143,143,2026-08-19,Wednesday,36.0,36.0,13,0.0,0.0
143,143,2026-08-20,Thursday,36.0,36.0,13,0.0,0.0
143,143,2026-08-21,Friday,36.0,36.0,13,0.0,0.0
143,143,2026-08-22,Saturday,0.0,0.0,13,0.0,
143,143,2026-08-23,Sunday,0.0,0.0,12,0.0,
143,143,2026-08-25,Tuesday,36.0,36.0,12,0.0,0.0
143,143,2026-08-26,Wednesday,36.0,36.0,13,0.0,0.0
143,143,2026-08-27,Thursday,36.0,36.0,13,0.0,0.0
143,143,2026-08-28,Friday,36.0,36.0,13,0.0,0.0
143,143,2026-08-29,Saturday,0.0,0.0,13,0.0,
143,143,2026-08-30,Sunday,0.0,0.0,12,0.0,
143,143,2026-09-01,Tuesday,36.0,36.0,12,0.0,0.0
143,143,2026-09-02,Wednesday,36.0,36.0,13,0.0,0.0
143,143,2026-09-03,Thursday,36.0,36.0,13,0.0,0.0
143,143,2026-09-04,Friday,36.0,36.0,13,0.0,0.0
143,143,2026-09-05,Saturday,0.0,0.0,13,0.0,
143,143,2026-09-06,Sunday,0.0,0.0,12,0.0,
143,143,2026-09-08,Tuesday,36.0,36.0,12,0.0,0.0
143,143,2026-09-09,Wednesday,36.0,36.0,13,0.0,0.0
143,143,2026-09-10,Thursday,36.0,36.0,13,0.0,0.0
143,143,2026-09-11,Friday,36.0,36.0,13,0.0,0.0
143,143,2026-09-12,Saturday,0.0,0.0,13,0.0,
143,143,2026-09-13,Sunday,0.0,0.0,12,0.0,
143,143,2026-09-15,Tuesday,36.0,36.0,12,0.0,0.0
143,143,2026-09-16,Wednesday,36.0,36.0,13,0.0,0.0
143,143,2026-09-17,Thursday,36.0,36.0,13,0.0,0.0
143,143,2026-09-18,Friday,36.0,36.0,13,0.0,0.0
143,143,2026-09-19,Saturday,0.0,0.0,13,0.0,
143,143,2026-09-20,Sunday,0.0,0.0,12,0.0,
143,143,2026-09-22,Tuesday,36.0,36.0,12,0.0,0.0
143,143,2026-09-23,Wednesday,36.0,36.0,13,0.0,0.0
143,143,2026-09-24,Thursday,36.0,36.0,13,0.0,0.0
143,143,2026-09-25,Friday,36.0,36.0,13,0.0,0.0
143,143,2026-09-26,Saturday,0.0,0.0,13,0.0,
143,143,2026-09-27,Sunday,0.0,0.0,12,0.0,
143,143,2026-09-29,Tuesday,36.0,36.0,12,0.0,0.0
143,143,2026-09-30,Wednesday,36.0,36.0,13,0.0,0.0
143,143,2026-10-01,Thursday,36.0,36.0,13,0.0,0.0
143,143,2026-10-02,Friday,36.0,36.0,13,0.0,0.0
143,143,2026-10-03,Saturday,0.0,0.0,13,0.0,
143,143,2026-10-04,Sunday,0.0,0.0,12,0.0,
143,143,2026-10-06,Tuesday,36.0,36.0,12,0.0,0.0
143,143,2026-10-07,Wednesday,36.0,36.0,13,0.0,0.0
143,143,2026-10-08,Thursday,36.0,36.0,13,0.0,0.0
143,143,2026-10-09,Friday,36.0,36.0,13,0.0,0.0
143,143,2026-10-10,Saturday,0.0,0.0,13,0.0,
143,143,2026-10-11,Sunday,0.0,0.0,12,0.0,
143,143,2026-10-13,Tuesday,36.0,36.0,12,0.0,0.0
143,143,2026-10-14,Wednesday,36.0,36.0,13,0.0,0.0
143,143,2026-10-15,Thursday,36.0,36.0,13,0.0,0.0
143,143,2026-10-16,Friday,36.0,36.0,13,0.0,0.0
143,143,2026-10-17,Saturday,0.0,0.0,13,0.0,
143,143,2026-10-18,Sunday,0.0,0.0,12,0.0,
143,143,2026-10-20,Tuesday,36.0,36.0,12,0.0,0.0
143,143,2026-10-21,Wednesday,36.0,36.0,13,0.0,0.0
143,143,2026-10-22,Thursday,36.0,36.0,13,0.0,0.0
143,143,2026-10-23,Friday,36.0,36.0,13,0.0,0.0
143,143,2026-10-24,Saturday,0.0,0.0,13,0.0,
143,143,2026-10-25,Sunday,0.0,0.0,12,0.0,
143,143,2026-10-27,Tuesday,36.0,36.0,12,0.0,0.0
143,143,2026-10-28,Wednesday,36.0,36.0,13,0.0,0.0
143,143,2026-10-29,Thursday,36.0,36.0,13,0.0,0.0
143,143,2026-10-30,Friday,36.0,36.0,13,0.0,0.0
143,143,2026-10-31,Saturday,0.0,0.0,13,0.0,
146,146,2026-08-05,Wednesday,222.0,222.0,13,0.0,0.0
146,146,2026-08-06,Thursday,222.0,222.0,13,0.0,0.0
146,146,2026-08-07,Friday,222.0,222.0,13,0.0,0.0
146,146,2026-08-08,Saturday,192.0,192.0,13,0.0,0.0
146,146,2026-08-09,Sunday,169.0,169.0,12,0.0,0.0
146,146,2026-08-11,Tuesday,222.0,222.0,12,0.0,0.0
146,146,2026-08-12,Wednesday,222.0,222.0,13,0.0,0.0
146,146,2026-08-13,Thursday,222.0,222.0,13,0.0,0.0
146,146,2026-08-14,Friday,222.0,222.0,13,0.0,0.0
146,146,2026-08-15,Saturday,192.0,192.0,13,0.0,0.0
146,146,2026-08-16,Sunday,169.0,169.0,12,0.0,0.0
146,146,2026-08-18,Tuesday,222.0,222.0,12,0.0,0.0
146,146,2026-08-19,Wednesday,222.0,222.0,13,0.0,0.0
146,146,2026-08-20,Thursday,222.0,222.0,13,0.0,0.0
146,146,2026-08-21,Friday,222.0,222.0,13,0.0,0.0
146,146,2026-08-22,Saturday,192.0,192.0,13,0.0,0.0
146,146,2026-08-23,Sunday,169.0,169.0,12,0.0,0.0
146,146,2026-08-25,Tuesday,222.0,222.0,12,0.0,0.0
146,146,2026-08-26,Wednesday,222.0,222.0,13,0.0,0.0
146,146,2026-08-27,Thursday,222.0,222.0,13,0.0,0.0
146,146,2026-08-28,Friday,222.0,222.0,13,0.0,0.0
11,11,2026-08-06,Thursday,84.0,84.0,13,0.0,0.0
11,11,2026-08-07,Friday,84.0,84.0,13,0.0,0.0
11,11,2026-08-08,Saturday,68.0,68.0,13,0.0,0.0
11,11,2026-08-09,Sunday,50.0,50.0,12,0.0,0.0
119,119,2026-09-18,Friday,189.0,189.0,13,0.0,0.0
119,119,2026-09-19,Saturday,141.0,141.0,13,0.0,0.0
11,11,2026-08-11,Tuesday,84.0,84.0,12,0.0,0.0
11,11,2026-08-12,Wednesday,84.0,84.0,13,0.0,0.0
11,11,2026-08-13,Thursday,84.0,84.0,13,0.0,0.0
119,119,2026-09-20,Sunday,111.0,111.0,12,0.0,0.0
11,11,2026-08-14,Friday,84.0,84.0,13,0.0,0.0
11,11,2026-08-15,Saturday,68.0,68.0,13,0.0,0.0
11,11,2026-08-16,Sunday,50.0,50.0,12,0.0,0.0
112,112,2026-09-12,Saturday,90.0,90.0,13,0.0,0.0
11,11,2026-08-18,Tuesday,84.0,84.0,12,0.0,0.0
11,11,2026-08-19,Wednesday,84.0,84.0,13,0.0,0.0
11,11,2026-08-20,Thursday,84.0,84.0,13,0.0,0.0
119,119,2026-09-23,Wednesday,189.0,189.0,13,0.0,0.0
119,119,2026-09-24,Thursday,189.0,189.0,13,0.0,0.0
112,112,2026-09-13,Sunday,72.0,72.0,12,0.0,0.0
11,11,2026-08-21,Friday,84.0,84.0,13,0.0,0.0
11,11,2026-08-22,Saturday,68.0,68.0,13,0.0,0.0
11,11,2026-08-23,Sunday,50.0,50.0,12,0.0,0.0
119,119,2026-09-25,Friday,189.0,189.0,13,0.0,0.0
119,119,2026-09-26,Saturday,141.0,141.0,13,0.0,0.0
11,11,2026-08-25,Tuesday,84.0,84.0,12,0.0,0.0
11,11,2026-08-26,Wednesday,84.0,84.0,13,0.0,0.0
11,11,2026-08-27,Thursday,84.0,84.0,13,0.0,0.0
11,11,2026-08-28,Friday,84.0,84.0,13,0.0,0.0
119,119,2026-09-27,Sunday,111.0,111.0,12,0.0,0.0
11,11,2026-08-29,Saturday,68.0,68.0,13,0.0,0.0
11,11,2026-08-30,Sunday,50.0,50.0,12,0.0,0.0
11,11,2026-09-01,Tuesday,84.0,84.0,12,0.0,0.0
119,119,2026-09-30,Wednesday,189.0,189.0,13,0.0,0.0
11,11,2026-09-02,Wednesday,84.0,84.0,13,0.0,0.0
11,11,2026-09-03,Thursday,84.0,84.0,13,0.0,0.0
11,11,2026-09-04,Friday,84.0,84.0,13,0.0,0.0
11,11,2026-09-05,Saturday,68.0,68.0,13,0.0,0.0
119,119,2026-10-01,Thursday,189.0,189.0,13,0.0,0.0
119,119,2026-10-02,Friday,189.0,189.0,13,0.0,0.0
11,11,2026-09-06,Sunday,50.0,50.0,12,0.0,0.0
11,11,2026-09-08,Tuesday,84.0,84.0,12,0.0,0.0
11,11,2026-09-09,Wednesday,84.0,84.0,13,0.0,0.0
119,119,2026-10-03,Saturday,141.0,141.0,13,0.0,0.0
119,119,2026-10-04,Sunday,111.0,111.0,12,0.0,0.0
11,11,2026-09-10,Thursday,84.0,84.0,13,0.0,0.0
11,11,2026-09-11,Friday,84.0,84.0,13,0.0,0.0
11,11,2026-09-12,Saturday,68.0,68.0,13,0.0,0.0
11,11,2026-09-13,Sunday,50.0,50.0,12,0.0,0.0
11,11,2026-09-15,Tuesday,84.0,84.0,12,0.0,0.0
11,11,2026-09-16,Wednesday,84.0,84.0,13,0.0,0.0
11,11,2026-09-17,Thursday,84.0,84.0,13,0.0,0.0
119,119,2026-10-07,Wednesday,189.0,189.0,13,0.0,0.0
119,119,2026-10-08,Thursday,189.0,189.0,13,0.0,0.0
112,112,2026-09-19,Saturday,90.0,90.0,13,0.0,0.0
11,11,2026-09-18,Friday,84.0,84.0,13,0.0,0.0
11,11,2026-09-19,Saturday,68.0,68.0,13,0.0,0.0
11,11,2026-09-20,Sunday,50.0,50.0,12,0.0,0.0
119,119,2026-10-09,Friday,189.0,189.0,13,0.0,0.0
119,119,2026-10-10,Saturday,141.0,141.0,13,0.0,0.0
112,112,2026-09-20,Sunday,72.0,72.0,12,0.0,0.0
11,11,2026-09-22,Tuesday,84.0,84.0,12,0.0,0.0
11,11,2026-09-23,Wednesday,84.0,84.0,13,0.0,0.0
11,11,2026-09-24,Thursday,84.0,84.0,13,0.0,0.0
11,11,2026-09-25,Friday,84.0,84.0,13,0.0,0.0
119,119,2026-10-11,Sunday,111.0,111.0,12,0.0,0.0
11,11,2026-09-26,Saturday,68.0,68.0,13,0.0,0.0
11,11,2026-09-27,Sunday,50.0,50.0,12,0.0,0.0
11,11,2026-09-29,Tuesday,84.0,84.0,12,0.0,0.0
12,12,2026-09-27,Sunday,219.0,219.0,12,0.0,0.0
12,12,2026-10-04,Sunday,219.0,219.0,12,0.0,0.0
12,12,2026-10-11,Sunday,219.0,219.0,12,0.0,0.0
112,112,2026-10-03,Saturday,90.0,90.0,13,0.0,0.0
12,12,2026-10-18,Sunday,219.0,219.0,12,0.0,0.0
112,112,2026-10-04,Sunday,72.0,72.0,12,0.0,0.0
12,12,2026-10-25,Sunday,219.0,219.0,12,0.0,0.0
120,120,2026-08-05,Wednesday,73.0,73.0,13,0.0,0.0
120,120,2026-08-06,Thursday,73.0,73.0,13,0.0,0.0
120,120,2026-08-07,Friday,73.0,73.0,13,0.0,0.0
120,120,2026-08-08,Saturday,0.0,0.0,13,0.0,
120,120,2026-08-09,Sunday,0.0,0.0,12,0.0,
120,120,2026-08-11,Tuesday,73.0,73.0,12,0.0,0.0
120,120,2026-08-12,Wednesday,73.0,73.0,13,0.0,0.0
120,120,2026-08-13,Thursday,73.0,73.0,13,0.0,0.0
120,120,2026-08-14,Friday,73.0,73.0,13,0.0,0.0
120,120,2026-08-15,Saturday,0.0,0.0,13,0.0,
120,120,2026-08-16,Sunday,0.0,0.0,12,0.0,
120,120,2026-08-18,Tuesday,73.0,73.0,12,0.0,0.0
120,120,2026-08-19,Wednesday,73.0,73.0,13,0.0,0.0
120,120,2026-08-20,Thursday,73.0,73.0,13,0.0,0.0
120,120,2026-08-21,Friday,73.0,73.0,13,0.0,0.0
120,120,2026-08-22,Saturday,0.0,0.0,13,0.0,
120,120,2026-08-23,Sunday,0.0,0.0,12,0.0,
120,120,2026-08-25,Tuesday,73.0,73.0,12,0.0,0.0
120,120,2026-08-26,Wednesday,73.0,73.0,13,0.0,0.0
120,120,2026-08-27,Thursday,73.0,73.0,13,0.0,0.0
120,120,2026-08-28,Friday,73.0,73.0,13,0.0,0.0
120,120,2026-08-29,Saturday,0.0,0.0,13,0.0,
120,120,2026-08-30,Sunday,0.0,0.0,12,0.0,
120,120,2026-09-01,Tuesday,73.0,73.0,12,0.0,0.0
120,120,2026-09-02,Wednesday,73.0,73.0,13,0.0,0.0
120,120,2026-09-03,Thursday,73.0,73.0,13,0.0,0.0
120,120,2026-09-04,Friday,73.0,73.0,13,0.0,0.0
120,120,2026-09-05,Saturday,0.0,0.0,13,0.0,
120,120,2026-09-06,Sunday,0.0,0.0,12,0.0,
120,120,2026-09-08,Tuesday,73.0,73.0,12,0.0,0.0
120,120,2026-09-09,Wednesday,73.0,73.0,13,0.0,0.0
120,120,2026-09-10,Thursday,73.0,73.0,13,0.0,0.0
120,120,2026-09-11,Friday,73.0,73.0,13,0.0,0.0
120,120,2026-09-12,Saturday,0.0,0.0,13,0.0,
120,120,2026-09-13,Sunday,0.0,0.0,12,0.0,
120,120,2026-09-15,Tuesday,73.0,73.0,12,0.0,0.0
120,120,2026-09-16,Wednesday,73.0,73.0,13,0.0,0.0
120,120,2026-09-17,Thursday,73.0,73.0,13,0.0,0.0
120,120,2026-09-18,Friday,73.0,73.0,13,0.0,0.0
120,120,2026-09-19,Saturday,0.0,0.0,13,0.0,
120,120,2026-09-20,Sunday,0.0,0.0,12,0.0,
120,120,2026-09-22,Tuesday,73.0,73.0,12,0.0,0.0
120,120,2026-09-23,Wednesday,73.0,73.0,13,0.0,0.0
120,120,2026-09-24,Thursday,73.0,73.0,13,0.0,0.0
120,120,2026-09-25,Friday,73.0,73.0,13,0.0,0.0
120,120,2026-09-26,Saturday,0.0,0.0,13,0.0,
120,120,2026-09-27,Sunday,0.0,0.0,12,0.0,
120,120,2026-09-29,Tuesday,73.0,73.0,12,0.0,0.0
120,120,2026-09-30,Wednesday,73.0,73.0,13,0.0,0.0
120,120,2026-10-01,Thursday,73.0,73.0,13,0.0,0.0
120,120,2026-10-02,Friday,73.0,73.0,13,0.0,0.0
120,120,2026-10-03,Saturday,0.0,0.0,13,0.0,
120,120,2026-10-04,Sunday,0.0,0.0,12,0.0,
120,120,2026-10-06,Tuesday,73.0,73.0,12,0.0,0.0
120,120,2026-10-07,Wednesday,73.0,73.0,13,0.0,0.0
120,120,2026-10-08,Thursday,73.0,73.0,13,0.0,0.0
120,120,2026-10-09,Friday,73.0,73.0,13,0.0,0.0
120,120,2026-10-10,Saturday,0.0,0.0,13,0.0,
120,120,2026-10-11,Sunday,0.0,0.0,12,0.0,
120,120,2026-10-13,Tuesday,73.0,73.0,12,0.0,0.0
120,120,2026-10-14,Wednesday,73.0,73.0,13,0.0,0.0
120,120,2026-10-15,Thursday,73.0,73.0,13,0.0,0.0
120,120,2026-10-16,Friday,73.0,73.0,13,0.0,0.0
120,120,2026-10-17,Saturday,0.0,0.0,13,0.0,
120,120,2026-10-18,Sunday,0.0,0.0,12,0.0,
120,120,2026-10-20,Tuesday,73.0,73.0,12,0.0,0.0
120,120,2026-10-21,Wednesday,73.0,73.0,13,0.0,0.0
120,120,2026-10-22,Thursday,73.0,73.0,13,0.0,0.0
120,120,2026-10-23,Friday,73.0,73.0,13,0.0,0.0
120,120,2026-10-24,Saturday,0.0,0.0,13,0.0,
120,120,2026-10-25,Sunday,0.0,0.0,12,0.0,
120,120,2026-10-27,Tuesday,73.0,73.0,12,0.0,0.0
120,120,2026-10-28,Wednesday,73.0,73.0,13,0.0,0.0
120,120,2026-10-29,Thursday,73.0,73.0,13,0.0,0.0
119,119,2026-10-14,Wednesday,189.0,189.0,13,0.0,0.0
119,119,2026-10-15,Thursday,189.0,189.0,13,0.0,0.0
119,119,2026-10-16,Friday,189.0,189.0,13,0.0,0.0
120,120,2026-10-30,Friday,73.0,73.0,13,0.0,0.0
120,120,2026-10-31,Saturday,0.0,0.0,13,0.0,
119,119,2026-10-17,Saturday,141.0,141.0,13,0.0,0.0
119,119,2026-10-18,Sunday,111.0,111.0,12,0.0,0.0
12,12,2026-08-23,Sunday,219.0,219.0,12,0.0,0.0
108,108,2026-08-09,Sunday,0.0,0.0,12,0.0,
112,112,2026-09-26,Saturday,90.0,90.0,13,0.0,0.0
119,119,2026-09-10,Thursday,189.0,189.0,13,0.0,0.0
12,12,2026-08-30,Sunday,219.0,219.0,12,0.0,0.0
119,119,2026-09-11,Friday,189.0,189.0,13,0.0,0.0
112,112,2026-09-27,Sunday,72.0,72.0,12,0.0,0.0
12,12,2026-09-06,Sunday,219.0,219.0,12,0.0,0.0
12,12,2026-09-13,Sunday,219.0,219.0,12,0.0,0.0
119,119,2026-08-08,Saturday,141.0,141.0,13,0.0,0.0
119,119,2026-08-09,Sunday,111.0,111.0,12,0.0,0.0
108,108,2026-08-14,Friday,71.0,71.0,13,0.0,0.0
108,108,2026-08-15,Saturday,0.0,0.0,13,0.0,
108,108,2026-10-23,Friday,71.0,71.0,13,0.0,0.0
108,108,2026-08-16,Sunday,0.0,0.0,12,0.0,
108,108,2026-10-24,Saturday,0.0,0.0,13,0.0,
119,119,2026-08-12,Wednesday,189.0,189.0,13,0.0,0.0
119,119,2026-08-13,Thursday,189.0,189.0,13,0.0,0.0
112,112,2026-08-29,Saturday,90.0,90.0,13,0.0,0.0
108,108,2026-08-21,Friday,71.0,71.0,13,0.0,0.0
119,119,2026-09-12,Saturday,141.0,141.0,13,0.0,0.0
108,108,2026-08-22,Saturday,0.0,0.0,13,0.0,
108,108,2026-08-23,Sunday,0.0,0.0,12,0.0,
119,119,2026-08-14,Friday,189.0,189.0,13,0.0,0.0
119,119,2026-08-15,Saturday,141.0,141.0,13,0.0,0.0
112,112,2026-08-30,Sunday,72.0,72.0,12,0.0,0.0
119,119,2026-09-13,Sunday,111.0,111.0,12,0.0,0.0
108,108,2026-08-28,Friday,71.0,71.0,13,0.0,0.0
119,119,2026-08-16,Sunday,111.0,111.0,12,0.0,0.0
112,112,2026-08-16,Sunday,72.0,72.0,12,0.0,0.0
108,108,2026-08-29,Saturday,0.0,0.0,13,0.0,
108,108,2026-08-30,Sunday,0.0,0.0,12,0.0,
119,119,2026-08-19,Wednesday,189.0,189.0,13,0.0,0.0
108,108,2026-10-25,Sunday,0.0,0.0,12,0.0,
108,108,2026-09-04,Friday,71.0,71.0,13,0.0,0.0
108,108,2026-09-05,Saturday,0.0,0.0,13,0.0,
119,119,2026-08-20,Thursday,189.0,189.0,13,0.0,0.0
119,119,2026-08-21,Friday,189.0,189.0,13,0.0,0.0
108,108,2026-09-06,Sunday,0.0,0.0,12,0.0,
119,119,2026-08-22,Saturday,141.0,141.0,13,0.0,0.0
119,119,2026-08-23,Sunday,111.0,111.0,12,0.0,0.0
108,108,2026-09-11,Friday,71.0,71.0,13,0.0,0.0
108,108,2026-09-12,Saturday,0.0,0.0,13,0.0,
108,108,2026-09-13,Sunday,0.0,0.0,12,0.0,
119,119,2026-08-26,Wednesday,189.0,189.0,13,0.0,0.0
108,108,2026-09-18,Friday,71.0,71.0,13,0.0,0.0
108,108,2026-09-19,Saturday,0.0,0.0,13,0.0,
108,108,2026-09-20,Sunday,0.0,0.0,12,0.0,
119,119,2026-08-27,Thursday,189.0,189.0,13,0.0,0.0
119,119,2026-08-28,Friday,189.0,189.0,13,0.0,0.0
108,108,2026-09-25,Friday,71.0,71.0,13,0.0,0.0
119,119,2026-08-29,Saturday,141.0,141.0,13,0.0,0.0
119,119,2026-08-30,Sunday,111.0,111.0,12,0.0,0.0
108,108,2026-09-26,Saturday,0.0,0.0,13,0.0,
108,108,2026-09-27,Sunday,0.0,0.0,12,0.0,
108,108,2026-10-02,Friday,71.0,71.0,13,0.0,0.0
108,108,2026-10-03,Saturday,0.0,0.0,13,0.0,
108,108,2026-10-04,Sunday,0.0,0.0,12,0.0,
108,108,2026-10-30,Friday,71.0,71.0,13,0.0,0.0
119,119,2026-09-02,Wednesday,189.0,189.0,13,0.0,0.0
115,115,2026-09-22,Tuesday,143.0,143.0,12,0.0,0.0
115,115,2026-09-23,Wednesday,143.0,143.0,13,0.0,0.0
115,115,2026-09-24,Thursday,143.0,143.0,13,0.0,0.0
115,115,2026-09-25,Friday,143.0,143.0,13,0.0,0.0
108,108,2026-10-31,Saturday,0.0,0.0,13,0.0,
119,119,2026-09-03,Thursday,189.0,189.0,13,0.0,0.0
115,115,2026-09-26,Saturday,123.0,123.0,13,0.0,0.0
115,115,2026-09-27,Sunday,118.0,118.0,12,0.0,0.0
115,115,2026-09-29,Tuesday,143.0,143.0,12,0.0,0.0
115,115,2026-09-30,Wednesday,143.0,143.0,13,0.0,0.0
11,11,2026-08-05,Wednesday,84.0,84.0,13,0.0,0.0
115,115,2026-10-01,Thursday,143.0,143.0,13,0.0,0.0
112,112,2026-09-05,Saturday,90.0,90.0,13,0.0,0.0
115,115,2026-10-02,Friday,143.0,143.0,13,0.0,0.0
115,115,2026-10-03,Saturday,123.0,123.0,13,0.0,0.0
115,115,2026-10-04,Sunday,118.0,118.0,12,0.0,0.0
115,115,2026-10-06,Tuesday,143.0,143.0,12,0.0,0.0
115,115,2026-10-07,Wednesday,143.0,143.0,13,0.0,0.0
115,115,2026-10-08,Thursday,143.0,143.0,13,0.0,0.0
119,119,2026-09-16,Wednesday,189.0,189.0,13,0.0,0.0
115,115,2026-10-09,Friday,143.0,143.0,13,0.0,0.0
115,115,2026-10-10,Saturday,123.0,123.0,13,0.0,0.0
115,115,2026-10-11,Sunday,118.0,118.0,12,0.0,0.0
115,115,2026-10-13,Tuesday,143.0,143.0,12,0.0,0.0
119,119,2026-09-17,Thursday,189.0,189.0,13,0.0,0.0
115,115,2026-10-14,Wednesday,143.0,143.0,13,0.0,0.0
112,112,2026-10-10,Saturday,90.0,90.0,13,0.0,0.0
115,115,2026-10-15,Thursday,143.0,143.0,13,0.0,0.0
112,112,2026-10-17,Saturday,90.0,90.0,13,0.0,0.0
115,115,2026-08-19,Wednesday,143.0,143.0,13,0.0,0.0
115,115,2026-08-20,Thursday,143.0,143.0,13,0.0,0.0
115,115,2026-08-21,Friday,143.0,143.0,13,0.0,0.0
115,115,2026-08-22,Saturday,123.0,123.0,13,0.0,0.0
115,115,2026-10-22,Thursday,143.0,143.0,13,0.0,0.0
115,115,2026-08-23,Sunday,118.0,118.0,12,0.0,0.0
115,115,2026-08-25,Tuesday,143.0,143.0,12,0.0,0.0
112,112,2026-08-23,Sunday,72.0,72.0,12,0.0,0.0
115,115,2026-08-26,Wednesday,143.0,143.0,13,0.0,0.0
115,115,2026-08-27,Thursday,143.0,143.0,13,0.0,0.0
115,115,2026-08-28,Friday,143.0,143.0,13,0.0,0.0
115,115,2026-10-23,Friday,143.0,143.0,13,0.0,0.0
115,115,2026-08-29,Saturday,123.0,123.0,13,0.0,0.0
119,119,2026-09-06,Sunday,111.0,111.0,12,0.0,0.0
115,115,2026-08-30,Sunday,118.0,118.0,12,0.0,0.0
112,112,2026-10-18,Sunday,72.0,72.0,12,0.0,0.0
119,119,2026-09-04,Friday,189.0,189.0,13,0.0,0.0
115,115,2026-09-01,Tuesday,143.0,143.0,12,0.0,0.0
115,115,2026-09-02,Wednesday,143.0,143.0,13,0.0,0.0
115,115,2026-09-03,Thursday,143.0,143.0,13,0.0,0.0
119,119,2026-09-09,Wednesday,189.0,189.0,13,0.0,0.0
119,119,2026-10-25,Sunday,111.0,111.0,12,0.0,0.0
119,119,2026-10-28,Wednesday,189.0,189.0,13,0.0,0.0
119,119,2026-10-29,Thursday,189.0,189.0,13,0.0,0.0
119,119,2026-10-30,Friday,189.0,189.0,13,0.0,0.0
108,108,2026-08-07,Friday,71.0,71.0,13,0.0,0.0
119,119,2026-10-31,Saturday,141.0,141.0,13,0.0,0.0
108,108,2026-08-08,Saturday,0.0,0.0,13,0.0,
108,108,2026-10-17,Saturday,0.0,0.0,13,0.0,
112,112,2026-10-31,Saturday,90.0,90.0,13,0.0,0.0
119,119,2026-08-06,Thursday,189.0,189.0,13,0.0,0.0
12,12,2026-08-09,Sunday,219.0,219.0,12,0.0,0.0
108,108,2026-10-18,Sunday,0.0,0.0,12,0.0,
119,119,2026-08-07,Friday,189.0,189.0,13,0.0,0.0
115,115,2026-10-16,Friday,143.0,143.0,13,0.0,0.0
12,12,2026-08-16,Sunday,219.0,219.0,12,0.0,0.0
115,115,2026-10-24,Saturday,123.0,123.0,13,0.0,0.0
108,108,2026-10-16,Friday,71.0,71.0,13,0.0,0.0
108,108,2026-10-11,Sunday,0.0,0.0,12,0.0,
106,106,2026-10-31,Saturday,78.0,78.0,13,0.0,0.0
115,115,2026-10-31,Saturday,123.0,123.0,13,0.0,0.0
119,119,2026-08-05,Wednesday,189.0,189.0,13,0.0,0.0
115,115,2026-09-04,Friday,143.0,143.0,13,0.0,0.0
119,119,2026-09-05,Saturday,141.0,141.0,13,0.0,0.0
115,115,2026-09-08,Tuesday,143.0,143.0,12,0.0,0.0
115,115,2026-10-21,Wednesday,143.0,143.0,13,0.0,0.0
115,115,2026-10-20,Tuesday,143.0,143.0,12,0.0,0.0
115,115,2026-08-07,Friday,143.0,143.0,13,0.0,0.0
115,115,2026-09-15,Tuesday,143.0,143.0,12,0.0,0.0
112,112,2026-10-24,Saturday,90.0,90.0,13,0.0,0.0
108,108,2026-10-10,Saturday,0.0,0.0,13,0.0,
115,115,2026-09-05,Saturday,123.0,123.0,13,0.0,0.0
115,115,2026-10-17,Saturday,123.0,123.0,13,0.0,0.0
112,112,2026-10-11,Sunday,72.0,72.0,12,0.0,0.0
115,115,2026-08-11,Tuesday,143.0,143.0,12,0.0,0.0
115,115,2026-08-18,Tuesday,143.0,143.0,12,0.0,0.0
115,115,2026-09-16,Wednesday,143.0,143.0,13,0.0,0.0
115,115,2026-09-17,Thursday,143.0,143.0,13,0.0,0.0
112,112,2026-10-25,Sunday,72.0,72.0,12,0.0,0.0
115,115,2026-09-18,Friday,143.0,143.0,13,0.0,0.0
115,115,2026-09-19,Saturday,123.0,123.0,13,0.0,0.0
115,115,2026-08-08,Saturday,123.0,123.0,13,0.0,0.0
12,12,2026-09-20,Sunday,219.0,219.0,12,0.0,0.0
115,115,2026-09-09,Wednesday,143.0,143.0,13,0.0,0.0
112,112,2026-08-22,Saturday,90.0,90.0,13,0.0,0.0
115,115,2026-08-05,Wednesday,143.0,143.0,13,0.0,0.0
112,112,2026-09-06,Sunday,72.0,72.0,12,0.0,0.0
119,119,2026-10-21,Wednesday,189.0,189.0,13,0.0,0.0
119,119,2026-10-22,Thursday,189.0,189.0,13,0.0,0.0
119,119,2026-10-23,Friday,189.0,189.0,13,0.0,0.0
119,119,2026-10-24,Saturday,141.0,141.0,13,0.0,0.0
115,115,2026-08-14,Friday,143.0,143.0,13,0.0,0.0
115,115,2026-09-20,Sunday,118.0,118.0,12,0.0,0.0
115,115,2026-10-29,Thursday,143.0,143.0,13,0.0,0.0
106,106,2026-10-25,Sunday,82.0,82.0,12,0.0,0.0
115,115,2026-08-16,Sunday,118.0,118.0,12,0.0,0.0
115,115,2026-08-06,Thursday,143.0,143.0,13,0.0,0.0
115,115,2026-10-30,Friday,143.0,143.0,13,0.0,0.0
115,115,2026-08-09,Sunday,118.0,118.0,12,0.0,0.0
112,112,2026-08-15,Saturday,90.0,90.0,13,0.0,0.0
115,115,2026-09-11,Friday,143.0,143.0,13,0.0,0.0
115,115,2026-08-15,Saturday,123.0,123.0,13,0.0,0.0
115,115,2026-09-06,Sunday,118.0,118.0,12,0.0,0.0
115,115,2026-09-13,Sunday,118.0,118.0,12,0.0,0.0
115,115,2026-10-27,Tuesday,143.0,143.0,12,0.0,0.0
115,115,2026-10-25,Sunday,118.0,118.0,12,0.0,0.0
115,115,2026-10-18,Sunday,118.0,118.0,12,0.0,0.0
108,108,2026-10-09,Friday,71.0,71.0,13,0.0,0.0
115,115,2026-09-12,Saturday,123.0,123.0,13,0.0,0.0
115,115,2026-09-10,Thursday,143.0,143.0,13,0.0,0.0
115,115,2026-10-28,Wednesday,143.0,143.0,13,0.0,0.0
115,115,2026-08-13,Thursday,143.0,143.0,13,0.0,0.0
115,115,2026-08-12,Wednesday,143.0,143.0,13,0.0,0.0
146,146,2026-08-29,Saturday,192.0,192.0,13,0.0,0.0
146,146,2026-08-30,Sunday,169.0,169.0,12,0.0,0.0
146,146,2026-09-01,Tuesday,222.0,222.0,12,0.0,0.0
146,146,2026-09-02,Wednesday,222.0,222.0,13,0.0,0.0
146,146,2026-09-03,Thursday,222.0,222.0,13,0.0,0.0
146,146,2026-09-04,Friday,222.0,222.0,13,0.0,0.0
146,146,2026-09-05,Saturday,192.0,192.0,13,0.0,0.0
146,146,2026-09-06,Sunday,169.0,169.0,12,0.0,0.0
146,146,2026-09-08,Tuesday,222.0,222.0,12,0.0,0.0
146,146,2026-09-09,Wednesday,222.0,222.0,13,0.0,0.0
146,146,2026-09-10,Thursday,222.0,222.0,13,0.0,0.0
146,146,2026-09-11,Friday,222.0,222.0,13,0.0,0.0
146,146,2026-09-12,Saturday,192.0,192.0,13,0.0,0.0
146,146,2026-09-13,Sunday,169.0,169.0,12,0.0,0.0
146,146,2026-09-15,Tuesday,222.0,222.0,12,0.0,0.0
146,146,2026-09-16,Wednesday,222.0,222.0,13,0.0,0.0
146,146,2026-09-17,Thursday,222.0,222.0,13,0.0,0.0
146,146,2026-09-18,Friday,222.0,222.0,13,0.0,0.0
146,146,2026-09-19,Saturday,192.0,192.0,13,0.0,0.0
146,146,2026-09-20,Sunday,169.0,169.0,12,0.0,0.0
146,146,2026-09-22,Tuesday,222.0,222.0,12,0.0,0.0
146,146,2026-09-23,Wednesday,222.0,222.0,13,0.0,0.0
146,146,2026-09-24,Thursday,222.0,222.0,13,0.0,0.0
146,146,2026-09-25,Friday,222.0,222.0,13,0.0,0.0
146,146,2026-09-26,Saturday,192.0,192.0,13,0.0,0.0
146,146,2026-09-27,Sunday,169.0,169.0,12,0.0,0.0
146,146,2026-09-29,Tuesday,222.0,222.0,12,0.0,0.0
146,146,2026-09-30,Wednesday,222.0,222.0,13,0.0,0.0
146,146,2026-10-01,Thursday,222.0,222.0,13,0.0,0.0
146,146,2026-10-02,Friday,222.0,222.0,13,0.0,0.0
146,146,2026-10-03,Saturday,192.0,192.0,13,0.0,0.0
146,146,2026-10-04,Sunday,169.0,169.0,12,0.0,0.0
146,146,2026-10-06,Tuesday,222.0,222.0,12,0.0,0.0
146,146,2026-10-07,Wednesday,222.0,222.0,13,0.0,0.0
146,146,2026-10-08,Thursday,222.0,222.0,13,0.0,0.0
146,146,2026-10-09,Friday,222.0,222.0,13,0.0,0.0
146,146,2026-10-10,Saturday,192.0,192.0,13,0.0,0.0
146,146,2026-10-11,Sunday,169.0,169.0,12,0.0,0.0
146,146,2026-10-13,Tuesday,222.0,222.0,12,0.0,0.0
146,146,2026-10-14,Wednesday,222.0,222.0,13,0.0,0.0
146,146,2026-10-15,Thursday,222.0,222.0,13,0.0,0.0
146,146,2026-10-16,Friday,222.0,222.0,13,0.0,0.0
146,146,2026-10-17,Saturday,192.0,192.0,13,0.0,0.0
146,146,2026-10-18,Sunday,169.0,169.0,12,0.0,0.0
146,146,2026-10-20,Tuesday,222.0,222.0,12,0.0,0.0
146,146,2026-10-21,Wednesday,222.0,222.0,13,0.0,0.0
146,146,2026-10-22,Thursday,222.0,222.0,13,0.0,0.0
146,146,2026-10-23,Friday,222.0,222.0,13,0.0,0.0
146,146,2026-10-24,Saturday,192.0,192.0,13,0.0,0.0
146,146,2026-10-25,Sunday,169.0,169.0,12,0.0,0.0
146,146,2026-10-27,Tuesday,222.0,222.0,12,0.0,0.0
146,146,2026-10-28,Wednesday,222.0,222.0,13,0.0,0.0
146,146,2026-10-29,Thursday,222.0,222.0,13,0.0,0.0
146,146,2026-10-30,Friday,222.0,222.0,13,0.0,0.0
146,146,2026-10-31,Saturday,192.0,192.0,13,0.0,0.0
148,148,2026-08-05,Wednesday,45.0,45.0,13,0.0,0.0
148,148,2026-08-06,Thursday,45.0,45.0,13,0.0,0.0
148,148,2026-08-07,Friday,45.0,45.0,13,0.0,0.0
148,148,2026-08-08,Saturday,0.0,0.0,13,0.0,
148,148,2026-08-09,Sunday,0.0,0.0,12,0.0,
148,148,2026-08-11,Tuesday,45.0,45.0,12,0.0,0.0
148,148,2026-08-12,Wednesday,45.0,45.0,13,0.0,0.0
148,148,2026-08-13,Thursday,45.0,45.0,13,0.0,0.0
148,148,2026-08-14,Friday,45.0,45.0,13,0.0,0.0
148,148,2026-08-15,Saturday,0.0,0.0,13,0.0,
148,148,2026-08-16,Sunday,0.0,0.0,12,0.0,
148,148,2026-08-18,Tuesday,45.0,45.0,12,0.0,0.0
148,148,2026-08-19,Wednesday,45.0,45.0,13,0.0,0.0
148,148,2026-08-20,Thursday,45.0,45.0,13,0.0,0.0
148,148,2026-08-21,Friday,45.0,45.0,13,0.0,0.0
148,148,2026-08-22,Saturday,0.0,0.0,13,0.0,
148,148,2026-08-23,Sunday,0.0,0.0,12,0.0,
148,148,2026-08-25,Tuesday,45.0,45.0,12,0.0,0.0
148,148,2026-08-26,Wednesday,45.0,45.0,13,0.0,0.0
148,148,2026-08-27,Thursday,45.0,45.0,13,0.0,0.0
148,148,2026-08-28,Friday,45.0,45.0,13,0.0,0.0
148,148,2026-08-29,Saturday,0.0,0.0,13,0.0,
148,148,2026-08-30,Sunday,0.0,0.0,12,0.0,
148,148,2026-09-01,Tuesday,45.0,45.0,12,0.0,0.0
148,148,2026-09-02,Wednesday,45.0,45.0,13,0.0,0.0
148,148,2026-09-03,Thursday,45.0,45.0,13,0.0,0.0
148,148,2026-09-04,Friday,45.0,45.0,13,0.0,0.0
148,148,2026-09-05,Saturday,0.0,0.0,13,0.0,
148,148,2026-09-06,Sunday,0.0,0.0,12,0.0,
148,148,2026-09-08,Tuesday,45.0,45.0,12,0.0,0.0
148,148,2026-09-09,Wednesday,45.0,45.0,13,0.0,0.0
148,148,2026-09-10,Thursday,45.0,45.0,13,0.0,0.0
148,148,2026-09-11,Friday,45.0,45.0,13,0.0,0.0
148,148,2026-09-12,Saturday,0.0,0.0,13,0.0,
148,148,2026-09-13,Sunday,0.0,0.0,12,0.0,
148,148,2026-09-15,Tuesday,45.0,45.0,12,0.0,0.0
148,148,2026-09-16,Wednesday,45.0,45.0,13,0.0,0.0
148,148,2026-09-17,Thursday,45.0,45.0,13,0.0,0.0
148,148,2026-09-18,Friday,45.0,45.0,13,0.0,0.0
148,148,2026-09-19,Saturday,0.0,0.0,13,0.0,
148,148,2026-09-20,Sunday,0.0,0.0,12,0.0,
148,148,2026-09-22,Tuesday,45.0,45.0,12,0.0,0.0
148,148,2026-09-23,Wednesday,45.0,45.0,13,0.0,0.0
148,148,2026-09-24,Thursday,45.0,45.0,13,0.0,0.0
148,148,2026-09-25,Friday,45.0,45.0,13,0.0,0.0
148,148,2026-09-26,Saturday,0.0,0.0,13,0.0,
148,148,2026-09-27,Sunday,0.0,0.0,12,0.0,
148,148,2026-09-29,Tuesday,45.0,45.0,12,0.0,0.0
148,148,2026-09-30,Wednesday,45.0,45.0,13,0.0,0.0
148,148,2026-10-01,Thursday,45.0,45.0,13,0.0,0.0
148,148,2026-10-02,Friday,45.0,45.0,13,0.0,0.0
148,148,2026-10-03,Saturday,0.0,0.0,13,0.0,
148,148,2026-10-04,Sunday,0.0,0.0,12,0.0,
148,148,2026-10-06,Tuesday,45.0,45.0,12,0.0,0.0
148,148,2026-10-07,Wednesday,45.0,45.0,13,0.0,0.0
148,148,2026-10-08,Thursday,45.0,45.0,13,0.0,0.0
148,148,2026-10-09,Friday,45.0,45.0,13,0.0,0.0
148,148,2026-10-10,Saturday,0.0,0.0,13,0.0,
148,148,2026-10-11,Sunday,0.0,0.0,12,0.0,
148,148,2026-10-13,Tuesday,45.0,45.0,12,0.0,0.0
148,148,2026-10-14,Wednesday,45.0,45.0,13,0.0,0.0
148,148,2026-10-15,Thursday,45.0,45.0,13,0.0,0.0
148,148,2026-10-16,Friday,45.0,45.0,13,0.0,0.0
148,148,2026-10-17,Saturday,0.0,0.0,13,0.0,
148,148,2026-10-18,Sunday,0.0,0.0,12,0.0,
148,148,2026-10-20,Tuesday,45.0,45.0,12,0.0,0.0
148,148,2026-10-21,Wednesday,45.0,45.0,13,0.0,0.0
148,148,2026-10-22,Thursday,45.0,45.0,13,0.0,0.0
148,148,2026-10-23,Friday,45.0,45.0,13,0.0,0.0
148,148,2026-10-24,Saturday,0.0,0.0,13,0.0,
148,148,2026-10-25,Sunday,0.0,0.0,12,0.0,
148,148,2026-10-27,Tuesday,45.0,45.0,12,0.0,0.0
148,148,2026-10-28,Wednesday,45.0,45.0,13,0.0,0.0
148,148,2026-10-29,Thursday,45.0,45.0,13,0.0,0.0
148,148,2026-10-30,Friday,45.0,45.0,13,0.0,0.0
148,148,2026-10-31,Saturday,0.0,0.0,13,0.0,
15,15,2026-08-08,Saturday,138.0,138.0,13,0.0,0.0
15,15,2026-08-09,Sunday,110.0,110.0,12,0.0,0.0
15,15,2026-08-15,Saturday,138.0,138.0,13,0.0,0.0
15,15,2026-08-16,Sunday,110.0,110.0,12,0.0,0.0
15,15,2026-08-22,Saturday,138.0,138.0,13,0.0,0.0
15,15,2026-08-23,Sunday,110.0,110.0,12,0.0,0.0
15,15,2026-08-29,Saturday,138.0,138.0,13,0.0,0.0
15,15,2026-08-30,Sunday,110.0,110.0,12,0.0,0.0
15,15,2026-09-05,Saturday,138.0,138.0,13,0.0,0.0
15,15,2026-09-06,Sunday,110.0,110.0,12,0.0,0.0
15,15,2026-09-12,Saturday,138.0,138.0,13,0.0,0.0
15,15,2026-09-13,Sunday,110.0,110.0,12,0.0,0.0
15,15,2026-09-19,Saturday,138.0,138.0,13,0.0,0.0
15,15,2026-09-20,Sunday,110.0,110.0,12,0.0,0.0
15,15,2026-09-26,Saturday,138.0,138.0,13,0.0,0.0
15,15,2026-09-27,Sunday,110.0,110.0,12,0.0,0.0
15,15,2026-10-03,Saturday,138.0,138.0,13,0.0,0.0
15,15,2026-10-04,Sunday,110.0,110.0,12,0.0,0.0
15,15,2026-10-10,Saturday,138.0,138.0,13,0.0,0.0
15,15,2026-10-11,Sunday,110.0,110.0,12,0.0,0.0
15,15,2026-10-17,Saturday,138.0,138.0,13,0.0,0.0
15,15,2026-10-18,Sunday,110.0,110.0,12,0.0,0.0
15,15,2026-10-24,Saturday,138.0,138.0,13,0.0,0.0
15,15,2026-10-25,Sunday,110.0,110.0,12,0.0,0.0
15,15,2026-10-31,Saturday,138.0,138.0,13,0.0,0.0
151,151,2026-08-05,Wednesday,211.0,211.0,13,0.0,0.0
151,151,2026-08-06,Thursday,211.0,211.0,13,0.0,0.0
151,151,2026-08-07,Friday,211.0,211.0,13,0.0,0.0
151,151,2026-08-08,Saturday,225.0,225.0,13,0.0,0.0
151,151,2026-08-09,Sunday,185.0,185.0,12,0.0,0.0
151,151,2026-08-12,Wednesday,211.0,211.0,13,0.0,0.0
151,151,2026-08-13,Thursday,211.0,211.0,13,0.0,0.0
151,151,2026-08-14,Friday,211.0,211.0,13,0.0,0.0
151,151,2026-08-15,Saturday,225.0,225.0,13,0.0,0.0
151,151,2026-08-16,Sunday,185.0,185.0,12,0.0,0.0
151,151,2026-08-19,Wednesday,211.0,211.0,13,0.0,0.0
151,151,2026-08-20,Thursday,211.0,211.0,13,0.0,0.0
151,151,2026-08-21,Friday,211.0,211.0,13,0.0,0.0
151,151,2026-08-22,Saturday,225.0,225.0,13,0.0,0.0
151,151,2026-08-23,Sunday,185.0,185.0,12,0.0,0.0
151,151,2026-08-26,Wednesday,211.0,211.0,13,0.0,0.0
151,151,2026-08-27,Thursday,211.0,211.0,13,0.0,0.0
151,151,2026-08-28,Friday,211.0,211.0,13,0.0,0.0
151,151,2026-08-29,Saturday,225.0,225.0,13,0.0,0.0
151,151,2026-08-30,Sunday,185.0,185.0,12,0.0,0.0
151,151,2026-09-02,Wednesday,211.0,211.0,13,0.0,0.0
151,151,2026-09-03,Thursday,211.0,211.0,13,0.0,0.0
151,151,2026-09-04,Friday,211.0,211.0,13,0.0,0.0
151,151,2026-09-05,Saturday,225.0,225.0,13,0.0,0.0
151,151,2026-09-06,Sunday,185.0,185.0,12,0.0,0.0
151,151,2026-09-09,Wednesday,211.0,211.0,13,0.0,0.0
151,151,2026-09-10,Thursday,211.0,211.0,13,0.0,0.0
151,151,2026-09-11,Friday,211.0,211.0,13,0.0,0.0
151,151,2026-09-12,Saturday,225.0,225.0,13,0.0,0.0
151,151,2026-09-13,Sunday,185.0,185.0,12,0.0,0.0
151,151,2026-09-16,Wednesday,211.0,211.0,13,0.0,0.0
151,151,2026-09-17,Thursday,211.0,211.0,13,0.0,0.0
151,151,2026-09-18,Friday,211.0,211.0,13,0.0,0.0
151,151,2026-09-19,Saturday,225.0,225.0,13,0.0,0.0
151,151,2026-09-20,Sunday,185.0,185.0,12,0.0,0.0
151,151,2026-09-23,Wednesday,211.0,211.0,13,0.0,0.0
151,151,2026-09-24,Thursday,211.0,211.0,13,0.0,0.0
151,151,2026-09-25,Friday,211.0,211.0,13,0.0,0.0
151,151,2026-09-26,Saturday,225.0,225.0,13,0.0,0.0
151,151,2026-09-27,Sunday,185.0,185.0,12,0.0,0.0
151,151,2026-09-30,Wednesday,211.0,211.0,13,0.0,0.0
151,151,2026-10-01,Thursday,211.0,211.0,13,0.0,0.0
151,151,2026-10-02,Friday,211.0,211.0,13,0.0,0.0
151,151,2026-10-03,Saturday,225.0,225.0,13,0.0,0.0
151,151,2026-10-04,Sunday,185.0,185.0,12,0.0,0.0
151,151,2026-10-07,Wednesday,211.0,211.0,13,0.0,0.0
151,151,2026-10-08,Thursday,211.0,211.0,13,0.0,0.0
151,151,2026-10-09,Friday,211.0,211.0,13,0.0,0.0
151,151,2026-10-10,Saturday,225.0,225.0,13,0.0,0.0
151,151,2026-10-11,Sunday,185.0,185.0,12,0.0,0.0
151,151,2026-10-14,Wednesday,211.0,211.0,13,0.0,0.0
151,151,2026-10-15,Thursday,211.0,211.0,13,0.0,0.0
151,151,2026-10-16,Friday,211.0,211.0,13,0.0,0.0
151,151,2026-10-17,Saturday,225.0,225.0,13,0.0,0.0
151,151,2026-10-18,Sunday,185.0,185.0,12,0.0,0.0
151,151,2026-10-21,Wednesday,211.0,211.0,13,0.0,0.0
151,151,2026-10-22,Thursday,211.0,211.0,13,0.0,0.0
151,151,2026-10-23,Friday,211.0,211.0,13,0.0,0.0
151,151,2026-10-24,Saturday,225.0,225.0,13,0.0,0.0
151,151,2026-10-25,Sunday,185.0,185.0,12,0.0,0.0
151,151,2026-10-28,Wednesday,211.0,211.0,13,0.0,0.0
151,151,2026-10-29,Thursday,211.0,211.0,13,0.0,0.0
151,151,2026-10-30,Friday,211.0,211.0,13,0.0,0.0
151,151,2026-10-31,Saturday,225.0,225.0,13,0.0,0.0
155,155,2026-08-05,Wednesday,204.0,204.0,13,0.0,0.0
155,155,2026-08-06,Thursday,204.0,204.0,13,0.0,0.0
155,155,2026-08-07,Friday,204.0,204.0,13,0.0,0.0
155,155,2026-08-08,Saturday,182.0,182.0,13,0.0,0.0
155,155,2026-08-09,Sunday,146.0,146.0,12,0.0,0.0
155,155,2026-08-11,Tuesday,204.0,204.0,12,0.0,0.0
155,155,2026-08-12,Wednesday,204.0,204.0,13,0.0,0.0
155,155,2026-08-13,Thursday,204.0,204.0,13,0.0,0.0
155,155,2026-08-14,Friday,204.0,204.0,13,0.0,0.0
155,155,2026-08-15,Saturday,182.0,182.0,13,0.0,0.0
155,155,2026-08-16,Sunday,146.0,146.0,12,0.0,0.0
155,155,2026-08-18,Tuesday,204.0,204.0,12,0.0,0.0
155,155,2026-08-19,Wednesday,204.0,204.0,13,0.0,0.0
155,155,2026-08-20,Thursday,204.0,204.0,13,0.0,0.0
155,155,2026-08-21,Friday,204.0,204.0,13,0.0,0.0
155,155,2026-08-22,Saturday,182.0,182.0,13,0.0,0.0
155,155,2026-08-23,Sunday,146.0,146.0,12,0.0,0.0
155,155,2026-08-25,Tuesday,204.0,204.0,12,0.0,0.0
155,155,2026-08-26,Wednesday,204.0,204.0,13,0.0,0.0
155,155,2026-08-27,Thursday,204.0,204.0,13,0.0,0.0
155,155,2026-08-28,Friday,204.0,204.0,13,0.0,0.0
155,155,2026-08-29,Saturday,182.0,182.0,13,0.0,0.0
155,155,2026-08-30,Sunday,146.0,146.0,12,0.0,0.0
155,155,2026-09-01,Tuesday,204.0,204.0,12,0.0,0.0
156,156,2026-10-22,Thursday,136.0,136.0,13,0.0,0.0
156,156,2026-10-23,Friday,136.0,136.0,13,0.0,0.0
156,156,2026-10-24,Saturday,0.0,0.0,13,0.0,
156,156,2026-10-25,Sunday,0.0,0.0,12,0.0,
156,156,2026-10-27,Tuesday,136.0,136.0,12,0.0,0.0
156,156,2026-10-28,Wednesday,136.0,136.0,13,0.0,0.0
156,156,2026-10-29,Thursday,136.0,136.0,13,0.0,0.0
156,156,2026-10-30,Friday,136.0,136.0,13,0.0,0.0
156,156,2026-10-31,Saturday,0.0,0.0,13,0.0,
157,157,2026-08-08,Saturday,0.0,0.0,13,0.0,
157,157,2026-08-09,Sunday,0.0,0.0,12,0.0,
157,157,2026-08-15,Saturday,0.0,0.0,13,0.0,
157,157,2026-08-16,Sunday,0.0,0.0,12,0.0,
157,157,2026-08-22,Saturday,0.0,0.0,13,0.0,
157,157,2026-08-23,Sunday,0.0,0.0,12,0.0,
157,157,2026-08-29,Saturday,0.0,0.0,13,0.0,
157,157,2026-08-30,Sunday,0.0,0.0,12,0.0,
157,157,2026-09-05,Saturday,0.0,0.0,13,0.0,
157,157,2026-09-06,Sunday,0.0,0.0,12,0.0,
157,157,2026-09-12,Saturday,0.0,0.0,13,0.0,
157,157,2026-09-13,Sunday,0.0,0.0,12,0.0,
157,157,2026-09-19,Saturday,0.0,0.0,13,0.0,
157,157,2026-09-20,Sunday,0.0,0.0,12,0.0,
157,157,2026-09-26,Saturday,0.0,0.0,13,0.0,
157,157,2026-09-27,Sunday,0.0,0.0,12,0.0,
157,157,2026-10-03,Saturday,0.0,0.0,13,0.0,
157,157,2026-10-04,Sunday,0.0,0.0,12,0.0,
157,157,2026-10-10,Saturday,0.0,0.0,13,0.0,
157,157,2026-10-11,Sunday,0.0,0.0,12,0.0,
157,157,2026-10-17,Saturday,0.0,0.0,13,0.0,
157,157,2026-10-18,Sunday,0.0,0.0,12,0.0,
157,157,2026-10-24,Saturday,0.0,0.0,13,0.0,
157,157,2026-10-25,Sunday,0.0,0.0,12,0.0,
157,157,2026-10-31,Saturday,0.0,0.0,13,0.0,
165,165,2026-08-05,Wednesday,19.0,19.0,13,0.0,0.0
165,165,2026-08-06,Thursday,19.0,19.0,13,0.0,0.0
165,165,2026-08-07,Friday,19.0,19.0,13,0.0,0.0
165,165,2026-08-08,Saturday,0.0,0.0,13,0.0,
165,165,2026-08-09,Sunday,0.0,0.0,12,0.0,
165,165,2026-08-11,Tuesday,19.0,19.0,12,0.0,0.0
165,165,2026-08-12,Wednesday,19.0,19.0,13,0.0,0.0
165,165,2026-08-13,Thursday,19.0,19.0,13,0.0,0.0
165,165,2026-08-14,Friday,19.0,19.0,13,0.0,0.0
165,165,2026-08-15,Saturday,0.0,0.0,13,0.0,
165,165,2026-08-16,Sunday,0.0,0.0,12,0.0,
165,165,2026-08-18,Tuesday,19.0,19.0,12,0.0,0.0
165,165,2026-08-19,Wednesday,19.0,19.0,13,0.0,0.0
165,165,2026-08-20,Thursday,19.0,19.0,13,0.0,0.0
165,165,2026-08-21,Friday,19.0,19.0,13,0.0,0.0
165,165,2026-08-22,Saturday,0.0,0.0,13,0.0,
165,165,2026-08-23,Sunday,0.0,0.0,12,0.0,
165,165,2026-08-25,Tuesday,19.0,19.0,12,0.0,0.0
165,165,2026-08-26,Wednesday,19.0,19.0,13,0.0,0.0
165,165,2026-08-27,Thursday,19.0,19.0,13,0.0,0.0
165,165,2026-08-28,Friday,19.0,19.0,13,0.0,0.0
165,165,2026-08-29,Saturday,0.0,0.0,13,0.0,
165,165,2026-08-30,Sunday,0.0,0.0,12,0.0,
165,165,2026-09-01,Tuesday,19.0,19.0,12,0.0,0.0
165,165,2026-09-02,Wednesday,19.0,19.0,13,0.0,0.0
165,165,2026-09-03,Thursday,19.0,19.0,13,0.0,0.0
165,165,2026-09-04,Friday,19.0,19.0,13,0.0,0.0
165,165,2026-09-05,Saturday,0.0,0.0,13,0.0,
165,165,2026-09-06,Sunday,0.0,0.0,12,0.0,
165,165,2026-09-08,Tuesday,19.0,19.0,12,0.0,0.0
165,165,2026-09-09,Wednesday,19.0,19.0,13,0.0,0.0
165,165,2026-09-10,Thursday,19.0,19.0,13,0.0,0.0
165,165,2026-09-11,Friday,19.0,19.0,13,0.0,0.0
165,165,2026-09-12,Saturday,0.0,0.0,13,0.0,
165,165,2026-09-13,Sunday,0.0,0.0,12,0.0,
165,165,2026-09-15,Tuesday,19.0,19.0,12,0.0,0.0
165,165,2026-09-16,Wednesday,19.0,19.0,13,0.0,0.0
165,165,2026-09-17,Thursday,19.0,19.0,13,0.0,0.0
165,165,2026-09-18,Friday,19.0,19.0,13,0.0,0.0
165,165,2026-09-19,Saturday,0.0,0.0,13,0.0,
165,165,2026-09-20,Sunday,0.0,0.0,12,0.0,
165,165,2026-09-22,Tuesday,19.0,19.0,12,0.0,0.0
165,165,2026-09-23,Wednesday,19.0,19.0,13,0.0,0.0
165,165,2026-09-24,Thursday,19.0,19.0,13,0.0,0.0
165,165,2026-09-25,Friday,19.0,19.0,13,0.0,0.0
165,165,2026-09-26,Saturday,0.0,0.0,13,0.0,
165,165,2026-09-27,Sunday,0.0,0.0,12,0.0,
165,165,2026-09-29,Tuesday,19.0,19.0,12,0.0,0.0
165,165,2026-09-30,Wednesday,19.0,19.0,13,0.0,0.0
165,165,2026-10-01,Thursday,19.0,19.0,13,0.0,0.0
165,165,2026-10-02,Friday,19.0,19.0,13,0.0,0.0
165,165,2026-10-03,Saturday,0.0,0.0,13,0.0,
165,165,2026-10-04,Sunday,0.0,0.0,12,0.0,
165,165,2026-10-06,Tuesday,19.0,19.0,12,0.0,0.0
165,165,2026-10-07,Wednesday,19.0,19.0,13,0.0,0.0
165,165,2026-10-08,Thursday,19.0,19.0,13,0.0,0.0
165,165,2026-10-09,Friday,19.0,19.0,13,0.0,0.0
165,165,2026-10-10,Saturday,0.0,0.0,13,0.0,
165,165,2026-10-11,Sunday,0.0,0.0,12,0.0,
165,165,2026-10-13,Tuesday,19.0,19.0,12,0.0,0.0
165,165,2026-10-14,Wednesday,19.0,19.0,13,0.0,0.0
165,165,2026-10-15,Thursday,19.0,19.0,13,0.0,0.0
165,165,2026-10-16,Friday,19.0,19.0,13,0.0,0.0
165,165,2026-10-17,Saturday,0.0,0.0,13,0.0,
165,165,2026-10-18,Sunday,0.0,0.0,12,0.0,
165,165,2026-10-20,Tuesday,19.0,19.0,12,0.0,0.0
165,165,2026-10-21,Wednesday,19.0,19.0,13,0.0,0.0
165,165,2026-10-22,Thursday,19.0,19.0,13,0.0,0.0
165,165,2026-10-23,Friday,19.0,19.0,13,0.0,0.0
165,165,2026-10-24,Saturday,0.0,0.0,13,0.0,
165,165,2026-10-25,Sunday,0.0,0.0,12,0.0,
165,165,2026-10-27,Tuesday,19.0,19.0,12,0.0,0.0
165,165,2026-10-28,Wednesday,19.0,19.0,13,0.0,0.0
165,165,2026-10-29,Thursday,19.0,19.0,13,0.0,0.0
165,165,2026-10-30,Friday,19.0,19.0,13,0.0,0.0
165,165,2026-10-31,Saturday,0.0,0.0,13,0.0,
169,169,2026-08-05,Wednesday,10.0,10.0,13,0.0,0.0
169,169,2026-08-06,Thursday,10.0,10.0,13,0.0,0.0
169,169,2026-08-07,Friday,10.0,10.0,13,0.0,0.0
169,169,2026-08-08,Saturday,1.0,1.0,13,0.0,0.0
169,169,2026-08-09,Sunday,0.0,0.0,12,0.0,
169,169,2026-08-11,Tuesday,10.0,10.0,12,0.0,0.0
169,169,2026-08-12,Wednesday,10.0,10.0,13,0.0,0.0
169,169,2026-08-13,Thursday,10.0,10.0,13,0.0,0.0
169,169,2026-08-14,Friday,10.0,10.0,13,0.0,0.0
169,169,2026-08-15,Saturday,1.0,1.0,13,0.0,0.0
169,169,2026-08-16,Sunday,0.0,0.0,12,0.0,
169,169,2026-08-18,Tuesday,10.0,10.0,12,0.0,0.0
169,169,2026-08-19,Wednesday,10.0,10.0,13,0.0,0.0
169,169,2026-08-20,Thursday,10.0,10.0,13,0.0,0.0
169,169,2026-08-21,Friday,10.0,10.0,13,0.0,0.0
169,169,2026-08-22,Saturday,1.0,1.0,13,0.0,0.0
169,169,2026-08-23,Sunday,0.0,0.0,12,0.0,
169,169,2026-08-25,Tuesday,10.0,10.0,12,0.0,0.0
169,169,2026-08-26,Wednesday,10.0,10.0,13,0.0,0.0
169,169,2026-08-27,Thursday,10.0,10.0,13,0.0,0.0
169,169,2026-08-28,Friday,10.0,10.0,13,0.0,0.0
169,169,2026-08-29,Saturday,1.0,1.0,13,0.0,0.0
169,169,2026-08-30,Sunday,0.0,0.0,12,0.0,
169,169,2026-09-01,Tuesday,10.0,10.0,12,0.0,0.0
169,169,2026-09-02,Wednesday,10.0,10.0,13,0.0,0.0
169,169,2026-09-03,Thursday,10.0,10.0,13,0.0,0.0
169,169,2026-09-04,Friday,10.0,10.0,13,0.0,0.0
169,169,2026-09-05,Saturday,1.0,1.0,13,0.0,0.0
169,169,2026-09-06,Sunday,0.0,0.0,12,0.0,
169,169,2026-09-08,Tuesday,10.0,10.0,12,0.0,0.0
169,169,2026-09-09,Wednesday,10.0,10.0,13,0.0,0.0
169,169,2026-09-10,Thursday,10.0,10.0,13,0.0,0.0
169,169,2026-09-11,Friday,10.0,10.0,13,0.0,0.0
169,169,2026-09-12,Saturday,1.0,1.0,13,0.0,0.0
169,169,2026-09-13,Sunday,0.0,0.0,12,0.0,
169,169,2026-09-15,Tuesday,10.0,10.0,12,0.0,0.0
169,169,2026-09-16,Wednesday,10.0,10.0,13,0.0,0.0
169,169,2026-09-17,Thursday,10.0,10.0,13,0.0,0.0
169,169,2026-09-18,Friday,10.0,10.0,13,0.0,0.0
169,169,2026-09-19,Saturday,1.0,1.0,13,0.0,0.0
169,169,2026-09-20,Sunday,0.0,0.0,12,0.0,
169,169,2026-09-22,Tuesday,10.0,10.0,12,0.0,0.0
169,169,2026-09-23,Wednesday,10.0,10.0,13,0.0,0.0
169,169,2026-09-24,Thursday,10.0,10.0,13,0.0,0.0
169,169,2026-09-25,Friday,10.0,10.0,13,0.0,0.0
169,169,2026-09-26,Saturday,1.0,1.0,13,0.0,0.0
169,169,2026-09-27,Sunday,0.0,0.0,12,0.0,
169,169,2026-09-29,Tuesday,10.0,10.0,12,0.0,0.0
169,169,2026-09-30,Wednesday,10.0,10.0,13,0.0,0.0
169,169,2026-10-01,Thursday,10.0,10.0,13,0.0,0.0
169,169,2026-10-02,Friday,10.0,10.0,13,0.0,0.0
169,169,2026-10-03,Saturday,1.0,1.0,13,0.0,0.0
169,169,2026-10-04,Sunday,0.0,0.0,12,0.0,
169,169,2026-10-06,Tuesday,10.0,10.0,12,0.0,0.0
169,169,2026-10-07,Wednesday,10.0,10.0,13,0.0,0.0
169,169,2026-10-08,Thursday,10.0,10.0,13,0.0,0.0
169,169,2026-10-09,Friday,10.0,10.0,13,0.0,0.0
169,169,2026-10-10,Saturday,1.0,1.0,13,0.0,0.0
169,169,2026-10-11,Sunday,0.0,0.0,12,0.0,
169,169,2026-10-13,Tuesday,10.0,10.0,12,0.0,0.0
169,169,2026-10-14,Wednesday,10.0,10.0,13,0.0,0.0
169,169,2026-10-15,Thursday,10.0,10.0,13,0.0,0.0
169,169,2026-10-16,Friday,10.0,10.0,13,0.0,0.0
169,169,2026-10-17,Saturday,1.0,1.0,13,0.0,0.0
169,169,2026-10-18,Sunday,0.0,0.0,12,0.0,
169,169,2026-10-20,Tuesday,10.0,10.0,12,0.0,0.0
169,169,2026-10-21,Wednesday,10.0,10.0,13,0.0,0.0
169,169,2026-10-22,Thursday,10.0,10.0,13,0.0,0.0
169,169,2026-10-23,Friday,10.0,10.0,13,0.0,0.0
169,169,2026-10-24,Saturday,1.0,1.0,13,0.0,0.0
169,169,2026-10-25,Sunday,0.0,0.0,12,0.0,
169,169,2026-10-27,Tuesday,10.0,10.0,12,0.0,0.0
169,169,2026-10-28,Wednesday,10.0,10.0,13,0.0,0.0
169,169,2026-10-29,Thursday,10.0,10.0,13,0.0,0.0
169,169,2026-10-30,Friday,10.0,10.0,13,0.0,0.0
169,169,2026-10-31,Saturday,1.0,1.0,13,0.0,0.0
171,171,2026-08-09,Sunday,0.0,0.0,12,0.0,
171,171,2026-08-16,Sunday,0.0,0.0,12,0.0,
171,171,2026-08-23,Sunday,0.0,0.0,12,0.0,
171,171,2026-08-30,Sunday,0.0,0.0,12,0.0,
171,171,2026-09-06,Sunday,0.0,0.0,12,0.0,
171,171,2026-09-13,Sunday,0.0,0.0,12,0.0,
171,171,2026-09-20,Sunday,0.0,0.0,12,0.0,
171,171,2026-09-27,Sunday,0.0,0.0,12,0.0,
171,171,2026-10-04,Sunday,0.0,0.0,12,0.0,
171,171,2026-10-11,Sunday,0.0,0.0,12,0.0,
171,171,2026-10-18,Sunday,0.0,0.0,12,0.0,
171,171,2026-10-25,Sunday,0.0,0.0,12,0.0,
201,201,2026-08-30,Sunday,0.0,0.0,12,0.0,
201,201,2026-09-01,Tuesday,76.0,76.0,12,0.0,0.0
201,201,2026-09-02,Wednesday,76.0,76.0,13,0.0,0.0
201,201,2026-09-03,Thursday,76.0,76.0,13,0.0,0.0
201,201,2026-09-04,Friday,76.0,76.0,13,0.0,0.0
201,201,2026-09-05,Saturday,63.0,63.0,13,0.0,0.0
201,201,2026-09-06,Sunday,0.0,0.0,12,0.0,
201,201,2026-09-08,Tuesday,76.0,76.0,12,0.0,0.0
201,201,2026-09-09,Wednesday,76.0,76.0,13,0.0,0.0
201,201,2026-09-10,Thursday,76.0,76.0,13,0.0,0.0
201,201,2026-09-11,Friday,76.0,76.0,13,0.0,0.0
201,201,2026-09-12,Saturday,63.0,63.0,13,0.0,0.0
201,201,2026-09-13,Sunday,0.0,0.0,12,0.0,
201,201,2026-09-15,Tuesday,76.0,76.0,12,0.0,0.0
201,201,2026-09-16,Wednesday,76.0,76.0,13,0.0,0.0
201,201,2026-09-17,Thursday,76.0,76.0,13,0.0,0.0
201,201,2026-09-18,Friday,76.0,76.0,13,0.0,0.0
201,201,2026-09-19,Saturday,63.0,63.0,13,0.0,0.0
201,201,2026-09-20,Sunday,0.0,0.0,12,0.0,
201,201,2026-09-22,Tuesday,76.0,76.0,12,0.0,0.0
201,201,2026-09-23,Wednesday,76.0,76.0,13,0.0,0.0
201,201,2026-09-24,Thursday,76.0,76.0,13,0.0,0.0
201,201,2026-09-25,Friday,76.0,76.0,13,0.0,0.0
201,201,2026-09-26,Saturday,63.0,63.0,13,0.0,0.0
201,201,2026-09-27,Sunday,0.0,0.0,12,0.0,
201,201,2026-09-29,Tuesday,76.0,76.0,12,0.0,0.0
201,201,2026-09-30,Wednesday,76.0,76.0,13,0.0,0.0
201,201,2026-10-01,Thursday,76.0,76.0,13,0.0,0.0
201,201,2026-10-02,Friday,76.0,76.0,13,0.0,0.0
201,201,2026-10-03,Saturday,63.0,63.0,13,0.0,0.0
201,201,2026-10-04,Sunday,0.0,0.0,12,0.0,
201,201,2026-10-06,Tuesday,76.0,76.0,12,0.0,0.0
201,201,2026-10-07,Wednesday,76.0,76.0,13,0.0,0.0
201,201,2026-10-08,Thursday,76.0,76.0,13,0.0,0.0
201,201,2026-10-09,Friday,76.0,76.0,13,0.0,0.0
201,201,2026-10-10,Saturday,63.0,63.0,13,0.0,0.0
201,201,2026-10-11,Sunday,0.0,0.0,12,0.0,
201,201,2026-10-13,Tuesday,76.0,76.0,12,0.0,0.0
201,201,2026-10-14,Wednesday,76.0,76.0,13,0.0,0.0
201,201,2026-10-15,Thursday,76.0,76.0,13,0.0,0.0
201,201,2026-10-16,Friday,76.0,76.0,13,0.0,0.0
201,201,2026-10-17,Saturday,63.0,63.0,13,0.0,0.0
201,201,2026-10-18,Sunday,0.0,0.0,12,0.0,
201,201,2026-10-20,Tuesday,76.0,76.0,12,0.0,0.0
201,201,2026-10-21,Wednesday,76.0,76.0,13,0.0,0.0
201,201,2026-10-22,Thursday,76.0,76.0,13,0.0,0.0
201,201,2026-10-23,Friday,76.0,76.0,13,0.0,0.0
201,201,2026-10-24,Saturday,63.0,63.0,13,0.0,0.0
201,201,2026-10-25,Sunday,0.0,0.0,12,0.0,
201,201,2026-10-27,Tuesday,76.0,76.0,12,0.0,0.0
201,201,2026-10-28,Wednesday,76.0,76.0,13,0.0,0.0
201,201,2026-10-29,Thursday,76.0,76.0,13,0.0,0.0
201,201,2026-10-30,Friday,76.0,76.0,13,0.0,0.0
201,201,2026-10-31,Saturday,63.0,63.0,13,0.0,0.0
206,206,2026-08-08,Saturday,0.0,0.0,13,0.0,
206,206,2026-08-09,Sunday,0.0,0.0,12,0.0,
206,206,2026-08-15,Saturday,0.0,0.0,13,0.0,
206,206,2026-08-16,Sunday,0.0,0.0,12,0.0,
206,206,2026-08-22,Saturday,0.0,0.0,13,0.0,
206,206,2026-08-23,Sunday,0.0,0.0,12,0.0,
206,206,2026-08-29,Saturday,0.0,0.0,13,0.0,
206,206,2026-08-30,Sunday,0.0,0.0,12,0.0,
206,206,2026-09-05,Saturday,0.0,0.0,13,0.0,
206,206,2026-09-06,Sunday,0.0,0.0,12,0.0,
206,206,2026-09-12,Saturday,0.0,0.0,13,0.0,
206,206,2026-09-13,Sunday,0.0,0.0,12,0.0,
206,206,2026-09-19,Saturday,0.0,0.0,13,0.0,
206,206,2026-09-20,Sunday,0.0,0.0,12,0.0,
206,206,2026-09-26,Saturday,0.0,0.0,13,0.0,
206,206,2026-09-27,Sunday,0.0,0.0,12,0.0,
206,206,2026-10-03,Saturday,0.0,0.0,13,0.0,
206,206,2026-10-04,Sunday,0.0,0.0,12,0.0,
206,206,2026-10-10,Saturday,0.0,0.0,13,0.0,
206,206,2026-10-11,Sunday,0.0,0.0,12,0.0,
206,206,2026-10-17,Saturday,0.0,0.0,13,0.0,
206,206,2026-10-18,Sunday,0.0,0.0,12,0.0,
206,206,2026-10-24,Saturday,0.0,0.0,13,0.0,
206,206,2026-10-25,Sunday,0.0,0.0,12,0.0,
206,206,2026-10-31,Saturday,0.0,0.0,13,0.0,
22,22,2026-08-05,Wednesday,239.0,239.0,13,0.0,0.0
22,22,2026-08-06,Thursday,239.0,239.0,13,0.0,0.0
22,22,2026-08-07,Friday,239.0,239.0,13,0.0,0.0
22,22,2026-08-08,Saturday,224.0,224.0,13,0.0,0.0
22,22,2026-08-09,Sunday,193.0,193.0,12,0.0,0.0
22,22,2026-08-12,Wednesday,239.0,239.0,13,0.0,0.0
22,22,2026-08-13,Thursday,239.0,239.0,13,0.0,0.0
22,22,2026-08-14,Friday,239.0,239.0,13,0.0,0.0
22,22,2026-08-15,Saturday,224.0,224.0,13,0.0,0.0
22,22,2026-08-16,Sunday,193.0,193.0,12,0.0,0.0
22,22,2026-08-19,Wednesday,239.0,239.0,13,0.0,0.0
22,22,2026-08-20,Thursday,239.0,239.0,13,0.0,0.0
22,22,2026-08-21,Friday,239.0,239.0,13,0.0,0.0
22,22,2026-08-22,Saturday,224.0,224.0,13,0.0,0.0
22,22,2026-08-23,Sunday,193.0,193.0,12,0.0,0.0
22,22,2026-08-26,Wednesday,239.0,239.0,13,0.0,0.0
22,22,2026-08-27,Thursday,239.0,239.0,13,0.0,0.0
22,22,2026-08-28,Friday,239.0,239.0,13,0.0,0.0
22,22,2026-08-29,Saturday,224.0,224.0,13,0.0,0.0
22,22,2026-08-30,Sunday,193.0,193.0,12,0.0,0.0
22,22,2026-09-02,Wednesday,239.0,239.0,13,0.0,0.0
22,22,2026-09-03,Thursday,239.0,239.0,13,0.0,0.0
22,22,2026-09-04,Friday,239.0,239.0,13,0.0,0.0
22,22,2026-09-05,Saturday,224.0,224.0,13,0.0,0.0
22,22,2026-09-06,Sunday,193.0,193.0,12,0.0,0.0
22,22,2026-09-09,Wednesday,239.0,239.0,13,0.0,0.0
22,22,2026-09-10,Thursday,239.0,239.0,13,0.0,0.0
22,22,2026-09-11,Friday,239.0,239.0,13,0.0,0.0
22,22,2026-09-12,Saturday,224.0,224.0,13,0.0,0.0
22,22,2026-09-13,Sunday,193.0,193.0,12,0.0,0.0
22,22,2026-09-16,Wednesday,239.0,239.0,13,0.0,0.0
22,22,2026-09-17,Thursday,239.0,239.0,13,0.0,0.0
22,22,2026-09-18,Friday,239.0,239.0,13,0.0,0.0
22,22,2026-09-19,Saturday,224.0,224.0,13,0.0,0.0
22,22,2026-09-20,Sunday,193.0,193.0,12,0.0,0.0
22,22,2026-09-23,Wednesday,239.0,239.0,13,0.0,0.0
22,22,2026-09-24,Thursday,239.0,239.0,13,0.0,0.0
22,22,2026-09-25,Friday,239.0,239.0,13,0.0,0.0
22,22,2026-09-26,Saturday,224.0,224.0,13,0.0,0.0
22,22,2026-09-27,Sunday,193.0,193.0,12,0.0,0.0
22,22,2026-09-30,Wednesday,239.0,239.0,13,0.0,0.0
22,22,2026-10-01,Thursday,239.0,239.0,13,0.0,0.0
22,22,2026-10-02,Friday,239.0,239.0,13,0.0,0.0
22,22,2026-10-03,Saturday,224.0,224.0,13,0.0,0.0
22,22,2026-10-04,Sunday,193.0,193.0,12,0.0,0.0
22,22,2026-10-07,Wednesday,239.0,239.0,13,0.0,0.0
22,22,2026-10-08,Thursday,239.0,239.0,13,0.0,0.0
22,22,2026-10-09,Friday,239.0,239.0,13,0.0,0.0
22,22,2026-10-10,Saturday,224.0,224.0,13,0.0,0.0
22,22,2026-10-11,Sunday,193.0,193.0,12,0.0,0.0
22,22,2026-10-14,Wednesday,239.0,239.0,13,0.0,0.0
22,22,2026-10-15,Thursday,239.0,239.0,13,0.0,0.0
22,22,2026-10-16,Friday,239.0,239.0,13,0.0,0.0
22,22,2026-10-17,Saturday,224.0,224.0,13,0.0,0.0
22,22,2026-10-18,Sunday,193.0,193.0,12,0.0,0.0
22,22,2026-10-21,Wednesday,239.0,239.0,13,0.0,0.0
22,22,2026-10-22,Thursday,239.0,239.0,13,0.0,0.0
22,22,2026-10-23,Friday,239.0,239.0,13,0.0,0.0
22,22,2026-10-24,Saturday,224.0,224.0,13,0.0,0.0
22,22,2026-10-25,Sunday,193.0,193.0,12,0.0,0.0
22,22,2026-10-28,Wednesday,239.0,239.0,13,0.0,0.0
22,22,2026-10-29,Thursday,239.0,239.0,13,0.0,0.0
22,22,2026-10-30,Friday,239.0,239.0,13,0.0,0.0
22,22,2026-10-31,Saturday,224.0,224.0,13,0.0,0.0
24,24,2026-08-08,Saturday,0.0,0.0,13,0.0,
24,24,2026-08-09,Sunday,0.0,0.0,12,0.0,
24,24,2026-08-15,Saturday,0.0,0.0,13,0.0,
24,24,2026-08-16,Sunday,0.0,0.0,12,0.0,
24,24,2026-08-22,Saturday,0.0,0.0,13,0.0,
24,24,2026-08-23,Sunday,0.0,0.0,12,0.0,
24,24,2026-08-29,Saturday,0.0,0.0,13,0.0,
24,24,2026-08-30,Sunday,0.0,0.0,12,0.0,
24,24,2026-09-05,Saturday,0.0,0.0,13,0.0,
24,24,2026-09-06,Sunday,0.0,0.0,12,0.0,
24,24,2026-09-12,Saturday,0.0,0.0,13,0.0,
24,24,2026-09-13,Sunday,0.0,0.0,12,0.0,
24,24,2026-09-19,Saturday,0.0,0.0,13,0.0,
24,24,2026-09-20,Sunday,0.0,0.0,12,0.0,
24,24,2026-09-26,Saturday,0.0,0.0,13,0.0,
24,24,2026-09-27,Sunday,0.0,0.0,12,0.0,
24,24,2026-10-03,Saturday,0.0,0.0,13,0.0,
24,24,2026-10-04,Sunday,0.0,0.0,12,0.0,
24,24,2026-10-10,Saturday,0.0,0.0,13,0.0,
24,24,2026-10-11,Sunday,0.0,0.0,12,0.0,
24,24,2026-10-17,Saturday,0.0,0.0,13,0.0,
24,24,2026-10-18,Sunday,0.0,0.0,12,0.0,
24,24,2026-10-24,Saturday,0.0,0.0,13,0.0,
24,24,2026-10-25,Sunday,0.0,0.0,12,0.0,
24,24,2026-10-31,Saturday,0.0,0.0,13,0.0,
26,26,2026-08-05,Wednesday,86.0,86.0,13,0.0,0.0
26,26,2026-08-06,Thursday,86.0,86.0,13,0.0,0.0
26,26,2026-08-07,Friday,86.0,86.0,13,0.0,0.0
26,26,2026-08-08,Saturday,0.0,0.0,13,0.0,
26,26,2026-08-09,Sunday,0.0,0.0,12,0.0,
26,26,2026-08-11,Tuesday,86.0,86.0,12,0.0,0.0
26,26,2026-08-12,Wednesday,86.0,86.0,13,0.0,0.0
26,26,2026-08-13,Thursday,86.0,86.0,13,0.0,0.0
26,26,2026-08-14,Friday,86.0,86.0,13,0.0,0.0
26,26,2026-08-15,Saturday,0.0,0.0,13,0.0,
26,26,2026-08-16,Sunday,0.0,0.0,12,0.0,
26,26,2026-08-18,Tuesday,86.0,86.0,12,0.0,0.0
26,26,2026-08-19,Wednesday,86.0,86.0,13,0.0,0.0
26,26,2026-08-20,Thursday,86.0,86.0,13,0.0,0.0
26,26,2026-08-21,Friday,86.0,86.0,13,0.0,0.0
26,26,2026-08-22,Saturday,0.0,0.0,13,0.0,
26,26,2026-08-23,Sunday,0.0,0.0,12,0.0,
26,26,2026-08-25,Tuesday,86.0,86.0,12,0.0,0.0
26,26,2026-08-26,Wednesday,86.0,86.0,13,0.0,0.0
26,26,2026-08-27,Thursday,86.0,86.0,13,0.0,0.0
26,26,2026-08-28,Friday,86.0,86.0,13,0.0,0.0
26,26,2026-08-29,Saturday,0.0,0.0,13,0.0,
26,26,2026-08-30,Sunday,0.0,0.0,12,0.0,
26,26,2026-09-01,Tuesday,86.0,86.0,12,0.0,0.0
26,26,2026-09-02,Wednesday,86.0,86.0,13,0.0,0.0
26,26,2026-09-03,Thursday,86.0,86.0,13,0.0,0.0
26,26,2026-09-04,Friday,86.0,86.0,13,0.0,0.0
26,26,2026-09-05,Saturday,0.0,0.0,13,0.0,
26,26,2026-09-06,Sunday,0.0,0.0,12,0.0,
26,26,2026-09-08,Tuesday,86.0,86.0,12,0.0,0.0
26,26,2026-09-09,Wednesday,86.0,86.0,13,0.0,0.0
26,26,2026-09-10,Thursday,86.0,86.0,13,0.0,0.0
26,26,2026-09-11,Friday,86.0,86.0,13,0.0,0.0
26,26,2026-09-12,Saturday,0.0,0.0,13,0.0,
26,26,2026-09-13,Sunday,0.0,0.0,12,0.0,
26,26,2026-09-15,Tuesday,86.0,86.0,12,0.0,0.0
26,26,2026-09-16,Wednesday,86.0,86.0,13,0.0,0.0
26,26,2026-09-17,Thursday,86.0,86.0,13,0.0,0.0
26,26,2026-09-18,Friday,86.0,86.0,13,0.0,0.0
26,26,2026-09-19,Saturday,0.0,0.0,13,0.0,
26,26,2026-09-20,Sunday,0.0,0.0,12,0.0,
26,26,2026-09-22,Tuesday,86.0,86.0,12,0.0,0.0
26,26,2026-09-23,Wednesday,86.0,86.0,13,0.0,0.0
26,26,2026-09-24,Thursday,86.0,86.0,13,0.0,0.0
26,26,2026-09-25,Friday,86.0,86.0,13,0.0,0.0
26,26,2026-09-26,Saturday,0.0,0.0,13,0.0,
26,26,2026-09-27,Sunday,0.0,0.0,12,0.0,
26,26,2026-09-29,Tuesday,86.0,86.0,12,0.0,0.0
26,26,2026-09-30,Wednesday,86.0,86.0,13,0.0,0.0
26,26,2026-10-01,Thursday,86.0,86.0,13,0.0,0.0
26,26,2026-10-02,Friday,86.0,86.0,13,0.0,0.0
26,26,2026-10-03,Saturday,0.0,0.0,13,0.0,
26,26,2026-10-04,Sunday,0.0,0.0,12,0.0,
26,26,2026-10-06,Tuesday,86.0,86.0,12,0.0,0.0
26,26,2026-10-07,Wednesday,86.0,86.0,13,0.0,0.0
26,26,2026-10-08,Thursday,86.0,86.0,13,0.0,0.0
26,26,2026-10-09,Friday,86.0,86.0,13,0.0,0.0
26,26,2026-10-10,Saturday,0.0,0.0,13,0.0,
26,26,2026-10-11,Sunday,0.0,0.0,12,0.0,
26,26,2026-10-13,Tuesday,86.0,86.0,12,0.0,0.0
26,26,2026-10-14,Wednesday,86.0,86.0,13,0.0,0.0
26,26,2026-10-15,Thursday,86.0,86.0,13,0.0,0.0
26,26,2026-10-16,Friday,86.0,86.0,13,0.0,0.0
26,26,2026-10-17,Saturday,0.0,0.0,13,0.0,
26,26,2026-10-18,Sunday,0.0,0.0,12,0.0,
26,26,2026-10-20,Tuesday,86.0,86.0,12,0.0,0.0
26,26,2026-10-21,Wednesday,86.0,86.0,13,0.0,0.0
26,26,2026-10-22,Thursday,86.0,86.0,13,0.0,0.0
26,26,2026-10-23,Friday,86.0,86.0,13,0.0,0.0
26,26,2026-10-24,Saturday,0.0,0.0,13,0.0,
26,26,2026-10-25,Sunday,0.0,0.0,12,0.0,
26,26,2026-10-27,Tuesday,86.0,86.0,12,0.0,0.0
26,26,2026-10-28,Wednesday,86.0,86.0,13,0.0,0.0
26,26,2026-10-29,Thursday,86.0,86.0,13,0.0,0.0
26,26,2026-10-30,Friday,86.0,86.0,13,0.0,0.0
26,26,2026-10-31,Saturday,0.0,0.0,13,0.0,
28,28,2026-08-08,Saturday,130.0,130.0,13,0.0,0.0
28,28,2026-08-09,Sunday,116.0,116.0,12,0.0,0.0
28,28,2026-08-15,Saturday,130.0,130.0,13,0.0,0.0
28,28,2026-08-16,Sunday,116.0,116.0,12,0.0,0.0
28,28,2026-08-22,Saturday,130.0,130.0,13,0.0,0.0
28,28,2026-08-23,Sunday,116.0,116.0,12,0.0,0.0
28,28,2026-08-29,Saturday,130.0,130.0,13,0.0,0.0
28,28,2026-08-30,Sunday,116.0,116.0,12,0.0,0.0
28,28,2026-09-05,Saturday,130.0,130.0,13,0.0,0.0
28,28,2026-09-06,Sunday,116.0,116.0,12,0.0,0.0
28,28,2026-09-12,Saturday,130.0,130.0,13,0.0,0.0
28,28,2026-09-13,Sunday,116.0,116.0,12,0.0,0.0
28,28,2026-09-19,Saturday,130.0,130.0,13,0.0,0.0
28,28,2026-09-20,Sunday,116.0,116.0,12,0.0,0.0
156,156,2026-09-27,Sunday,0.0,0.0,12,0.0,
192,192,2026-09-17,Thursday,19.0,19.0,13,0.0,0.0
192,192,2026-09-18,Friday,19.0,19.0,13,0.0,0.0
192,192,2026-09-19,Saturday,0.0,0.0,13,0.0,
192,192,2026-09-20,Sunday,0.0,0.0,12,0.0,
192,192,2026-09-22,Tuesday,19.0,19.0,12,0.0,0.0
192,192,2026-09-23,Wednesday,19.0,19.0,13,0.0,0.0
192,192,2026-09-24,Thursday,19.0,19.0,13,0.0,0.0
192,192,2026-09-25,Friday,19.0,19.0,13,0.0,0.0
192,192,2026-09-26,Saturday,0.0,0.0,13,0.0,
155,155,2026-09-04,Friday,204.0,204.0,13,0.0,0.0
156,156,2026-09-29,Tuesday,136.0,136.0,12,0.0,0.0
192,192,2026-09-27,Sunday,0.0,0.0,12,0.0,
192,192,2026-09-29,Tuesday,19.0,19.0,12,0.0,0.0
192,192,2026-09-30,Wednesday,19.0,19.0,13,0.0,0.0
192,192,2026-10-01,Thursday,19.0,19.0,13,0.0,0.0
155,155,2026-09-05,Saturday,182.0,182.0,13,0.0,0.0
156,156,2026-09-30,Wednesday,136.0,136.0,13,0.0,0.0
192,192,2026-10-02,Friday,19.0,19.0,13,0.0,0.0
192,192,2026-10-03,Saturday,0.0,0.0,13,0.0,
192,192,2026-10-04,Sunday,0.0,0.0,12,0.0,
192,192,2026-10-06,Tuesday,19.0,19.0,12,0.0,0.0
156,156,2026-10-01,Thursday,136.0,136.0,13,0.0,0.0
192,192,2026-10-07,Wednesday,19.0,19.0,13,0.0,0.0
192,192,2026-10-08,Thursday,19.0,19.0,13,0.0,0.0
192,192,2026-10-09,Friday,19.0,19.0,13,0.0,0.0
192,192,2026-10-10,Saturday,0.0,0.0,13,0.0,
155,155,2026-09-06,Sunday,146.0,146.0,12,0.0,0.0
155,155,2026-09-08,Tuesday,204.0,204.0,12,0.0,0.0
155,155,2026-09-09,Wednesday,204.0,204.0,13,0.0,0.0
155,155,2026-09-10,Thursday,204.0,204.0,13,0.0,0.0
155,155,2026-09-11,Friday,204.0,204.0,13,0.0,0.0
155,155,2026-09-12,Saturday,182.0,182.0,13,0.0,0.0
155,155,2026-09-13,Sunday,146.0,146.0,12,0.0,0.0
155,155,2026-09-15,Tuesday,204.0,204.0,12,0.0,0.0
155,155,2026-09-16,Wednesday,204.0,204.0,13,0.0,0.0
155,155,2026-09-17,Thursday,204.0,204.0,13,0.0,0.0
156,156,2026-10-02,Friday,136.0,136.0,13,0.0,0.0
155,155,2026-09-18,Friday,204.0,204.0,13,0.0,0.0
155,155,2026-09-19,Saturday,182.0,182.0,13,0.0,0.0
155,155,2026-09-20,Sunday,146.0,146.0,12,0.0,0.0
156,156,2026-10-03,Saturday,0.0,0.0,13,0.0,
156,156,2026-10-04,Sunday,0.0,0.0,12,0.0,
155,155,2026-09-22,Tuesday,204.0,204.0,12,0.0,0.0
155,155,2026-09-23,Wednesday,204.0,204.0,13,0.0,0.0
155,155,2026-09-24,Thursday,204.0,204.0,13,0.0,0.0
155,155,2026-09-25,Friday,204.0,204.0,13,0.0,0.0
156,156,2026-10-06,Tuesday,136.0,136.0,12,0.0,0.0
155,155,2026-09-26,Saturday,182.0,182.0,13,0.0,0.0
155,155,2026-09-27,Sunday,146.0,146.0,12,0.0,0.0
155,155,2026-09-29,Tuesday,204.0,204.0,12,0.0,0.0
155,155,2026-09-30,Wednesday,204.0,204.0,13,0.0,0.0
156,156,2026-10-07,Wednesday,136.0,136.0,13,0.0,0.0
156,156,2026-10-08,Thursday,136.0,136.0,13,0.0,0.0
155,155,2026-10-01,Thursday,204.0,204.0,13,0.0,0.0
155,155,2026-10-02,Friday,204.0,204.0,13,0.0,0.0
155,155,2026-10-03,Saturday,182.0,182.0,13,0.0,0.0
155,155,2026-10-04,Sunday,146.0,146.0,12,0.0,0.0
156,156,2026-10-09,Friday,136.0,136.0,13,0.0,0.0
156,156,2026-10-10,Saturday,0.0,0.0,13,0.0,
155,155,2026-10-06,Tuesday,204.0,204.0,12,0.0,0.0
155,155,2026-10-07,Wednesday,204.0,204.0,13,0.0,0.0
155,155,2026-10-08,Thursday,204.0,204.0,13,0.0,0.0
156,156,2026-10-11,Sunday,0.0,0.0,12,0.0,
155,155,2026-10-09,Friday,204.0,204.0,13,0.0,0.0
155,155,2026-10-10,Saturday,182.0,182.0,13,0.0,0.0
155,155,2026-10-11,Sunday,146.0,146.0,12,0.0,0.0
156,156,2026-10-13,Tuesday,136.0,136.0,12,0.0,0.0
156,156,2026-10-14,Wednesday,136.0,136.0,13,0.0,0.0
155,155,2026-10-13,Tuesday,204.0,204.0,12,0.0,0.0
155,155,2026-10-14,Wednesday,204.0,204.0,13,0.0,0.0
155,155,2026-10-15,Thursday,204.0,204.0,13,0.0,0.0
155,155,2026-10-16,Friday,204.0,204.0,13,0.0,0.0
155,155,2026-10-17,Saturday,182.0,182.0,13,0.0,0.0
156,156,2026-10-15,Thursday,136.0,136.0,13,0.0,0.0
156,156,2026-10-16,Friday,136.0,136.0,13,0.0,0.0
155,155,2026-10-18,Sunday,146.0,146.0,12,0.0,0.0
155,155,2026-10-20,Tuesday,204.0,204.0,12,0.0,0.0
155,155,2026-10-21,Wednesday,204.0,204.0,13,0.0,0.0
156,156,2026-10-17,Saturday,0.0,0.0,13,0.0,
156,156,2026-10-18,Sunday,0.0,0.0,12,0.0,
155,155,2026-10-22,Thursday,204.0,204.0,13,0.0,0.0
155,155,2026-10-23,Friday,204.0,204.0,13,0.0,0.0
155,155,2026-10-24,Saturday,182.0,182.0,13,0.0,0.0
155,155,2026-10-25,Sunday,146.0,146.0,12,0.0,0.0
156,156,2026-10-20,Tuesday,136.0,136.0,12,0.0,0.0
155,155,2026-10-27,Tuesday,204.0,204.0,12,0.0,0.0
155,155,2026-10-28,Wednesday,204.0,204.0,13,0.0,0.0
155,155,2026-10-29,Thursday,204.0,204.0,13,0.0,0.0
155,155,2026-10-30,Friday,204.0,204.0,13,0.0,0.0
156,156,2026-10-21,Wednesday,136.0,136.0,13,0.0,0.0
192,192,2026-10-11,Sunday,0.0,0.0,12,0.0,
192,192,2026-10-13,Tuesday,19.0,19.0,12,0.0,0.0
192,192,2026-10-14,Wednesday,19.0,19.0,13,0.0,0.0
192,192,2026-10-15,Thursday,19.0,19.0,13,0.0,0.0
192,192,2026-10-16,Friday,19.0,19.0,13,0.0,0.0
192,192,2026-10-17,Saturday,0.0,0.0,13,0.0,
192,192,2026-10-18,Sunday,0.0,0.0,12,0.0,
192,192,2026-10-20,Tuesday,19.0,19.0,12,0.0,0.0
192,192,2026-10-21,Wednesday,19.0,19.0,13,0.0,0.0
155,155,2026-10-31,Saturday,182.0,182.0,13,0.0,0.0
192,192,2026-10-22,Thursday,19.0,19.0,13,0.0,0.0
192,192,2026-10-23,Friday,19.0,19.0,13,0.0,0.0
192,192,2026-10-24,Saturday,0.0,0.0,13,0.0,
192,192,2026-10-25,Sunday,0.0,0.0,12,0.0,
192,192,2026-10-27,Tuesday,19.0,19.0,12,0.0,0.0
156,156,2026-08-05,Wednesday,136.0,136.0,13,0.0,0.0
192,192,2026-10-28,Wednesday,19.0,19.0,13,0.0,0.0
192,192,2026-10-29,Thursday,19.0,19.0,13,0.0,0.0
192,192,2026-10-30,Friday,19.0,19.0,13,0.0,0.0
192,192,2026-10-31,Saturday,0.0,0.0,13,0.0,
2,2,2026-08-05,Wednesday,60.0,60.0,13,0.0,0.0
2,2,2026-08-06,Thursday,60.0,60.0,13,0.0,0.0
156,156,2026-08-06,Thursday,136.0,136.0,13,0.0,0.0
2,2,2026-08-07,Friday,60.0,60.0,13,0.0,0.0
201,201,2026-08-05,Wednesday,76.0,76.0,13,0.0,0.0
201,201,2026-08-06,Thursday,76.0,76.0,13,0.0,0.0
201,201,2026-08-07,Friday,76.0,76.0,13,0.0,0.0
201,201,2026-08-08,Saturday,63.0,63.0,13,0.0,0.0
201,201,2026-08-09,Sunday,0.0,0.0,12,0.0,
201,201,2026-08-11,Tuesday,76.0,76.0,12,0.0,0.0
201,201,2026-08-12,Wednesday,76.0,76.0,13,0.0,0.0
201,201,2026-08-13,Thursday,76.0,76.0,13,0.0,0.0
201,201,2026-08-14,Friday,76.0,76.0,13,0.0,0.0
201,201,2026-08-15,Saturday,63.0,63.0,13,0.0,0.0
201,201,2026-08-16,Sunday,0.0,0.0,12,0.0,
201,201,2026-08-18,Tuesday,76.0,76.0,12,0.0,0.0
201,201,2026-08-19,Wednesday,76.0,76.0,13,0.0,0.0
201,201,2026-08-20,Thursday,76.0,76.0,13,0.0,0.0
201,201,2026-08-21,Friday,76.0,76.0,13,0.0,0.0
201,201,2026-08-22,Saturday,63.0,63.0,13,0.0,0.0
201,201,2026-08-23,Sunday,0.0,0.0,12,0.0,
201,201,2026-08-25,Tuesday,76.0,76.0,12,0.0,0.0
201,201,2026-08-26,Wednesday,76.0,76.0,13,0.0,0.0
201,201,2026-08-27,Thursday,76.0,76.0,13,0.0,0.0
201,201,2026-08-28,Friday,76.0,76.0,13,0.0,0.0
156,156,2026-08-09,Sunday,0.0,0.0,12,0.0,
201,201,2026-08-29,Saturday,63.0,63.0,13,0.0,0.0
156,156,2026-08-11,Tuesday,136.0,136.0,12,0.0,0.0
156,156,2026-08-12,Wednesday,136.0,136.0,13,0.0,0.0
156,156,2026-08-13,Thursday,136.0,136.0,13,0.0,0.0
156,156,2026-08-14,Friday,136.0,136.0,13,0.0,0.0
156,156,2026-08-15,Saturday,0.0,0.0,13,0.0,
156,156,2026-08-16,Sunday,0.0,0.0,12,0.0,
156,156,2026-08-18,Tuesday,136.0,136.0,12,0.0,0.0
156,156,2026-08-19,Wednesday,136.0,136.0,13,0.0,0.0
2,2,2026-09-25,Friday,60.0,60.0,13,0.0,0.0
2,2,2026-09-26,Saturday,0.0,0.0,13,0.0,
192,192,2026-08-27,Thursday,19.0,19.0,13,0.0,0.0
2,2,2026-08-29,Saturday,0.0,0.0,13,0.0,
2,2,2026-09-27,Sunday,0.0,0.0,12,0.0,
2,2,2026-08-26,Wednesday,60.0,60.0,13,0.0,0.0
156,156,2026-09-08,Tuesday,136.0,136.0,12,0.0,0.0
2,2,2026-09-29,Tuesday,60.0,60.0,12,0.0,0.0
2,2,2026-09-30,Wednesday,60.0,60.0,13,0.0,0.0
155,155,2026-09-03,Thursday,204.0,204.0,13,0.0,0.0
2,2,2026-10-01,Thursday,60.0,60.0,13,0.0,0.0
2,2,2026-10-02,Friday,60.0,60.0,13,0.0,0.0
2,2,2026-10-03,Saturday,0.0,0.0,13,0.0,
156,156,2026-09-09,Wednesday,136.0,136.0,13,0.0,0.0
2,2,2026-10-04,Sunday,0.0,0.0,12,0.0,
156,156,2026-09-23,Wednesday,136.0,136.0,13,0.0,0.0
2,2,2026-10-06,Tuesday,60.0,60.0,12,0.0,0.0
2,2,2026-10-07,Wednesday,60.0,60.0,13,0.0,0.0
2,2,2026-10-08,Thursday,60.0,60.0,13,0.0,0.0
2,2,2026-10-09,Friday,60.0,60.0,13,0.0,0.0
156,156,2026-09-10,Thursday,136.0,136.0,13,0.0,0.0
192,192,2026-08-28,Friday,19.0,19.0,13,0.0,0.0
2,2,2026-10-10,Saturday,0.0,0.0,13,0.0,
2,2,2026-10-11,Sunday,0.0,0.0,12,0.0,
2,2,2026-10-13,Tuesday,60.0,60.0,12,0.0,0.0
2,2,2026-10-14,Wednesday,60.0,60.0,13,0.0,0.0
192,192,2026-08-29,Saturday,0.0,0.0,13,0.0,
156,156,2026-09-11,Friday,136.0,136.0,13,0.0,0.0
2,2,2026-10-15,Thursday,60.0,60.0,13,0.0,0.0
2,2,2026-08-15,Saturday,0.0,0.0,13,0.0,
2,2,2026-10-16,Friday,60.0,60.0,13,0.0,0.0
2,2,2026-10-17,Saturday,0.0,0.0,13,0.0,
2,2,2026-10-18,Sunday,0.0,0.0,12,0.0,
192,192,2026-08-30,Sunday,0.0,0.0,12,0.0,
2,2,2026-10-20,Tuesday,60.0,60.0,12,0.0,0.0
2,2,2026-10-21,Wednesday,60.0,60.0,13,0.0,0.0
2,2,2026-08-16,Sunday,0.0,0.0,12,0.0,
2,2,2026-10-22,Thursday,60.0,60.0,13,0.0,0.0
2,2,2026-10-23,Friday,60.0,60.0,13,0.0,0.0
2,2,2026-10-24,Saturday,0.0,0.0,13,0.0,
2,2,2026-10-25,Sunday,0.0,0.0,12,0.0,
2,2,2026-10-27,Tuesday,60.0,60.0,12,0.0,0.0
192,192,2026-09-01,Tuesday,19.0,19.0,12,0.0,0.0
156,156,2026-08-08,Saturday,0.0,0.0,13,0.0,
2,2,2026-10-28,Wednesday,60.0,60.0,13,0.0,0.0
2,2,2026-10-29,Thursday,60.0,60.0,13,0.0,0.0
2,2,2026-10-30,Friday,60.0,60.0,13,0.0,0.0
2,2,2026-10-31,Saturday,0.0,0.0,13,0.0,
156,156,2026-09-12,Saturday,0.0,0.0,13,0.0,
156,156,2026-09-24,Thursday,136.0,136.0,13,0.0,0.0
2,2,2026-08-27,Thursday,60.0,60.0,13,0.0,0.0
156,156,2026-09-13,Sunday,0.0,0.0,12,0.0,
192,192,2026-09-02,Wednesday,19.0,19.0,13,0.0,0.0
192,192,2026-09-03,Thursday,19.0,19.0,13,0.0,0.0
2,2,2026-08-28,Friday,60.0,60.0,13,0.0,0.0
192,192,2026-09-04,Friday,19.0,19.0,13,0.0,0.0
156,156,2026-09-01,Tuesday,136.0,136.0,12,0.0,0.0
156,156,2026-09-02,Wednesday,136.0,136.0,13,0.0,0.0
192,192,2026-09-05,Saturday,0.0,0.0,13,0.0,
192,192,2026-09-06,Sunday,0.0,0.0,12,0.0,
156,156,2026-09-15,Tuesday,136.0,136.0,12,0.0,0.0
156,156,2026-09-25,Friday,136.0,136.0,13,0.0,0.0
192,192,2026-09-08,Tuesday,19.0,19.0,12,0.0,0.0
192,192,2026-09-09,Wednesday,19.0,19.0,13,0.0,0.0
2,2,2026-09-01,Tuesday,60.0,60.0,12,0.0,0.0
192,192,2026-09-10,Thursday,19.0,19.0,13,0.0,0.0
192,192,2026-09-11,Friday,19.0,19.0,13,0.0,0.0
156,156,2026-09-26,Saturday,0.0,0.0,13,0.0,
2,2,2026-08-19,Wednesday,60.0,60.0,13,0.0,0.0
156,156,2026-08-23,Sunday,0.0,0.0,12,0.0,
192,192,2026-09-12,Saturday,0.0,0.0,13,0.0,
2,2,2026-08-30,Sunday,0.0,0.0,12,0.0,
192,192,2026-08-05,Wednesday,19.0,19.0,13,0.0,0.0
192,192,2026-09-13,Sunday,0.0,0.0,12,0.0,
156,156,2026-09-03,Thursday,136.0,136.0,13,0.0,0.0
192,192,2026-09-15,Tuesday,19.0,19.0,12,0.0,0.0
2,2,2026-08-20,Thursday,60.0,60.0,13,0.0,0.0
192,192,2026-09-16,Wednesday,19.0,19.0,13,0.0,0.0
2,2,2026-09-02,Wednesday,60.0,60.0,13,0.0,0.0
192,192,2026-08-19,Wednesday,19.0,19.0,13,0.0,0.0
156,156,2026-09-17,Thursday,136.0,136.0,13,0.0,0.0
2,2,2026-09-12,Saturday,0.0,0.0,13,0.0,
2,2,2026-09-13,Sunday,0.0,0.0,12,0.0,
192,192,2026-08-20,Thursday,19.0,19.0,13,0.0,0.0
156,156,2026-08-20,Thursday,136.0,136.0,13,0.0,0.0
192,192,2026-08-21,Friday,19.0,19.0,13,0.0,0.0
2,2,2026-09-15,Tuesday,60.0,60.0,12,0.0,0.0
2,2,2026-08-14,Friday,60.0,60.0,13,0.0,0.0
192,192,2026-08-22,Saturday,0.0,0.0,13,0.0,
2,2,2026-09-16,Wednesday,60.0,60.0,13,0.0,0.0
2,2,2026-09-17,Thursday,60.0,60.0,13,0.0,0.0
155,155,2026-09-02,Wednesday,204.0,204.0,13,0.0,0.0
2,2,2026-08-18,Tuesday,60.0,60.0,12,0.0,0.0
2,2,2026-09-18,Friday,60.0,60.0,13,0.0,0.0
156,156,2026-08-28,Friday,136.0,136.0,13,0.0,0.0
2,2,2026-08-22,Saturday,0.0,0.0,13,0.0,
2,2,2026-09-23,Wednesday,60.0,60.0,13,0.0,0.0
192,192,2026-08-25,Tuesday,19.0,19.0,12,0.0,0.0
156,156,2026-08-29,Saturday,0.0,0.0,13,0.0,
192,192,2026-08-07,Friday,19.0,19.0,13,0.0,0.0
156,156,2026-09-05,Saturday,0.0,0.0,13,0.0,
2,2,2026-08-11,Tuesday,60.0,60.0,12,0.0,0.0
2,2,2026-08-23,Sunday,0.0,0.0,12,0.0,
192,192,2026-08-08,Saturday,0.0,0.0,13,0.0,
156,156,2026-08-26,Wednesday,136.0,136.0,13,0.0,0.0
2,2,2026-09-24,Thursday,60.0,60.0,13,0.0,0.0
192,192,2026-08-26,Wednesday,19.0,19.0,13,0.0,0.0
156,156,2026-08-27,Thursday,136.0,136.0,13,0.0,0.0
156,156,2026-08-30,Sunday,0.0,0.0,12,0.0,
156,156,2026-08-22,Saturday,0.0,0.0,13,0.0,
156,156,2026-08-25,Tuesday,136.0,136.0,12,0.0,0.0
156,156,2026-09-16,Wednesday,136.0,136.0,13,0.0,0.0
2,2,2026-09-11,Friday,60.0,60.0,13,0.0,0.0
2,2,2026-09-09,Wednesday,60.0,60.0,13,0.0,0.0
2,2,2026-08-09,Sunday,0.0,0.0,12,0.0,
2,2,2026-09-03,Thursday,60.0,60.0,13,0.0,0.0
156,156,2026-09-19,Saturday,0.0,0.0,13,0.0,
156,156,2026-08-07,Friday,136.0,136.0,13,0.0,0.0
2,2,2026-08-12,Wednesday,60.0,60.0,13,0.0,0.0
2,2,2026-09-06,Sunday,0.0,0.0,12,0.0,
156,156,2026-08-21,Friday,136.0,136.0,13,0.0,0.0
192,192,2026-08-18,Tuesday,19.0,19.0,12,0.0,0.0
156,156,2026-09-20,Sunday,0.0,0.0,12,0.0,
192,192,2026-08-13,Thursday,19.0,19.0,13,0.0,0.0
2,2,2026-08-08,Saturday,0.0,0.0,13,0.0,
2,2,2026-09-22,Tuesday,60.0,60.0,12,0.0,0.0
192,192,2026-08-14,Friday,19.0,19.0,13,0.0,0.0
2,2,2026-09-08,Tuesday,60.0,60.0,12,0.0,0.0
192,192,2026-08-15,Saturday,0.0,0.0,13,0.0,
192,192,2026-08-09,Sunday,0.0,0.0,12,0.0,
2,2,2026-09-10,Thursday,60.0,60.0,13,0.0,0.0
192,192,2026-08-06,Thursday,19.0,19.0,13,0.0,0.0
2,2,2026-09-19,Saturday,0.0,0.0,13,0.0,
156,156,2026-09-04,Friday,136.0,136.0,13,0.0,0.0
2,2,2026-09-04,Friday,60.0,60.0,13,0.0,0.0
2,2,2026-09-05,Saturday,0.0,0.0,13,0.0,
192,192,2026-08-11,Tuesday,19.0,19.0,12,0.0,0.0
192,192,2026-08-23,Sunday,0.0,0.0,12,0.0,
156,156,2026-09-18,Friday,136.0,136.0,13,0.0,0.0
192,192,2026-08-12,Wednesday,19.0,19.0,13,0.0,0.0
192,192,2026-08-16,Sunday,0.0,0.0,12,0.0,
2,2,2026-09-20,Sunday,0.0,0.0,12,0.0,
2,2,2026-08-25,Tuesday,60.0,60.0,12,0.0,0.0
156,156,2026-09-06,Sunday,0.0,0.0,12,0.0,
2,2,2026-08-13,Thursday,60.0,60.0,13,0.0,0.0
156,156,2026-09-22,Tuesday,136.0,136.0,12,0.0,0.0
2,2,2026-08-21,Friday,60.0,60.0,13,0.0,0.0
28,28,2026-09-26,Saturday,130.0,130.0,13,0.0,0.0
28,28,2026-09-27,Sunday,116.0,116.0,12,0.0,0.0
28,28,2026-10-03,Saturday,130.0,130.0,13,0.0,0.0
28,28,2026-10-04,Sunday,116.0,116.0,12,0.0,0.0
28,28,2026-10-10,Saturday,130.0,130.0,13,0.0,0.0
28,28,2026-10-11,Sunday,116.0,116.0,12,0.0,0.0
28,28,2026-10-17,Saturday,130.0,130.0,13,0.0,0.0
28,28,2026-10-18,Sunday,116.0,116.0,12,0.0,0.0
28,28,2026-10-24,Saturday,130.0,130.0,13,0.0,0.0
28,28,2026-10-25,Sunday,116.0,116.0,12,0.0,0.0
28,28,2026-10-31,Saturday,130.0,130.0,13,0.0,0.0
29,29,2026-08-05,Wednesday,162.0,162.0,13,0.0,0.0
29,29,2026-08-06,Thursday,162.0,162.0,13,0.0,0.0
29,29,2026-08-07,Friday,162.0,162.0,13,0.0,0.0
29,29,2026-08-08,Saturday,165.0,165.0,13,0.0,0.0
29,29,2026-08-09,Sunday,137.0,137.0,12,0.0,0.0
29,29,2026-08-11,Tuesday,162.0,162.0,12,0.0,0.0
29,29,2026-08-12,Wednesday,162.0,162.0,13,0.0,0.0
29,29,2026-08-13,Thursday,162.0,162.0,13,0.0,0.0
29,29,2026-08-14,Friday,162.0,162.0,13,0.0,0.0
29,29,2026-08-15,Saturday,165.0,165.0,13,0.0,0.0
29,29,2026-08-16,Sunday,137.0,137.0,12,0.0,0.0
29,29,2026-08-18,Tuesday,162.0,162.0,12,0.0,0.0
29,29,2026-08-19,Wednesday,162.0,162.0,13,0.0,0.0
29,29,2026-08-20,Thursday,162.0,162.0,13,0.0,0.0
29,29,2026-08-21,Friday,162.0,162.0,13,0.0,0.0
29,29,2026-08-22,Saturday,165.0,165.0,13,0.0,0.0
29,29,2026-08-23,Sunday,137.0,137.0,12,0.0,0.0
29,29,2026-08-25,Tuesday,162.0,162.0,12,0.0,0.0
29,29,2026-08-26,Wednesday,162.0,162.0,13,0.0,0.0
29,29,2026-08-27,Thursday,162.0,162.0,13,0.0,0.0
29,29,2026-08-28,Friday,162.0,162.0,13,0.0,0.0
29,29,2026-08-29,Saturday,165.0,165.0,13,0.0,0.0
29,29,2026-08-30,Sunday,137.0,137.0,12,0.0,0.0
29,29,2026-09-01,Tuesday,162.0,162.0,12,0.0,0.0
29,29,2026-09-02,Wednesday,162.0,162.0,13,0.0,0.0
29,29,2026-09-03,Thursday,162.0,162.0,13,0.0,0.0
29,29,2026-09-04,Friday,162.0,162.0,13,0.0,0.0
29,29,2026-09-05,Saturday,165.0,165.0,13,0.0,0.0
29,29,2026-09-06,Sunday,137.0,137.0,12,0.0,0.0
29,29,2026-09-08,Tuesday,162.0,162.0,12,0.0,0.0
29,29,2026-09-09,Wednesday,162.0,162.0,13,0.0,0.0
29,29,2026-09-10,Thursday,162.0,162.0,13,0.0,0.0
29,29,2026-09-11,Friday,162.0,162.0,13,0.0,0.0
29,29,2026-09-12,Saturday,165.0,165.0,13,0.0,0.0
29,29,2026-09-13,Sunday,137.0,137.0,12,0.0,0.0
29,29,2026-09-15,Tuesday,162.0,162.0,12,0.0,0.0
29,29,2026-09-16,Wednesday,162.0,162.0,13,0.0,0.0
29,29,2026-09-17,Thursday,162.0,162.0,13,0.0,0.0
29,29,2026-09-18,Friday,162.0,162.0,13,0.0,0.0
29,29,2026-09-19,Saturday,165.0,165.0,13,0.0,0.0
29,29,2026-09-20,Sunday,137.0,137.0,12,0.0,0.0
29,29,2026-09-22,Tuesday,162.0,162.0,12,0.0,0.0
29,29,2026-09-23,Wednesday,162.0,162.0,13,0.0,0.0
29,29,2026-09-24,Thursday,162.0,162.0,13,0.0,0.0
29,29,2026-09-25,Friday,162.0,162.0,13,0.0,0.0
29,29,2026-09-26,Saturday,165.0,165.0,13,0.0,0.0
29,29,2026-09-27,Sunday,137.0,137.0,12,0.0,0.0
29,29,2026-09-29,Tuesday,162.0,162.0,12,0.0,0.0
29,29,2026-09-30,Wednesday,162.0,162.0,13,0.0,0.0
29,29,2026-10-01,Thursday,162.0,162.0,13,0.0,0.0
29,29,2026-10-02,Friday,162.0,162.0,13,0.0,0.0
29,29,2026-10-03,Saturday,165.0,165.0,13,0.0,0.0
29,29,2026-10-04,Sunday,137.0,137.0,12,0.0,0.0
29,29,2026-10-06,Tuesday,162.0,162.0,12,0.0,0.0
29,29,2026-10-07,Wednesday,162.0,162.0,13,0.0,0.0
29,29,2026-10-08,Thursday,162.0,162.0,13,0.0,0.0
29,29,2026-10-09,Friday,162.0,162.0,13,0.0,0.0
29,29,2026-10-10,Saturday,165.0,165.0,13,0.0,0.0
29,29,2026-10-11,Sunday,137.0,137.0,12,0.0,0.0
29,29,2026-10-13,Tuesday,162.0,162.0,12,0.0,0.0
29,29,2026-10-14,Wednesday,162.0,162.0,13,0.0,0.0
29,29,2026-10-15,Thursday,162.0,162.0,13,0.0,0.0
29,29,2026-10-16,Friday,162.0,162.0,13,0.0,0.0
29,29,2026-10-17,Saturday,165.0,165.0,13,0.0,0.0
29,29,2026-10-18,Sunday,137.0,137.0,12,0.0,0.0
29,29,2026-10-20,Tuesday,162.0,162.0,12,0.0,0.0
29,29,2026-10-21,Wednesday,162.0,162.0,13,0.0,0.0
29,29,2026-10-22,Thursday,162.0,162.0,13,0.0,0.0
29,29,2026-10-23,Friday,162.0,162.0,13,0.0,0.0
29,29,2026-10-24,Saturday,165.0,165.0,13,0.0,0.0
29,29,2026-10-25,Sunday,137.0,137.0,12,0.0,0.0
29,29,2026-10-27,Tuesday,162.0,162.0,12,0.0,0.0
29,29,2026-10-28,Wednesday,162.0,162.0,13,0.0,0.0
29,29,2026-10-29,Thursday,162.0,162.0,13,0.0,0.0
29,29,2026-10-30,Friday,162.0,162.0,13,0.0,0.0
29,29,2026-10-31,Saturday,165.0,165.0,13,0.0,0.0
3,3,2026-08-08,Saturday,195.0,195.0,13,0.0,0.0
3,3,2026-08-15,Saturday,195.0,195.0,13,0.0,0.0
3,3,2026-08-22,Saturday,195.0,195.0,13,0.0,0.0
3,3,2026-08-29,Saturday,195.0,195.0,13,0.0,0.0
3,3,2026-09-05,Saturday,195.0,195.0,13,0.0,0.0
3,3,2026-09-12,Saturday,195.0,195.0,13,0.0,0.0
3,3,2026-09-19,Saturday,195.0,195.0,13,0.0,0.0
3,3,2026-09-26,Saturday,195.0,195.0,13,0.0,0.0
3,3,2026-10-03,Saturday,195.0,195.0,13,0.0,0.0
3,3,2026-10-10,Saturday,195.0,195.0,13,0.0,0.0
3,3,2026-10-17,Saturday,195.0,195.0,13,0.0,0.0
3,3,2026-10-24,Saturday,195.0,195.0,13,0.0,0.0
3,3,2026-10-31,Saturday,195.0,195.0,13,0.0,0.0
30,30,2026-08-08,Saturday,106.0,106.0,13,0.0,0.0
30,30,2026-08-09,Sunday,82.0,82.0,12,0.0,0.0
30,30,2026-08-15,Saturday,106.0,106.0,13,0.0,0.0
30,30,2026-08-16,Sunday,82.0,82.0,12,0.0,0.0
30,30,2026-08-22,Saturday,106.0,106.0,13,0.0,0.0
30,30,2026-08-23,Sunday,82.0,82.0,12,0.0,0.0
30,30,2026-08-29,Saturday,106.0,106.0,13,0.0,0.0
30,30,2026-08-30,Sunday,82.0,82.0,12,0.0,0.0
30,30,2026-09-05,Saturday,106.0,106.0,13,0.0,0.0
30,30,2026-09-06,Sunday,82.0,82.0,12,0.0,0.0
30,30,2026-09-12,Saturday,106.0,106.0,13,0.0,0.0
30,30,2026-09-13,Sunday,82.0,82.0,12,0.0,0.0
30,30,2026-09-19,Saturday,106.0,106.0,13,0.0,0.0
30,30,2026-09-20,Sunday,82.0,82.0,12,0.0,0.0
30,30,2026-09-26,Saturday,106.0,106.0,13,0.0,0.0
30,30,2026-09-27,Sunday,82.0,82.0,12,0.0,0.0
30,30,2026-10-03,Saturday,106.0,106.0,13,0.0,0.0
30,30,2026-10-04,Sunday,82.0,82.0,12,0.0,0.0
30,30,2026-10-10,Saturday,106.0,106.0,13,0.0,0.0
30,30,2026-10-11,Sunday,82.0,82.0,12,0.0,0.0
30,30,2026-10-17,Saturday,106.0,106.0,13,0.0,0.0
30,30,2026-10-18,Sunday,82.0,82.0,12,0.0,0.0
30,30,2026-10-24,Saturday,106.0,106.0,13,0.0,0.0
30,30,2026-10-25,Sunday,82.0,82.0,12,0.0,0.0
30,30,2026-10-31,Saturday,106.0,106.0,13,0.0,0.0
31,31,2026-08-05,Wednesday,55.0,55.0,13,0.0,0.0
31,31,2026-08-06,Thursday,55.0,55.0,13,0.0,0.0
31,31,2026-08-07,Friday,55.0,55.0,13,0.0,0.0
31,31,2026-08-08,Saturday,0.0,0.0,13,0.0,
31,31,2026-08-09,Sunday,0.0,0.0,12,0.0,
31,31,2026-08-11,Tuesday,55.0,55.0,12,0.0,0.0
31,31,2026-08-12,Wednesday,55.0,55.0,13,0.0,0.0
31,31,2026-08-13,Thursday,55.0,55.0,13,0.0,0.0
31,31,2026-08-14,Friday,55.0,55.0,13,0.0,0.0
31,31,2026-08-15,Saturday,0.0,0.0,13,0.0,
31,31,2026-08-16,Sunday,0.0,0.0,12,0.0,
31,31,2026-08-18,Tuesday,55.0,55.0,12,0.0,0.0
31,31,2026-08-19,Wednesday,55.0,55.0,13,0.0,0.0
31,31,2026-08-20,Thursday,55.0,55.0,13,0.0,0.0
31,31,2026-08-21,Friday,55.0,55.0,13,0.0,0.0
31,31,2026-08-22,Saturday,0.0,0.0,13,0.0,
31,31,2026-08-23,Sunday,0.0,0.0,12,0.0,
31,31,2026-08-25,Tuesday,55.0,55.0,12,0.0,0.0
31,31,2026-08-26,Wednesday,55.0,55.0,13,0.0,0.0
31,31,2026-08-27,Thursday,55.0,55.0,13,0.0,0.0
31,31,2026-08-28,Friday,55.0,55.0,13,0.0,0.0
31,31,2026-08-29,Saturday,0.0,0.0,13,0.0,
31,31,2026-08-30,Sunday,0.0,0.0,12,0.0,
31,31,2026-09-01,Tuesday,55.0,55.0,12,0.0,0.0
31,31,2026-09-02,Wednesday,55.0,55.0,13,0.0,0.0
31,31,2026-09-03,Thursday,55.0,55.0,13,0.0,0.0
31,31,2026-09-04,Friday,55.0,55.0,13,0.0,0.0
31,31,2026-09-05,Saturday,0.0,0.0,13,0.0,
31,31,2026-09-06,Sunday,0.0,0.0,12,0.0,
31,31,2026-09-08,Tuesday,55.0,55.0,12,0.0,0.0
31,31,2026-09-09,Wednesday,55.0,55.0,13,0.0,0.0
31,31,2026-09-10,Thursday,55.0,55.0,13,0.0,0.0
31,31,2026-09-11,Friday,55.0,55.0,13,0.0,0.0
31,31,2026-09-12,Saturday,0.0,0.0,13,0.0,
31,31,2026-09-13,Sunday,0.0,0.0,12,0.0,
31,31,2026-09-15,Tuesday,55.0,55.0,12,0.0,0.0
31,31,2026-09-16,Wednesday,55.0,55.0,13,0.0,0.0
31,31,2026-09-17,Thursday,55.0,55.0,13,0.0,0.0
31,31,2026-09-18,Friday,55.0,55.0,13,0.0,0.0
31,31,2026-09-19,Saturday,0.0,0.0,13,0.0,
31,31,2026-09-20,Sunday,0.0,0.0,12,0.0,
31,31,2026-09-22,Tuesday,55.0,55.0,12,0.0,0.0
31,31,2026-09-23,Wednesday,55.0,55.0,13,0.0,0.0
31,31,2026-09-24,Thursday,55.0,55.0,13,0.0,0.0
31,31,2026-09-25,Friday,55.0,55.0,13,0.0,0.0
31,31,2026-09-26,Saturday,0.0,0.0,13,0.0,
31,31,2026-09-27,Sunday,0.0,0.0,12,0.0,
31,31,2026-09-29,Tuesday,55.0,55.0,12,0.0,0.0
31,31,2026-09-30,Wednesday,55.0,55.0,13,0.0,0.0
31,31,2026-10-01,Thursday,55.0,55.0,13,0.0,0.0
31,31,2026-10-02,Friday,55.0,55.0,13,0.0,0.0
31,31,2026-10-03,Saturday,0.0,0.0,13,0.0,
31,31,2026-10-04,Sunday,0.0,0.0,12,0.0,
31,31,2026-10-06,Tuesday,55.0,55.0,12,0.0,0.0
31,31,2026-10-07,Wednesday,55.0,55.0,13,0.0,0.0
31,31,2026-10-08,Thursday,55.0,55.0,13,0.0,0.0
31,31,2026-10-09,Friday,55.0,55.0,13,0.0,0.0
31,31,2026-10-10,Saturday,0.0,0.0,13,0.0,
31,31,2026-10-11,Sunday,0.0,0.0,12,0.0,
31,31,2026-10-13,Tuesday,55.0,55.0,12,0.0,0.0
31,31,2026-10-14,Wednesday,55.0,55.0,13,0.0,0.0
31,31,2026-10-15,Thursday,55.0,55.0,13,0.0,0.0
31,31,2026-10-16,Friday,55.0,55.0,13,0.0,0.0
31,31,2026-10-17,Saturday,0.0,0.0,13,0.0,
31,31,2026-10-18,Sunday,0.0,0.0,12,0.0,
31,31,2026-10-20,Tuesday,55.0,55.0,12,0.0,0.0
31,31,2026-10-21,Wednesday,55.0,55.0,13,0.0,0.0
31,31,2026-10-22,Thursday,55.0,55.0,13,0.0,0.0
31,31,2026-10-23,Friday,55.0,55.0,13,0.0,0.0
31,31,2026-10-24,Saturday,0.0,0.0,13,0.0,
31,31,2026-10-25,Sunday,0.0,0.0,12,0.0,
31,31,2026-10-27,Tuesday,55.0,55.0,12,0.0,0.0
31,31,2026-10-28,Wednesday,55.0,55.0,13,0.0,0.0
31,31,2026-10-29,Thursday,55.0,55.0,13,0.0,0.0
31,31,2026-10-30,Friday,55.0,55.0,13,0.0,0.0
31,31,2026-10-31,Saturday,0.0,0.0,13,0.0,
34,34,2026-08-08,Saturday,210.0,210.0,13,0.0,0.0
34,34,2026-08-09,Sunday,205.0,205.0,12,0.0,0.0
34,34,2026-08-15,Saturday,210.0,210.0,13,0.0,0.0
34,34,2026-08-16,Sunday,205.0,205.0,12,0.0,0.0
34,34,2026-08-22,Saturday,210.0,210.0,13,0.0,0.0
34,34,2026-08-23,Sunday,205.0,205.0,12,0.0,0.0
34,34,2026-08-29,Saturday,210.0,210.0,13,0.0,0.0
34,34,2026-08-30,Sunday,205.0,205.0,12,0.0,0.0
34,34,2026-09-05,Saturday,210.0,210.0,13,0.0,0.0
34,34,2026-09-06,Sunday,205.0,205.0,12,0.0,0.0
34,34,2026-09-12,Saturday,210.0,210.0,13,0.0,0.0
34,34,2026-09-13,Sunday,205.0,205.0,12,0.0,0.0
34,34,2026-09-19,Saturday,210.0,210.0,13,0.0,0.0
34,34,2026-09-20,Sunday,205.0,205.0,12,0.0,0.0
34,34,2026-09-26,Saturday,210.0,210.0,13,0.0,0.0
34,34,2026-09-27,Sunday,205.0,205.0,12,0.0,0.0
34,34,2026-10-03,Saturday,210.0,210.0,13,0.0,0.0
34,34,2026-10-04,Sunday,205.0,205.0,12,0.0,0.0
34,34,2026-10-10,Saturday,210.0,210.0,13,0.0,0.0
34,34,2026-10-11,Sunday,205.0,205.0,12,0.0,0.0
34,34,2026-10-17,Saturday,210.0,210.0,13,0.0,0.0
34,34,2026-10-18,Sunday,205.0,205.0,12,0.0,0.0
34,34,2026-10-24,Saturday,210.0,210.0,13,0.0,0.0
34,34,2026-10-25,Sunday,205.0,205.0,12,0.0,0.0
34,34,2026-10-31,Saturday,210.0,210.0,13,0.0,0.0
37,37,2026-09-01,Tuesday,100.0,100.0,12,0.0,0.0
37,37,2026-09-02,Wednesday,100.0,100.0,13,0.0,0.0
37,37,2026-09-03,Thursday,100.0,100.0,13,0.0,0.0
37,37,2026-09-04,Friday,100.0,100.0,13,0.0,0.0
37,37,2026-09-05,Saturday,0.0,0.0,13,0.0,
37,37,2026-09-06,Sunday,0.0,0.0,12,0.0,
37,37,2026-09-08,Tuesday,100.0,100.0,12,0.0,0.0
37,37,2026-09-09,Wednesday,100.0,100.0,13,0.0,0.0
37,37,2026-09-10,Thursday,100.0,100.0,13,0.0,0.0
37,37,2026-09-11,Friday,100.0,100.0,13,0.0,0.0
37,37,2026-09-12,Saturday,0.0,0.0,13,0.0,
37,37,2026-09-13,Sunday,0.0,0.0,12,0.0,
37,37,2026-09-15,Tuesday,100.0,100.0,12,0.0,0.0
37,37,2026-09-16,Wednesday,100.0,100.0,13,0.0,0.0
37,37,2026-09-17,Thursday,100.0,100.0,13,0.0,0.0
37,37,2026-09-18,Friday,100.0,100.0,13,0.0,0.0
37,37,2026-09-19,Saturday,0.0,0.0,13,0.0,
37,37,2026-09-20,Sunday,0.0,0.0,12,0.0,
37,37,2026-09-22,Tuesday,100.0,100.0,12,0.0,0.0
37,37,2026-09-23,Wednesday,100.0,100.0,13,0.0,0.0
37,37,2026-09-24,Thursday,100.0,100.0,13,0.0,0.0
37,37,2026-09-25,Friday,100.0,100.0,13,0.0,0.0
37,37,2026-09-26,Saturday,0.0,0.0,13,0.0,
37,37,2026-09-27,Sunday,0.0,0.0,12,0.0,
37,37,2026-09-29,Tuesday,100.0,100.0,12,0.0,0.0
37,37,2026-09-30,Wednesday,100.0,100.0,13,0.0,0.0
37,37,2026-10-01,Thursday,100.0,100.0,13,0.0,0.0
37,37,2026-10-02,Friday,100.0,100.0,13,0.0,0.0
37,37,2026-10-03,Saturday,0.0,0.0,13,0.0,
37,37,2026-10-04,Sunday,0.0,0.0,12,0.0,
37,37,2026-10-06,Tuesday,100.0,100.0,12,0.0,0.0
37,37,2026-10-07,Wednesday,100.0,100.0,13,0.0,0.0
37,37,2026-10-08,Thursday,100.0,100.0,13,0.0,0.0
37,37,2026-10-09,Friday,100.0,100.0,13,0.0,0.0
37,37,2026-10-10,Saturday,0.0,0.0,13,0.0,
37,37,2026-10-11,Sunday,0.0,0.0,12,0.0,
37,37,2026-10-13,Tuesday,100.0,100.0,12,0.0,0.0
37,37,2026-10-14,Wednesday,100.0,100.0,13,0.0,0.0
37,37,2026-10-15,Thursday,100.0,100.0,13,0.0,0.0
37,37,2026-10-16,Friday,100.0,100.0,13,0.0,0.0
37,37,2026-10-17,Saturday,0.0,0.0,13,0.0,
37,37,2026-10-18,Sunday,0.0,0.0,12,0.0,
37,37,2026-10-20,Tuesday,100.0,100.0,12,0.0,0.0
37,37,2026-10-21,Wednesday,100.0,100.0,13,0.0,0.0
37,37,2026-10-22,Thursday,100.0,100.0,13,0.0,0.0
37,37,2026-10-23,Friday,100.0,100.0,13,0.0,0.0
37,37,2026-10-24,Saturday,0.0,0.0,13,0.0,
37,37,2026-10-25,Sunday,0.0,0.0,12,0.0,
37,37,2026-10-27,Tuesday,100.0,100.0,12,0.0,0.0
37,37,2026-10-28,Wednesday,100.0,100.0,13,0.0,0.0
37,37,2026-10-29,Thursday,100.0,100.0,13,0.0,0.0
37,37,2026-10-30,Friday,100.0,100.0,13,0.0,0.0
37,37,2026-10-31,Saturday,0.0,0.0,13,0.0,
39,39,2026-08-05,Wednesday,94.0,94.0,13,0.0,0.0
39,39,2026-08-06,Thursday,94.0,94.0,13,0.0,0.0
39,39,2026-08-07,Friday,94.0,94.0,13,0.0,0.0
39,39,2026-08-08,Saturday,42.0,42.0,13,0.0,0.0
39,39,2026-08-09,Sunday,42.0,42.0,12,0.0,0.0
39,39,2026-08-11,Tuesday,94.0,94.0,12,0.0,0.0
39,39,2026-08-12,Wednesday,94.0,94.0,13,0.0,0.0
39,39,2026-08-13,Thursday,94.0,94.0,13,0.0,0.0
39,39,2026-08-14,Friday,94.0,94.0,13,0.0,0.0
39,39,2026-08-15,Saturday,42.0,42.0,13,0.0,0.0
39,39,2026-08-16,Sunday,42.0,42.0,12,0.0,0.0
39,39,2026-08-18,Tuesday,94.0,94.0,12,0.0,0.0
39,39,2026-08-19,Wednesday,94.0,94.0,13,0.0,0.0
39,39,2026-08-20,Thursday,94.0,94.0,13,0.0,0.0
39,39,2026-08-21,Friday,94.0,94.0,13,0.0,0.0
39,39,2026-08-22,Saturday,42.0,42.0,13,0.0,0.0
39,39,2026-08-23,Sunday,42.0,42.0,12,0.0,0.0
39,39,2026-08-25,Tuesday,94.0,94.0,12,0.0,0.0
39,39,2026-08-26,Wednesday,94.0,94.0,13,0.0,0.0
39,39,2026-08-27,Thursday,94.0,94.0,13,0.0,0.0
39,39,2026-08-28,Friday,94.0,94.0,13,0.0,0.0
39,39,2026-08-29,Saturday,42.0,42.0,13,0.0,0.0
39,39,2026-08-30,Sunday,42.0,42.0,12,0.0,0.0
39,39,2026-09-01,Tuesday,94.0,94.0,12,0.0,0.0
39,39,2026-09-02,Wednesday,94.0,94.0,13,0.0,0.0
39,39,2026-09-03,Thursday,94.0,94.0,13,0.0,0.0
39,39,2026-09-04,Friday,94.0,94.0,13,0.0,0.0
39,39,2026-09-05,Saturday,42.0,42.0,13,0.0,0.0
39,39,2026-09-06,Sunday,42.0,42.0,12,0.0,0.0
39,39,2026-09-08,Tuesday,94.0,94.0,12,0.0,0.0
39,39,2026-09-09,Wednesday,94.0,94.0,13,0.0,0.0
39,39,2026-09-10,Thursday,94.0,94.0,13,0.0,0.0
39,39,2026-09-11,Friday,94.0,94.0,13,0.0,0.0
39,39,2026-09-12,Saturday,42.0,42.0,13,0.0,0.0
39,39,2026-09-13,Sunday,42.0,42.0,12,0.0,0.0
39,39,2026-09-15,Tuesday,94.0,94.0,12,0.0,0.0
39,39,2026-09-16,Wednesday,94.0,94.0,13,0.0,0.0
39,39,2026-09-17,Thursday,94.0,94.0,13,0.0,0.0
39,39,2026-09-18,Friday,94.0,94.0,13,0.0,0.0
39,39,2026-09-19,Saturday,42.0,42.0,13,0.0,0.0
39,39,2026-09-20,Sunday,42.0,42.0,12,0.0,0.0
39,39,2026-09-22,Tuesday,94.0,94.0,12,0.0,0.0
39,39,2026-09-23,Wednesday,94.0,94.0,13,0.0,0.0
39,39,2026-09-24,Thursday,94.0,94.0,13,0.0,0.0
39,39,2026-09-25,Friday,94.0,94.0,13,0.0,0.0
39,39,2026-09-26,Saturday,42.0,42.0,13,0.0,0.0
39,39,2026-09-27,Sunday,42.0,42.0,12,0.0,0.0
39,39,2026-09-29,Tuesday,94.0,94.0,12,0.0,0.0
39,39,2026-09-30,Wednesday,94.0,94.0,13,0.0,0.0
39,39,2026-10-01,Thursday,94.0,94.0,13,0.0,0.0
39,39,2026-10-02,Friday,94.0,94.0,13,0.0,0.0
39,39,2026-10-03,Saturday,42.0,42.0,13,0.0,0.0
39,39,2026-10-04,Sunday,42.0,42.0,12,0.0,0.0
39,39,2026-10-06,Tuesday,94.0,94.0,12,0.0,0.0
39,39,2026-10-07,Wednesday,94.0,94.0,13,0.0,0.0
39,39,2026-10-08,Thursday,94.0,94.0,13,0.0,0.0
39,39,2026-10-09,Friday,94.0,94.0,13,0.0,0.0
39,39,2026-10-10,Saturday,42.0,42.0,13,0.0,0.0
39,39,2026-10-11,Sunday,42.0,42.0,12,0.0,0.0
39,39,2026-10-13,Tuesday,94.0,94.0,12,0.0,0.0
39,39,2026-10-14,Wednesday,94.0,94.0,13,0.0,0.0
39,39,2026-10-15,Thursday,94.0,94.0,13,0.0,0.0
39,39,2026-10-16,Friday,94.0,94.0,13,0.0,0.0
39,39,2026-10-17,Saturday,42.0,42.0,13,0.0,0.0
39,39,2026-10-18,Sunday,42.0,42.0,12,0.0,0.0
39,39,2026-10-20,Tuesday,94.0,94.0,12,0.0,0.0
39,39,2026-10-21,Wednesday,94.0,94.0,13,0.0,0.0
39,39,2026-10-22,Thursday,94.0,94.0,13,0.0,0.0
39,39,2026-10-23,Friday,94.0,94.0,13,0.0,0.0
39,39,2026-10-24,Saturday,42.0,42.0,13,0.0,0.0
39,39,2026-10-25,Sunday,42.0,42.0,12,0.0,0.0
39,39,2026-10-27,Tuesday,94.0,94.0,12,0.0,0.0
39,39,2026-10-28,Wednesday,94.0,94.0,13,0.0,0.0
39,39,2026-10-29,Thursday,94.0,94.0,13,0.0,0.0
39,39,2026-10-30,Friday,94.0,94.0,13,0.0,0.0
39,39,2026-10-31,Saturday,42.0,42.0,13,0.0,0.0
4,4,2026-08-08,Saturday,254.0,254.0,13,0.0,0.0
4,4,2026-08-09,Sunday,229.0,229.0,12,0.0,0.0
4,4,2026-08-15,Saturday,254.0,254.0,13,0.0,0.0
4,4,2026-08-16,Sunday,229.0,229.0,12,0.0,0.0
4,4,2026-08-22,Saturday,254.0,254.0,13,0.0,0.0
4,4,2026-08-23,Sunday,229.0,229.0,12,0.0,0.0
4,4,2026-08-29,Saturday,254.0,254.0,13,0.0,0.0
4,4,2026-08-30,Sunday,229.0,229.0,12,0.0,0.0
4,4,2026-09-05,Saturday,254.0,254.0,13,0.0,0.0
4,4,2026-09-06,Sunday,229.0,229.0,12,0.0,0.0
4,4,2026-09-12,Saturday,254.0,254.0,13,0.0,0.0
4,4,2026-09-13,Sunday,229.0,229.0,12,0.0,0.0
4,4,2026-09-19,Saturday,254.0,254.0,13,0.0,0.0
4,4,2026-09-20,Sunday,229.0,229.0,12,0.0,0.0
4,4,2026-09-26,Saturday,254.0,254.0,13,0.0,0.0
4,4,2026-09-27,Sunday,229.0,229.0,12,0.0,0.0
4,4,2026-10-03,Saturday,254.0,254.0,13,0.0,0.0
4,4,2026-10-04,Sunday,229.0,229.0,12,0.0,0.0
4,4,2026-10-10,Saturday,254.0,254.0,13,0.0,0.0
4,4,2026-10-11,Sunday,229.0,229.0,12,0.0,0.0
4,4,2026-10-17,Saturday,254.0,254.0,13,0.0,0.0
4,4,2026-10-18,Sunday,229.0,229.0,12,0.0,0.0
4,4,2026-10-24,Saturday,254.0,254.0,13,0.0,0.0
4,4,2026-10-25,Sunday,229.0,229.0,12,0.0,0.0
4,4,2026-10-31,Saturday,254.0,254.0,13,0.0,0.0
43,43,2026-08-05,Wednesday,112.0,112.0,13,0.0,0.0
43,43,2026-08-06,Thursday,112.0,112.0,13,0.0,0.0
43,43,2026-08-07,Friday,112.0,112.0,13,0.0,0.0
43,43,2026-08-08,Saturday,58.0,58.0,13,0.0,0.0
43,43,2026-08-09,Sunday,60.0,60.0,12,0.0,0.0
43,43,2026-08-11,Tuesday,112.0,112.0,12,0.0,0.0
43,43,2026-08-12,Wednesday,112.0,112.0,13,0.0,0.0
43,43,2026-08-13,Thursday,112.0,112.0,13,0.0,0.0
43,43,2026-08-14,Friday,112.0,112.0,13,0.0,0.0
43,43,2026-08-15,Saturday,58.0,58.0,13,0.0,0.0
43,43,2026-08-16,Sunday,60.0,60.0,12,0.0,0.0
43,43,2026-08-18,Tuesday,112.0,112.0,12,0.0,0.0
43,43,2026-08-19,Wednesday,112.0,112.0,13,0.0,0.0
43,43,2026-08-20,Thursday,112.0,112.0,13,0.0,0.0
43,43,2026-08-21,Friday,112.0,112.0,13,0.0,0.0
43,43,2026-08-22,Saturday,58.0,58.0,13,0.0,0.0
43,43,2026-08-23,Sunday,60.0,60.0,12,0.0,0.0
43,43,2026-08-25,Tuesday,112.0,112.0,12,0.0,0.0
43,43,2026-08-26,Wednesday,112.0,112.0,13,0.0,0.0
43,43,2026-08-27,Thursday,112.0,112.0,13,0.0,0.0
43,43,2026-08-28,Friday,112.0,112.0,13,0.0,0.0
43,43,2026-08-29,Saturday,58.0,58.0,13,0.0,0.0
43,43,2026-08-30,Sunday,60.0,60.0,12,0.0,0.0
43,43,2026-09-01,Tuesday,112.0,112.0,12,0.0,0.0
43,43,2026-09-02,Wednesday,112.0,112.0,13,0.0,0.0
43,43,2026-09-03,Thursday,112.0,112.0,13,0.0,0.0
43,43,2026-09-04,Friday,112.0,112.0,13,0.0,0.0
43,43,2026-09-05,Saturday,58.0,58.0,13,0.0,0.0
43,43,2026-09-06,Sunday,60.0,60.0,12,0.0,0.0
43,43,2026-09-08,Tuesday,112.0,112.0,12,0.0,0.0
43,43,2026-09-09,Wednesday,112.0,112.0,13,0.0,0.0
43,43,2026-09-10,Thursday,112.0,112.0,13,0.0,0.0
43,43,2026-09-11,Friday,112.0,112.0,13,0.0,0.0
43,43,2026-09-12,Saturday,58.0,58.0,13,0.0,0.0
43,43,2026-09-13,Sunday,60.0,60.0,12,0.0,0.0
43,43,2026-09-15,Tuesday,112.0,112.0,12,0.0,0.0
43,43,2026-09-16,Wednesday,112.0,112.0,13,0.0,0.0
43,43,2026-09-17,Thursday,112.0,112.0,13,0.0,0.0
43,43,2026-09-18,Friday,112.0,112.0,13,0.0,0.0
43,43,2026-09-19,Saturday,58.0,58.0,13,0.0,0.0
43,43,2026-09-20,Sunday,60.0,60.0,12,0.0,0.0
43,43,2026-09-22,Tuesday,112.0,112.0,12,0.0,0.0
43,43,2026-09-23,Wednesday,112.0,112.0,13,0.0,0.0
43,43,2026-09-24,Thursday,112.0,112.0,13,0.0,0.0
43,43,2026-09-25,Friday,112.0,112.0,13,0.0,0.0
43,43,2026-09-26,Saturday,58.0,58.0,13,0.0,0.0
43,43,2026-09-27,Sunday,60.0,60.0,12,0.0,0.0
43,43,2026-09-29,Tuesday,112.0,112.0,12,0.0,0.0
43,43,2026-09-30,Wednesday,112.0,112.0,13,0.0,0.0
43,43,2026-10-01,Thursday,112.0,112.0,13,0.0,0.0
43,43,2026-10-02,Friday,112.0,112.0,13,0.0,0.0
43,43,2026-10-03,Saturday,58.0,58.0,13,0.0,0.0
43,43,2026-10-04,Sunday,60.0,60.0,12,0.0,0.0
43,43,2026-10-06,Tuesday,112.0,112.0,12,0.0,0.0
43,43,2026-10-07,Wednesday,112.0,112.0,13,0.0,0.0
43,43,2026-10-08,Thursday,112.0,112.0,13,0.0,0.0
43,43,2026-10-09,Friday,112.0,112.0,13,0.0,0.0
43,43,2026-10-10,Saturday,58.0,58.0,13,0.0,0.0
43,43,2026-10-11,Sunday,60.0,60.0,12,0.0,0.0
43,43,2026-10-13,Tuesday,112.0,112.0,12,0.0,0.0
43,43,2026-10-14,Wednesday,112.0,112.0,13,0.0,0.0
43,43,2026-10-15,Thursday,112.0,112.0,13,0.0,0.0
43,43,2026-10-16,Friday,112.0,112.0,13,0.0,0.0
43,43,2026-10-17,Saturday,58.0,58.0,13,0.0,0.0
43,43,2026-10-18,Sunday,60.0,60.0,12,0.0,0.0
43,43,2026-10-20,Tuesday,112.0,112.0,12,0.0,0.0
43,43,2026-10-21,Wednesday,112.0,112.0,13,0.0,0.0
43,43,2026-10-22,Thursday,112.0,112.0,13,0.0,0.0
43,43,2026-10-23,Friday,112.0,112.0,13,0.0,0.0
43,43,2026-10-24,Saturday,58.0,58.0,13,0.0,0.0
43,43,2026-10-25,Sunday,60.0,60.0,12,0.0,0.0
43,43,2026-10-27,Tuesday,112.0,112.0,12,0.0,0.0
43,43,2026-10-28,Wednesday,112.0,112.0,13,0.0,0.0
43,43,2026-10-29,Thursday,112.0,112.0,13,0.0,0.0
43,43,2026-10-30,Friday,112.0,112.0,13,0.0,0.0
43,43,2026-10-31,Saturday,58.0,58.0,13,0.0,0.0
50,50,2026-09-20,Sunday,128.0,128.0,12,0.0,0.0
50,50,2026-09-26,Saturday,150.0,150.0,13,0.0,0.0
50,50,2026-09-27,Sunday,128.0,128.0,12,0.0,0.0
50,50,2026-10-03,Saturday,150.0,150.0,13,0.0,0.0
50,50,2026-10-04,Sunday,128.0,128.0,12,0.0,0.0
50,50,2026-10-10,Saturday,150.0,150.0,13,0.0,0.0
50,50,2026-10-11,Sunday,128.0,128.0,12,0.0,0.0
50,50,2026-10-17,Saturday,150.0,150.0,13,0.0,0.0
50,50,2026-10-18,Sunday,128.0,128.0,12,0.0,0.0
50,50,2026-10-24,Saturday,150.0,150.0,13,0.0,0.0
50,50,2026-10-25,Sunday,128.0,128.0,12,0.0,0.0
50,50,2026-10-31,Saturday,150.0,150.0,13,0.0,0.0
51,51,2026-08-05,Wednesday,98.0,98.0,13,0.0,0.0
51,51,2026-08-06,Thursday,98.0,98.0,13,0.0,0.0
51,51,2026-08-07,Friday,98.0,98.0,13,0.0,0.0
51,51,2026-08-08,Saturday,90.0,90.0,13,0.0,0.0
51,51,2026-08-09,Sunday,80.0,80.0,12,0.0,0.0
51,51,2026-08-11,Tuesday,98.0,98.0,12,0.0,0.0
51,51,2026-08-12,Wednesday,98.0,98.0,13,0.0,0.0
51,51,2026-08-13,Thursday,98.0,98.0,13,0.0,0.0
51,51,2026-08-14,Friday,98.0,98.0,13,0.0,0.0
51,51,2026-08-15,Saturday,90.0,90.0,13,0.0,0.0
51,51,2026-08-16,Sunday,80.0,80.0,12,0.0,0.0
51,51,2026-08-18,Tuesday,98.0,98.0,12,0.0,0.0
51,51,2026-08-19,Wednesday,98.0,98.0,13,0.0,0.0
51,51,2026-08-20,Thursday,98.0,98.0,13,0.0,0.0
51,51,2026-08-21,Friday,98.0,98.0,13,0.0,0.0
51,51,2026-08-22,Saturday,90.0,90.0,13,0.0,0.0
51,51,2026-08-23,Sunday,80.0,80.0,12,0.0,0.0
51,51,2026-08-25,Tuesday,98.0,98.0,12,0.0,0.0
51,51,2026-08-26,Wednesday,98.0,98.0,13,0.0,0.0
51,51,2026-08-27,Thursday,98.0,98.0,13,0.0,0.0
51,51,2026-08-28,Friday,98.0,98.0,13,0.0,0.0
51,51,2026-08-29,Saturday,90.0,90.0,13,0.0,0.0
51,51,2026-08-30,Sunday,80.0,80.0,12,0.0,0.0
51,51,2026-09-01,Tuesday,98.0,98.0,12,0.0,0.0
51,51,2026-09-02,Wednesday,98.0,98.0,13,0.0,0.0
51,51,2026-09-03,Thursday,98.0,98.0,13,0.0,0.0
51,51,2026-09-04,Friday,98.0,98.0,13,0.0,0.0
51,51,2026-09-05,Saturday,90.0,90.0,13,0.0,0.0
51,51,2026-09-06,Sunday,80.0,80.0,12,0.0,0.0
51,51,2026-09-08,Tuesday,98.0,98.0,12,0.0,0.0
51,51,2026-09-09,Wednesday,98.0,98.0,13,0.0,0.0
51,51,2026-09-10,Thursday,98.0,98.0,13,0.0,0.0
51,51,2026-09-11,Friday,98.0,98.0,13,0.0,0.0
51,51,2026-09-12,Saturday,90.0,90.0,13,0.0,0.0
51,51,2026-09-13,Sunday,80.0,80.0,12,0.0,0.0
51,51,2026-09-15,Tuesday,98.0,98.0,12,0.0,0.0
51,51,2026-09-16,Wednesday,98.0,98.0,13,0.0,0.0
51,51,2026-09-17,Thursday,98.0,98.0,13,0.0,0.0
51,51,2026-09-18,Friday,98.0,98.0,13,0.0,0.0
51,51,2026-09-19,Saturday,90.0,90.0,13,0.0,0.0
51,51,2026-09-20,Sunday,80.0,80.0,12,0.0,0.0
51,51,2026-09-22,Tuesday,98.0,98.0,12,0.0,0.0
51,51,2026-09-23,Wednesday,98.0,98.0,13,0.0,0.0
51,51,2026-09-24,Thursday,98.0,98.0,13,0.0,0.0
51,51,2026-09-25,Friday,98.0,98.0,13,0.0,0.0
51,51,2026-09-26,Saturday,90.0,90.0,13,0.0,0.0
51,51,2026-09-27,Sunday,80.0,80.0,12,0.0,0.0
51,51,2026-09-29,Tuesday,98.0,98.0,12,0.0,0.0
51,51,2026-09-30,Wednesday,98.0,98.0,13,0.0,0.0
51,51,2026-10-01,Thursday,98.0,98.0,13,0.0,0.0
51,51,2026-10-02,Friday,98.0,98.0,13,0.0,0.0
51,51,2026-10-03,Saturday,90.0,90.0,13,0.0,0.0
51,51,2026-10-04,Sunday,80.0,80.0,12,0.0,0.0
51,51,2026-10-06,Tuesday,98.0,98.0,12,0.0,0.0
51,51,2026-10-07,Wednesday,98.0,98.0,13,0.0,0.0
51,51,2026-10-08,Thursday,98.0,98.0,13,0.0,0.0
51,51,2026-10-09,Friday,98.0,98.0,13,0.0,0.0
51,51,2026-10-10,Saturday,90.0,90.0,13,0.0,0.0
51,51,2026-10-11,Sunday,80.0,80.0,12,0.0,0.0
51,51,2026-10-13,Tuesday,98.0,98.0,12,0.0,0.0
51,51,2026-10-14,Wednesday,98.0,98.0,13,0.0,0.0
51,51,2026-10-15,Thursday,98.0,98.0,13,0.0,0.0
51,51,2026-10-16,Friday,98.0,98.0,13,0.0,0.0
51,51,2026-10-17,Saturday,90.0,90.0,13,0.0,0.0
51,51,2026-10-18,Sunday,80.0,80.0,12,0.0,0.0
51,51,2026-10-20,Tuesday,98.0,98.0,12,0.0,0.0
51,51,2026-10-21,Wednesday,98.0,98.0,13,0.0,0.0
51,51,2026-10-22,Thursday,98.0,98.0,13,0.0,0.0
51,51,2026-10-23,Friday,98.0,98.0,13,0.0,0.0
51,51,2026-10-24,Saturday,90.0,90.0,13,0.0,0.0
51,51,2026-10-25,Sunday,80.0,80.0,12,0.0,0.0
51,51,2026-10-27,Tuesday,98.0,98.0,12,0.0,0.0
51,51,2026-10-28,Wednesday,98.0,98.0,13,0.0,0.0
51,51,2026-10-29,Thursday,98.0,98.0,13,0.0,0.0
51,51,2026-10-30,Friday,98.0,98.0,13,0.0,0.0
51,51,2026-10-31,Saturday,90.0,90.0,13,0.0,0.0
52,52,2026-08-05,Wednesday,190.0,190.0,13,0.0,0.0
52,52,2026-08-06,Thursday,190.0,190.0,13,0.0,0.0
52,52,2026-08-07,Friday,190.0,190.0,13,0.0,0.0
52,52,2026-08-08,Saturday,148.0,148.0,13,0.0,0.0
52,52,2026-08-09,Sunday,117.0,117.0,12,0.0,0.0
52,52,2026-08-11,Tuesday,190.0,190.0,12,0.0,0.0
52,52,2026-08-12,Wednesday,190.0,190.0,13,0.0,0.0
52,52,2026-08-13,Thursday,190.0,190.0,13,0.0,0.0
52,52,2026-08-14,Friday,190.0,190.0,13,0.0,0.0
52,52,2026-08-15,Saturday,148.0,148.0,13,0.0,0.0
52,52,2026-08-16,Sunday,117.0,117.0,12,0.0,0.0
52,52,2026-08-18,Tuesday,190.0,190.0,12,0.0,0.0
52,52,2026-08-19,Wednesday,190.0,190.0,13,0.0,0.0
52,52,2026-08-20,Thursday,190.0,190.0,13,0.0,0.0
52,52,2026-08-21,Friday,190.0,190.0,13,0.0,0.0
52,52,2026-08-22,Saturday,148.0,148.0,13,0.0,0.0
52,52,2026-08-23,Sunday,117.0,117.0,12,0.0,0.0
52,52,2026-08-25,Tuesday,190.0,190.0,12,0.0,0.0
52,52,2026-08-26,Wednesday,190.0,190.0,13,0.0,0.0
52,52,2026-08-27,Thursday,190.0,190.0,13,0.0,0.0
52,52,2026-08-28,Friday,190.0,190.0,13,0.0,0.0
52,52,2026-08-29,Saturday,148.0,148.0,13,0.0,0.0
52,52,2026-08-30,Sunday,117.0,117.0,12,0.0,0.0
52,52,2026-09-01,Tuesday,190.0,190.0,12,0.0,0.0
52,52,2026-09-02,Wednesday,190.0,190.0,13,0.0,0.0
52,52,2026-09-03,Thursday,190.0,190.0,13,0.0,0.0
52,52,2026-09-04,Friday,190.0,190.0,13,0.0,0.0
52,52,2026-09-05,Saturday,148.0,148.0,13,0.0,0.0
52,52,2026-09-06,Sunday,117.0,117.0,12,0.0,0.0
52,52,2026-09-08,Tuesday,190.0,190.0,12,0.0,0.0
52,52,2026-09-09,Wednesday,190.0,190.0,13,0.0,0.0
52,52,2026-09-10,Thursday,190.0,190.0,13,0.0,0.0
52,52,2026-09-11,Friday,190.0,190.0,13,0.0,0.0
52,52,2026-09-12,Saturday,148.0,148.0,13,0.0,0.0
52,52,2026-09-13,Sunday,117.0,117.0,12,0.0,0.0
52,52,2026-09-15,Tuesday,190.0,190.0,12,0.0,0.0
52,52,2026-09-16,Wednesday,190.0,190.0,13,0.0,0.0
52,52,2026-09-17,Thursday,190.0,190.0,13,0.0,0.0
52,52,2026-09-18,Friday,190.0,190.0,13,0.0,0.0
52,52,2026-09-19,Saturday,148.0,148.0,13,0.0,0.0
52,52,2026-09-20,Sunday,117.0,117.0,12,0.0,0.0
52,52,2026-09-22,Tuesday,190.0,190.0,12,0.0,0.0
52,52,2026-09-23,Wednesday,190.0,190.0,13,0.0,0.0
52,52,2026-09-24,Thursday,190.0,190.0,13,0.0,0.0
52,52,2026-09-25,Friday,190.0,190.0,13,0.0,0.0
52,52,2026-09-26,Saturday,148.0,148.0,13,0.0,0.0
52,52,2026-09-27,Sunday,117.0,117.0,12,0.0,0.0
52,52,2026-09-29,Tuesday,190.0,190.0,12,0.0,0.0
52,52,2026-09-30,Wednesday,190.0,190.0,13,0.0,0.0
52,52,2026-10-01,Thursday,190.0,190.0,13,0.0,0.0
52,52,2026-10-02,Friday,190.0,190.0,13,0.0,0.0
52,52,2026-10-03,Saturday,148.0,148.0,13,0.0,0.0
52,52,2026-10-04,Sunday,117.0,117.0,12,0.0,0.0
52,52,2026-10-06,Tuesday,190.0,190.0,12,0.0,0.0
52,52,2026-10-07,Wednesday,190.0,190.0,13,0.0,0.0
52,52,2026-10-08,Thursday,190.0,190.0,13,0.0,0.0
52,52,2026-10-09,Friday,190.0,190.0,13,0.0,0.0
52,52,2026-10-10,Saturday,148.0,148.0,13,0.0,0.0
52,52,2026-10-11,Sunday,117.0,117.0,12,0.0,0.0
52,52,2026-10-13,Tuesday,190.0,190.0,12,0.0,0.0
52,52,2026-10-14,Wednesday,190.0,190.0,13,0.0,0.0
52,52,2026-10-15,Thursday,190.0,190.0,13,0.0,0.0
52,52,2026-10-16,Friday,190.0,190.0,13,0.0,0.0
52,52,2026-10-17,Saturday,148.0,148.0,13,0.0,0.0
52,52,2026-10-18,Sunday,117.0,117.0,12,0.0,0.0
52,52,2026-10-20,Tuesday,190.0,190.0,12,0.0,0.0
52,52,2026-10-21,Wednesday,190.0,190.0,13,0.0,0.0
52,52,2026-10-22,Thursday,190.0,190.0,13,0.0,0.0
52,52,2026-10-23,Friday,190.0,190.0,13,0.0,0.0
52,52,2026-10-24,Saturday,148.0,148.0,13,0.0,0.0
52,52,2026-10-25,Sunday,117.0,117.0,12,0.0,0.0
52,52,2026-10-27,Tuesday,190.0,190.0,12,0.0,0.0
52,52,2026-10-28,Wednesday,190.0,190.0,13,0.0,0.0
52,52,2026-10-29,Thursday,190.0,190.0,13,0.0,0.0
52,52,2026-10-30,Friday,190.0,190.0,13,0.0,0.0
52,52,2026-10-31,Saturday,148.0,148.0,13,0.0,0.0
52A,52A,2026-08-05,Wednesday,142.0,142.0,13,0.0,0.0
52A,52A,2026-08-06,Thursday,142.0,142.0,13,0.0,0.0
52A,52A,2026-08-07,Friday,142.0,142.0,13,0.0,0.0
52A,52A,2026-08-08,Saturday,84.0,84.0,13,0.0,0.0
52A,52A,2026-08-09,Sunday,64.0,64.0,12,0.0,0.0
52A,52A,2026-08-11,Tuesday,142.0,142.0,12,0.0,0.0
52A,52A,2026-08-12,Wednesday,142.0,142.0,13,0.0,0.0
52A,52A,2026-08-13,Thursday,142.0,142.0,13,0.0,0.0
52A,52A,2026-08-14,Friday,142.0,142.0,13,0.0,0.0
52A,52A,2026-08-15,Saturday,84.0,84.0,13,0.0,0.0
52A,52A,2026-08-16,Sunday,64.0,64.0,12,0.0,0.0
52A,52A,2026-08-18,Tuesday,142.0,142.0,12,0.0,0.0
52A,52A,2026-08-19,Wednesday,142.0,142.0,13,0.0,0.0
52A,52A,2026-08-20,Thursday,142.0,142.0,13,0.0,0.0
52A,52A,2026-08-21,Friday,142.0,142.0,13,0.0,0.0
52A,52A,2026-08-22,Saturday,84.0,84.0,13,0.0,0.0
52A,52A,2026-08-23,Sunday,64.0,64.0,12,0.0,0.0
52A,52A,2026-08-25,Tuesday,142.0,142.0,12,0.0,0.0
52A,52A,2026-08-26,Wednesday,142.0,142.0,13,0.0,0.0
52A,52A,2026-08-27,Thursday,142.0,142.0,13,0.0,0.0
52A,52A,2026-08-28,Friday,142.0,142.0,13,0.0,0.0
52A,52A,2026-08-29,Saturday,84.0,84.0,13,0.0,0.0
52A,52A,2026-08-30,Sunday,64.0,64.0,12,0.0,0.0
52A,52A,2026-09-01,Tuesday,142.0,142.0,12,0.0,0.0
52A,52A,2026-09-02,Wednesday,142.0,142.0,13,0.0,0.0
52A,52A,2026-09-03,Thursday,142.0,142.0,13,0.0,0.0
52A,52A,2026-09-04,Friday,142.0,142.0,13,0.0,0.0
52A,52A,2026-09-05,Saturday,84.0,84.0,13,0.0,0.0
52A,52A,2026-09-06,Sunday,64.0,64.0,12,0.0,0.0
52A,52A,2026-09-08,Tuesday,142.0,142.0,12,0.0,0.0
52A,52A,2026-09-09,Wednesday,142.0,142.0,13,0.0,0.0
52A,52A,2026-09-10,Thursday,142.0,142.0,13,0.0,0.0
52A,52A,2026-09-11,Friday,142.0,142.0,13,0.0,0.0
52A,52A,2026-09-12,Saturday,84.0,84.0,13,0.0,0.0
52A,52A,2026-09-13,Sunday,64.0,64.0,12,0.0,0.0
52A,52A,2026-09-15,Tuesday,142.0,142.0,12,0.0,0.0
52A,52A,2026-09-16,Wednesday,142.0,142.0,13,0.0,0.0
52A,52A,2026-09-17,Thursday,142.0,142.0,13,0.0,0.0
52A,52A,2026-09-18,Friday,142.0,142.0,13,0.0,0.0
52A,52A,2026-09-19,Saturday,84.0,84.0,13,0.0,0.0
52A,52A,2026-09-20,Sunday,64.0,64.0,12,0.0,0.0
52A,52A,2026-09-22,Tuesday,142.0,142.0,12,0.0,0.0
52A,52A,2026-09-23,Wednesday,142.0,142.0,13,0.0,0.0
52A,52A,2026-09-24,Thursday,142.0,142.0,13,0.0,0.0
52A,52A,2026-09-25,Friday,142.0,142.0,13,0.0,0.0
52A,52A,2026-09-26,Saturday,84.0,84.0,13,0.0,0.0
52A,52A,2026-09-27,Sunday,64.0,64.0,12,0.0,0.0
52A,52A,2026-09-29,Tuesday,142.0,142.0,12,0.0,0.0
52A,52A,2026-09-30,Wednesday,142.0,142.0,13,0.0,0.0
52A,52A,2026-10-01,Thursday,142.0,142.0,13,0.0,0.0
52A,52A,2026-10-02,Friday,142.0,142.0,13,0.0,0.0
52A,52A,2026-10-03,Saturday,84.0,84.0,13,0.0,0.0
52A,52A,2026-10-04,Sunday,64.0,64.0,12,0.0,0.0
52A,52A,2026-10-06,Tuesday,142.0,142.0,12,0.0,0.0
52A,52A,2026-10-07,Wednesday,142.0,142.0,13,0.0,0.0
52A,52A,2026-10-08,Thursday,142.0,142.0,13,0.0,0.0
52A,52A,2026-10-09,Friday,142.0,142.0,13,0.0,0.0
52A,52A,2026-10-10,Saturday,84.0,84.0,13,0.0,0.0
52A,52A,2026-10-11,Sunday,64.0,64.0,12,0.0,0.0
52A,52A,2026-10-13,Tuesday,142.0,142.0,12,0.0,0.0
52A,52A,2026-10-14,Wednesday,142.0,142.0,13,0.0,0.0
52A,52A,2026-10-15,Thursday,142.0,142.0,13,0.0,0.0
52A,52A,2026-10-16,Friday,142.0,142.0,13,0.0,0.0
52A,52A,2026-10-17,Saturday,84.0,84.0,13,0.0,0.0
52A,52A,2026-10-18,Sunday,64.0,64.0,12,0.0,0.0
52A,52A,2026-10-20,Tuesday,142.0,142.0,12,0.0,0.0
52A,52A,2026-10-21,Wednesday,142.0,142.0,13,0.0,0.0
52A,52A,2026-10-22,Thursday,142.0,142.0,13,0.0,0.0
52A,52A,2026-10-23,Friday,142.0,142.0,13,0.0,0.0
52A,52A,2026-10-24,Saturday,84.0,84.0,13,0.0,0.0
52A,52A,2026-10-25,Sunday,64.0,64.0,12,0.0,0.0
52A,52A,2026-10-27,Tuesday,142.0,142.0,12,0.0,0.0
52A,52A,2026-10-28,Wednesday,142.0,142.0,13,0.0,0.0
52A,52A,2026-10-29,Thursday,142.0,142.0,13,0.0,0.0
52A,52A,2026-10-30,Friday,142.0,142.0,13,0.0,0.0
52A,52A,2026-10-31,Saturday,84.0,84.0,13,0.0,0.0
53A,53A,2026-08-08,Saturday,122.0,122.0,13,0.0,0.0
53A,53A,2026-08-09,Sunday,102.0,102.0,12,0.0,0.0
53A,53A,2026-08-15,Saturday,122.0,122.0,13,0.0,0.0
53A,53A,2026-08-16,Sunday,102.0,102.0,12,0.0,0.0
53A,53A,2026-08-22,Saturday,122.0,122.0,13,0.0,0.0
53A,53A,2026-08-23,Sunday,102.0,102.0,12,0.0,0.0
53A,53A,2026-08-29,Saturday,122.0,122.0,13,0.0,0.0
53A,53A,2026-08-30,Sunday,102.0,102.0,12,0.0,0.0
53A,53A,2026-09-05,Saturday,122.0,122.0,13,0.0,0.0
53A,53A,2026-09-06,Sunday,102.0,102.0,12,0.0,0.0
53A,53A,2026-09-12,Saturday,122.0,122.0,13,0.0,0.0
53A,53A,2026-09-13,Sunday,102.0,102.0,12,0.0,0.0
53A,53A,2026-09-19,Saturday,122.0,122.0,13,0.0,0.0
53A,53A,2026-09-20,Sunday,102.0,102.0,12,0.0,0.0
53A,53A,2026-09-26,Saturday,122.0,122.0,13,0.0,0.0
53A,53A,2026-09-27,Sunday,102.0,102.0,12,0.0,0.0
53A,53A,2026-10-03,Saturday,122.0,122.0,13,0.0,0.0
53A,53A,2026-10-04,Sunday,102.0,102.0,12,0.0,0.0
53A,53A,2026-10-10,Saturday,122.0,122.0,13,0.0,0.0
53A,53A,2026-10-11,Sunday,102.0,102.0,12,0.0,0.0
53A,53A,2026-10-17,Saturday,122.0,122.0,13,0.0,0.0
53A,53A,2026-10-18,Sunday,102.0,102.0,12,0.0,0.0
53A,53A,2026-10-24,Saturday,122.0,122.0,13,0.0,0.0
53A,53A,2026-10-25,Sunday,102.0,102.0,12,0.0,0.0
53A,53A,2026-10-31,Saturday,122.0,122.0,13,0.0,0.0
48,48,2026-09-06,Sunday,0.0,0.0,12,0.0,
48,48,2026-09-12,Saturday,0.0,0.0,13,0.0,
48,48,2026-09-13,Sunday,0.0,0.0,12,0.0,
48,48,2026-09-19,Saturday,0.0,0.0,13,0.0,
48,48,2026-09-20,Sunday,0.0,0.0,12,0.0,
48,48,2026-09-26,Saturday,0.0,0.0,13,0.0,
48,48,2026-09-27,Sunday,0.0,0.0,12,0.0,
36,36,2026-10-16,Friday,166.0,166.0,13,0.0,0.0
36,36,2026-10-17,Saturday,175.0,175.0,13,0.0,0.0
48,48,2026-10-03,Saturday,0.0,0.0,13,0.0,
48,48,2026-10-04,Sunday,0.0,0.0,12,0.0,
36,36,2026-10-18,Sunday,163.0,163.0,12,0.0,0.0
36,36,2026-10-20,Tuesday,166.0,166.0,12,0.0,0.0
36,36,2026-10-21,Wednesday,166.0,166.0,13,0.0,0.0
36,36,2026-10-22,Thursday,166.0,166.0,13,0.0,0.0
36,36,2026-10-23,Friday,166.0,166.0,13,0.0,0.0
36,36,2026-10-24,Saturday,175.0,175.0,13,0.0,0.0
36,36,2026-10-25,Sunday,163.0,163.0,12,0.0,0.0
36,36,2026-10-27,Tuesday,166.0,166.0,12,0.0,0.0
36,36,2026-10-28,Wednesday,166.0,166.0,13,0.0,0.0
36,36,2026-10-29,Thursday,166.0,166.0,13,0.0,0.0
48,48,2026-10-10,Saturday,0.0,0.0,13,0.0,
36,36,2026-10-30,Friday,166.0,166.0,13,0.0,0.0
36,36,2026-10-31,Saturday,175.0,175.0,13,0.0,0.0
37,37,2026-08-05,Wednesday,100.0,100.0,13,0.0,0.0
37,37,2026-08-06,Thursday,100.0,100.0,13,0.0,0.0
48,48,2026-10-11,Sunday,0.0,0.0,12,0.0,
37,37,2026-08-07,Friday,100.0,100.0,13,0.0,0.0
37,37,2026-08-08,Saturday,0.0,0.0,13,0.0,
37,37,2026-08-09,Sunday,0.0,0.0,12,0.0,
37,37,2026-08-11,Tuesday,100.0,100.0,12,0.0,0.0
37,37,2026-08-12,Wednesday,100.0,100.0,13,0.0,0.0
37,37,2026-08-13,Thursday,100.0,100.0,13,0.0,0.0
37,37,2026-08-14,Friday,100.0,100.0,13,0.0,0.0
37,37,2026-08-15,Saturday,0.0,0.0,13,0.0,
37,37,2026-08-16,Sunday,0.0,0.0,12,0.0,
37,37,2026-08-18,Tuesday,100.0,100.0,12,0.0,0.0
48,48,2026-10-17,Saturday,0.0,0.0,13,0.0,
48,48,2026-10-18,Sunday,0.0,0.0,12,0.0,
37,37,2026-08-19,Wednesday,100.0,100.0,13,0.0,0.0
37,37,2026-08-20,Thursday,100.0,100.0,13,0.0,0.0
37,37,2026-08-21,Friday,100.0,100.0,13,0.0,0.0
37,37,2026-08-22,Saturday,0.0,0.0,13,0.0,
37,37,2026-08-23,Sunday,0.0,0.0,12,0.0,
37,37,2026-08-25,Tuesday,100.0,100.0,12,0.0,0.0
37,37,2026-08-26,Wednesday,100.0,100.0,13,0.0,0.0
37,37,2026-08-27,Thursday,100.0,100.0,13,0.0,0.0
37,37,2026-08-28,Friday,100.0,100.0,13,0.0,0.0
37,37,2026-08-29,Saturday,0.0,0.0,13,0.0,
37,37,2026-08-30,Sunday,0.0,0.0,12,0.0,
47,47,2026-08-05,Wednesday,251.0,251.0,13,0.0,0.0
47,47,2026-08-06,Thursday,251.0,251.0,13,0.0,0.0
47,47,2026-08-07,Friday,251.0,251.0,13,0.0,0.0
47,47,2026-08-08,Saturday,219.0,219.0,13,0.0,0.0
47,47,2026-08-09,Sunday,217.0,217.0,12,0.0,0.0
47,47,2026-08-11,Tuesday,251.0,251.0,12,0.0,0.0
47,47,2026-08-12,Wednesday,251.0,251.0,13,0.0,0.0
47,47,2026-08-13,Thursday,251.0,251.0,13,0.0,0.0
47,47,2026-08-14,Friday,251.0,251.0,13,0.0,0.0
47,47,2026-08-15,Saturday,219.0,219.0,13,0.0,0.0
47,47,2026-08-16,Sunday,217.0,217.0,12,0.0,0.0
47,47,2026-09-04,Friday,251.0,251.0,13,0.0,0.0
47,47,2026-08-23,Sunday,217.0,217.0,12,0.0,0.0
49B,49B,2026-09-27,Sunday,156.0,156.0,12,0.0,0.0
49,49,2026-09-05,Saturday,256.0,256.0,13,0.0,0.0
49,49,2026-09-06,Sunday,227.0,227.0,12,0.0,0.0
49B,49B,2026-09-30,Wednesday,221.0,221.0,13,0.0,0.0
49B,49B,2026-10-01,Thursday,221.0,221.0,13,0.0,0.0
49B,49B,2026-10-02,Friday,221.0,221.0,13,0.0,0.0
49B,49B,2026-10-04,Sunday,156.0,156.0,12,0.0,0.0
49B,49B,2026-10-07,Wednesday,221.0,221.0,13,0.0,0.0
49B,49B,2026-10-08,Thursday,221.0,221.0,13,0.0,0.0
49B,49B,2026-10-09,Friday,221.0,221.0,13,0.0,0.0
49B,49B,2026-10-11,Sunday,156.0,156.0,12,0.0,0.0
49B,49B,2026-10-14,Wednesday,221.0,221.0,13,0.0,0.0
49B,49B,2026-10-15,Thursday,221.0,221.0,13,0.0,0.0
49B,49B,2026-10-16,Friday,221.0,221.0,13,0.0,0.0
49B,49B,2026-10-18,Sunday,156.0,156.0,12,0.0,0.0
49B,49B,2026-10-21,Wednesday,221.0,221.0,13,0.0,0.0
49B,49B,2026-10-22,Thursday,221.0,221.0,13,0.0,0.0
49B,49B,2026-10-23,Friday,221.0,221.0,13,0.0,0.0
49B,49B,2026-10-25,Sunday,156.0,156.0,12,0.0,0.0
49B,49B,2026-10-28,Wednesday,221.0,221.0,13,0.0,0.0
49B,49B,2026-10-29,Thursday,221.0,221.0,13,0.0,0.0
49B,49B,2026-10-30,Friday,221.0,221.0,13,0.0,0.0
47,47,2026-09-05,Saturday,219.0,219.0,13,0.0,0.0
50,50,2026-08-08,Saturday,150.0,150.0,13,0.0,0.0
50,50,2026-08-09,Sunday,128.0,128.0,12,0.0,0.0
50,50,2026-08-15,Saturday,150.0,150.0,13,0.0,0.0
50,50,2026-08-16,Sunday,128.0,128.0,12,0.0,0.0
50,50,2026-08-22,Saturday,150.0,150.0,13,0.0,0.0
50,50,2026-08-23,Sunday,128.0,128.0,12,0.0,0.0
50,50,2026-08-29,Saturday,150.0,150.0,13,0.0,0.0
50,50,2026-08-30,Sunday,128.0,128.0,12,0.0,0.0
50,50,2026-09-05,Saturday,150.0,150.0,13,0.0,0.0
50,50,2026-09-06,Sunday,128.0,128.0,12,0.0,0.0
50,50,2026-09-12,Saturday,150.0,150.0,13,0.0,0.0
50,50,2026-09-13,Sunday,128.0,128.0,12,0.0,0.0
47,47,2026-09-06,Sunday,217.0,217.0,12,0.0,0.0
50,50,2026-09-19,Saturday,150.0,150.0,13,0.0,0.0
49,49,2026-09-12,Saturday,256.0,256.0,13,0.0,0.0
47,47,2026-09-08,Tuesday,251.0,251.0,12,0.0,0.0
49,49,2026-09-13,Sunday,227.0,227.0,12,0.0,0.0
47,47,2026-08-25,Tuesday,251.0,251.0,12,0.0,0.0
49,49,2026-09-19,Saturday,256.0,256.0,13,0.0,0.0
49,49,2026-09-20,Sunday,227.0,227.0,12,0.0,0.0
36,36,2026-09-25,Friday,166.0,166.0,13,0.0,0.0
47,47,2026-09-30,Wednesday,251.0,251.0,13,0.0,0.0
47,47,2026-10-01,Thursday,251.0,251.0,13,0.0,0.0
36,36,2026-09-26,Saturday,175.0,175.0,13,0.0,0.0
36,36,2026-09-27,Sunday,163.0,163.0,12,0.0,0.0
36,36,2026-09-29,Tuesday,166.0,166.0,12,0.0,0.0
47,47,2026-10-02,Friday,251.0,251.0,13,0.0,0.0
47,47,2026-10-03,Saturday,219.0,219.0,13,0.0,0.0
36,36,2026-09-30,Wednesday,166.0,166.0,13,0.0,0.0
36,36,2026-10-01,Thursday,166.0,166.0,13,0.0,0.0
36,36,2026-10-02,Friday,166.0,166.0,13,0.0,0.0
36,36,2026-10-03,Saturday,175.0,175.0,13,0.0,0.0
47,47,2026-10-04,Sunday,217.0,217.0,12,0.0,0.0
36,36,2026-10-04,Sunday,163.0,163.0,12,0.0,0.0
36,36,2026-10-06,Tuesday,166.0,166.0,12,0.0,0.0
36,36,2026-10-07,Wednesday,166.0,166.0,13,0.0,0.0
47,47,2026-10-06,Tuesday,251.0,251.0,12,0.0,0.0
47,47,2026-10-07,Wednesday,251.0,251.0,13,0.0,0.0
36,36,2026-10-08,Thursday,166.0,166.0,13,0.0,0.0
36,36,2026-10-09,Friday,166.0,166.0,13,0.0,0.0
36,36,2026-10-10,Saturday,175.0,175.0,13,0.0,0.0
36,36,2026-10-11,Sunday,163.0,163.0,12,0.0,0.0
47,47,2026-10-08,Thursday,251.0,251.0,13,0.0,0.0
47,47,2026-10-09,Friday,251.0,251.0,13,0.0,0.0
49,49,2026-10-03,Saturday,256.0,256.0,13,0.0,0.0
36,36,2026-10-13,Tuesday,166.0,166.0,12,0.0,0.0
36,36,2026-10-14,Wednesday,166.0,166.0,13,0.0,0.0
36,36,2026-10-15,Thursday,166.0,166.0,13,0.0,0.0
36,36,2026-08-08,Saturday,175.0,175.0,13,0.0,0.0
49,49,2026-10-04,Sunday,227.0,227.0,12,0.0,0.0
47,47,2026-10-10,Saturday,219.0,219.0,13,0.0,0.0
47,47,2026-08-30,Sunday,217.0,217.0,12,0.0,0.0
49,49,2026-10-24,Saturday,256.0,256.0,13,0.0,0.0
47,47,2026-08-29,Saturday,219.0,219.0,13,0.0,0.0
47,47,2026-10-11,Sunday,217.0,217.0,12,0.0,0.0
49,49,2026-10-25,Sunday,227.0,227.0,12,0.0,0.0
49,49,2026-10-31,Saturday,256.0,256.0,13,0.0,0.0
47,47,2026-09-12,Saturday,219.0,219.0,13,0.0,0.0
47,47,2026-10-13,Tuesday,251.0,251.0,12,0.0,0.0
49B,49B,2026-08-05,Wednesday,221.0,221.0,13,0.0,0.0
49B,49B,2026-08-06,Thursday,221.0,221.0,13,0.0,0.0
49B,49B,2026-08-07,Friday,221.0,221.0,13,0.0,0.0
47,47,2026-10-14,Wednesday,251.0,251.0,13,0.0,0.0
47,47,2026-09-01,Tuesday,251.0,251.0,12,0.0,0.0
49B,49B,2026-08-09,Sunday,156.0,156.0,12,0.0,0.0
47,47,2026-08-28,Friday,251.0,251.0,13,0.0,0.0
47,47,2026-10-15,Thursday,251.0,251.0,13,0.0,0.0
49B,49B,2026-08-12,Wednesday,221.0,221.0,13,0.0,0.0
49B,49B,2026-08-13,Thursday,221.0,221.0,13,0.0,0.0
49B,49B,2026-08-14,Friday,221.0,221.0,13,0.0,0.0
47,47,2026-09-02,Wednesday,251.0,251.0,13,0.0,0.0
47,47,2026-09-11,Friday,251.0,251.0,13,0.0,0.0
49B,49B,2026-08-16,Sunday,156.0,156.0,12,0.0,0.0
36,36,2026-08-09,Sunday,163.0,163.0,12,0.0,0.0
49,49,2026-10-18,Sunday,227.0,227.0,12,0.0,0.0
47,47,2026-10-16,Friday,251.0,251.0,13,0.0,0.0
49B,49B,2026-08-19,Wednesday,221.0,221.0,13,0.0,0.0
49B,49B,2026-08-20,Thursday,221.0,221.0,13,0.0,0.0
49B,49B,2026-08-21,Friday,221.0,221.0,13,0.0,0.0
47,47,2026-09-10,Thursday,251.0,251.0,13,0.0,0.0
47,47,2026-10-17,Saturday,219.0,219.0,13,0.0,0.0
49B,49B,2026-08-23,Sunday,156.0,156.0,12,0.0,0.0
47,47,2026-10-18,Sunday,217.0,217.0,12,0.0,0.0
49B,49B,2026-08-26,Wednesday,221.0,221.0,13,0.0,0.0
49B,49B,2026-08-27,Thursday,221.0,221.0,13,0.0,0.0
49B,49B,2026-08-28,Friday,221.0,221.0,13,0.0,0.0
47,47,2026-10-20,Tuesday,251.0,251.0,12,0.0,0.0
47,47,2026-10-21,Wednesday,251.0,251.0,13,0.0,0.0
47,47,2026-10-22,Thursday,251.0,251.0,13,0.0,0.0
47,47,2026-10-23,Friday,251.0,251.0,13,0.0,0.0
47,47,2026-10-24,Saturday,219.0,219.0,13,0.0,0.0
47,47,2026-10-25,Sunday,217.0,217.0,12,0.0,0.0
49B,49B,2026-08-30,Sunday,156.0,156.0,12,0.0,0.0
47,47,2026-10-27,Tuesday,251.0,251.0,12,0.0,0.0
47,47,2026-10-28,Wednesday,251.0,251.0,13,0.0,0.0
47,47,2026-10-29,Thursday,251.0,251.0,13,0.0,0.0
47,47,2026-10-30,Friday,251.0,251.0,13,0.0,0.0
47,47,2026-10-31,Saturday,219.0,219.0,13,0.0,0.0
48,48,2026-08-08,Saturday,0.0,0.0,13,0.0,
49B,49B,2026-09-02,Wednesday,221.0,221.0,13,0.0,0.0
48,48,2026-08-09,Sunday,0.0,0.0,12,0.0,
49B,49B,2026-09-03,Thursday,221.0,221.0,13,0.0,0.0
49B,49B,2026-09-04,Friday,221.0,221.0,13,0.0,0.0
48,48,2026-08-15,Saturday,0.0,0.0,13,0.0,
48,48,2026-08-16,Sunday,0.0,0.0,12,0.0,
49B,49B,2026-09-06,Sunday,156.0,156.0,12,0.0,0.0
47,47,2026-08-18,Tuesday,251.0,251.0,12,0.0,0.0
48,48,2026-10-24,Saturday,0.0,0.0,13,0.0,
48,48,2026-10-25,Sunday,0.0,0.0,12,0.0,
48,48,2026-08-22,Saturday,0.0,0.0,13,0.0,
48,48,2026-08-23,Sunday,0.0,0.0,12,0.0,
48,48,2026-08-29,Saturday,0.0,0.0,13,0.0,
48,48,2026-08-30,Sunday,0.0,0.0,12,0.0,
48,48,2026-09-05,Saturday,0.0,0.0,13,0.0,
36,36,2026-08-19,Wednesday,166.0,166.0,13,0.0,0.0
49B,49B,2026-09-23,Wednesday,221.0,221.0,13,0.0,0.0
49B,49B,2026-09-24,Thursday,221.0,221.0,13,0.0,0.0
47,47,2026-08-19,Wednesday,251.0,251.0,13,0.0,0.0
49,49,2026-08-29,Saturday,256.0,256.0,13,0.0,0.0
49,49,2026-08-30,Sunday,227.0,227.0,12,0.0,0.0
49B,49B,2026-09-25,Friday,221.0,221.0,13,0.0,0.0
47,47,2026-09-03,Thursday,251.0,251.0,13,0.0,0.0
36,36,2026-08-20,Thursday,166.0,166.0,13,0.0,0.0
36,36,2026-08-21,Friday,166.0,166.0,13,0.0,0.0
36,36,2026-08-22,Saturday,175.0,175.0,13,0.0,0.0
36,36,2026-08-23,Sunday,163.0,163.0,12,0.0,0.0
47,47,2026-09-15,Tuesday,251.0,251.0,12,0.0,0.0
49,49,2026-08-08,Saturday,256.0,256.0,13,0.0,0.0
49B,49B,2026-09-09,Wednesday,221.0,221.0,13,0.0,0.0
36,36,2026-08-25,Tuesday,166.0,166.0,12,0.0,0.0
36,36,2026-08-26,Wednesday,166.0,166.0,13,0.0,0.0
47,47,2026-09-16,Wednesday,251.0,251.0,13,0.0,0.0
47,47,2026-09-17,Thursday,251.0,251.0,13,0.0,0.0
36,36,2026-08-27,Thursday,166.0,166.0,13,0.0,0.0
47,47,2026-08-20,Thursday,251.0,251.0,13,0.0,0.0
49,49,2026-08-09,Sunday,227.0,227.0,12,0.0,0.0
36,36,2026-09-19,Saturday,175.0,175.0,13,0.0,0.0
36,36,2026-09-20,Sunday,163.0,163.0,12,0.0,0.0
49B,49B,2026-09-10,Thursday,221.0,221.0,13,0.0,0.0
36,36,2026-08-29,Saturday,175.0,175.0,13,0.0,0.0
49B,49B,2026-09-18,Friday,221.0,221.0,13,0.0,0.0
36,36,2026-09-06,Sunday,163.0,163.0,12,0.0,0.0
47,47,2026-08-26,Wednesday,251.0,251.0,13,0.0,0.0
47,47,2026-09-09,Wednesday,251.0,251.0,13,0.0,0.0
36,36,2026-08-12,Wednesday,166.0,166.0,13,0.0,0.0
36,36,2026-08-05,Wednesday,166.0,166.0,13,0.0,0.0
47,47,2026-09-29,Tuesday,251.0,251.0,12,0.0,0.0
36,36,2026-09-22,Tuesday,166.0,166.0,12,0.0,0.0
47,47,2026-08-22,Saturday,219.0,219.0,13,0.0,0.0
47,47,2026-09-19,Saturday,219.0,219.0,13,0.0,0.0
36,36,2026-09-08,Tuesday,166.0,166.0,12,0.0,0.0
36,36,2026-09-23,Wednesday,166.0,166.0,13,0.0,0.0
36,36,2026-09-24,Thursday,166.0,166.0,13,0.0,0.0
36,36,2026-08-13,Thursday,166.0,166.0,13,0.0,0.0
36,36,2026-09-15,Tuesday,166.0,166.0,12,0.0,0.0
36,36,2026-08-30,Sunday,163.0,163.0,12,0.0,0.0
36,36,2026-09-16,Wednesday,166.0,166.0,13,0.0,0.0
36,36,2026-08-14,Friday,166.0,166.0,13,0.0,0.0
49B,49B,2026-09-11,Friday,221.0,221.0,13,0.0,0.0
49B,49B,2026-09-20,Sunday,156.0,156.0,12,0.0,0.0
47,47,2026-09-25,Friday,251.0,251.0,13,0.0,0.0
49,49,2026-09-26,Saturday,256.0,256.0,13,0.0,0.0
36,36,2026-08-06,Thursday,166.0,166.0,13,0.0,0.0
49,49,2026-10-10,Saturday,256.0,256.0,13,0.0,0.0
36,36,2026-09-10,Thursday,166.0,166.0,13,0.0,0.0
36,36,2026-09-01,Tuesday,166.0,166.0,12,0.0,0.0
36,36,2026-08-15,Saturday,175.0,175.0,13,0.0,0.0
36,36,2026-09-02,Wednesday,166.0,166.0,13,0.0,0.0
36,36,2026-08-16,Sunday,163.0,163.0,12,0.0,0.0
49B,49B,2026-09-16,Wednesday,221.0,221.0,13,0.0,0.0
36,36,2026-09-11,Friday,166.0,166.0,13,0.0,0.0
36,36,2026-09-12,Saturday,175.0,175.0,13,0.0,0.0
36,36,2026-08-28,Friday,166.0,166.0,13,0.0,0.0
36,36,2026-09-03,Thursday,166.0,166.0,13,0.0,0.0
36,36,2026-09-17,Thursday,166.0,166.0,13,0.0,0.0
47,47,2026-09-26,Saturday,219.0,219.0,13,0.0,0.0
49B,49B,2026-09-17,Thursday,221.0,221.0,13,0.0,0.0
36,36,2026-08-18,Tuesday,166.0,166.0,12,0.0,0.0
36,36,2026-08-11,Tuesday,166.0,166.0,12,0.0,0.0
36,36,2026-09-04,Friday,166.0,166.0,13,0.0,0.0
47,47,2026-09-27,Sunday,217.0,217.0,12,0.0,0.0
36,36,2026-09-13,Sunday,163.0,163.0,12,0.0,0.0
36,36,2026-09-18,Friday,166.0,166.0,13,0.0,0.0
47,47,2026-09-23,Wednesday,251.0,251.0,13,0.0,0.0
49,49,2026-10-11,Sunday,227.0,227.0,12,0.0,0.0
49B,49B,2026-09-13,Sunday,156.0,156.0,12,0.0,0.0
47,47,2026-09-22,Tuesday,251.0,251.0,12,0.0,0.0
36,36,2026-08-07,Friday,166.0,166.0,13,0.0,0.0
48,48,2026-10-31,Saturday,0.0,0.0,13,0.0,
49,49,2026-09-27,Sunday,227.0,227.0,12,0.0,0.0
49,49,2026-08-15,Saturday,256.0,256.0,13,0.0,0.0
36,36,2026-09-05,Saturday,175.0,175.0,13,0.0,0.0
47,47,2026-09-20,Sunday,217.0,217.0,12,0.0,0.0
36,36,2026-09-09,Wednesday,166.0,166.0,13,0.0,0.0
49,49,2026-08-22,Saturday,256.0,256.0,13,0.0,0.0
47,47,2026-09-18,Friday,251.0,251.0,13,0.0,0.0
47,47,2026-08-27,Thursday,251.0,251.0,13,0.0,0.0
47,47,2026-08-21,Friday,251.0,251.0,13,0.0,0.0
49,49,2026-10-17,Saturday,256.0,256.0,13,0.0,0.0
47,47,2026-09-24,Thursday,251.0,251.0,13,0.0,0.0
49,49,2026-08-23,Sunday,227.0,227.0,12,0.0,0.0
47,47,2026-09-13,Sunday,217.0,217.0,12,0.0,0.0
49,49,2026-08-16,Sunday,227.0,227.0,12,0.0,0.0
75,75,2026-08-05,Wednesday,168.0,168.0,13,0.0,0.0
75,75,2026-08-06,Thursday,168.0,168.0,13,0.0,0.0
75,75,2026-08-07,Friday,168.0,168.0,13,0.0,0.0
75,75,2026-08-08,Saturday,136.0,136.0,13,0.0,0.0
75,75,2026-08-09,Sunday,116.0,116.0,12,0.0,0.0
75,75,2026-08-11,Tuesday,168.0,168.0,12,0.0,0.0
75,75,2026-08-12,Wednesday,168.0,168.0,13,0.0,0.0
75,75,2026-08-13,Thursday,168.0,168.0,13,0.0,0.0
75,75,2026-08-14,Friday,168.0,168.0,13,0.0,0.0
75,75,2026-08-15,Saturday,136.0,136.0,13,0.0,0.0
75,75,2026-08-16,Sunday,116.0,116.0,12,0.0,0.0
75,75,2026-08-18,Tuesday,168.0,168.0,12,0.0,0.0
75,75,2026-08-19,Wednesday,168.0,168.0,13,0.0,0.0
75,75,2026-08-20,Thursday,168.0,168.0,13,0.0,0.0
75,75,2026-08-21,Friday,168.0,168.0,13,0.0,0.0
75,75,2026-08-22,Saturday,136.0,136.0,13,0.0,0.0
75,75,2026-08-23,Sunday,116.0,116.0,12,0.0,0.0
75,75,2026-08-25,Tuesday,168.0,168.0,12,0.0,0.0
75,75,2026-08-26,Wednesday,168.0,168.0,13,0.0,0.0
75,75,2026-08-27,Thursday,168.0,168.0,13,0.0,0.0
75,75,2026-08-28,Friday,168.0,168.0,13,0.0,0.0
75,75,2026-08-29,Saturday,136.0,136.0,13,0.0,0.0
75,75,2026-08-30,Sunday,116.0,116.0,12,0.0,0.0
75,75,2026-09-01,Tuesday,168.0,168.0,12,0.0,0.0
75,75,2026-09-02,Wednesday,168.0,168.0,13,0.0,0.0
75,75,2026-09-03,Thursday,168.0,168.0,13,0.0,0.0
75,75,2026-09-04,Friday,168.0,168.0,13,0.0,0.0
75,75,2026-09-05,Saturday,136.0,136.0,13,0.0,0.0
75,75,2026-09-06,Sunday,116.0,116.0,12,0.0,0.0
75,75,2026-09-08,Tuesday,168.0,168.0,12,0.0,0.0
75,75,2026-09-09,Wednesday,168.0,168.0,13,0.0,0.0
75,75,2026-09-10,Thursday,168.0,168.0,13,0.0,0.0
75,75,2026-09-11,Friday,168.0,168.0,13,0.0,0.0
75,75,2026-09-12,Saturday,136.0,136.0,13,0.0,0.0
75,75,2026-09-13,Sunday,116.0,116.0,12,0.0,0.0
75,75,2026-09-15,Tuesday,168.0,168.0,12,0.0,0.0
75,75,2026-09-16,Wednesday,168.0,168.0,13,0.0,0.0
75,75,2026-09-17,Thursday,168.0,168.0,13,0.0,0.0
75,75,2026-09-18,Friday,168.0,168.0,13,0.0,0.0
75,75,2026-09-19,Saturday,136.0,136.0,13,0.0,0.0
75,75,2026-09-20,Sunday,116.0,116.0,12,0.0,0.0
75,75,2026-09-22,Tuesday,168.0,168.0,12,0.0,0.0
75,75,2026-09-23,Wednesday,168.0,168.0,13,0.0,0.0
75,75,2026-09-24,Thursday,168.0,168.0,13,0.0,0.0
75,75,2026-09-25,Friday,168.0,168.0,13,0.0,0.0
75,75,2026-09-26,Saturday,136.0,136.0,13,0.0,0.0
75,75,2026-09-27,Sunday,116.0,116.0,12,0.0,0.0
75,75,2026-09-29,Tuesday,168.0,168.0,12,0.0,0.0
75,75,2026-09-30,Wednesday,168.0,168.0,13,0.0,0.0
75,75,2026-10-01,Thursday,168.0,168.0,13,0.0,0.0
75,75,2026-10-02,Friday,168.0,168.0,13,0.0,0.0
75,75,2026-10-03,Saturday,136.0,136.0,13,0.0,0.0
75,75,2026-10-04,Sunday,116.0,116.0,12,0.0,0.0
75,75,2026-10-06,Tuesday,168.0,168.0,12,0.0,0.0
75,75,2026-10-07,Wednesday,168.0,168.0,13,0.0,0.0
75,75,2026-10-08,Thursday,168.0,168.0,13,0.0,0.0
75,75,2026-10-09,Friday,168.0,168.0,13,0.0,0.0
75,75,2026-10-10,Saturday,136.0,136.0,13,0.0,0.0
75,75,2026-10-11,Sunday,116.0,116.0,12,0.0,0.0
75,75,2026-10-13,Tuesday,168.0,168.0,12,0.0,0.0
75,75,2026-10-14,Wednesday,168.0,168.0,13,0.0,0.0
75,75,2026-10-15,Thursday,168.0,168.0,13,0.0,0.0
75,75,2026-10-16,Friday,168.0,168.0,13,0.0,0.0
75,75,2026-10-17,Saturday,136.0,136.0,13,0.0,0.0
75,75,2026-10-18,Sunday,116.0,116.0,12,0.0,0.0
75,75,2026-10-20,Tuesday,168.0,168.0,12,0.0,0.0
75,75,2026-10-21,Wednesday,168.0,168.0,13,0.0,0.0
75,75,2026-10-22,Thursday,168.0,168.0,13,0.0,0.0
75,75,2026-10-23,Friday,168.0,168.0,13,0.0,0.0
75,75,2026-10-24,Saturday,136.0,136.0,13,0.0,0.0
75,75,2026-10-25,Sunday,116.0,116.0,12,0.0,0.0
75,75,2026-10-27,Tuesday,168.0,168.0,12,0.0,0.0
75,75,2026-10-28,Wednesday,168.0,168.0,13,0.0,0.0
75,75,2026-10-29,Thursday,168.0,168.0,13,0.0,0.0
75,75,2026-10-30,Friday,168.0,168.0,13,0.0,0.0
75,75,2026-10-31,Saturday,136.0,136.0,13,0.0,0.0
76,76,2026-08-05,Wednesday,209.0,209.0,13,0.0,0.0
76,76,2026-08-06,Thursday,209.0,209.0,13,0.0,0.0
76,76,2026-08-07,Friday,209.0,209.0,13,0.0,0.0
76,76,2026-08-12,Wednesday,209.0,209.0,13,0.0,0.0
76,76,2026-08-13,Thursday,209.0,209.0,13,0.0,0.0
76,76,2026-08-14,Friday,209.0,209.0,13,0.0,0.0
76,76,2026-08-19,Wednesday,209.0,209.0,13,0.0,0.0
76,76,2026-08-20,Thursday,209.0,209.0,13,0.0,0.0
76,76,2026-08-21,Friday,209.0,209.0,13,0.0,0.0
76,76,2026-08-26,Wednesday,209.0,209.0,13,0.0,0.0
76,76,2026-08-27,Thursday,209.0,209.0,13,0.0,0.0
76,76,2026-08-28,Friday,209.0,209.0,13,0.0,0.0
76,76,2026-09-02,Wednesday,209.0,209.0,13,0.0,0.0
76,76,2026-09-03,Thursday,209.0,209.0,13,0.0,0.0
76,76,2026-09-04,Friday,209.0,209.0,13,0.0,0.0
76,76,2026-09-09,Wednesday,209.0,209.0,13,0.0,0.0
76,76,2026-09-10,Thursday,209.0,209.0,13,0.0,0.0
76,76,2026-09-11,Friday,209.0,209.0,13,0.0,0.0
76,76,2026-09-16,Wednesday,209.0,209.0,13,0.0,0.0
76,76,2026-09-17,Thursday,209.0,209.0,13,0.0,0.0
76,76,2026-09-18,Friday,209.0,209.0,13,0.0,0.0
76,76,2026-09-23,Wednesday,209.0,209.0,13,0.0,0.0
76,76,2026-09-24,Thursday,209.0,209.0,13,0.0,0.0
76,76,2026-09-25,Friday,209.0,209.0,13,0.0,0.0
76,76,2026-09-30,Wednesday,209.0,209.0,13,0.0,0.0
76,76,2026-10-01,Thursday,209.0,209.0,13,0.0,0.0
76,76,2026-10-02,Friday,209.0,209.0,13,0.0,0.0
76,76,2026-10-07,Wednesday,209.0,209.0,13,0.0,0.0
76,76,2026-10-08,Thursday,209.0,209.0,13,0.0,0.0
76,76,2026-10-09,Friday,209.0,209.0,13,0.0,0.0
76,76,2026-10-14,Wednesday,209.0,209.0,13,0.0,0.0
76,76,2026-10-15,Thursday,209.0,209.0,13,0.0,0.0
76,76,2026-10-16,Friday,209.0,209.0,13,0.0,0.0
76,76,2026-10-21,Wednesday,209.0,209.0,13,0.0,0.0
76,76,2026-10-22,Thursday,209.0,209.0,13,0.0,0.0
76,76,2026-10-23,Friday,209.0,209.0,13,0.0,0.0
76,76,2026-10-28,Wednesday,209.0,209.0,13,0.0,0.0
76,76,2026-10-29,Thursday,209.0,209.0,13,0.0,0.0
76,76,2026-10-30,Friday,209.0,209.0,13,0.0,0.0
77,77,2026-08-08,Saturday,249.0,249.0,13,0.0,0.0
77,77,2026-08-09,Sunday,229.0,229.0,12,0.0,0.0
77,77,2026-08-15,Saturday,249.0,249.0,13,0.0,0.0
77,77,2026-08-16,Sunday,229.0,229.0,12,0.0,0.0
77,77,2026-08-22,Saturday,249.0,249.0,13,0.0,0.0
77,77,2026-08-23,Sunday,229.0,229.0,12,0.0,0.0
77,77,2026-08-29,Saturday,249.0,249.0,13,0.0,0.0
77,77,2026-08-30,Sunday,229.0,229.0,12,0.0,0.0
77,77,2026-09-05,Saturday,249.0,249.0,13,0.0,0.0
77,77,2026-09-06,Sunday,229.0,229.0,12,0.0,0.0
77,77,2026-09-12,Saturday,249.0,249.0,13,0.0,0.0
77,77,2026-09-13,Sunday,229.0,229.0,12,0.0,0.0
77,77,2026-09-19,Saturday,249.0,249.0,13,0.0,0.0
77,77,2026-09-20,Sunday,229.0,229.0,12,0.0,0.0
77,77,2026-09-26,Saturday,249.0,249.0,13,0.0,0.0
77,77,2026-09-27,Sunday,229.0,229.0,12,0.0,0.0
77,77,2026-10-03,Saturday,249.0,249.0,13,0.0,0.0
77,77,2026-10-04,Sunday,229.0,229.0,12,0.0,0.0
77,77,2026-10-10,Saturday,249.0,249.0,13,0.0,0.0
77,77,2026-10-11,Sunday,229.0,229.0,12,0.0,0.0
77,77,2026-10-17,Saturday,249.0,249.0,13,0.0,0.0
77,77,2026-10-18,Sunday,229.0,229.0,12,0.0,0.0
77,77,2026-10-24,Saturday,249.0,249.0,13,0.0,0.0
77,77,2026-10-25,Sunday,229.0,229.0,12,0.0,0.0
77,77,2026-10-31,Saturday,249.0,249.0,13,0.0,0.0
8,8,2026-08-05,Wednesday,257.0,257.0,13,0.0,0.0
8,8,2026-08-06,Thursday,257.0,257.0,13,0.0,0.0
8,8,2026-08-07,Friday,257.0,257.0,13,0.0,0.0
8,8,2026-08-08,Saturday,187.0,187.0,13,0.0,0.0
8,8,2026-08-09,Sunday,145.0,145.0,12,0.0,0.0
8,8,2026-08-11,Tuesday,257.0,257.0,12,0.0,0.0
8,8,2026-08-12,Wednesday,257.0,257.0,13,0.0,0.0
8,8,2026-08-13,Thursday,257.0,257.0,13,0.0,0.0
8,8,2026-08-14,Friday,257.0,257.0,13,0.0,0.0
8,8,2026-08-15,Saturday,187.0,187.0,13,0.0,0.0
8,8,2026-08-16,Sunday,145.0,145.0,12,0.0,0.0
8,8,2026-08-18,Tuesday,257.0,257.0,12,0.0,0.0
8,8,2026-08-19,Wednesday,257.0,257.0,13,0.0,0.0
8,8,2026-08-20,Thursday,257.0,257.0,13,0.0,0.0
8,8,2026-08-21,Friday,257.0,257.0,13,0.0,0.0
8,8,2026-08-22,Saturday,187.0,187.0,13,0.0,0.0
8,8,2026-08-23,Sunday,145.0,145.0,12,0.0,0.0
8,8,2026-08-25,Tuesday,257.0,257.0,12,0.0,0.0
8,8,2026-08-26,Wednesday,257.0,257.0,13,0.0,0.0
8,8,2026-08-27,Thursday,257.0,257.0,13,0.0,0.0
8,8,2026-08-28,Friday,257.0,257.0,13,0.0,0.0
8,8,2026-08-29,Saturday,187.0,187.0,13,0.0,0.0
8,8,2026-08-30,Sunday,145.0,145.0,12,0.0,0.0
8,8,2026-09-01,Tuesday,257.0,257.0,12,0.0,0.0
8,8,2026-09-02,Wednesday,257.0,257.0,13,0.0,0.0
8,8,2026-09-03,Thursday,257.0,257.0,13,0.0,0.0
8,8,2026-09-04,Friday,257.0,257.0,13,0.0,0.0
8,8,2026-09-05,Saturday,187.0,187.0,13,0.0,0.0
8,8,2026-09-06,Sunday,145.0,145.0,12,0.0,0.0
8,8,2026-09-08,Tuesday,257.0,257.0,12,0.0,0.0
8,8,2026-09-09,Wednesday,257.0,257.0,13,0.0,0.0
8,8,2026-09-10,Thursday,257.0,257.0,13,0.0,0.0
8,8,2026-09-11,Friday,257.0,257.0,13,0.0,0.0
8,8,2026-09-12,Saturday,187.0,187.0,13,0.0,0.0
8,8,2026-09-13,Sunday,145.0,145.0,12,0.0,0.0
8,8,2026-09-15,Tuesday,257.0,257.0,12,0.0,0.0
8,8,2026-09-16,Wednesday,257.0,257.0,13,0.0,0.0
8,8,2026-09-17,Thursday,257.0,257.0,13,0.0,0.0
8,8,2026-09-18,Friday,257.0,257.0,13,0.0,0.0
8,8,2026-09-19,Saturday,187.0,187.0,13,0.0,0.0
8,8,2026-09-20,Sunday,145.0,145.0,12,0.0,0.0
8,8,2026-09-22,Tuesday,257.0,257.0,12,0.0,0.0
8,8,2026-09-23,Wednesday,257.0,257.0,13,0.0,0.0
8,8,2026-09-24,Thursday,257.0,257.0,13,0.0,0.0
8,8,2026-09-25,Friday,257.0,257.0,13,0.0,0.0
8,8,2026-09-26,Saturday,187.0,187.0,13,0.0,0.0
8,8,2026-09-27,Sunday,145.0,145.0,12,0.0,0.0
8,8,2026-09-29,Tuesday,257.0,257.0,12,0.0,0.0
8,8,2026-09-30,Wednesday,257.0,257.0,13,0.0,0.0
8,8,2026-10-01,Thursday,257.0,257.0,13,0.0,0.0
8,8,2026-10-02,Friday,257.0,257.0,13,0.0,0.0
8,8,2026-10-03,Saturday,187.0,187.0,13,0.0,0.0
8,8,2026-10-04,Sunday,145.0,145.0,12,0.0,0.0
8,8,2026-10-06,Tuesday,257.0,257.0,12,0.0,0.0
8,8,2026-10-07,Wednesday,257.0,257.0,13,0.0,0.0
8,8,2026-10-08,Thursday,257.0,257.0,13,0.0,0.0
8,8,2026-10-09,Friday,257.0,257.0,13,0.0,0.0
8,8,2026-10-10,Saturday,187.0,187.0,13,0.0,0.0
8,8,2026-10-11,Sunday,145.0,145.0,12,0.0,0.0
8,8,2026-10-13,Tuesday,257.0,257.0,12,0.0,0.0
8,8,2026-10-14,Wednesday,257.0,257.0,13,0.0,0.0
8,8,2026-10-15,Thursday,257.0,257.0,13,0.0,0.0
8,8,2026-10-16,Friday,257.0,257.0,13,0.0,0.0
8,8,2026-10-17,Saturday,187.0,187.0,13,0.0,0.0
8,8,2026-10-18,Sunday,145.0,145.0,12,0.0,0.0
8,8,2026-10-20,Tuesday,257.0,257.0,12,0.0,0.0
8,8,2026-10-21,Wednesday,257.0,257.0,13,0.0,0.0
8,8,2026-10-22,Thursday,257.0,257.0,13,0.0,0.0
8,8,2026-10-23,Friday,257.0,257.0,13,0.0,0.0
8,8,2026-10-24,Saturday,187.0,187.0,13,0.0,0.0
8,8,2026-10-25,Sunday,145.0,145.0,12,0.0,0.0
8,8,2026-10-27,Tuesday,257.0,257.0,12,0.0,0.0
8,8,2026-10-28,Wednesday,257.0,257.0,13,0.0,0.0
8,8,2026-10-29,Thursday,257.0,257.0,13,0.0,0.0
8,8,2026-10-30,Friday,257.0,257.0,13,0.0,0.0
8,8,2026-10-31,Saturday,187.0,187.0,13,0.0,0.0
80,80,2026-08-08,Saturday,177.0,177.0,13,0.0,0.0
80,80,2026-08-09,Sunday,144.0,144.0,12,0.0,0.0
80,80,2026-08-15,Saturday,177.0,177.0,13,0.0,0.0
80,80,2026-08-16,Sunday,144.0,144.0,12,0.0,0.0
80,80,2026-08-22,Saturday,177.0,177.0,13,0.0,0.0
80,80,2026-08-23,Sunday,144.0,144.0,12,0.0,0.0
80,80,2026-08-29,Saturday,177.0,177.0,13,0.0,0.0
80,80,2026-08-30,Sunday,144.0,144.0,12,0.0,0.0
81W,81W,2026-10-11,Sunday,56.0,56.0,12,0.0,0.0
81W,81W,2026-10-13,Tuesday,88.0,88.0,12,0.0,0.0
81W,81W,2026-10-14,Wednesday,88.0,88.0,13,0.0,0.0
81W,81W,2026-10-15,Thursday,88.0,88.0,13,0.0,0.0
81W,81W,2026-10-16,Friday,88.0,88.0,13,0.0,0.0
81W,81W,2026-10-17,Saturday,90.0,90.0,13,0.0,0.0
81W,81W,2026-10-18,Sunday,56.0,56.0,12,0.0,0.0
81W,81W,2026-10-20,Tuesday,88.0,88.0,12,0.0,0.0
81W,81W,2026-10-21,Wednesday,88.0,88.0,13,0.0,0.0
81W,81W,2026-10-22,Thursday,88.0,88.0,13,0.0,0.0
81W,81W,2026-10-23,Friday,88.0,88.0,13,0.0,0.0
81W,81W,2026-10-24,Saturday,90.0,90.0,13,0.0,0.0
81W,81W,2026-10-25,Sunday,56.0,56.0,12,0.0,0.0
81W,81W,2026-10-27,Tuesday,88.0,88.0,12,0.0,0.0
81W,81W,2026-10-28,Wednesday,88.0,88.0,13,0.0,0.0
81W,81W,2026-10-29,Thursday,88.0,88.0,13,0.0,0.0
81W,81W,2026-10-30,Friday,88.0,88.0,13,0.0,0.0
81W,81W,2026-10-31,Saturday,90.0,90.0,13,0.0,0.0
84,84,2026-08-08,Saturday,88.0,88.0,13,0.0,0.0
84,84,2026-08-09,Sunday,72.0,72.0,12,0.0,0.0
84,84,2026-08-15,Saturday,88.0,88.0,13,0.0,0.0
84,84,2026-08-16,Sunday,72.0,72.0,12,0.0,0.0
84,84,2026-08-22,Saturday,88.0,88.0,13,0.0,0.0
84,84,2026-08-23,Sunday,72.0,72.0,12,0.0,0.0
84,84,2026-08-29,Saturday,88.0,88.0,13,0.0,0.0
84,84,2026-08-30,Sunday,72.0,72.0,12,0.0,0.0
84,84,2026-09-05,Saturday,88.0,88.0,13,0.0,0.0
84,84,2026-09-06,Sunday,72.0,72.0,12,0.0,0.0
84,84,2026-09-12,Saturday,88.0,88.0,13,0.0,0.0
84,84,2026-09-13,Sunday,72.0,72.0,12,0.0,0.0
84,84,2026-09-19,Saturday,88.0,88.0,13,0.0,0.0
84,84,2026-09-20,Sunday,72.0,72.0,12,0.0,0.0
84,84,2026-09-26,Saturday,88.0,88.0,13,0.0,0.0
84,84,2026-09-27,Sunday,72.0,72.0,12,0.0,0.0
84,84,2026-10-03,Saturday,88.0,88.0,13,0.0,0.0
84,84,2026-10-04,Sunday,72.0,72.0,12,0.0,0.0
84,84,2026-10-10,Saturday,88.0,88.0,13,0.0,0.0
84,84,2026-10-11,Sunday,72.0,72.0,12,0.0,0.0
84,84,2026-10-17,Saturday,88.0,88.0,13,0.0,0.0
84,84,2026-10-18,Sunday,72.0,72.0,12,0.0,0.0
84,84,2026-10-24,Saturday,88.0,88.0,13,0.0,0.0
84,84,2026-10-25,Sunday,72.0,72.0,12,0.0,0.0
84,84,2026-10-31,Saturday,88.0,88.0,13,0.0,0.0
85A,85A,2026-08-05,Wednesday,94.0,94.0,13,0.0,0.0
85A,85A,2026-08-06,Thursday,94.0,94.0,13,0.0,0.0
85A,85A,2026-08-07,Friday,94.0,94.0,13,0.0,0.0
85A,85A,2026-08-08,Saturday,56.0,56.0,13,0.0,0.0
85A,85A,2026-08-09,Sunday,0.0,0.0,12,0.0,
85A,85A,2026-08-11,Tuesday,94.0,94.0,12,0.0,0.0
85A,85A,2026-08-12,Wednesday,94.0,94.0,13,0.0,0.0
85A,85A,2026-08-13,Thursday,94.0,94.0,13,0.0,0.0
85A,85A,2026-08-14,Friday,94.0,94.0,13,0.0,0.0
85A,85A,2026-08-15,Saturday,56.0,56.0,13,0.0,0.0
85A,85A,2026-08-16,Sunday,0.0,0.0,12,0.0,
85A,85A,2026-08-18,Tuesday,94.0,94.0,12,0.0,0.0
85A,85A,2026-08-19,Wednesday,94.0,94.0,13,0.0,0.0
85A,85A,2026-08-20,Thursday,94.0,94.0,13,0.0,0.0
85A,85A,2026-08-21,Friday,94.0,94.0,13,0.0,0.0
85A,85A,2026-08-22,Saturday,56.0,56.0,13,0.0,0.0
85A,85A,2026-08-23,Sunday,0.0,0.0,12,0.0,
85A,85A,2026-08-25,Tuesday,94.0,94.0,12,0.0,0.0
85A,85A,2026-08-26,Wednesday,94.0,94.0,13,0.0,0.0
85A,85A,2026-08-27,Thursday,94.0,94.0,13,0.0,0.0
85A,85A,2026-08-28,Friday,94.0,94.0,13,0.0,0.0
85A,85A,2026-08-29,Saturday,56.0,56.0,13,0.0,0.0
85A,85A,2026-08-30,Sunday,0.0,0.0,12,0.0,
85A,85A,2026-09-01,Tuesday,94.0,94.0,12,0.0,0.0
85A,85A,2026-09-02,Wednesday,94.0,94.0,13,0.0,0.0
85A,85A,2026-09-03,Thursday,94.0,94.0,13,0.0,0.0
85A,85A,2026-09-04,Friday,94.0,94.0,13,0.0,0.0
85A,85A,2026-09-05,Saturday,56.0,56.0,13,0.0,0.0
85A,85A,2026-09-06,Sunday,0.0,0.0,12,0.0,
85A,85A,2026-09-08,Tuesday,94.0,94.0,12,0.0,0.0
85A,85A,2026-09-09,Wednesday,94.0,94.0,13,0.0,0.0
85A,85A,2026-09-10,Thursday,94.0,94.0,13,0.0,0.0
85A,85A,2026-09-11,Friday,94.0,94.0,13,0.0,0.0
85A,85A,2026-09-12,Saturday,56.0,56.0,13,0.0,0.0
85A,85A,2026-09-13,Sunday,0.0,0.0,12,0.0,
85A,85A,2026-09-15,Tuesday,94.0,94.0,12,0.0,0.0
85A,85A,2026-09-16,Wednesday,94.0,94.0,13,0.0,0.0
85A,85A,2026-09-17,Thursday,94.0,94.0,13,0.0,0.0
85A,85A,2026-09-18,Friday,94.0,94.0,13,0.0,0.0
85A,85A,2026-09-19,Saturday,56.0,56.0,13,0.0,0.0
85A,85A,2026-09-20,Sunday,0.0,0.0,12,0.0,
85A,85A,2026-09-22,Tuesday,94.0,94.0,12,0.0,0.0
85A,85A,2026-09-23,Wednesday,94.0,94.0,13,0.0,0.0
85A,85A,2026-09-24,Thursday,94.0,94.0,13,0.0,0.0
85A,85A,2026-09-25,Friday,94.0,94.0,13,0.0,0.0
85A,85A,2026-09-26,Saturday,56.0,56.0,13,0.0,0.0
85A,85A,2026-09-27,Sunday,0.0,0.0,12,0.0,
85A,85A,2026-09-29,Tuesday,94.0,94.0,12,0.0,0.0
85A,85A,2026-09-30,Wednesday,94.0,94.0,13,0.0,0.0
85A,85A,2026-10-01,Thursday,94.0,94.0,13,0.0,0.0
85A,85A,2026-10-02,Friday,94.0,94.0,13,0.0,0.0
85A,85A,2026-10-03,Saturday,56.0,56.0,13,0.0,0.0
85A,85A,2026-10-04,Sunday,0.0,0.0,12,0.0,
85A,85A,2026-10-06,Tuesday,94.0,94.0,12,0.0,0.0
85A,85A,2026-10-07,Wednesday,94.0,94.0,13,0.0,0.0
85A,85A,2026-10-08,Thursday,94.0,94.0,13,0.0,0.0
85A,85A,2026-10-09,Friday,94.0,94.0,13,0.0,0.0
85A,85A,2026-10-10,Saturday,56.0,56.0,13,0.0,0.0
85A,85A,2026-10-11,Sunday,0.0,0.0,12,0.0,
85A,85A,2026-10-13,Tuesday,94.0,94.0,12,0.0,0.0
85A,85A,2026-10-14,Wednesday,94.0,94.0,13,0.0,0.0
85A,85A,2026-10-15,Thursday,94.0,94.0,13,0.0,0.0
85A,85A,2026-10-16,Friday,94.0,94.0,13,0.0,0.0
85A,85A,2026-10-17,Saturday,56.0,56.0,13,0.0,0.0
85A,85A,2026-10-18,Sunday,0.0,0.0,12,0.0,
85A,85A,2026-10-20,Tuesday,94.0,94.0,12,0.0,0.0
85A,85A,2026-10-21,Wednesday,94.0,94.0,13,0.0,0.0
85A,85A,2026-10-22,Thursday,94.0,94.0,13,0.0,0.0
85A,85A,2026-10-23,Friday,94.0,94.0,13,0.0,0.0
85A,85A,2026-10-24,Saturday,56.0,56.0,13,0.0,0.0
85A,85A,2026-10-25,Sunday,0.0,0.0,12,0.0,
85A,85A,2026-10-27,Tuesday,94.0,94.0,12,0.0,0.0
85A,85A,2026-10-28,Wednesday,94.0,94.0,13,0.0,0.0
85A,85A,2026-10-29,Thursday,94.0,94.0,13,0.0,0.0
85A,85A,2026-10-30,Friday,94.0,94.0,13,0.0,0.0
85A,85A,2026-10-31,Saturday,56.0,56.0,13,0.0,0.0
86,86,2026-08-08,Saturday,0.0,0.0,13,0.0,
86,86,2026-08-09,Sunday,0.0,0.0,12,0.0,
86,86,2026-08-15,Saturday,0.0,0.0,13,0.0,
86,86,2026-08-16,Sunday,0.0,0.0,12,0.0,
86,86,2026-08-22,Saturday,0.0,0.0,13,0.0,
86,86,2026-08-23,Sunday,0.0,0.0,12,0.0,
86,86,2026-08-29,Saturday,0.0,0.0,13,0.0,
86,86,2026-08-30,Sunday,0.0,0.0,12,0.0,
86,86,2026-09-05,Saturday,0.0,0.0,13,0.0,
86,86,2026-09-06,Sunday,0.0,0.0,12,0.0,
86,86,2026-09-12,Saturday,0.0,0.0,13,0.0,
86,86,2026-09-13,Sunday,0.0,0.0,12,0.0,
86,86,2026-09-19,Saturday,0.0,0.0,13,0.0,
86,86,2026-09-20,Sunday,0.0,0.0,12,0.0,
86,86,2026-09-26,Saturday,0.0,0.0,13,0.0,
86,86,2026-09-27,Sunday,0.0,0.0,12,0.0,
86,86,2026-10-03,Saturday,0.0,0.0,13,0.0,
86,86,2026-10-04,Sunday,0.0,0.0,12,0.0,
86,86,2026-10-10,Saturday,0.0,0.0,13,0.0,
86,86,2026-10-11,Sunday,0.0,0.0,12,0.0,
86,86,2026-10-17,Saturday,0.0,0.0,13,0.0,
86,86,2026-10-18,Sunday,0.0,0.0,12,0.0,
86,86,2026-10-24,Saturday,0.0,0.0,13,0.0,
90,90,2026-08-12,Wednesday,132.0,132.0,13,0.0,0.0
90,90,2026-08-13,Thursday,132.0,132.0,13,0.0,0.0
90,90,2026-08-14,Friday,132.0,132.0,13,0.0,0.0
90,90,2026-08-15,Saturday,108.0,108.0,13,0.0,0.0
90,90,2026-08-16,Sunday,86.0,86.0,12,0.0,0.0
90,90,2026-08-18,Tuesday,132.0,132.0,12,0.0,0.0
90,90,2026-08-19,Wednesday,132.0,132.0,13,0.0,0.0
90,90,2026-08-20,Thursday,132.0,132.0,13,0.0,0.0
90,90,2026-08-21,Friday,132.0,132.0,13,0.0,0.0
90,90,2026-08-22,Saturday,108.0,108.0,13,0.0,0.0
90,90,2026-08-23,Sunday,86.0,86.0,12,0.0,0.0
90,90,2026-08-25,Tuesday,132.0,132.0,12,0.0,0.0
90,90,2026-08-26,Wednesday,132.0,132.0,13,0.0,0.0
90,90,2026-08-27,Thursday,132.0,132.0,13,0.0,0.0
90,90,2026-08-28,Friday,132.0,132.0,13,0.0,0.0
90,90,2026-08-29,Saturday,108.0,108.0,13,0.0,0.0
90,90,2026-08-30,Sunday,86.0,86.0,12,0.0,0.0
90,90,2026-09-01,Tuesday,132.0,132.0,12,0.0,0.0
90,90,2026-09-02,Wednesday,132.0,132.0,13,0.0,0.0
90,90,2026-09-03,Thursday,132.0,132.0,13,0.0,0.0
90,90,2026-09-04,Friday,132.0,132.0,13,0.0,0.0
90,90,2026-09-05,Saturday,108.0,108.0,13,0.0,0.0
90,90,2026-09-06,Sunday,86.0,86.0,12,0.0,0.0
90,90,2026-09-08,Tuesday,132.0,132.0,12,0.0,0.0
90,90,2026-09-09,Wednesday,132.0,132.0,13,0.0,0.0
90,90,2026-09-10,Thursday,132.0,132.0,13,0.0,0.0
90,90,2026-09-11,Friday,132.0,132.0,13,0.0,0.0
90,90,2026-09-12,Saturday,108.0,108.0,13,0.0,0.0
90,90,2026-09-13,Sunday,86.0,86.0,12,0.0,0.0
90,90,2026-09-15,Tuesday,132.0,132.0,12,0.0,0.0
90,90,2026-09-16,Wednesday,132.0,132.0,13,0.0,0.0
90,90,2026-09-17,Thursday,132.0,132.0,13,0.0,0.0
90,90,2026-09-18,Friday,132.0,132.0,13,0.0,0.0
90,90,2026-09-19,Saturday,108.0,108.0,13,0.0,0.0
90,90,2026-09-20,Sunday,86.0,86.0,12,0.0,0.0
90,90,2026-09-22,Tuesday,132.0,132.0,12,0.0,0.0
90,90,2026-09-23,Wednesday,132.0,132.0,13,0.0,0.0
90,90,2026-09-24,Thursday,132.0,132.0,13,0.0,0.0
90,90,2026-09-25,Friday,132.0,132.0,13,0.0,0.0
90,90,2026-09-26,Saturday,108.0,108.0,13,0.0,0.0
90,90,2026-09-27,Sunday,86.0,86.0,12,0.0,0.0
90,90,2026-09-29,Tuesday,132.0,132.0,12,0.0,0.0
90,90,2026-09-30,Wednesday,132.0,132.0,13,0.0,0.0
90,90,2026-10-01,Thursday,132.0,132.0,13,0.0,0.0
90,90,2026-10-02,Friday,132.0,132.0,13,0.0,0.0
90,90,2026-10-03,Saturday,108.0,108.0,13,0.0,0.0
90,90,2026-10-04,Sunday,86.0,86.0,12,0.0,0.0
90,90,2026-10-06,Tuesday,132.0,132.0,12,0.0,0.0
90,90,2026-10-07,Wednesday,132.0,132.0,13,0.0,0.0
90,90,2026-10-08,Thursday,132.0,132.0,13,0.0,0.0
90,90,2026-10-09,Friday,132.0,132.0,13,0.0,0.0
90,90,2026-10-10,Saturday,108.0,108.0,13,0.0,0.0
90,90,2026-10-11,Sunday,86.0,86.0,12,0.0,0.0
90,90,2026-10-13,Tuesday,132.0,132.0,12,0.0,0.0
90,90,2026-10-14,Wednesday,132.0,132.0,13,0.0,0.0
90,90,2026-10-15,Thursday,132.0,132.0,13,0.0,0.0
90,90,2026-10-16,Friday,132.0,132.0,13,0.0,0.0
90,90,2026-10-17,Saturday,108.0,108.0,13,0.0,0.0
90,90,2026-10-18,Sunday,86.0,86.0,12,0.0,0.0
90,90,2026-10-20,Tuesday,132.0,132.0,12,0.0,0.0
90,90,2026-10-21,Wednesday,132.0,132.0,13,0.0,0.0
90,90,2026-10-22,Thursday,132.0,132.0,13,0.0,0.0
90,90,2026-10-23,Friday,132.0,132.0,13,0.0,0.0
90,90,2026-10-24,Saturday,108.0,108.0,13,0.0,0.0
90,90,2026-10-25,Sunday,86.0,86.0,12,0.0,0.0
90,90,2026-10-27,Tuesday,132.0,132.0,12,0.0,0.0
90,90,2026-10-28,Wednesday,132.0,132.0,13,0.0,0.0
90,90,2026-10-29,Thursday,132.0,132.0,13,0.0,0.0
90,90,2026-10-30,Friday,132.0,132.0,13,0.0,0.0
90,90,2026-10-31,Saturday,108.0,108.0,13,0.0,0.0
92,92,2026-08-08,Saturday,120.0,120.0,13,0.0,0.0
92,92,2026-08-09,Sunday,108.0,108.0,12,0.0,0.0
92,92,2026-08-15,Saturday,120.0,120.0,13,0.0,0.0
92,92,2026-08-16,Sunday,108.0,108.0,12,0.0,0.0
92,92,2026-08-22,Saturday,120.0,120.0,13,0.0,0.0
92,92,2026-08-23,Sunday,108.0,108.0,12,0.0,0.0
92,92,2026-08-29,Saturday,120.0,120.0,13,0.0,0.0
92,92,2026-08-30,Sunday,108.0,108.0,12,0.0,0.0
92,92,2026-09-05,Saturday,120.0,120.0,13,0.0,0.0
92,92,2026-09-06,Sunday,108.0,108.0,12,0.0,0.0
92,92,2026-09-12,Saturday,120.0,120.0,13,0.0,0.0
92,92,2026-09-13,Sunday,108.0,108.0,12,0.0,0.0
92,92,2026-09-19,Saturday,120.0,120.0,13,0.0,0.0
92,92,2026-09-20,Sunday,108.0,108.0,12,0.0,0.0
92,92,2026-09-26,Saturday,120.0,120.0,13,0.0,0.0
92,92,2026-09-27,Sunday,108.0,108.0,12,0.0,0.0
92,92,2026-10-03,Saturday,120.0,120.0,13,0.0,0.0
92,92,2026-10-04,Sunday,108.0,108.0,12,0.0,0.0
92,92,2026-10-10,Saturday,120.0,120.0,13,0.0,0.0
92,92,2026-10-11,Sunday,108.0,108.0,12,0.0,0.0
92,92,2026-10-17,Saturday,120.0,120.0,13,0.0,0.0
92,92,2026-10-18,Sunday,108.0,108.0,12,0.0,0.0
92,92,2026-10-24,Saturday,120.0,120.0,13,0.0,0.0
92,92,2026-10-25,Sunday,108.0,108.0,12,0.0,0.0
92,92,2026-10-31,Saturday,120.0,120.0,13,0.0,0.0
93,93,2026-08-08,Saturday,78.0,78.0,13,0.0,0.0
93,93,2026-08-15,Saturday,78.0,78.0,13,0.0,0.0
93,93,2026-08-22,Saturday,78.0,78.0,13,0.0,0.0
93,93,2026-08-29,Saturday,78.0,78.0,13,0.0,0.0
93,93,2026-09-05,Saturday,78.0,78.0,13,0.0,0.0
93,93,2026-09-12,Saturday,78.0,78.0,13,0.0,0.0
93,93,2026-09-19,Saturday,78.0,78.0,13,0.0,0.0
93,93,2026-09-26,Saturday,78.0,78.0,13,0.0,0.0
93,93,2026-10-03,Saturday,78.0,78.0,13,0.0,0.0
93,93,2026-10-10,Saturday,78.0,78.0,13,0.0,0.0
93,93,2026-10-17,Saturday,78.0,78.0,13,0.0,0.0
93,93,2026-10-24,Saturday,78.0,78.0,13,0.0,0.0
93,93,2026-10-31,Saturday,78.0,78.0,13,0.0,0.0
94,94,2026-08-08,Saturday,116.0,116.0,13,0.0,0.0
94,94,2026-08-09,Sunday,103.0,103.0,12,0.0,0.0
94,94,2026-08-15,Saturday,116.0,116.0,13,0.0,0.0
94,94,2026-08-16,Sunday,103.0,103.0,12,0.0,0.0
94,94,2026-08-22,Saturday,116.0,116.0,13,0.0,0.0
94,94,2026-08-23,Sunday,103.0,103.0,12,0.0,0.0
94,94,2026-08-29,Saturday,116.0,116.0,13,0.0,0.0
94,94,2026-08-30,Sunday,103.0,103.0,12,0.0,0.0
94,94,2026-09-05,Saturday,116.0,116.0,13,0.0,0.0
81W,81W,2026-09-01,Tuesday,88.0,88.0,12,0.0,0.0
81W,81W,2026-09-02,Wednesday,88.0,88.0,13,0.0,0.0
81W,81W,2026-09-03,Thursday,88.0,88.0,13,0.0,0.0
81W,81W,2026-09-04,Friday,88.0,88.0,13,0.0,0.0
81W,81W,2026-09-05,Saturday,90.0,90.0,13,0.0,0.0
81W,81W,2026-09-06,Sunday,56.0,56.0,12,0.0,0.0
81W,81W,2026-09-08,Tuesday,88.0,88.0,12,0.0,0.0
81W,81W,2026-09-09,Wednesday,88.0,88.0,13,0.0,0.0
81W,81W,2026-09-10,Thursday,88.0,88.0,13,0.0,0.0
81W,81W,2026-09-11,Friday,88.0,88.0,13,0.0,0.0
87,87,2026-10-11,Sunday,176.0,176.0,12,0.0,0.0
81W,81W,2026-09-12,Saturday,90.0,90.0,13,0.0,0.0
81W,81W,2026-09-13,Sunday,56.0,56.0,12,0.0,0.0
81W,81W,2026-09-15,Tuesday,88.0,88.0,12,0.0,0.0
81W,81W,2026-09-16,Wednesday,88.0,88.0,13,0.0,0.0
81W,81W,2026-09-17,Thursday,88.0,88.0,13,0.0,0.0
81W,81W,2026-09-18,Friday,88.0,88.0,13,0.0,0.0
81W,81W,2026-09-19,Saturday,90.0,90.0,13,0.0,0.0
81W,81W,2026-09-20,Sunday,56.0,56.0,12,0.0,0.0
81W,81W,2026-09-22,Tuesday,88.0,88.0,12,0.0,0.0
81W,81W,2026-09-23,Wednesday,88.0,88.0,13,0.0,0.0
81W,81W,2026-09-24,Thursday,88.0,88.0,13,0.0,0.0
81W,81W,2026-09-25,Friday,88.0,88.0,13,0.0,0.0
81W,81W,2026-09-26,Saturday,90.0,90.0,13,0.0,0.0
81W,81W,2026-09-27,Sunday,56.0,56.0,12,0.0,0.0
81W,81W,2026-09-29,Tuesday,88.0,88.0,12,0.0,0.0
81W,81W,2026-09-30,Wednesday,88.0,88.0,13,0.0,0.0
81W,81W,2026-10-01,Thursday,88.0,88.0,13,0.0,0.0
81W,81W,2026-10-02,Friday,88.0,88.0,13,0.0,0.0
81W,81W,2026-10-03,Saturday,90.0,90.0,13,0.0,0.0
81W,81W,2026-10-04,Sunday,56.0,56.0,12,0.0,0.0
88,88,2026-09-19,Saturday,68.0,68.0,13,0.0,0.0
88,88,2026-09-20,Sunday,64.0,64.0,12,0.0,0.0
88,88,2026-09-22,Tuesday,100.0,100.0,12,0.0,0.0
88,88,2026-09-23,Wednesday,100.0,100.0,13,0.0,0.0
88,88,2026-09-24,Thursday,100.0,100.0,13,0.0,0.0
88,88,2026-09-25,Friday,100.0,100.0,13,0.0,0.0
88,88,2026-09-26,Saturday,68.0,68.0,13,0.0,0.0
88,88,2026-09-27,Sunday,64.0,64.0,12,0.0,0.0
88,88,2026-09-29,Tuesday,100.0,100.0,12,0.0,0.0
88,88,2026-09-30,Wednesday,100.0,100.0,13,0.0,0.0
88,88,2026-10-01,Thursday,100.0,100.0,13,0.0,0.0
88,88,2026-10-02,Friday,100.0,100.0,13,0.0,0.0
88,88,2026-10-03,Saturday,68.0,68.0,13,0.0,0.0
88,88,2026-10-04,Sunday,64.0,64.0,12,0.0,0.0
88,88,2026-10-06,Tuesday,100.0,100.0,12,0.0,0.0
88,88,2026-10-07,Wednesday,100.0,100.0,13,0.0,0.0
88,88,2026-10-08,Thursday,100.0,100.0,13,0.0,0.0
88,88,2026-10-09,Friday,100.0,100.0,13,0.0,0.0
88,88,2026-10-10,Saturday,68.0,68.0,13,0.0,0.0
88,88,2026-10-11,Sunday,64.0,64.0,12,0.0,0.0
87,87,2026-08-09,Sunday,176.0,176.0,12,0.0,0.0
88,88,2026-10-13,Tuesday,100.0,100.0,12,0.0,0.0
88,88,2026-10-14,Wednesday,100.0,100.0,13,0.0,0.0
88,88,2026-10-15,Thursday,100.0,100.0,13,0.0,0.0
88,88,2026-10-16,Friday,100.0,100.0,13,0.0,0.0
88,88,2026-10-17,Saturday,68.0,68.0,13,0.0,0.0
88,88,2026-10-18,Sunday,64.0,64.0,12,0.0,0.0
88,88,2026-10-20,Tuesday,100.0,100.0,12,0.0,0.0
88,88,2026-10-21,Wednesday,100.0,100.0,13,0.0,0.0
88,88,2026-10-22,Thursday,100.0,100.0,13,0.0,0.0
88,88,2026-10-23,Friday,100.0,100.0,13,0.0,0.0
88,88,2026-10-24,Saturday,68.0,68.0,13,0.0,0.0
88,88,2026-10-25,Sunday,64.0,64.0,12,0.0,0.0
88,88,2026-10-27,Tuesday,100.0,100.0,12,0.0,0.0
88,88,2026-10-28,Wednesday,100.0,100.0,13,0.0,0.0
88,88,2026-10-29,Thursday,100.0,100.0,13,0.0,0.0
88,88,2026-10-30,Friday,100.0,100.0,13,0.0,0.0
88,88,2026-10-31,Saturday,68.0,68.0,13,0.0,0.0
8A,8A,2026-08-08,Saturday,122.0,122.0,13,0.0,0.0
87,87,2026-10-18,Sunday,176.0,176.0,12,0.0,0.0
8A,8A,2026-08-09,Sunday,102.0,102.0,12,0.0,0.0
8A,8A,2026-08-15,Saturday,122.0,122.0,13,0.0,0.0
8A,8A,2026-08-16,Sunday,102.0,102.0,12,0.0,0.0
8A,8A,2026-08-22,Saturday,122.0,122.0,13,0.0,0.0
8A,8A,2026-08-23,Sunday,102.0,102.0,12,0.0,0.0
8A,8A,2026-08-29,Saturday,122.0,122.0,13,0.0,0.0
8A,8A,2026-08-30,Sunday,102.0,102.0,12,0.0,0.0
8A,8A,2026-09-05,Saturday,122.0,122.0,13,0.0,0.0
8A,8A,2026-09-06,Sunday,102.0,102.0,12,0.0,0.0
80,80,2026-09-05,Saturday,177.0,177.0,13,0.0,0.0
80,80,2026-09-06,Sunday,144.0,144.0,12,0.0,0.0
81W,81W,2026-10-06,Tuesday,88.0,88.0,12,0.0,0.0
8A,8A,2026-09-12,Saturday,122.0,122.0,13,0.0,0.0
81W,81W,2026-10-07,Wednesday,88.0,88.0,13,0.0,0.0
81W,81W,2026-10-08,Thursday,88.0,88.0,13,0.0,0.0
81W,81W,2026-10-09,Friday,88.0,88.0,13,0.0,0.0
81W,81W,2026-10-10,Saturday,90.0,90.0,13,0.0,0.0
8A,8A,2026-09-13,Sunday,102.0,102.0,12,0.0,0.0
81,81,2026-09-19,Saturday,234.0,234.0,13,0.0,0.0
81,81,2026-09-20,Sunday,220.0,220.0,12,0.0,0.0
86,86,2026-10-31,Saturday,0.0,0.0,13,0.0,
81,81,2026-09-23,Wednesday,262.0,262.0,13,0.0,0.0
81,81,2026-09-24,Thursday,262.0,262.0,13,0.0,0.0
81,81,2026-09-25,Friday,262.0,262.0,13,0.0,0.0
81,81,2026-09-26,Saturday,234.0,234.0,13,0.0,0.0
81,81,2026-09-27,Sunday,220.0,220.0,12,0.0,0.0
81,81,2026-09-30,Wednesday,262.0,262.0,13,0.0,0.0
81,81,2026-10-01,Thursday,262.0,262.0,13,0.0,0.0
81,81,2026-10-02,Friday,262.0,262.0,13,0.0,0.0
81,81,2026-10-03,Saturday,234.0,234.0,13,0.0,0.0
81,81,2026-10-04,Sunday,220.0,220.0,12,0.0,0.0
88,88,2026-08-13,Thursday,100.0,100.0,13,0.0,0.0
88,88,2026-08-14,Friday,100.0,100.0,13,0.0,0.0
88,88,2026-08-15,Saturday,68.0,68.0,13,0.0,0.0
80,80,2026-09-26,Saturday,177.0,177.0,13,0.0,0.0
80,80,2026-09-27,Sunday,144.0,144.0,12,0.0,0.0
81,81,2026-10-07,Wednesday,262.0,262.0,13,0.0,0.0
88,88,2026-08-16,Sunday,64.0,64.0,12,0.0,0.0
81,81,2026-10-08,Thursday,262.0,262.0,13,0.0,0.0
88,88,2026-08-18,Tuesday,100.0,100.0,12,0.0,0.0
81,81,2026-10-09,Friday,262.0,262.0,13,0.0,0.0
8A,8A,2026-09-26,Saturday,122.0,122.0,13,0.0,0.0
8A,8A,2026-09-27,Sunday,102.0,102.0,12,0.0,0.0
81,81,2026-10-10,Saturday,234.0,234.0,13,0.0,0.0
88,88,2026-08-19,Wednesday,100.0,100.0,13,0.0,0.0
88,88,2026-08-20,Thursday,100.0,100.0,13,0.0,0.0
88,88,2026-08-21,Friday,100.0,100.0,13,0.0,0.0
90,90,2026-08-05,Wednesday,132.0,132.0,13,0.0,0.0
90,90,2026-08-06,Thursday,132.0,132.0,13,0.0,0.0
80,80,2026-10-03,Saturday,177.0,177.0,13,0.0,0.0
90,90,2026-08-07,Friday,132.0,132.0,13,0.0,0.0
90,90,2026-08-08,Saturday,108.0,108.0,13,0.0,0.0
81,81,2026-10-11,Sunday,220.0,220.0,12,0.0,0.0
80,80,2026-10-04,Sunday,144.0,144.0,12,0.0,0.0
88,88,2026-08-22,Saturday,68.0,68.0,13,0.0,0.0
88,88,2026-08-23,Sunday,64.0,64.0,12,0.0,0.0
90,90,2026-08-09,Sunday,86.0,86.0,12,0.0,0.0
90,90,2026-08-11,Tuesday,132.0,132.0,12,0.0,0.0
80,80,2026-10-31,Saturday,177.0,177.0,13,0.0,0.0
81,81,2026-08-05,Wednesday,262.0,262.0,13,0.0,0.0
88,88,2026-09-06,Sunday,64.0,64.0,12,0.0,0.0
81,81,2026-10-23,Friday,262.0,262.0,13,0.0,0.0
81,81,2026-08-06,Thursday,262.0,262.0,13,0.0,0.0
81,81,2026-08-07,Friday,262.0,262.0,13,0.0,0.0
88,88,2026-08-27,Thursday,100.0,100.0,13,0.0,0.0
81W,81W,2026-08-08,Saturday,90.0,90.0,13,0.0,0.0
81W,81W,2026-08-09,Sunday,56.0,56.0,12,0.0,0.0
88,88,2026-08-28,Friday,100.0,100.0,13,0.0,0.0
81W,81W,2026-08-11,Tuesday,88.0,88.0,12,0.0,0.0
81,81,2026-08-08,Saturday,234.0,234.0,13,0.0,0.0
81W,81W,2026-08-12,Wednesday,88.0,88.0,13,0.0,0.0
81W,81W,2026-08-13,Thursday,88.0,88.0,13,0.0,0.0
81W,81W,2026-08-14,Friday,88.0,88.0,13,0.0,0.0
8A,8A,2026-10-03,Saturday,122.0,122.0,13,0.0,0.0
81W,81W,2026-08-15,Saturday,90.0,90.0,13,0.0,0.0
81,81,2026-08-09,Sunday,220.0,220.0,12,0.0,0.0
81W,81W,2026-08-16,Sunday,56.0,56.0,12,0.0,0.0
81W,81W,2026-08-18,Tuesday,88.0,88.0,12,0.0,0.0
81W,81W,2026-08-19,Wednesday,88.0,88.0,13,0.0,0.0
8A,8A,2026-10-04,Sunday,102.0,102.0,12,0.0,0.0
88,88,2026-09-08,Tuesday,100.0,100.0,12,0.0,0.0
88,88,2026-09-09,Wednesday,100.0,100.0,13,0.0,0.0
81,81,2026-08-12,Wednesday,262.0,262.0,13,0.0,0.0
81,81,2026-08-13,Thursday,262.0,262.0,13,0.0,0.0
88,88,2026-09-10,Thursday,100.0,100.0,13,0.0,0.0
88,88,2026-09-11,Friday,100.0,100.0,13,0.0,0.0
81,81,2026-08-14,Friday,262.0,262.0,13,0.0,0.0
81W,81W,2026-08-20,Thursday,88.0,88.0,13,0.0,0.0
81,81,2026-08-15,Saturday,234.0,234.0,13,0.0,0.0
81,81,2026-08-16,Sunday,220.0,220.0,12,0.0,0.0
88,88,2026-09-12,Saturday,68.0,68.0,13,0.0,0.0
81,81,2026-10-24,Saturday,234.0,234.0,13,0.0,0.0
88,88,2026-09-13,Sunday,64.0,64.0,12,0.0,0.0
81W,81W,2026-08-21,Friday,88.0,88.0,13,0.0,0.0
81,81,2026-08-19,Wednesday,262.0,262.0,13,0.0,0.0
81,81,2026-08-20,Thursday,262.0,262.0,13,0.0,0.0
81,81,2026-08-21,Friday,262.0,262.0,13,0.0,0.0
81W,81W,2026-08-22,Saturday,90.0,90.0,13,0.0,0.0
88,88,2026-09-15,Tuesday,100.0,100.0,12,0.0,0.0
81,81,2026-08-22,Saturday,234.0,234.0,13,0.0,0.0
81,81,2026-08-23,Sunday,220.0,220.0,12,0.0,0.0
81W,81W,2026-08-23,Sunday,56.0,56.0,12,0.0,0.0
88,88,2026-09-16,Wednesday,100.0,100.0,13,0.0,0.0
88,88,2026-09-17,Thursday,100.0,100.0,13,0.0,0.0
87,87,2026-08-30,Sunday,176.0,176.0,12,0.0,0.0
81,81,2026-08-26,Wednesday,262.0,262.0,13,0.0,0.0
81,81,2026-08-27,Thursday,262.0,262.0,13,0.0,0.0
81,81,2026-08-28,Friday,262.0,262.0,13,0.0,0.0
81,81,2026-08-29,Saturday,234.0,234.0,13,0.0,0.0
88,88,2026-09-18,Friday,100.0,100.0,13,0.0,0.0
86,86,2026-10-25,Sunday,0.0,0.0,12,0.0,
81,81,2026-08-30,Sunday,220.0,220.0,12,0.0,0.0
81W,81W,2026-08-25,Tuesday,88.0,88.0,12,0.0,0.0
87,87,2026-09-06,Sunday,176.0,176.0,12,0.0,0.0
81W,81W,2026-08-26,Wednesday,88.0,88.0,13,0.0,0.0
81,81,2026-09-02,Wednesday,262.0,262.0,13,0.0,0.0
81,81,2026-10-25,Sunday,220.0,220.0,12,0.0,0.0
88,88,2026-08-29,Saturday,68.0,68.0,13,0.0,0.0
81W,81W,2026-08-27,Thursday,88.0,88.0,13,0.0,0.0
81,81,2026-09-03,Thursday,262.0,262.0,13,0.0,0.0
81,81,2026-09-04,Friday,262.0,262.0,13,0.0,0.0
81,81,2026-09-05,Saturday,234.0,234.0,13,0.0,0.0
88,88,2026-08-30,Sunday,64.0,64.0,12,0.0,0.0
81W,81W,2026-08-28,Friday,88.0,88.0,13,0.0,0.0
81,81,2026-09-06,Sunday,220.0,220.0,12,0.0,0.0
81,81,2026-09-09,Wednesday,262.0,262.0,13,0.0,0.0
81W,81W,2026-08-29,Saturday,90.0,90.0,13,0.0,0.0
81,81,2026-09-10,Thursday,262.0,262.0,13,0.0,0.0
81,81,2026-09-11,Friday,262.0,262.0,13,0.0,0.0
81,81,2026-09-12,Saturday,234.0,234.0,13,0.0,0.0
80,80,2026-10-17,Saturday,177.0,177.0,13,0.0,0.0
81W,81W,2026-08-30,Sunday,56.0,56.0,12,0.0,0.0
81,81,2026-09-13,Sunday,220.0,220.0,12,0.0,0.0
80,80,2026-09-12,Saturday,177.0,177.0,13,0.0,0.0
87,87,2026-08-16,Sunday,176.0,176.0,12,0.0,0.0
8A,8A,2026-09-20,Sunday,102.0,102.0,12,0.0,0.0
87,87,2026-09-13,Sunday,176.0,176.0,12,0.0,0.0
81,81,2026-10-28,Wednesday,262.0,262.0,13,0.0,0.0
81,81,2026-10-16,Friday,262.0,262.0,13,0.0,0.0
8A,8A,2026-10-11,Sunday,102.0,102.0,12,0.0,0.0
81,81,2026-09-17,Thursday,262.0,262.0,13,0.0,0.0
8A,8A,2026-10-24,Saturday,122.0,122.0,13,0.0,0.0
81,81,2026-09-18,Friday,262.0,262.0,13,0.0,0.0
81,81,2026-10-14,Wednesday,262.0,262.0,13,0.0,0.0
81,81,2026-10-21,Wednesday,262.0,262.0,13,0.0,0.0
88,88,2026-08-11,Tuesday,100.0,100.0,12,0.0,0.0
88,88,2026-08-12,Wednesday,100.0,100.0,13,0.0,0.0
80,80,2026-10-24,Saturday,177.0,177.0,13,0.0,0.0
80,80,2026-10-18,Sunday,144.0,144.0,12,0.0,0.0
88,88,2026-09-02,Wednesday,100.0,100.0,13,0.0,0.0
81W,81W,2026-08-06,Thursday,88.0,88.0,13,0.0,0.0
87,87,2026-09-20,Sunday,176.0,176.0,12,0.0,0.0
88,88,2026-09-03,Thursday,100.0,100.0,13,0.0,0.0
81,81,2026-10-29,Thursday,262.0,262.0,13,0.0,0.0
88,88,2026-08-06,Thursday,100.0,100.0,13,0.0,0.0
81,81,2026-10-15,Thursday,262.0,262.0,13,0.0,0.0
88,88,2026-08-26,Wednesday,100.0,100.0,13,0.0,0.0
80,80,2026-10-25,Sunday,144.0,144.0,12,0.0,0.0
87,87,2026-10-04,Sunday,176.0,176.0,12,0.0,0.0
88,88,2026-09-04,Friday,100.0,100.0,13,0.0,0.0
88,88,2026-09-05,Saturday,68.0,68.0,13,0.0,0.0
80,80,2026-10-10,Saturday,177.0,177.0,13,0.0,0.0
80,80,2026-10-11,Sunday,144.0,144.0,12,0.0,0.0
81W,81W,2026-08-07,Friday,88.0,88.0,13,0.0,0.0
81,81,2026-10-17,Saturday,234.0,234.0,13,0.0,0.0
80,80,2026-09-13,Sunday,144.0,144.0,12,0.0,0.0
88,88,2026-09-01,Tuesday,100.0,100.0,12,0.0,0.0
81,81,2026-09-16,Wednesday,262.0,262.0,13,0.0,0.0
81,81,2026-10-18,Sunday,220.0,220.0,12,0.0,0.0
8A,8A,2026-10-31,Saturday,122.0,122.0,13,0.0,0.0
88,88,2026-08-25,Tuesday,100.0,100.0,12,0.0,0.0
81,81,2026-10-22,Thursday,262.0,262.0,13,0.0,0.0
87,87,2026-10-25,Sunday,176.0,176.0,12,0.0,0.0
80,80,2026-09-19,Saturday,177.0,177.0,13,0.0,0.0
88,88,2026-08-07,Friday,100.0,100.0,13,0.0,0.0
88,88,2026-08-05,Wednesday,100.0,100.0,13,0.0,0.0
80,80,2026-09-20,Sunday,144.0,144.0,12,0.0,0.0
81,81,2026-10-30,Friday,262.0,262.0,13,0.0,0.0
8A,8A,2026-10-18,Sunday,102.0,102.0,12,0.0,0.0
81,81,2026-10-31,Saturday,234.0,234.0,13,0.0,0.0
88,88,2026-08-09,Sunday,64.0,64.0,12,0.0,0.0
87,87,2026-08-23,Sunday,176.0,176.0,12,0.0,0.0
87,87,2026-09-27,Sunday,176.0,176.0,12,0.0,0.0
8A,8A,2026-10-17,Saturday,122.0,122.0,13,0.0,0.0
81W,81W,2026-08-05,Wednesday,88.0,88.0,13,0.0,0.0
88,88,2026-08-08,Saturday,68.0,68.0,13,0.0,0.0
8A,8A,2026-10-25,Sunday,102.0,102.0,12,0.0,0.0
8A,8A,2026-10-10,Saturday,122.0,122.0,13,0.0,0.0
8A,8A,2026-09-19,Saturday,122.0,122.0,13,0.0,0.0
94,94,2026-09-06,Sunday,103.0,103.0,12,0.0,0.0
94,94,2026-09-12,Saturday,116.0,116.0,13,0.0,0.0
94,94,2026-09-13,Sunday,103.0,103.0,12,0.0,0.0
94,94,2026-09-19,Saturday,116.0,116.0,13,0.0,0.0
94,94,2026-09-20,Sunday,103.0,103.0,12,0.0,0.0
94,94,2026-09-26,Saturday,116.0,116.0,13,0.0,0.0
94,94,2026-09-27,Sunday,103.0,103.0,12,0.0,0.0
94,94,2026-10-03,Saturday,116.0,116.0,13,0.0,0.0
94,94,2026-10-04,Sunday,103.0,103.0,12,0.0,0.0
94,94,2026-10-10,Saturday,116.0,116.0,13,0.0,0.0
94,94,2026-10-11,Sunday,103.0,103.0,12,0.0,0.0
94,94,2026-10-17,Saturday,116.0,116.0,13,0.0,0.0
94,94,2026-10-18,Sunday,103.0,103.0,12,0.0,0.0
94,94,2026-10-24,Saturday,116.0,116.0,13,0.0,0.0
94,94,2026-10-25,Sunday,103.0,103.0,12,0.0,0.0
94,94,2026-10-31,Saturday,116.0,116.0,13,0.0,0.0
96,96,2026-08-05,Wednesday,66.0,66.0,13,0.0,0.0
96,96,2026-08-06,Thursday,66.0,66.0,13,0.0,0.0
96,96,2026-08-07,Friday,66.0,66.0,13,0.0,0.0
96,96,2026-08-08,Saturday,0.0,0.0,13,0.0,
96,96,2026-08-09,Sunday,0.0,0.0,12,0.0,
96,96,2026-08-11,Tuesday,66.0,66.0,12,0.0,0.0
96,96,2026-08-12,Wednesday,66.0,66.0,13,0.0,0.0
96,96,2026-08-13,Thursday,66.0,66.0,13,0.0,0.0
96,96,2026-08-14,Friday,66.0,66.0,13,0.0,0.0
96,96,2026-08-15,Saturday,0.0,0.0,13,0.0,
96,96,2026-08-16,Sunday,0.0,0.0,12,0.0,
96,96,2026-08-18,Tuesday,66.0,66.0,12,0.0,0.0
96,96,2026-08-19,Wednesday,66.0,66.0,13,0.0,0.0
96,96,2026-08-20,Thursday,66.0,66.0,13,0.0,0.0
96,96,2026-08-21,Friday,66.0,66.0,13,0.0,0.0
96,96,2026-08-22,Saturday,0.0,0.0,13,0.0,
96,96,2026-08-23,Sunday,0.0,0.0,12,0.0,
96,96,2026-08-25,Tuesday,66.0,66.0,12,0.0,0.0
96,96,2026-08-26,Wednesday,66.0,66.0,13,0.0,0.0
96,96,2026-08-27,Thursday,66.0,66.0,13,0.0,0.0
96,96,2026-08-28,Friday,66.0,66.0,13,0.0,0.0
96,96,2026-08-29,Saturday,0.0,0.0,13,0.0,
96,96,2026-08-30,Sunday,0.0,0.0,12,0.0,
96,96,2026-09-01,Tuesday,66.0,66.0,12,0.0,0.0
96,96,2026-09-02,Wednesday,66.0,66.0,13,0.0,0.0
96,96,2026-09-03,Thursday,66.0,66.0,13,0.0,0.0
96,96,2026-09-04,Friday,66.0,66.0,13,0.0,0.0
96,96,2026-09-05,Saturday,0.0,0.0,13,0.0,
96,96,2026-09-06,Sunday,0.0,0.0,12,0.0,
96,96,2026-09-08,Tuesday,66.0,66.0,12,0.0,0.0
96,96,2026-09-09,Wednesday,66.0,66.0,13,0.0,0.0
96,96,2026-09-10,Thursday,66.0,66.0,13,0.0,0.0
96,96,2026-09-11,Friday,66.0,66.0,13,0.0,0.0
96,96,2026-09-12,Saturday,0.0,0.0,13,0.0,
96,96,2026-09-13,Sunday,0.0,0.0,12,0.0,
96,96,2026-09-15,Tuesday,66.0,66.0,12,0.0,0.0
96,96,2026-09-16,Wednesday,66.0,66.0,13,0.0,0.0
96,96,2026-09-17,Thursday,66.0,66.0,13,0.0,0.0
96,96,2026-09-18,Friday,66.0,66.0,13,0.0,0.0
96,96,2026-09-19,Saturday,0.0,0.0,13,0.0,
96,96,2026-09-20,Sunday,0.0,0.0,12,0.0,
96,96,2026-09-22,Tuesday,66.0,66.0,12,0.0,0.0
96,96,2026-09-23,Wednesday,66.0,66.0,13,0.0,0.0
96,96,2026-09-24,Thursday,66.0,66.0,13,0.0,0.0
96,96,2026-09-25,Friday,66.0,66.0,13,0.0,0.0
96,96,2026-09-26,Saturday,0.0,0.0,13,0.0,
96,96,2026-09-27,Sunday,0.0,0.0,12,0.0,
96,96,2026-09-29,Tuesday,66.0,66.0,12,0.0,0.0
96,96,2026-09-30,Wednesday,66.0,66.0,13,0.0,0.0
96,96,2026-10-01,Thursday,66.0,66.0,13,0.0,0.0
96,96,2026-10-02,Friday,66.0,66.0,13,0.0,0.0
96,96,2026-10-03,Saturday,0.0,0.0,13,0.0,
96,96,2026-10-04,Sunday,0.0,0.0,12,0.0,
96,96,2026-10-06,Tuesday,66.0,66.0,12,0.0,0.0
96,96,2026-10-07,Wednesday,66.0,66.0,13,0.0,0.0
96,96,2026-10-08,Thursday,66.0,66.0,13,0.0,0.0
96,96,2026-10-09,Friday,66.0,66.0,13,0.0,0.0
96,96,2026-10-10,Saturday,0.0,0.0,13,0.0,
96,96,2026-10-11,Sunday,0.0,0.0,12,0.0,
96,96,2026-10-13,Tuesday,66.0,66.0,12,0.0,0.0
96,96,2026-10-14,Wednesday,66.0,66.0,13,0.0,0.0
96,96,2026-10-15,Thursday,66.0,66.0,13,0.0,0.0
96,96,2026-10-16,Friday,66.0,66.0,13,0.0,0.0
96,96,2026-10-17,Saturday,0.0,0.0,13,0.0,
96,96,2026-10-18,Sunday,0.0,0.0,12,0.0,
96,96,2026-10-20,Tuesday,66.0,66.0,12,0.0,0.0
96,96,2026-10-21,Wednesday,66.0,66.0,13,0.0,0.0
96,96,2026-10-22,Thursday,66.0,66.0,13,0.0,0.0
96,96,2026-10-23,Friday,66.0,66.0,13,0.0,0.0
96,96,2026-10-24,Saturday,0.0,0.0,13,0.0,
96,96,2026-10-25,Sunday,0.0,0.0,12,0.0,
96,96,2026-10-27,Tuesday,66.0,66.0,12,0.0,0.0
96,96,2026-10-28,Wednesday,66.0,66.0,13,0.0,0.0
96,96,2026-10-29,Thursday,66.0,66.0,13,0.0,0.0
Brn,Brown Line,2026-08-05,Wednesday,180.0,180.0,13,0.0,0.0
Brn,Brown Line,2026-08-06,Thursday,180.0,180.0,13,0.0,0.0
Brn,Brown Line,2026-08-07,Friday,180.0,180.0,13,0.0,0.0
Brn,Brown Line,2026-08-08,Saturday,130.0,130.0,13,0.0,0.0
Brn,Brown Line,2026-08-09,Sunday,112.0,112.0,12,0.0,0.0
Brn,Brown Line,2026-08-12,Wednesday,180.0,180.0,13,0.0,0.0
Brn,Brown Line,2026-08-13,Thursday,180.0,180.0,13,0.0,0.0
Brn,Brown Line,2026-08-14,Friday,180.0,180.0,13,0.0,0.0
Brn,Brown Line,2026-08-15,Saturday,130.0,130.0,13,0.0,0.0
Brn,Brown Line,2026-08-16,Sunday,112.0,112.0,12,0.0,0.0
Brn,Brown Line,2026-08-19,Wednesday,180.0,180.0,13,0.0,0.0
Brn,Brown Line,2026-08-20,Thursday,180.0,180.0,13,0.0,0.0
Brn,Brown Line,2026-08-21,Friday,180.0,180.0,13,0.0,0.0
Brn,Brown Line,2026-08-22,Saturday,130.0,130.0,13,0.0,0.0
Brn,Brown Line,2026-08-23,Sunday,112.0,112.0,12,0.0,0.0
Brn,Brown Line,2026-08-26,Wednesday,180.0,180.0,13,0.0,0.0
Brn,Brown Line,2026-08-27,Thursday,180.0,180.0,13,0.0,0.0
Brn,Brown Line,2026-08-28,Friday,180.0,180.0,13,0.0,0.0
G,Green Line,2026-09-18,Friday,256.0,256.0,13,0.0,0.0
G,Green Line,2026-09-19,Saturday,228.0,228.0,13,0.0,0.0
G,Green Line,2026-09-20,Sunday,224.0,224.0,12,0.0,0.0
G,Green Line,2026-09-22,Tuesday,256.0,256.0,12,0.0,0.0
G,Green Line,2026-09-23,Wednesday,256.0,256.0,13,0.0,0.0
G,Green Line,2026-09-24,Thursday,256.0,256.0,13,0.0,0.0
G,Green Line,2026-09-25,Friday,256.0,256.0,13,0.0,0.0
G,Green Line,2026-09-26,Saturday,228.0,228.0,13,0.0,0.0
G,Green Line,2026-09-27,Sunday,224.0,224.0,12,0.0,0.0
G,Green Line,2026-09-29,Tuesday,256.0,256.0,12,0.0,0.0
G,Green Line,2026-09-30,Wednesday,256.0,256.0,13,0.0,0.0
G,Green Line,2026-10-01,Thursday,256.0,256.0,13,0.0,0.0
G,Green Line,2026-10-02,Friday,256.0,256.0,13,0.0,0.0
G,Green Line,2026-10-03,Saturday,228.0,228.0,13,0.0,0.0
G,Green Line,2026-10-04,Sunday,224.0,224.0,12,0.0,0.0
G,Green Line,2026-10-06,Tuesday,256.0,256.0,12,0.0,0.0
G,Green Line,2026-10-07,Wednesday,256.0,256.0,13,0.0,0.0
G,Green Line,2026-10-08,Thursday,256.0,256.0,13,0.0,0.0
G,Green Line,2026-10-09,Friday,256.0,256.0,13,0.0,0.0
G,Green Line,2026-10-10,Saturday,228.0,228.0,13,0.0,0.0
G,Green Line,2026-10-11,Sunday,224.0,224.0,12,0.0,0.0
G,Green Line,2026-10-13,Tuesday,256.0,256.0,12,0.0,0.0
G,Green Line,2026-10-14,Wednesday,256.0,256.0,13,0.0,0.0
G,Green Line,2026-10-15,Thursday,256.0,256.0,13,0.0,0.0
G,Green Line,2026-10-16,Friday,256.0,256.0,13,0.0,0.0
G,Green Line,2026-10-17,Saturday,228.0,228.0,13,0.0,0.0
G,Green Line,2026-10-18,Sunday,224.0,224.0,12,0.0,0.0
G,Green Line,2026-10-20,Tuesday,256.0,256.0,12,0.0,0.0
G,Green Line,2026-10-21,Wednesday,256.0,256.0,13,0.0,0.0
G,Green Line,2026-10-22,Thursday,256.0,256.0,13,0.0,0.0
G,Green Line,2026-10-23,Friday,256.0,256.0,13,0.0,0.0
G,Green Line,2026-10-24,Saturday,228.0,228.0,13,0.0,0.0
G,Green Line,2026-10-25,Sunday,224.0,224.0,12,0.0,0.0
G,Green Line,2026-10-27,Tuesday,256.0,256.0,12,0.0,0.0
G,Green Line,2026-10-28,Wednesday,256.0,256.0,13,0.0,0.0
G,Green Line,2026-10-29,Thursday,256.0,256.0,13,0.0,0.0
G,Green Line,2026-10-30,Friday,256.0,256.0,13,0.0,0.0
G,Green Line,2026-10-31,Saturday,228.0,228.0,13,0.0,0.0
J14,J14,2026-08-05,Wednesday,242.0,242.0,13,0.0,0.0
J14,J14,2026-08-06,Thursday,242.0,242.0,13,0.0,0.0
J14,J14,2026-08-07,Friday,242.0,242.0,13,0.0,0.0
J14,J14,2026-08-08,Saturday,187.0,187.0,13,0.0,0.0
J14,J14,2026-08-11,Tuesday,242.0,242.0,12,0.0,0.0
J14,J14,2026-08-12,Wednesday,242.0,242.0,13,0.0,0.0
J14,J14,2026-08-13,Thursday,242.0,242.0,13,0.0,0.0
J14,J14,2026-08-14,Friday,242.0,242.0,13,0.0,0.0
J14,J14,2026-08-15,Saturday,187.0,187.0,13,0.0,0.0
J14,J14,2026-08-18,Tuesday,242.0,242.0,12,0.0,0.0
J14,J14,2026-08-19,Wednesday,242.0,242.0,13,0.0,0.0
J14,J14,2026-08-20,Thursday,242.0,242.0,13,0.0,0.0
J14,J14,2026-08-21,Friday,242.0,242.0,13,0.0,0.0
J14,J14,2026-08-22,Saturday,187.0,187.0,13,0.0,0.0
J14,J14,2026-08-25,Tuesday,242.0,242.0,12,0.0,0.0
J14,J14,2026-08-26,Wednesday,242.0,242.0,13,0.0,0.0
J14,J14,2026-08-27,Thursday,242.0,242.0,13,0.0,0.0
J14,J14,2026-08-28,Friday,242.0,242.0,13,0.0,0.0
J14,J14,2026-08-29,Saturday,187.0,187.0,13,0.0,0.0
J14,J14,2026-09-01,Tuesday,242.0,242.0,12,0.0,0.0
J14,J14,2026-09-02,Wednesday,242.0,242.0,13,0.0,0.0
J14,J14,2026-09-03,Thursday,242.0,242.0,13,0.0,0.0
J14,J14,2026-09-04,Friday,242.0,242.0,13,0.0,0.0
J14,J14,2026-09-05,Saturday,187.0,187.0,13,0.0,0.0
J14,J14,2026-09-08,Tuesday,242.0,242.0,12,0.0,0.0
J14,J14,2026-09-09,Wednesday,242.0,242.0,13,0.0,0.0
J14,J14,2026-09-10,Thursday,242.0,242.0,13,0.0,0.0
J14,J14,2026-09-11,Friday,242.0,242.0,13,0.0,0.0
J14,J14,2026-09-12,Saturday,187.0,187.0,13,0.0,0.0
J14,J14,2026-09-15,Tuesday,242.0,242.0,12,0.0,0.0
J14,J14,2026-09-16,Wednesday,242.0,242.0,13,0.0,0.0
J14,J14,2026-09-17,Thursday,242.0,242.0,13,0.0,0.0
J14,J14,2026-09-18,Friday,242.0,242.0,13,0.0,0.0
J14,J14,2026-09-19,Saturday,187.0,187.0,13,0.0,0.0
J14,J14,2026-09-22,Tuesday,242.0,242.0,12,0.0,0.0
J14,J14,2026-09-23,Wednesday,242.0,242.0,13,0.0,0.0
J14,J14,2026-09-24,Thursday,242.0,242.0,13,0.0,0.0
J14,J14,2026-09-25,Friday,242.0,242.0,13,0.0,0.0
J14,J14,2026-09-26,Saturday,187.0,187.0,13,0.0,0.0
J14,J14,2026-09-29,Tuesday,242.0,242.0,12,0.0,0.0
J14,J14,2026-09-30,Wednesday,242.0,242.0,13,0.0,0.0
J14,J14,2026-10-01,Thursday,242.0,242.0,13,0.0,0.0
J14,J14,2026-10-02,Friday,242.0,242.0,13,0.0,0.0
J14,J14,2026-10-03,Saturday,187.0,187.0,13,0.0,0.0
J14,J14,2026-10-06,Tuesday,242.0,242.0,12,0.0,0.0
J14,J14,2026-10-07,Wednesday,242.0,242.0,13,0.0,0.0
J14,J14,2026-10-08,Thursday,242.0,242.0,13,0.0,0.0
J14,J14,2026-10-09,Friday,242.0,242.0,13,0.0,0.0
J14,J14,2026-10-10,Saturday,187.0,187.0,13,0.0,0.0
J14,J14,2026-10-13,Tuesday,242.0,242.0,12,0.0,0.0
J14,J14,2026-10-14,Wednesday,242.0,242.0,13,0.0,0.0
J14,J14,2026-10-15,Thursday,242.0,242.0,13,0.0,0.0
J14,J14,2026-10-16,Friday,242.0,242.0,13,0.0,0.0
J14,J14,2026-10-17,Saturday,187.0,187.0,13,0.0,0.0
J14,J14,2026-10-20,Tuesday,242.0,242.0,12,0.0,0.0
J14,J14,2026-10-21,Wednesday,242.0,242.0,13,0.0,0.0
J14,J14,2026-10-22,Thursday,242.0,242.0,13,0.0,0.0
J14,J14,2026-10-23,Friday,242.0,242.0,13,0.0,0.0
J14,J14,2026-10-24,Saturday,187.0,187.0,13,0.0,0.0
J14,J14,2026-10-27,Tuesday,242.0,242.0,12,0.0,0.0
J14,J14,2026-10-28,Wednesday,242.0,242.0,13,0.0,0.0
J14,J14,2026-10-29,Thursday,242.0,242.0,13,0.0,0.0
J14,J14,2026-10-30,Friday,242.0,242.0,13,0.0,0.0
J14,J14,2026-10-31,Saturday,187.0,187.0,13,0.0,0.0
N5,N5,2026-08-05,Wednesday,20.0,20.0,13,0.0,0.0
N5,N5,2026-08-06,Thursday,20.0,20.0,13,0.0,0.0
N5,N5,2026-08-07,Friday,20.0,20.0,13,0.0,0.0
N5,N5,2026-08-08,Saturday,20.0,20.0,13,0.0,0.0
N5,N5,2026-08-09,Sunday,22.0,22.0,12,0.0,0.0
N5,N5,2026-08-11,Tuesday,20.0,20.0,12,0.0,0.0
N5,N5,2026-08-12,Wednesday,20.0,20.0,13,0.0,0.0
N5,N5,2026-08-13,Thursday,20.0,20.0,13,0.0,0.0
N5,N5,2026-08-14,Friday,20.0,20.0,13,0.0,0.0
N5,N5,2026-08-15,Saturday,20.0,20.0,13,0.0,0.0
N5,N5,2026-08-16,Sunday,22.0,22.0,12,0.0,0.0
N5,N5,2026-08-18,Tuesday,20.0,20.0,12,0.0,0.0
N5,N5,2026-08-19,Wednesday,20.0,20.0,13,0.0,0.0
N5,N5,2026-08-20,Thursday,20.0,20.0,13,0.0,0.0
N5,N5,2026-08-21,Friday,20.0,20.0,13,0.0,0.0
N5,N5,2026-08-22,Saturday,20.0,20.0,13,0.0,0.0
N5,N5,2026-08-23,Sunday,22.0,22.0,12,0.0,0.0
N5,N5,2026-08-25,Tuesday,20.0,20.0,12,0.0,0.0
N5,N5,2026-08-26,Wednesday,20.0,20.0,13,0.0,0.0
N5,N5,2026-08-27,Thursday,20.0,20.0,13,0.0,0.0
N5,N5,2026-08-28,Friday,20.0,20.0,13,0.0,0.0
N5,N5,2026-08-29,Saturday,20.0,20.0,13,0.0,0.0
N5,N5,2026-08-30,Sunday,22.0,22.0,12,0.0,0.0
N5,N5,2026-09-01,Tuesday,20.0,20.0,12,0.0,0.0
N5,N5,2026-09-02,Wednesday,20.0,20.0,13,0.0,0.0
N5,N5,2026-09-03,Thursday,20.0,20.0,13,0.0,0.0
N5,N5,2026-09-04,Friday,20.0,20.0,13,0.0,0.0
N5,N5,2026-09-05,Saturday,20.0,20.0,13,0.0,0.0
N5,N5,2026-09-06,Sunday,22.0,22.0,12,0.0,0.0
N5,N5,2026-09-08,Tuesday,20.0,20.0,12,0.0,0.0
N5,N5,2026-09-09,Wednesday,20.0,20.0,13,0.0,0.0
N5,N5,2026-09-10,Thursday,20.0,20.0,13,0.0,0.0
N5,N5,2026-09-11,Friday,20.0,20.0,13,0.0,0.0
N5,N5,2026-09-12,Saturday,20.0,20.0,13,0.0,0.0
N5,N5,2026-09-13,Sunday,22.0,22.0,12,0.0,0.0
N5,N5,2026-09-15,Tuesday,20.0,20.0,12,0.0,0.0
N5,N5,2026-09-16,Wednesday,20.0,20.0,13,0.0,0.0
N5,N5,2026-09-17,Thursday,20.0,20.0,13,0.0,0.0
N5,N5,2026-09-18,Friday,20.0,20.0,13,0.0,0.0
N5,N5,2026-09-19,Saturday,20.0,20.0,13,0.0,0.0
N5,N5,2026-09-20,Sunday,22.0,22.0,12,0.0,0.0
N5,N5,2026-09-22,Tuesday,20.0,20.0,12,0.0,0.0
N5,N5,2026-09-23,Wednesday,20.0,20.0,13,0.0,0.0
N5,N5,2026-09-24,Thursday,20.0,20.0,13,0.0,0.0
N5,N5,2026-09-25,Friday,20.0,20.0,13,0.0,0.0
N5,N5,2026-09-26,Saturday,20.0,20.0,13,0.0,0.0
N5,N5,2026-09-27,Sunday,22.0,22.0,12,0.0,0.0
N5,N5,2026-09-29,Tuesday,20.0,20.0,12,0.0,0.0
N5,N5,2026-09-30,Wednesday,20.0,20.0,13,0.0,0.0
N5,N5,2026-10-01,Thursday,20.0,20.0,13,0.0,0.0
N5,N5,2026-10-02,Friday,20.0,20.0,13,0.0,0.0
N5,N5,2026-10-03,Saturday,20.0,20.0,13,0.0,0.0
N5,N5,2026-10-04,Sunday,22.0,22.0,12,0.0,0.0
N5,N5,2026-10-06,Tuesday,20.0,20.0,12,0.0,0.0
N5,N5,2026-10-07,Wednesday,20.0,20.0,13,0.0,0.0
N5,N5,2026-10-08,Thursday,20.0,20.0,13,0.0,0.0
N5,N5,2026-10-09,Friday,20.0,20.0,13,0.0,0.0
N5,N5,2026-10-10,Saturday,20.0,20.0,13,0.0,0.0
N5,N5,2026-10-11,Sunday,22.0,22.0,12,0.0,0.0
N5,N5,2026-10-13,Tuesday,20.0,20.0,12,0.0,0.0
N5,N5,2026-10-14,Wednesday,20.0,20.0,13,0.0,0.0
N5,N5,2026-10-15,Thursday,20.0,20.0,13,0.0,0.0
N5,N5,2026-10-16,Friday,20.0,20.0,13,0.0,0.0
N5,N5,2026-10-17,Saturday,20.0,20.0,13,0.0,0.0
N5,N5,2026-10-18,Sunday,22.0,22.0,12,0.0,0.0
N5,N5,2026-10-20,Tuesday,20.0,20.0,12,0.0,0.0
N5,N5,2026-10-21,Wednesday,20.0,20.0,13,0.0,0.0
N5,N5,2026-10-22,Thursday,20.0,20.0,13,0.0,0.0
N5,N5,2026-10-23,Friday,20.0,20.0,13,0.0,0.0
N5,N5,2026-10-24,Saturday,20.0,20.0,13,0.0,0.0
N5,N5,2026-10-25,Sunday,22.0,22.0,12,0.0,0.0
N5,N5,2026-10-27,Tuesday,20.0,20.0,12,0.0,0.0
N5,N5,2026-10-28,Wednesday,20.0,20.0,13,0.0,0.0
N5,N5,2026-10-29,Thursday,20.0,20.0,13,0.0,0.0
N5,N5,2026-10-30,Friday,20.0,20.0,13,0.0,0.0
N5,N5,2026-10-31,Saturday,20.0,20.0,13,0.0,0.0
Org,Orange Line,2026-08-05,Wednesday,144.0,144.0,13,0.0,0.0
Org,Orange Line,2026-08-06,Thursday,144.0,144.0,13,0.0,0.0
Org,Orange Line,2026-08-07,Friday,144.0,144.0,13,0.0,0.0
Org,Orange Line,2026-08-08,Saturday,120.0,120.0,13,0.0,0.0
Org,Orange Line,2026-08-09,Sunday,114.0,114.0,12,0.0,0.0
Org,Orange Line,2026-08-11,Tuesday,144.0,144.0,12,0.0,0.0
Org,Orange Line,2026-08-12,Wednesday,144.0,144.0,13,0.0,0.0
Org,Orange Line,2026-08-13,Thursday,144.0,144.0,13,0.0,0.0
Org,Orange Line,2026-08-14,Friday,144.0,144.0,13,0.0,0.0
Org,Orange Line,2026-08-15,Saturday,120.0,120.0,13,0.0,0.0
Org,Orange Line,2026-08-16,Sunday,114.0,114.0,12,0.0,0.0
Org,Orange Line,2026-08-18,Tuesday,144.0,144.0,12,0.0,0.0
Org,Orange Line,2026-08-19,Wednesday,144.0,144.0,13,0.0,0.0
Org,Orange Line,2026-08-20,Thursday,144.0,144.0,13,0.0,0.0
Org,Orange Line,2026-08-21,Friday,144.0,144.0,13,0.0,0.0
Org,Orange Line,2026-08-22,Saturday,120.0,120.0,13,0.0,0.0
Org,Orange Line,2026-08-23,Sunday,114.0,114.0,12,0.0,0.0
Org,Orange Line,2026-08-25,Tuesday,144.0,144.0,12,0.0,0.0
Org,Orange Line,2026-08-26,Wednesday,144.0,144.0,13,0.0,0.0
Org,Orange Line,2026-08-27,Thursday,144.0,144.0,13,0.0,0.0
Org,Orange Line,2026-08-28,Friday,144.0,144.0,13,0.0,0.0
Org,Orange Line,2026-08-29,Saturday,120.0,120.0,13,0.0,0.0
Org,Orange Line,2026-08-30,Sunday,114.0,114.0,12,0.0,0.0
Org,Orange Line,2026-09-01,Tuesday,144.0,144.0,12,0.0,0.0
Org,Orange Line,2026-09-02,Wednesday,144.0,144.0,13,0.0,0.0
Org,Orange Line,2026-09-03,Thursday,144.0,144.0,13,0.0,0.0
Org,Orange Line,2026-09-04,Friday,144.0,144.0,13,0.0,0.0
Org,Orange Line,2026-09-05,Saturday,120.0,120.0,13,0.0,0.0
Org,Orange Line,2026-09-06,Sunday,114.0,114.0,12,0.0,0.0
Org,Orange Line,2026-09-08,Tuesday,144.0,144.0,12,0.0,0.0
Org,Orange Line,2026-09-09,Wednesday,144.0,144.0,13,0.0,0.0
Org,Orange Line,2026-09-10,Thursday,144.0,144.0,13,0.0,0.0
Org,Orange Line,2026-09-11,Friday,144.0,144.0,13,0.0,0.0
Org,Orange Line,2026-09-12,Saturday,120.0,120.0,13,0.0,0.0
Org,Orange Line,2026-09-13,Sunday,114.0,114.0,12,0.0,0.0
Org,Orange Line,2026-09-15,Tuesday,144.0,144.0,12,0.0,0.0
Org,Orange Line,2026-09-16,Wednesday,144.0,144.0,13,0.0,0.0
Org,Orange Line,2026-09-17,Thursday,144.0,144.0,13,0.0,0.0
Org,Orange Line,2026-09-18,Friday,144.0,144.0,13,0.0,0.0
Org,Orange Line,2026-09-19,Saturday,120.0,120.0,13,0.0,0.0
Org,Orange Line,2026-09-20,Sunday,114.0,114.0,12,0.0,0.0
Org,Orange Line,2026-09-22,Tuesday,144.0,144.0,12,0.0,0.0
Org,Orange Line,2026-09-23,Wednesday,144.0,144.0,13,0.0,0.0
Org,Orange Line,2026-09-24,Thursday,144.0,144.0,13,0.0,0.0
Org,Orange Line,2026-09-25,Friday,144.0,144.0,13,0.0,0.0
Org,Orange Line,2026-09-26,Saturday,120.0,120.0,13,0.0,0.0
Org,Orange Line,2026-09-27,Sunday,114.0,114.0,12,0.0,0.0
Org,Orange Line,2026-09-29,Tuesday,144.0,144.0,12,0.0,0.0
Org,Orange Line,2026-09-30,Wednesday,144.0,144.0,13,0.0,0.0
Org,Orange Line,2026-10-01,Thursday,144.0,144.0,13,0.0,0.0
Org,Orange Line,2026-10-02,Friday,144.0,144.0,13,0.0,0.0
Org,Orange Line,2026-10-03,Saturday,120.0,120.0,13,0.0,0.0
Org,Orange Line,2026-10-04,Sunday,114.0,114.0,12,0.0,0.0
Org,Orange Line,2026-10-06,Tuesday,144.0,144.0,12,0.0,0.0
Org,Orange Line,2026-10-07,Wednesday,144.0,144.0,13,0.0,0.0
Org,Orange Line,2026-10-08,Thursday,144.0,144.0,13,0.0,0.0
Org,Orange Line,2026-10-09,Friday,144.0,144.0,13,0.0,0.0
Org,Orange Line,2026-10-10,Saturday,120.0,120.0,13,0.0,0.0
Org,Orange Line,2026-10-11,Sunday,114.0,114.0,12,0.0,0.0
Org,Orange Line,2026-10-13,Tuesday,144.0,144.0,12,0.0,0.0
Org,Orange Line,2026-10-14,Wednesday,144.0,144.0,13,0.0,0.0
Org,Orange Line,2026-10-15,Thursday,144.0,144.0,13,0.0,0.0
Org,Orange Line,2026-10-16,Friday,144.0,144.0,13,0.0,0.0
Org,Orange Line,2026-10-17,Saturday,120.0,120.0,13,0.0,0.0
Org,Orange Line,2026-10-18,Sunday,114.0,114.0,12,0.0,0.0
Org,Orange Line,2026-10-20,Tuesday,144.0,144.0,12,0.0,0.0
Org,Orange Line,2026-10-21,Wednesday,144.0,144.0,13,0.0,0.0
Org,Orange Line,2026-10-22,Thursday,144.0,144.0,13,0.0,0.0
Org,Orange Line,2026-10-23,Friday,144.0,144.0,13,0.0,0.0
Org,Orange Line,2026-10-24,Saturday,120.0,120.0,13,0.0,0.0
Org,Orange Line,2026-10-25,Sunday,114.0,114.0,12,0.0,0.0
Org,Orange Line,2026-10-27,Tuesday,144.0,144.0,12,0.0,0.0
Org,Orange Line,2026-10-28,Wednesday,144.0,144.0,13,0.0,0.0
Org,Orange Line,2026-10-29,Thursday,144.0,144.0,13,0.0,0.0
Org,Orange Line,2026-10-30,Friday,144.0,144.0,13,0.0,0.0
Org,Orange Line,2026-10-31,Saturday,120.0,120.0,13,0.0,0.0
P,Purple Line,2026-08-05,Wednesday,188.0,188.0,13,0.0,0.0
P,Purple Line,2026-08-06,Thursday,188.0,188.0,13,0.0,0.0
P,Purple Line,2026-08-07,Friday,188.0,188.0,13,0.0,0.0
P,Purple Line,2026-08-08,Saturday,202.0,202.0,13,0.0,0.0
P,Purple Line,2026-08-09,Sunday,183.0,183.0,12,0.0,0.0
P,Purple Line,2026-08-12,Wednesday,188.0,188.0,13,0.0,0.0
P,Purple Line,2026-08-13,Thursday,188.0,188.0,13,0.0,0.0
P,Purple Line,2026-08-14,Friday,188.0,188.0,13,0.0,0.0
P,Purple Line,2026-08-15,Saturday,202.0,202.0,13,0.0,0.0
P,Purple Line,2026-08-16,Sunday,183.0,183.0,12,0.0,0.0
P,Purple Line,2026-08-19,Wednesday,188.0,188.0,13,0.0,0.0
P,Purple Line,2026-08-20,Thursday,188.0,188.0,13,0.0,0.0
P,Purple Line,2026-08-21,Friday,188.0,188.0,13,0.0,0.0
P,Purple Line,2026-08-22,Saturday,202.0,202.0,13,0.0,0.0
P,Purple Line,2026-08-23,Sunday,183.0,183.0,12,0.0,0.0
P,Purple Line,2026-08-26,Wednesday,188.0,188.0,13,0.0,0.0
P,Purple Line,2026-08-27,Thursday,188.0,188.0,13,0.0,0.0
P,Purple Line,2026-08-28,Friday,188.0,188.0,13,0.0,0.0
P,Purple Line,2026-08-29,Saturday,202.0,202.0,13,0.0,0.0
P,Purple Line,2026-08-30,Sunday,183.0,183.0,12,0.0,0.0
P,Purple Line,2026-09-02,Wednesday,188.0,188.0,13,0.0,0.0
P,Purple Line,2026-09-03,Thursday,188.0,188.0,13,0.0,0.0
P,Purple Line,2026-09-04,Friday,188.0,188.0,13,0.0,0.0
P,Purple Line,2026-09-05,Saturday,202.0,202.0,13,0.0,0.0
P,Purple Line,2026-09-06,Sunday,183.0,183.0,12,0.0,0.0
P,Purple Line,2026-09-09,Wednesday,188.0,188.0,13,0.0,0.0
P,Purple Line,2026-09-10,Thursday,188.0,188.0,13,0.0,0.0
P,Purple Line,2026-09-11,Friday,188.0,188.0,13,0.0,0.0
P,Purple Line,2026-09-12,Saturday,202.0,202.0,13,0.0,0.0
P,Purple Line,2026-09-13,Sunday,183.0,183.0,12,0.0,0.0
P,Purple Line,2026-09-16,Wednesday,188.0,188.0,13,0.0,0.0
P,Purple Line,2026-09-17,Thursday,188.0,188.0,13,0.0,0.0
P,Purple Line,2026-09-18,Friday,188.0,188.0,13,0.0,0.0
P,Purple Line,2026-09-19,Saturday,202.0,202.0,13,0.0,0.0
P,Purple Line,2026-09-20,Sunday,183.0,183.0,12,0.0,0.0
P,Purple Line,2026-09-23,Wednesday,188.0,188.0,13,0.0,0.0
P,Purple Line,2026-09-24,Thursday,188.0,188.0,13,0.0,0.0
P,Purple Line,2026-09-25,Friday,188.0,188.0,13,0.0,0.0
P,Purple Line,2026-09-26,Saturday,202.0,202.0,13,0.0,0.0
P,Purple Line,2026-09-27,Sunday,183.0,183.0,12,0.0,0.0
P,Purple Line,2026-09-30,Wednesday,188.0,188.0,13,0.0,0.0
P,Purple Line,2026-10-01,Thursday,188.0,188.0,13,0.0,0.0
P,Purple Line,2026-10-02,Friday,188.0,188.0,13,0.0,0.0
P,Purple Line,2026-10-03,Saturday,202.0,202.0,13,0.0,0.0
P,Purple Line,2026-10-04,Sunday,183.0,183.0,12,0.0,0.0
P,Purple Line,2026-10-07,Wednesday,188.0,188.0,13,0.0,0.0
P,Purple Line,2026-10-08,Thursday,188.0,188.0,13,0.0,0.0
P,Purple Line,2026-10-09,Friday,188.0,188.0,13,0.0,0.0
P,Purple Line,2026-10-10,Saturday,202.0,202.0,13,0.0,0.0
P,Purple Line,2026-10-11,Sunday,183.0,183.0,12,0.0,0.0
P,Purple Line,2026-10-14,Wednesday,188.0,188.0,13,0.0,0.0
P,Purple Line,2026-10-15,Thursday,188.0,188.0,13,0.0,0.0
P,Purple Line,2026-10-16,Friday,188.0,188.0,13,0.0,0.0
P,Purple Line,2026-10-17,Saturday,202.0,202.0,13,0.0,0.0
P,Purple Line,2026-10-18,Sunday,183.0,183.0,12,0.0,0.0
P,Purple Line,2026-10-21,Wednesday,188.0,188.0,13,0.0,0.0
P,Purple Line,2026-10-22,Thursday,188.0,188.0,13,0.0,0.0
P,Purple Line,2026-10-23,Friday,188.0,188.0,13,0.0,0.0
P,Purple Line,2026-10-24,Saturday,202.0,202.0,13,0.0,0.0
P,Purple Line,2026-10-25,Sunday,183.0,183.0,12,0.0,0.0
P,Purple Line,2026-10-28,Wednesday,188.0,188.0,13,0.0,0.0
P,Purple Line,2026-10-29,Thursday,188.0,188.0,13,0.0,0.0
P,Purple Line,2026-10-30,Friday,188.0,188.0,13,0.0,0.0
P,Purple Line,2026-10-31,Saturday,202.0,202.0,13,0.0,0.0
Pink,Pink Line,2026-08-05,Wednesday,122.0,122.0,13,0.0,0.0
Pink,Pink Line,2026-08-06,Thursday,122.0,122.0,13,0.0,0.0
Pink,Pink Line,2026-08-07,Friday,122.0,122.0,13,0.0,0.0
Pink,Pink Line,2026-08-08,Saturday,108.0,108.0,13,0.0,0.0
Pink,Pink Line,2026-08-09,Sunday,102.0,102.0,12,0.0,0.0
Pink,Pink Line,2026-08-11,Tuesday,122.0,122.0,12,0.0,0.0
Pink,Pink Line,2026-08-12,Wednesday,122.0,122.0,13,0.0,0.0
Pink,Pink Line,2026-08-13,Thursday,122.0,122.0,13,0.0,0.0
Pink,Pink Line,2026-08-14,Friday,122.0,122.0,13,0.0,0.0
Pink,Pink Line,2026-08-15,Saturday,108.0,108.0,13,0.0,0.0
Pink,Pink Line,2026-08-16,Sunday,102.0,102.0,12,0.0,0.0
Pink,Pink Line,2026-08-18,Tuesday,122.0,122.0,12,0.0,0.0
Pink,Pink Line,2026-08-19,Wednesday,122.0,122.0,13,0.0,0.0
Pink,Pink Line,2026-08-20,Thursday,122.0,122.0,13,0.0,0.0
Pink,Pink Line,2026-08-21,Friday,122.0,122.0,13,0.0,0.0
Pink,Pink Line,2026-08-22,Saturday,108.0,108.0,13,0.0,0.0
Pink,Pink Line,2026-08-23,Sunday,102.0,102.0,12,0.0,0.0
Pink,Pink Line,2026-08-25,Tuesday,122.0,122.0,12,0.0,0.0
Pink,Pink Line,2026-08-26,Wednesday,122.0,122.0,13,0.0,0.0
Pink,Pink Line,2026-08-27,Thursday,122.0,122.0,13,0.0,0.0
Pink,Pink Line,2026-08-28,Friday,122.0,122.0,13,0.0,0.0
Pink,Pink Line,2026-08-29,Saturday,108.0,108.0,13,0.0,0.0
Pink,Pink Line,2026-08-30,Sunday,102.0,102.0,12,0.0,0.0
Pink,Pink Line,2026-09-01,Tuesday,122.0,122.0,12,0.0,0.0
Pink,Pink Line,2026-09-02,Wednesday,122.0,122.0,13,0.0,0.0
Pink,Pink Line,2026-09-03,Thursday,122.0,122.0,13,0.0,0.0
Pink,Pink Line,2026-09-04,Friday,122.0,122.0,13,0.0,0.0
Pink,Pink Line,2026-09-05,Saturday,108.0,108.0,13,0.0,0.0
Pink,Pink Line,2026-09-06,Sunday,102.0,102.0,12,0.0,0.0
Pink,Pink Line,2026-09-08,Tuesday,122.0,122.0,12,0.0,0.0
Pink,Pink Line,2026-09-09,Wednesday,122.0,122.0,13,0.0,0.0
Pink,Pink Line,2026-09-10,Thursday,122.0,122.0,13,0.0,0.0
Pink,Pink Line,2026-09-11,Friday,122.0,122.0,13,0.0,0.0
Pink,Pink Line,2026-09-12,Saturday,108.0,108.0,13,0.0,0.0
Pink,Pink Line,2026-09-13,Sunday,102.0,102.0,12,0.0,0.0
Pink,Pink Line,2026-09-15,Tuesday,122.0,122.0,12,0.0,0.0
Pink,Pink Line,2026-09-16,Wednesday,122.0,122.0,13,0.0,0.0
Pink,Pink Line,2026-09-17,Thursday,122.0,122.0,13,0.0,0.0
Pink,Pink Line,2026-09-18,Friday,122.0,122.0,13,0.0,0.0
Pink,Pink Line,2026-09-19,Saturday,108.0,108.0,13,0.0,0.0
Pink,Pink Line,2026-09-20,Sunday,102.0,102.0,12,0.0,0.0
Pink,Pink Line,2026-09-22,Tuesday,122.0,122.0,12,0.0,0.0
Pink,Pink Line,2026-09-23,Wednesday,122.0,122.0,13,0.0,0.0
Pink,Pink Line,2026-09-24,Thursday,122.0,122.0,13,0.0,0.0
Pink,Pink Line,2026-09-25,Friday,122.0,122.0,13,0.0,0.0
Pink,Pink Line,2026-09-26,Saturday,108.0,108.0,13,0.0,0.0
Pink,Pink Line,2026-09-27,Sunday,102.0,102.0,12,0.0,0.0
Pink,Pink Line,2026-09-29,Tuesday,122.0,122.0,12,0.0,0.0
Pink,Pink Line,2026-09-30,Wednesday,122.0,122.0,13,0.0,0.0
Pink,Pink Line,2026-10-01,Thursday,122.0,122.0,13,0.0,0.0
Pink,Pink Line,2026-10-02,Friday,122.0,122.0,13,0.0,0.0
Pink,Pink Line,2026-10-03,Saturday,108.0,108.0,13,0.0,0.0
Pink,Pink Line,2026-10-04,Sunday,102.0,102.0,12,0.0,0.0
Pink,Pink Line,2026-10-06,Tuesday,122.0,122.0,12,0.0,0.0
Pink,Pink Line,2026-10-07,Wednesday,122.0,122.0,13,0.0,0.0
Pink,Pink Line,2026-10-08,Thursday,122.0,122.0,13,0.0,0.0
Pink,Pink Line,2026-10-09,Friday,122.0,122.0,13,0.0,0.0
Pink,Pink Line,2026-10-10,Saturday,108.0,108.0,13,0.0,0.0
Pink,Pink Line,2026-10-11,Sunday,102.0,102.0,12,0.0,0.0
Pink,Pink Line,2026-10-13,Tuesday,122.0,122.0,12,0.0,0.0
Pink,Pink Line,2026-10-14,Wednesday,122.0,122.0,13,0.0,0.0
Pink,Pink Line,2026-10-15,Thursday,122.0,122.0,13,0.0,0.0
Pink,Pink Line,2026-10-16,Friday,122.0,122.0,13,0.0,0.0
Pink,Pink Line,2026-10-17,Saturday,108.0,108.0,13,0.0,0.0
Pink,Pink Line,2026-10-18,Sunday,102.0,102.0,12,0.0,0.0
Pink,Pink Line,2026-10-20,Tuesday,122.0,122.0,12,0.0,0.0
Pink,Pink Line,2026-10-21,Wednesday,122.0,122.0,13,0.0,0.0
Pink,Pink Line,2026-10-22,Thursday,122.0,122.0,13,0.0,0.0
Pink,Pink Line,2026-10-23,Friday,122.0,122.0,13,0.0,0.0
Pink,Pink Line,2026-10-24,Saturday,108.0,108.0,13,0.0,0.0
Pink,Pink Line,2026-10-25,Sunday,102.0,102.0,12,0.0,0.0
Pink,Pink Line,2026-10-27,Tuesday,122.0,122.0,12,0.0,0.0
Pink,Pink Line,2026-10-28,Wednesday,122.0,122.0,13,0.0,0.0
Pink,Pink Line,2026-10-29,Thursday,122.0,122.0,13,0.0,0.0
Pink,Pink Line,2026-10-30,Friday,122.0,122.0,13,0.0,0.0
Pink,Pink Line,2026-10-31,Saturday,108.0,108.0,13,0.0,0.0
Red,Red Line,2026-08-05,Wednesday,424.0,424.0,13,0.0,0.0
Red,Red Line,2026-08-06,Thursday,424.0,424.0,13,0.0,0.0
Red,Red Line,2026-08-07,Friday,424.0,424.0,13,0.0,0.0
Red,Red Line,2026-08-08,Saturday,349.0,349.0,13,0.0,0.0
Red,Red Line,2026-08-09,Sunday,317.0,317.0,12,0.0,0.0
Red,Red Line,2026-08-12,Wednesday,424.0,424.0,13,0.0,0.0
Red,Red Line,2026-08-13,Thursday,424.0,424.0,13,0.0,0.0
Red,Red Line,2026-08-14,Friday,424.0,424.0,13,0.0,0.0
Red,Red Line,2026-08-15,Saturday,349.0,349.0,13,0.0,0.0
Red,Red Line,2026-08-16,Sunday,317.0,317.0,12,0.0,0.0
Red,Red Line,2026-08-19,Wednesday,424.0,424.0,13,0.0,0.0
Red,Red Line,2026-08-20,Thursday,424.0,424.0,13,0.0,0.0
Red,Red Line,2026-08-21,Friday,424.0,424.0,13,0.0,0.0
Red,Red Line,2026-08-22,Saturday,349.0,349.0,13,0.0,0.0
Red,Red Line,2026-08-23,Sunday,317.0,317.0,12,0.0,0.0
Red,Red Line,2026-08-26,Wednesday,424.0,424.0,13,0.0,0.0
Red,Red Line,2026-08-27,Thursday,424.0,424.0,13,0.0,0.0
Red,Red Line,2026-08-28,Friday,424.0,424.0,13,0.0,0.0
Red,Red Line,2026-08-29,Saturday,349.0,349.0,13,0.0,0.0
Red,Red Line,2026-08-30,Sunday,317.0,317.0,12,0.0,0.0
Red,Red Line,2026-09-02,Wednesday,424.0,424.0,13,0.0,0.0
Red,Red Line,2026-09-03,Thursday,424.0,424.0,13,0.0,0.0
Red,Red Line,2026-09-04,Friday,424.0,424.0,13,0.0,0.0
Red,Red Line,2026-09-05,Saturday,349.0,349.0,13,0.0,0.0
Red,Red Line,2026-09-06,Sunday,317.0,317.0,12,0.0,0.0
Red,Red Line,2026-09-09,Wednesday,424.0,424.0,13,0.0,0.0
Red,Red Line,2026-09-10,Thursday,424.0,424.0,13,0.0,0.0
Red,Red Line,2026-09-11,Friday,424.0,424.0,13,0.0,0.0
Red,Red Line,2026-09-12,Saturday,349.0,349.0,13,0.0,0.0
Red,Red Line,2026-09-13,Sunday,317.0,317.0,12,0.0,0.0
Red,Red Line,2026-09-16,Wednesday,424.0,424.0,13,0.0,0.0
Red,Red Line,2026-09-17,Thursday,424.0,424.0,13,0.0,0.0
Red,Red Line,2026-09-18,Friday,424.0,424.0,13,0.0,0.0
Red,Red Line,2026-09-19,Saturday,349.0,349.0,13,0.0,0.0
Red,Red Line,2026-09-20,Sunday,317.0,317.0,12,0.0,0.0
Red,Red Line,2026-09-23,Wednesday,424.0,424.0,13,0.0,0.0
Red,Red Line,2026-09-24,Thursday,424.0,424.0,13,0.0,0.0
Red,Red Line,2026-09-25,Friday,424.0,424.0,13,0.0,0.0
Red,Red Line,2026-09-26,Saturday,349.0,349.0,13,0.0,0.0
Red,Red Line,2026-09-27,Sunday,317.0,317.0,12,0.0,0.0
Red,Red Line,2026-09-30,Wednesday,424.0,424.0,13,0.0,0.0
Red,Red Line,2026-10-01,Thursday,424.0,424.0,13,0.0,0.0
Red,Red Line,2026-10-02,Friday,424.0,424.0,13,0.0,0.0
Red,Red Line,2026-10-03,Saturday,349.0,349.0,13,0.0,0.0
Red,Red Line,2026-10-04,Sunday,317.0,317.0,12,0.0,0.0
Red,Red Line,2026-10-07,Wednesday,424.0,424.0,13,0.0,0.0
Red,Red Line,2026-10-08,Thursday,424.0,424.0,13,0.0,0.0
Red,Red Line,2026-10-09,Friday,424.0,424.0,13,0.0,0.0
Red,Red Line,2026-10-10,Saturday,349.0,349.0,13,0.0,0.0
Red,Red Line,2026-10-11,Sunday,317.0,317.0,12,0.0,0.0
Red,Red Line,2026-10-14,Wednesday,424.0,424.0,13,0.0,0.0
Red,Red Line,2026-10-15,Thursday,424.0,424.0,13,0.0,0.0
Red,Red Line,2026-10-16,Friday,424.0,424.0,13,0.0,0.0
Red,Red Line,2026-10-17,Saturday,349.0,349.0,13,0.0,0.0
Red,Red Line,2026-10-18,Sunday,317.0,317.0,12,0.0,0.0
Red,Red Line,2026-10-21,Wednesday,424.0,424.0,13,0.0,0.0
Red,Red Line,2026-10-22,Thursday,424.0,424.0,13,0.0,0.0
Red,Red Line,2026-10-23,Friday,424.0,424.0,13,0.0,0.0
Red,Red Line,2026-10-24,Saturday,349.0,349.0,13,0.0,0.0
Red,Red Line,2026-10-25,Sunday,317.0,317.0,12,0.0,0.0
Red,Red Line,2026-10-28,Wednesday,424.0,424.0,13,0.0,0.0
Red,Red Line,2026-10-29,Thursday,424.0,424.0,13,0.0,0.0
Red,Red Line,2026-10-30,Friday,424.0,424.0,13,0.0,0.0
Red,Red Line,2026-10-31,Saturday,349.0,349.0,13,0.0,0.0
X4,X4,2026-08-05,Wednesday,69.0,69.0,13,0.0,0.0
X4,X4,2026-08-06,Thursday,69.0,69.0,13,0.0,0.0
X4,X4,2026-08-07,Friday,69.0,69.0,13,0.0,0.0
X4,X4,2026-08-08,Saturday,0.0,0.0,13,0.0,
X4,X4,2026-08-09,Sunday,0.0,0.0,12,0.0,
X4,X4,2026-08-11,Tuesday,69.0,69.0,12,0.0,0.0
X4,X4,2026-08-12,Wednesday,69.0,69.0,13,0.0,0.0
X4,X4,2026-08-13,Thursday,69.0,69.0,13,0.0,0.0
X4,X4,2026-08-14,Friday,69.0,69.0,13,0.0,0.0
X4,X4,2026-08-15,Saturday,0.0,0.0,13,0.0,
X4,X4,2026-08-16,Sunday,0.0,0.0,12,0.0,
X4,X4,2026-08-18,Tuesday,69.0,69.0,12,0.0,0.0
X4,X4,2026-08-19,Wednesday,69.0,69.0,13,0.0,0.0
X4,X4,2026-08-20,Thursday,69.0,69.0,13,0.0,0.0
X4,X4,2026-08-21,Friday,69.0,69.0,13,0.0,0.0
X4,X4,2026-08-22,Saturday,0.0,0.0,13,0.0,
X4,X4,2026-08-23,Sunday,0.0,0.0,12,0.0,
X4,X4,2026-08-25,Tuesday,69.0,69.0,12,0.0,0.0
X4,X4,2026-08-26,Wednesday,69.0,69.0,13,0.0,0.0
X4,X4,2026-08-27,Thursday,69.0,69.0,13,0.0,0.0
X4,X4,2026-08-28,Friday,69.0,69.0,13,0.0,0.0
X4,X4,2026-08-29,Saturday,0.0,0.0,13,0.0,
X4,X4,2026-08-30,Sunday,0.0,0.0,12,0.0,
X4,X4,2026-09-01,Tuesday,69.0,69.0,12,0.0,0.0
X4,X4,2026-09-02,Wednesday,69.0,69.0,13,0.0,0.0
X4,X4,2026-09-03,Thursday,69.0,69.0,13,0.0,0.0
X4,X4,2026-09-04,Friday,69.0,69.0,13,0.0,0.0
X4,X4,2026-09-05,Saturday,0.0,0.0,13,0.0,
X4,X4,2026-09-06,Sunday,0.0,0.0,12,0.0,
X4,X4,2026-09-08,Tuesday,69.0,69.0,12,0.0,0.0
X4,X4,2026-09-09,Wednesday,69.0,69.0,13,0.0,0.0
X4,X4,2026-09-10,Thursday,69.0,69.0,13,0.0,0.0
X4,X4,2026-09-11,Friday,69.0,69.0,13,0.0,0.0
X4,X4,2026-09-12,Saturday,0.0,0.0,13,0.0,
X4,X4,2026-09-13,Sunday,0.0,0.0,12,0.0,
X4,X4,2026-09-15,Tuesday,69.0,69.0,12,0.0,0.0
X4,X4,2026-09-16,Wednesday,69.0,69.0,13,0.0,0.0
X4,X4,2026-09-17,Thursday,69.0,69.0,13,0.0,0.0
X4,X4,2026-09-18,Friday,69.0,69.0,13,0.0,0.0
X4,X4,2026-09-19,Saturday,0.0,0.0,13,0.0,
X4,X4,2026-09-20,Sunday,0.0,0.0,12,0.0,
X4,X4,2026-09-22,Tuesday,69.0,69.0,12,0.0,0.0
X4,X4,2026-09-23,Wednesday,69.0,69.0,13,0.0,0.0
X4,X4,2026-09-24,Thursday,69.0,69.0,13,0.0,0.0
X4,X4,2026-09-25,Friday,69.0,69.0,13,0.0,0.0
X4,X4,2026-09-26,Saturday,0.0,0.0,13,0.0,
X4,X4,2026-09-27,Sunday,0.0,0.0,12,0.0,
X4,X4,2026-09-29,Tuesday,69.0,69.0,12,0.0,0.0
X4,X4,2026-09-30,Wednesday,69.0,69.0,13,0.0,0.0
X4,X4,2026-10-01,Thursday,69.0,69.0,13,0.0,0.0
X4,X4,2026-10-02,Friday,69.0,69.0,13,0.0,0.0
X4,X4,2026-10-03,Saturday,0.0,0.0,13,0.0,
X4,X4,2026-10-04,Sunday,0.0,0.0,12,0.0,
X4,X4,2026-10-06,Tuesday,69.0,69.0,12,0.0,0.0
X4,X4,2026-10-07,Wednesday,69.0,69.0,13,0.0,0.0
X4,X4,2026-10-08,Thursday,69.0,69.0,13,0.0,0.0
X4,X4,2026-10-09,Friday,69.0,69.0,13,0.0,0.0
X4,X4,2026-10-10,Saturday,0.0,0.0,13,0.0,
X4,X4,2026-10-11,Sunday,0.0,0.0,12,0.0,
X4,X4,2026-10-13,Tuesday,69.0,69.0,12,0.0,0.0
X4,X4,2026-10-14,Wednesday,69.0,69.0,13,0.0,0.0
X4,X4,2026-10-15,Thursday,69.0,69.0,13,0.0,0.0
X4,X4,2026-10-16,Friday,69.0,69.0,13,0.0,0.0
X4,X4,2026-10-17,Saturday,0.0,0.0,13,0.0,
X4,X4,2026-10-18,Sunday,0.0,0.0,12,0.0,
X4,X4,2026-10-20,Tuesday,69.0,69.0,12,0.0,0.0
X4,X4,2026-10-21,Wednesday,69.0,69.0,13,0.0,0.0
X4,X4,2026-10-22,Thursday,69.0,69.0,13,0.0,0.0
X4,X4,2026-10-23,Friday,69.0,69.0,13,0.0,0.0
X4,X4,2026-10-24,Saturday,0.0,0.0,13,0.0,
X4,X4,2026-10-25,Sunday,0.0,0.0,12,0.0,
X4,X4,2026-10-27,Tuesday,69.0,69.0,12,0.0,0.0
X4,X4,2026-10-28,Wednesday,69.0,69.0,13,0.0,0.0
X4,X4,2026-10-29,Thursday,69.0,69.0,13,0.0,0.0
X4,X4,2026-10-30,Friday,69.0,69.0,13,0.0,0.0
X4,X4,2026-10-31,Saturday,0.0,0.0,13,0.0,
X49,X49,2026-08-05,Wednesday,87.0,87.0,13,0.0,0.0
X49,X49,2026-08-06,Thursday,87.0,87.0,13,0.0,0.0
X49,X49,2026-08-07,Friday,87.0,87.0,13,0.0,0.0
X49,X49,2026-08-08,Saturday,0.0,0.0,13,0.0,
X49,X49,2026-08-09,Sunday,0.0,0.0,12,0.0,
X49,X49,2026-08-11,Tuesday,87.0,87.0,12,0.0,0.0
X49,X49,2026-08-12,Wednesday,87.0,87.0,13,0.0,0.0
X49,X49,2026-08-13,Thursday,87.0,87.0,13,0.0,0.0
X49,X49,2026-08-14,Friday,87.0,87.0,13,0.0,0.0
X49,X49,2026-08-15,Saturday,0.0,0.0,13,0.0,
X49,X49,2026-08-16,Sunday,0.0,0.0,12,0.0,
X49,X49,2026-08-18,Tuesday,87.0,87.0,12,0.0,0.0
X49,X49,2026-08-19,Wednesday,87.0,87.0,13,0.0,0.0
X49,X49,2026-08-20,Thursday,87.0,87.0,13,0.0,0.0
X49,X49,2026-08-21,Friday,87.0,87.0,13,0.0,0.0
X49,X49,2026-08-22,Saturday,0.0,0.0,13,0.0,
X49,X49,2026-08-23,Sunday,0.0,0.0,12,0.0,
X49,X49,2026-08-25,Tuesday,87.0,87.0,12,0.0,0.0
X49,X49,2026-08-26,Wednesday,87.0,87.0,13,0.0,0.0
X49,X49,2026-08-27,Thursday,87.0,87.0,13,0.0,0.0
X49,X49,2026-08-28,Friday,87.0,87.0,13,0.0,0.0
X49,X49,2026-08-29,Saturday,0.0,0.0,13,0.0,
X49,X49,2026-08-30,Sunday,0.0,0.0,12,0.0,
X49,X49,2026-09-01,Tuesday,87.0,87.0,12,0.0,0.0
X49,X49,2026-09-02,Wednesday,87.0,87.0,13,0.0,0.0
X49,X49,2026-09-03,Thursday,87.0,87.0,13,0.0,0.0
X49,X49,2026-09-04,Friday,87.0,87.0,13,0.0,0.0
X49,X49,2026-09-05,Saturday,0.0,0.0,13,0.0,
X49,X49,2026-09-06,Sunday,0.0,0.0,12,0.0,
X49,X49,2026-09-08,Tuesday,87.0,87.0,12,0.0,0.0
X49,X49,2026-09-09,Wednesday,87.0,87.0,13,0.0,0.0
X49,X49,2026-09-10,Thursday,87.0,87.0,13,0.0,0.0
X49,X49,2026-09-11,Friday,87.0,87.0,13,0.0,0.0
X49,X49,2026-09-12,Saturday,0.0,0.0,13,0.0,
X49,X49,2026-09-13,Sunday,0.0,0.0,12,0.0,
X49,X49,2026-09-15,Tuesday,87.0,87.0,12,0.0,0.0
X49,X49,2026-09-16,Wednesday,87.0,87.0,13,0.0,0.0
X49,X49,2026-09-17,Thursday,87.0,87.0,13,0.0,0.0
X49,X49,2026-09-18,Friday,87.0,87.0,13,0.0,0.0
X49,X49,2026-09-19,Saturday,0.0,0.0,13,0.0,
X49,X49,2026-09-20,Sunday,0.0,0.0,12,0.0,
X49,X49,2026-09-22,Tuesday,87.0,87.0,12,0.0,0.0
X49,X49,2026-09-23,Wednesday,87.0,87.0,13,0.0,0.0
X49,X49,2026-09-24,Thursday,87.0,87.0,13,0.0,0.0
X49,X49,2026-09-25,Friday,87.0,87.0,13,0.0,0.0
X49,X49,2026-09-26,Saturday,0.0,0.0,13,0.0,
X49,X49,2026-09-27,Sunday,0.0,0.0,12,0.0,
X49,X49,2026-09-29,Tuesday,87.0,87.0,12,0.0,0.0
X49,X49,2026-09-30,Wednesday,87.0,87.0,13,0.0,0.0
X49,X49,2026-10-01,Thursday,87.0,87.0,13,0.0,0.0
X49,X49,2026-10-02,Friday,87.0,87.0,13,0.0,0.0
X49,X49,2026-10-03,Saturday,0.0,0.0,13,0.0,
X49,X49,2026-10-04,Sunday,0.0,0.0,12,0.0,
X49,X49,2026-10-06,Tuesday,87.0,87.0,12,0.0,0.0
X49,X49,2026-10-07,Wednesday,87.0,87.0,13,0.0,0.0
X49,X49,2026-10-08,Thursday,87.0,87.0,13,0.0,0.0
X49,X49,2026-10-09,Friday,87.0,87.0,13,0.0,0.0
X49,X49,2026-10-10,Saturday,0.0,0.0,13,0.0,
X49,X49,2026-10-11,Sunday,0.0,0.0,12,0.0,
X49,X49,2026-10-13,Tuesday,87.0,87.0,12,0.0,0.0
X49,X49,2026-10-14,Wednesday,87.0,87.0,13,0.0,0.0
X49,X49,2026-10-15,Thursday,87.0,87.0,13,0.0,0.0
X49,X49,2026-10-16,Friday,87.0,87.0,13,0.0,0.0
X49,X49,2026-10-17,Saturday,0.0,0.0,13,0.0,
X49,X49,2026-10-18,Sunday,0.0,0.0,12,0.0,
X49,X49,2026-10-20,Tuesday,87.0,87.0,12,0.0,0.0
X49,X49,2026-10-21,Wednesday,87.0,87.0,13,0.0,0.0
X49,X49,2026-10-22,Thursday,87.0,87.0,13,0.0,0.0
X49,X49,2026-10-23,Friday,87.0,87.0,13,0.0,0.0
X49,X49,2026-10-24,Saturday,0.0,0.0,13,0.0,
X49,X49,2026-10-25,Sunday,0.0,0.0,12,0.0,
X49,X49,2026-10-27,Tuesday,87.0,87.0,12,0.0,0.0
X49,X49,2026-10-28,Wednesday,87.0,87.0,13,0.0,0.0
X49,X49,2026-10-29,Thursday,87.0,87.0,13,0.0,0.0
X49,X49,2026-10-30,Friday,87.0,87.0,13,0.0,0.0
X49,X49,2026-10-31,Saturday,0.0,0.0,13,0.0,
X9,X9,2026-08-05,Wednesday,102.0,102.0,13,0.0,0.0
X9,X9,2026-08-06,Thursday,102.0,102.0,13,0.0,0.0
X9,X9,2026-08-07,Friday,102.0,102.0,13,0.0,0.0
X9,X9,2026-08-08,Saturday,0.0,0.0,13,0.0,
X9,X9,2026-08-09,Sunday,0.0,0.0,12,0.0,
X9,X9,2026-08-11,Tuesday,102.0,102.0,12,0.0,0.0
X9,X9,2026-08-12,Wednesday,102.0,102.0,13,0.0,0.0
X9,X9,2026-08-13,Thursday,102.0,102.0,13,0.0,0.0
X9,X9,2026-08-14,Friday,102.0,102.0,13,0.0,0.0
X9,X9,2026-08-15,Saturday,0.0,0.0,13,0.0,
X9,X9,2026-08-16,Sunday,0.0,0.0,12,0.0,
X9,X9,2026-08-18,Tuesday,102.0,102.0,12,0.0,0.0
X9,X9,2026-08-19,Wednesday,102.0,102.0,13,0.0,0.0
X9,X9,2026-08-20,Thursday,102.0,102.0,13,0.0,0.0
X9,X9,2026-08-21,Friday,102.0,102.0,13,0.0,0.0
X9,X9,2026-08-22,Saturday,0.0,0.0,13,0.0,
X9,X9,2026-08-23,Sunday,0.0,0.0,12,0.0,
X9,X9,2026-08-25,Tuesday,102.0,102.0,12,0.0,0.0
X9,X9,2026-08-26,Wednesday,102.0,102.0,13,0.0,0.0
X9,X9,2026-08-27,Thursday,102.0,102.0,13,0.0,0.0
X9,X9,2026-08-28,Friday,102.0,102.0,13,0.0,0.0
X9,X9,2026-08-29,Saturday,0.0,0.0,13,0.0,
X9,X9,2026-08-30,Sunday,0.0,0.0,12,0.0,
X9,X9,2026-09-01,Tuesday,102.0,102.0,12,0.0,0.0
X9,X9,2026-09-02,Wednesday,102.0,102.0,13,0.0,0.0
X9,X9,2026-09-03,Thursday,102.0,102.0,13,0.0,0.0
X9,X9,2026-09-04,Friday,102.0,102.0,13,0.0,0.0
X9,X9,2026-09-05,Saturday,0.0,0.0,13,0.0,
X9,X9,2026-09-06,Sunday,0.0,0.0,12,0.0,
X9,X9,2026-09-08,Tuesday,102.0,102.0,12,0.0,0.0
X9,X9,2026-09-09,Wednesday,102.0,102.0,13,0.0,0.0
X9,X9,2026-09-10,Thursday,102.0,102.0,13,0.0,0.0
X9,X9,2026-09-11,Friday,102.0,102.0,13,0.0,0.0
X9,X9,2026-09-12,Saturday,0.0,0.0,13,0.0,
X9,X9,2026-09-13,Sunday,0.0,0.0,12,0.0,
X9,X9,2026-09-15,Tuesday,102.0,102.0,12,0.0,0.0
X9,X9,2026-09-16,Wednesday,102.0,102.0,13,0.0,0.0
X9,X9,2026-09-17,Thursday,102.0,102.0,13,0.0,0.0
X9,X9,2026-09-18,Friday,102.0,102.0,13,0.0,0.0
X9,X9,2026-09-19,Saturday,0.0,0.0,13,0.0,
X9,X9,2026-09-20,Sunday,0.0,0.0,12,0.0,
X9,X9,2026-09-22,Tuesday,102.0,102.0,12,0.0,0.0
X9,X9,2026-09-23,Wednesday,102.0,102.0,13,0.0,0.0
X9,X9,2026-09-24,Thursday,102.0,102.0,13,0.0,0.0
X9,X9,2026-09-25,Friday,102.0,102.0,13,0.0,0.0
X9,X9,2026-09-26,Saturday,0.0,0.0,13,0.0,
X9,X9,2026-09-27,Sunday,0.0,0.0,12,0.0,
X9,X9,2026-09-29,Tuesday,102.0,102.0,12,0.0,0.0
X9,X9,2026-09-30,Wednesday,102.0,102.0,13,0.0,0.0
X9,X9,2026-10-01,Thursday,102.0,102.0,13,0.0,0.0
X9,X9,2026-10-02,Friday,102.0,102.0,13,0.0,0.0
X9,X9,2026-10-03,Saturday,0.0,0.0,13,0.0,
X9,X9,2026-10-04,Sunday,0.0,0.0,12,0.0,
X9,X9,2026-10-06,Tuesday,102.0,102.0,12,0.0,0.0
X9,X9,2026-10-07,Wednesday,102.0,102.0,13,0.0,0.0
X9,X9,2026-10-08,Thursday,102.0,102.0,13,0.0,0.0
X9,X9,2026-10-09,Friday,102.0,102.0,13,0.0,0.0
X9,X9,2026-10-10,Saturday,0.0,0.0,13,0.0,
X9,X9,2026-10-11,Sunday,0.0,0.0,12,0.0,
X9,X9,2026-10-13,Tuesday,102.0,102.0,12,0.0,0.0
X9,X9,2026-10-14,Wednesday,102.0,102.0,13,0.0,0.0
X9,X9,2026-10-15,Thursday,102.0,102.0,13,0.0,0.0
X9,X9,2026-10-16,Friday,102.0,102.0,13,0.0,0.0
X9,X9,2026-10-17,Saturday,0.0,0.0,13,0.0,
X9,X9,2026-10-18,Sunday,0.0,0.0,12,0.0,
X9,X9,2026-10-20,Tuesday,102.0,102.0,12,0.0,0.0
X9,X9,2026-10-21,Wednesday,102.0,102.0,13,0.0,0.0
X9,X9,2026-10-22,Thursday,102.0,102.0,13,0.0,0.0
X9,X9,2026-10-23,Friday,102.0,102.0,13,0.0,0.0
X9,X9,2026-10-24,Saturday,0.0,0.0,13,0.0,
X9,X9,2026-10-25,Sunday,0.0,0.0,12,0.0,
X9,X9,2026-10-27,Tuesday,102.0,102.0,12,0.0,0.0
X9,X9,2026-10-28,Wednesday,102.0,102.0,13,0.0,0.0
X9,X9,2026-10-29,Thursday,102.0,102.0,13,0.0,0.0
X9,X9,2026-10-30,Friday,102.0,102.0,13,0.0,0.0
X9,X9,2026-10-31,Saturday,0.0,0.0,13,0.0,
Y,Yellow Line,2026-08-05,Wednesday,160.0,160.0,13,0.0,0.0
Y,Yellow Line,2026-08-06,Thursday,160.0,160.0,13,0.0,0.0
Y,Yellow Line,2026-08-07,Friday,160.0,160.0,13,0.0,0.0
Y,Yellow Line,2026-08-08,Saturday,136.0,136.0,13,0.0,0.0
Y,Yellow Line,2026-08-09,Sunday,136.0,136.0,12,0.0,0.0
Y,Yellow Line,2026-08-11,Tuesday,160.0,160.0,12,0.0,0.0
Y,Yellow Line,2026-08-12,Wednesday,160.0,160.0,13,0.0,0.0
Y,Yellow Line,2026-08-13,Thursday,160.0,160.0,13,0.0,0.0
Y,Yellow Line,2026-08-14,Friday,160.0,160.0,13,0.0,0.0
Y,Yellow Line,2026-08-15,Saturday,136.0,136.0,13,0.0,0.0
Y,Yellow Line,2026-08-16,Sunday,136.0,136.0,12,0.0,0.0
Y,Yellow Line,2026-08-18,Tuesday,160.0,160.0,12,0.0,0.0
Y,Yellow Line,2026-08-19,Wednesday,160.0,160.0,13,0.0,0.0
Y,Yellow Line,2026-08-20,Thursday,160.0,160.0,13,0.0,0.0
Y,Yellow Line,2026-08-21,Friday,160.0,160.0,13,0.0,0.0
Y,Yellow Line,2026-08-22,Saturday,136.0,136.0,13,0.0,0.0
Y,Yellow Line,2026-08-23,Sunday,136.0,136.0,12,0.0,0.0
Y,Yellow Line,2026-08-25,Tuesday,160.0,160.0,12,0.0,0.0
Y,Yellow Line,2026-08-26,Wednesday,160.0,160.0,13,0.0,0.0
Y,Yellow Line,2026-08-27,Thursday,160.0,160.0,13,0.0,0.0
Y,Yellow Line,2026-08-28,Friday,160.0,160.0,13,0.0,0.0
Y,Yellow Line,2026-08-29,Saturday,136.0,136.0,13,0.0,0.0
Y,Yellow Line,2026-08-30,Sunday,136.0,136.0,12,0.0,0.0
Y,Yellow Line,2026-09-01,Tuesday,160.0,160.0,12,0.0,0.0
Y,Yellow Line,2026-09-02,Wednesday,160.0,160.0,13,0.0,0.0
Y,Yellow Line,2026-09-03,Thursday,160.0,160.0,13,0.0,0.0
Y,Yellow Line,2026-09-04,Friday,160.0,160.0,13,0.0,0.0
Y,Yellow Line,2026-09-05,Saturday,136.0,136.0,13,0.0,0.0
Y,Yellow Line,2026-09-06,Sunday,136.0,136.0,12,0.0,0.0
Y,Yellow Line,2026-09-08,Tuesday,160.0,160.0,12,0.0,0.0
Y,Yellow Line,2026-09-09,Wednesday,160.0,160.0,13,0.0,0.0
Y,Yellow Line,2026-09-10,Thursday,160.0,160.0,13,0.0,0.0
Y,Yellow Line,2026-09-11,Friday,160.0,160.0,13,0.0,0.0
Y,Yellow Line,2026-09-12,Saturday,136.0,136.0,13,0.0,0.0
Y,Yellow Line,2026-09-13,Sunday,136.0,136.0,12,0.0,0.0
Y,Yellow Line,2026-09-15,Tuesday,160.0,160.0,12,0.0,0.0
Y,Yellow Line,2026-09-16,Wednesday,160.0,160.0,13,0.0,0.0
Y,Yellow Line,2026-09-17,Thursday,160.0,160.0,13,0.0,0.0
Y,Yellow Line,2026-09-18,Friday,160.0,160.0,13,0.0,0.0
Y,Yellow Line,2026-09-19,Saturday,136.0,136.0,13,0.0,0.0
Y,Yellow Line,2026-09-20,Sunday,136.0,136.0,12,0.0,0.0
Y,Yellow Line,2026-09-22,Tuesday,160.0,160.0,12,0.0,0.0
Y,Yellow Line,2026-09-23,Wednesday,160.0,160.0,13,0.0,0.0
Y,Yellow Line,2026-09-24,Thursday,160.0,160.0,13,0.0,0.0
Y,Yellow Line,2026-09-25,Friday,160.0,160.0,13,0.0,0.0
Y,Yellow Line,2026-09-26,Saturday,136.0,136.0,13,0.0,0.0
Y,Yellow Line,2026-09-27,Sunday,136.0,136.0,12,0.0,0.0
Y,Yellow Line,2026-09-29,Tuesday,160.0,160.0,12,0.0,0.0
Y,Yellow Line,2026-09-30,Wednesday,160.0,160.0,13,0.0,0.0
Y,Yellow Line,2026-10-01,Thursday,160.0,160.0,13,0.0,0.0
Y,Yellow Line,2026-10-02,Friday,160.0,160.0,13,0.0,0.0
Y,Yellow Line,2026-10-03,Saturday,136.0,136.0,13,0.0,0.0
Y,Yellow Line,2026-10-04,Sunday,136.0,136.0,12,0.0,0.0
Y,Yellow Line,2026-10-06,Tuesday,160.0,160.0,12,0.0,0.0
Y,Yellow Line,2026-10-07,Wednesday,160.0,160.0,13,0.0,0.0
Y,Yellow Line,2026-10-08,Thursday,160.0,160.0,13,0.0,0.0
Y,Yellow Line,2026-10-09,Friday,160.0,160.0,13,0.0,0.0
Y,Yellow Line,2026-10-10,Saturday,136.0,136.0,13,0.0,0.0
Y,Yellow Line,2026-10-11,Sunday,136.0,136.0,12,0.0,0.0
Y,Yellow Line,2026-10-13,Tuesday,160.0,160.0,12,0.0,0.0
Y,Yellow Line,2026-10-14,Wednesday,160.0,160.0,13,0.0,0.0
Y,Yellow Line,2026-10-15,Thursday,160.0,160.0,13,0.0,0.0
Y,Yellow Line,2026-10-16,Friday,160.0,160.0,13,0.0,0.0
Y,Yellow Line,2026-10-17,Saturday,136.0,136.0,13,0.0,0.0
Y,Yellow Line,2026-10-18,Sunday,136.0,136.0,12,0.0,0.0
Y,Yellow Line,2026-10-20,Tuesday,160.0,160.0,12,0.0,0.0
Y,Yellow Line,2026-10-21,Wednesday,160.0,160.0,13,0.0,0.0
Y,Yellow Line,2026-10-22,Thursday,160.0,160.0,13,0.0,0.0
Y,Yellow Line,2026-10-23,Friday,160.0,160.0,13,0.0,0.0
Y,Yellow Line,2026-10-24,Saturday,136.0,136.0,13,0.0,0.0
Y,Yellow Line,2026-10-25,Sunday,136.0,136.0,12,0.0,0.0
Y,Yellow Line,2026-10-27,Tuesday,160.0,160.0,12,0.0,0.0
Y,Yellow Line,2026-10-28,Wednesday,160.0,160.0,13,0.0,0.0
Y,Yellow Line,2026-10-29,Thursday,160.0,160.0,13,0.0,0.0
Y,Yellow Line,2026-10-30,Friday,160.0,160.0,13,0.0,0.0
Y,Yellow Line,2026-10-31,Saturday,136.0,136.0,13,0.0,0.0
Brn,Brown Line,2026-10-21,Wednesday,180.0,180.0,13,0.0,0.0
Brn,Brown Line,2026-10-22,Thursday,180.0,180.0,13,0.0,0.0
Brn,Brown Line,2026-10-23,Friday,180.0,180.0,13,0.0,0.0
Brn,Brown Line,2026-10-24,Saturday,130.0,130.0,13,0.0,0.0
97,97,2026-08-18,Tuesday,108.0,108.0,12,0.0,0.0
Brn,Brown Line,2026-10-25,Sunday,112.0,112.0,12,0.0,0.0
Brn,Brown Line,2026-10-28,Wednesday,180.0,180.0,13,0.0,0.0
Brn,Brown Line,2026-10-29,Thursday,180.0,180.0,13,0.0,0.0
Brn,Brown Line,2026-10-30,Friday,180.0,180.0,13,0.0,0.0
Brn,Brown Line,2026-09-05,Saturday,130.0,130.0,13,0.0,0.0
Brn,Brown Line,2026-10-31,Saturday,130.0,130.0,13,0.0,0.0
G,Green Line,2026-08-05,Wednesday,256.0,256.0,13,0.0,0.0
G,Green Line,2026-08-06,Thursday,256.0,256.0,13,0.0,0.0
G,Green Line,2026-08-07,Friday,256.0,256.0,13,0.0,0.0
G,Green Line,2026-08-08,Saturday,228.0,228.0,13,0.0,0.0
G,Green Line,2026-08-09,Sunday,224.0,224.0,12,0.0,0.0
Brn,Brown Line,2026-09-06,Sunday,112.0,112.0,12,0.0,0.0
G,Green Line,2026-08-11,Tuesday,256.0,256.0,12,0.0,0.0
G,Green Line,2026-08-12,Wednesday,256.0,256.0,13,0.0,0.0
G,Green Line,2026-08-13,Thursday,256.0,256.0,13,0.0,0.0
G,Green Line,2026-08-14,Friday,256.0,256.0,13,0.0,0.0
G,Green Line,2026-08-15,Saturday,228.0,228.0,13,0.0,0.0
97,97,2026-08-05,Wednesday,108.0,108.0,13,0.0,0.0
G,Green Line,2026-08-16,Sunday,224.0,224.0,12,0.0,0.0
G,Green Line,2026-08-18,Tuesday,256.0,256.0,12,0.0,0.0
G,Green Line,2026-08-19,Wednesday,256.0,256.0,13,0.0,0.0
G,Green Line,2026-08-20,Thursday,256.0,256.0,13,0.0,0.0
G,Green Line,2026-08-21,Friday,256.0,256.0,13,0.0,0.0
97,97,2026-08-19,Wednesday,108.0,108.0,13,0.0,0.0
G,Green Line,2026-08-22,Saturday,228.0,228.0,13,0.0,0.0
G,Green Line,2026-08-23,Sunday,224.0,224.0,12,0.0,0.0
G,Green Line,2026-08-25,Tuesday,256.0,256.0,12,0.0,0.0
G,Green Line,2026-08-26,Wednesday,256.0,256.0,13,0.0,0.0
G,Green Line,2026-08-27,Thursday,256.0,256.0,13,0.0,0.0
97,97,2026-08-20,Thursday,108.0,108.0,13,0.0,0.0
G,Green Line,2026-08-28,Friday,256.0,256.0,13,0.0,0.0
G,Green Line,2026-08-29,Saturday,228.0,228.0,13,0.0,0.0
G,Green Line,2026-08-30,Sunday,224.0,224.0,12,0.0,0.0
G,Green Line,2026-09-10,Thursday,256.0,256.0,13,0.0,0.0
G,Green Line,2026-09-11,Friday,256.0,256.0,13,0.0,0.0
G,Green Line,2026-09-12,Saturday,228.0,228.0,13,0.0,0.0
G,Green Line,2026-09-13,Sunday,224.0,224.0,12,0.0,0.0
97,97,2026-10-07,Wednesday,108.0,108.0,13,0.0,0.0
Brn,Brown Line,2026-09-10,Thursday,180.0,180.0,13,0.0,0.0
G,Green Line,2026-09-15,Tuesday,256.0,256.0,12,0.0,0.0
G,Green Line,2026-09-16,Wednesday,256.0,256.0,13,0.0,0.0
G,Green Line,2026-09-17,Thursday,256.0,256.0,13,0.0,0.0
Brn,Brown Line,2026-10-07,Wednesday,180.0,180.0,13,0.0,0.0
Brn,Brown Line,2026-09-13,Sunday,112.0,112.0,12,0.0,0.0
Brn,Brown Line,2026-09-20,Sunday,112.0,112.0,12,0.0,0.0
G,Green Line,2026-09-06,Sunday,224.0,224.0,12,0.0,0.0
97,97,2026-10-21,Wednesday,108.0,108.0,13,0.0,0.0
Brn,Brown Line,2026-08-30,Sunday,112.0,112.0,12,0.0,0.0
Brn,Brown Line,2026-10-08,Thursday,180.0,180.0,13,0.0,0.0
97,97,2026-10-01,Thursday,108.0,108.0,13,0.0,0.0
97,97,2026-10-13,Tuesday,108.0,108.0,12,0.0,0.0
97,97,2026-10-31,Saturday,91.0,91.0,13,0.0,0.0
Brn,Brown Line,2026-10-09,Friday,180.0,180.0,13,0.0,0.0
97,97,2026-09-19,Saturday,91.0,91.0,13,0.0,0.0
97,97,2026-09-20,Sunday,65.0,65.0,12,0.0,0.0
97,97,2026-09-08,Tuesday,108.0,108.0,12,0.0,0.0
97,97,2026-10-11,Sunday,65.0,65.0,12,0.0,0.0
97,97,2026-08-22,Saturday,91.0,91.0,13,0.0,0.0
Brn,Brown Line,2026-10-10,Saturday,130.0,130.0,13,0.0,0.0
G,Green Line,2026-09-08,Tuesday,256.0,256.0,12,0.0,0.0
97,97,2026-10-25,Sunday,65.0,65.0,12,0.0,0.0
97,97,2026-10-09,Friday,108.0,108.0,13,0.0,0.0
97,97,2026-08-29,Saturday,91.0,91.0,13,0.0,0.0
Brn,Brown Line,2026-09-23,Wednesday,180.0,180.0,13,0.0,0.0
97,97,2026-08-08,Saturday,91.0,91.0,13,0.0,0.0
G,Green Line,2026-09-09,Wednesday,256.0,256.0,13,0.0,0.0
Brn,Brown Line,2026-10-11,Sunday,112.0,112.0,12,0.0,0.0
97,97,2026-09-04,Friday,108.0,108.0,13,0.0,0.0
97,97,2026-10-02,Friday,108.0,108.0,13,0.0,0.0
Brn,Brown Line,2026-09-24,Thursday,180.0,180.0,13,0.0,0.0
97,97,2026-09-01,Tuesday,108.0,108.0,12,0.0,0.0
97,97,2026-10-22,Thursday,108.0,108.0,13,0.0,0.0
97,97,2026-08-14,Friday,108.0,108.0,13,0.0,0.0
97,97,2026-10-06,Tuesday,108.0,108.0,12,0.0,0.0
Brn,Brown Line,2026-08-29,Saturday,130.0,130.0,13,0.0,0.0
Brn,Brown Line,2026-09-04,Friday,180.0,180.0,13,0.0,0.0
97,97,2026-09-22,Tuesday,108.0,108.0,12,0.0,0.0
97,97,2026-08-16,Sunday,65.0,65.0,12,0.0,0.0
Brn,Brown Line,2026-09-12,Saturday,130.0,130.0,13,0.0,0.0
Brn,Brown Line,2026-09-25,Friday,180.0,180.0,13,0.0,0.0
97,97,2026-08-12,Wednesday,108.0,108.0,13,0.0,0.0
97,97,2026-10-16,Friday,108.0,108.0,13,0.0,0.0
97,97,2026-09-23,Wednesday,108.0,108.0,13,0.0,0.0
97,97,2026-10-03,Saturday,91.0,91.0,13,0.0,0.0
97,97,2026-09-24,Thursday,108.0,108.0,13,0.0,0.0
Brn,Brown Line,2026-09-26,Saturday,130.0,130.0,13,0.0,0.0
Brn,Brown Line,2026-10-14,Wednesday,180.0,180.0,13,0.0,0.0
97,97,2026-08-28,Friday,108.0,108.0,13,0.0,0.0
97,97,2026-09-05,Saturday,91.0,91.0,13,0.0,0.0
Brn,Brown Line,2026-09-02,Wednesday,180.0,180.0,13,0.0,0.0
97,97,2026-08-11,Tuesday,108.0,108.0,12,0.0,0.0
97,97,2026-09-09,Wednesday,108.0,108.0,13,0.0,0.0
Brn,Brown Line,2026-10-15,Thursday,180.0,180.0,13,0.0,0.0
Brn,Brown Line,2026-09-27,Sunday,112.0,112.0,12,0.0,0.0
97,97,2026-10-04,Sunday,65.0,65.0,12,0.0,0.0
97,97,2026-09-25,Friday,108.0,108.0,13,0.0,0.0
97,97,2026-09-26,Saturday,91.0,91.0,13,0.0,0.0
Brn,Brown Line,2026-10-16,Friday,180.0,180.0,13,0.0,0.0
97,97,2026-10-10,Saturday,91.0,91.0,13,0.0,0.0
97,97,2026-10-20,Tuesday,108.0,108.0,12,0.0,0.0
97,97,2026-08-06,Thursday,108.0,108.0,13,0.0,0.0
Brn,Brown Line,2026-10-17,Saturday,130.0,130.0,13,0.0,0.0
97,97,2026-08-25,Tuesday,108.0,108.0,12,0.0,0.0
97,97,2026-08-09,Sunday,65.0,65.0,12,0.0,0.0
97,97,2026-09-11,Friday,108.0,108.0,13,0.0,0.0
97,97,2026-10-08,Thursday,108.0,108.0,13,0.0,0.0
Brn,Brown Line,2026-10-18,Sunday,112.0,112.0,12,0.0,0.0
97,97,2026-10-27,Tuesday,108.0,108.0,12,0.0,0.0
97,97,2026-09-10,Thursday,108.0,108.0,13,0.0,0.0
Brn,Brown Line,2026-09-30,Wednesday,180.0,180.0,13,0.0,0.0
97,97,2026-09-02,Wednesday,108.0,108.0,13,0.0,0.0
97,97,2026-09-12,Saturday,91.0,91.0,13,0.0,0.0
G,Green Line,2026-09-01,Tuesday,256.0,256.0,12,0.0,0.0
97,97,2026-09-13,Sunday,65.0,65.0,12,0.0,0.0
97,97,2026-08-30,Sunday,65.0,65.0,12,0.0,0.0
97,97,2026-09-27,Sunday,65.0,65.0,12,0.0,0.0
97,97,2026-10-17,Saturday,91.0,91.0,13,0.0,0.0
96,96,2026-10-31,Saturday,0.0,0.0,13,0.0,
97,97,2026-08-27,Thursday,108.0,108.0,13,0.0,0.0
G,Green Line,2026-09-02,Wednesday,256.0,256.0,13,0.0,0.0
97,97,2026-10-28,Wednesday,108.0,108.0,13,0.0,0.0
97,97,2026-10-14,Wednesday,108.0,108.0,13,0.0,0.0
Brn,Brown Line,2026-10-01,Thursday,180.0,180.0,13,0.0,0.0
97,97,2026-09-30,Wednesday,108.0,108.0,13,0.0,0.0
Brn,Brown Line,2026-09-03,Thursday,180.0,180.0,13,0.0,0.0
G,Green Line,2026-09-03,Thursday,256.0,256.0,13,0.0,0.0
97,97,2026-08-26,Wednesday,108.0,108.0,13,0.0,0.0
97,97,2026-09-16,Wednesday,108.0,108.0,13,0.0,0.0
97,97,2026-10-18,Sunday,65.0,65.0,12,0.0,0.0
Brn,Brown Line,2026-09-19,Saturday,130.0,130.0,13,0.0,0.0
97,97,2026-09-17,Thursday,108.0,108.0,13,0.0,0.0
97,97,2026-09-18,Friday,108.0,108.0,13,0.0,0.0
Brn,Brown Line,2026-09-16,Wednesday,180.0,180.0,13,0.0,0.0
97,97,2026-08-21,Friday,108.0,108.0,13,0.0,0.0
97,97,2026-09-15,Tuesday,108.0,108.0,12,0.0,0.0
97,97,2026-08-13,Thursday,108.0,108.0,13,0.0,0.0
97,97,2026-09-06,Sunday,65.0,65.0,12,0.0,0.0
96,96,2026-10-30,Friday,66.0,66.0,13,0.0,0.0
97,97,2026-10-15,Thursday,108.0,108.0,13,0.0,0.0
97,97,2026-08-23,Sunday,65.0,65.0,12,0.0,0.0
97,97,2026-08-15,Saturday,91.0,91.0,13,0.0,0.0
97,97,2026-09-03,Thursday,108.0,108.0,13,0.0,0.0
97,97,2026-10-29,Thursday,108.0,108.0,13,0.0,0.0
Brn,Brown Line,2026-10-04,Sunday,112.0,112.0,12,0.0,0.0
G,Green Line,2026-09-05,Saturday,228.0,228.0,13,0.0,0.0
97,97,2026-10-23,Friday,108.0,108.0,13,0.0,0.0
Brn,Brown Line,2026-10-02,Friday,180.0,180.0,13,0.0,0.0
Brn,Brown Line,2026-09-11,Friday,180.0,180.0,13,0.0,0.0
Brn,Brown Line,2026-09-17,Thursday,180.0,180.0,13,0.0,0.0
97,97,2026-08-07,Friday,108.0,108.0,13,0.0,0.0
Brn,Brown Line,2026-09-18,Friday,180.0,180.0,13,0.0,0.0
G,Green Line,2026-09-04,Friday,256.0,256.0,13,0.0,0.0
97,97,2026-10-30,Friday,108.0,108.0,13,0.0,0.0
Brn,Brown Line,2026-09-09,Wednesday,180.0,180.0,13,0.0,0.0
Brn,Brown Line,2026-10-03,Saturday,130.0,130.0,13,0.0,0.0
97,97,2026-09-29,Tuesday,108.0,108.0,12,0.0,0.0
97,97,2026-10-24,Saturday,91.0,91.0,13,0.0,0.0
54A,54A,2026-08-08,Saturday,0.0,0.0,13,0.0,
54A,54A,2026-08-09,Sunday,0.0,0.0,12,0.0,
54A,54A,2026-08-15,Saturday,0.0,0.0,13,0.0,
54A,54A,2026-08-16,Sunday,0.0,0.0,12,0.0,
54A,54A,2026-08-22,Saturday,0.0,0.0,13,0.0,
54A,54A,2026-08-23,Sunday,0.0,0.0,12,0.0,
54A,54A,2026-08-29,Saturday,0.0,0.0,13,0.0,
54A,54A,2026-08-30,Sunday,0.0,0.0,12,0.0,
54A,54A,2026-09-05,Saturday,0.0,0.0,13,0.0,
54A,54A,2026-09-06,Sunday,0.0,0.0,12,0.0,
54A,54A,2026-09-12,Saturday,0.0,0.0,13,0.0,
54A,54A,2026-09-13,Sunday,0.0,0.0,12,0.0,
54A,54A,2026-09-19,Saturday,0.0,0.0,13,0.0,
54A,54A,2026-09-20,Sunday,0.0,0.0,12,0.0,
54A,54A,2026-09-26,Saturday,0.0,0.0,13,0.0,
54A,54A,2026-09-27,Sunday,0.0,0.0,12,0.0,
54A,54A,2026-10-03,Saturday,0.0,0.0,13,0.0,
54A,54A,2026-10-04,Sunday,0.0,0.0,12,0.0,
54A,54A,2026-10-10,Saturday,0.0,0.0,13,0.0,
54A,54A,2026-10-11,Sunday,0.0,0.0,12,0.0,
54A,54A,2026-10-17,Saturday,0.0,0.0,13,0.0,
54A,54A,2026-10-18,Sunday,0.0,0.0,12,0.0,
54A,54A,2026-10-24,Saturday,0.0,0.0,13,0.0,
54A,54A,2026-10-25,Sunday,0.0,0.0,12,0.0,
54A,54A,2026-10-31,Saturday,0.0,0.0,13,0.0,
54B,54B,2026-08-05,Wednesday,110.0,110.0,13,0.0,0.0
54B,54B,2026-08-06,Thursday,110.0,110.0,13,0.0,0.0
54B,54B,2026-08-07,Friday,110.0,110.0,13,0.0,0.0
54B,54B,2026-08-08,Saturday,106.0,106.0,13,0.0,0.0
54B,54B,2026-08-09,Sunday,78.0,78.0,12,0.0,0.0
54B,54B,2026-08-11,Tuesday,110.0,110.0,12,0.0,0.0
54B,54B,2026-08-12,Wednesday,110.0,110.0,13,0.0,0.0
54B,54B,2026-08-13,Thursday,110.0,110.0,13,0.0,0.0
54B,54B,2026-08-14,Friday,110.0,110.0,13,0.0,0.0
54B,54B,2026-08-15,Saturday,106.0,106.0,13,0.0,0.0
54B,54B,2026-08-16,Sunday,78.0,78.0,12,0.0,0.0
54B,54B,2026-08-18,Tuesday,110.0,110.0,12,0.0,0.0
54B,54B,2026-08-19,Wednesday,110.0,110.0,13,0.0,0.0
54B,54B,2026-08-20,Thursday,110.0,110.0,13,0.0,0.0
54B,54B,2026-08-21,Friday,110.0,110.0,13,0.0,0.0
54B,54B,2026-08-22,Saturday,106.0,106.0,13,0.0,0.0
54B,54B,2026-08-23,Sunday,78.0,78.0,12,0.0,0.0
54B,54B,2026-08-25,Tuesday,110.0,110.0,12,0.0,0.0
54B,54B,2026-08-26,Wednesday,110.0,110.0,13,0.0,0.0
54B,54B,2026-08-27,Thursday,110.0,110.0,13,0.0,0.0
54B,54B,2026-08-28,Friday,110.0,110.0,13,0.0,0.0
54B,54B,2026-08-29,Saturday,106.0,106.0,13,0.0,0.0
54B,54B,2026-08-30,Sunday,78.0,78.0,12,0.0,0.0
54B,54B,2026-09-01,Tuesday,110.0,110.0,12,0.0,0.0
54B,54B,2026-09-02,Wednesday,110.0,110.0,13,0.0,0.0
54B,54B,2026-09-03,Thursday,110.0,110.0,13,0.0,0.0
54B,54B,2026-09-04,Friday,110.0,110.0,13,0.0,0.0
54B,54B,2026-09-05,Saturday,106.0,106.0,13,0.0,0.0
54B,54B,2026-09-06,Sunday,78.0,78.0,12,0.0,0.0
54B,54B,2026-09-08,Tuesday,110.0,110.0,12,0.0,0.0
54B,54B,2026-09-09,Wednesday,110.0,110.0,13,0.0,0.0
54B,54B,2026-09-10,Thursday,110.0,110.0,13,0.0,0.0
54B,54B,2026-09-11,Friday,110.0,110.0,13,0.0,0.0
54B,54B,2026-09-12,Saturday,106.0,106.0,13,0.0,0.0
54B,54B,2026-09-13,Sunday,78.0,78.0,12,0.0,0.0
54B,54B,2026-09-15,Tuesday,110.0,110.0,12,0.0,0.0
54B,54B,2026-09-16,Wednesday,110.0,110.0,13,0.0,0.0
54B,54B,2026-09-17,Thursday,110.0,110.0,13,0.0,0.0
54B,54B,2026-09-18,Friday,110.0,110.0,13,0.0,0.0
54B,54B,2026-09-19,Saturday,106.0,106.0,13,0.0,0.0
54B,54B,2026-09-20,Sunday,78.0,78.0,12,0.0,0.0
54B,54B,2026-09-22,Tuesday,110.0,110.0,12,0.0,0.0
54B,54B,2026-09-23,Wednesday,110.0,110.0,13,0.0,0.0
54B,54B,2026-09-24,Thursday,110.0,110.0,13,0.0,0.0
54B,54B,2026-09-25,Friday,110.0,110.0,13,0.0,0.0
54B,54B,2026-09-26,Saturday,106.0,106.0,13,0.0,0.0
54B,54B,2026-09-27,Sunday,78.0,78.0,12,0.0,0.0
54B,54B,2026-09-29,Tuesday,110.0,110.0,12,0.0,0.0
54B,54B,2026-09-30,Wednesday,110.0,110.0,13,0.0,0.0
54B,54B,2026-10-01,Thursday,110.0,110.0,13,0.0,0.0
54B,54B,2026-10-02,Friday,110.0,110.0,13,0.0,0.0
54B,54B,2026-10-03,Saturday,106.0,106.0,13,0.0,0.0
54B,54B,2026-10-04,Sunday,78.0,78.0,12,0.0,0.0
54B,54B,2026-10-06,Tuesday,110.0,110.0,12,0.0,0.0
54B,54B,2026-10-07,Wednesday,110.0,110.0,13,0.0,0.0
54B,54B,2026-10-08,Thursday,110.0,110.0,13,0.0,0.0
54B,54B,2026-10-09,Friday,110.0,110.0,13,0.0,0.0
54B,54B,2026-10-10,Saturday,106.0,106.0,13,0.0,0.0
54B,54B,2026-10-11,Sunday,78.0,78.0,12,0.0,0.0
54B,54B,2026-10-13,Tuesday,110.0,110.0,12,0.0,0.0
54B,54B,2026-10-14,Wednesday,110.0,110.0,13,0.0,0.0
54B,54B,2026-10-15,Thursday,110.0,110.0,13,0.0,0.0
54B,54B,2026-10-16,Friday,110.0,110.0,13,0.0,0.0
54B,54B,2026-10-17,Saturday,106.0,106.0,13,0.0,0.0
54B,54B,2026-10-18,Sunday,78.0,78.0,12,0.0,0.0
54B,54B,2026-10-20,Tuesday,110.0,110.0,12,0.0,0.0
54B,54B,2026-10-21,Wednesday,110.0,110.0,13,0.0,0.0
54B,54B,2026-10-22,Thursday,110.0,110.0,13,0.0,0.0
54B,54B,2026-10-23,Friday,110.0,110.0,13,0.0,0.0
54B,54B,2026-10-24,Saturday,106.0,106.0,13,0.0,0.0
54B,54B,2026-10-25,Sunday,78.0,78.0,12,0.0,0.0
54B,54B,2026-10-27,Tuesday,110.0,110.0,12,0.0,0.0
54B,54B,2026-10-28,Wednesday,110.0,110.0,13,0.0,0.0
54B,54B,2026-10-29,Thursday,110.0,110.0,13,0.0,0.0
54B,54B,2026-10-30,Friday,110.0,110.0,13,0.0,0.0
54B,54B,2026-10-31,Saturday,106.0,106.0,13,0.0,0.0
55,55,2026-08-09,Sunday,227.0,227.0,12,0.0,0.0
55,55,2026-08-16,Sunday,227.0,227.0,12,0.0,0.0
55,55,2026-08-23,Sunday,227.0,227.0,12,0.0,0.0
55,55,2026-08-30,Sunday,227.0,227.0,12,0.0,0.0
55,55,2026-09-06,Sunday,227.0,227.0,12,0.0,0.0
55,55,2026-09-13,Sunday,227.0,227.0,12,0.0,0.0
55,55,2026-09-20,Sunday,227.0,227.0,12,0.0,0.0
55,55,2026-09-27,Sunday,227.0,227.0,12,0.0,0.0
55,55,2026-10-04,Sunday,227.0,227.0,12,0.0,0.0
55,55,2026-10-11,Sunday,227.0,227.0,12,0.0,0.0
55,55,2026-10-18,Sunday,227.0,227.0,12,0.0,0.0
55,55,2026-10-25,Sunday,227.0,227.0,12,0.0,0.0
55A,55A,2026-08-05,Wednesday,38.0,38.0,13,0.0,0.0
55A,55A,2026-08-06,Thursday,38.0,38.0,13,0.0,0.0
55A,55A,2026-08-07,Friday,38.0,38.0,13,0.0,0.0
55A,55A,2026-08-08,Saturday,0.0,0.0,13,0.0,
55A,55A,2026-08-09,Sunday,0.0,0.0,12,0.0,
55A,55A,2026-08-11,Tuesday,38.0,38.0,12,0.0,0.0
55A,55A,2026-08-12,Wednesday,38.0,38.0,13,0.0,0.0
55A,55A,2026-08-13,Thursday,38.0,38.0,13,0.0,0.0
55A,55A,2026-08-14,Friday,38.0,38.0,13,0.0,0.0
55A,55A,2026-08-15,Saturday,0.0,0.0,13,0.0,
55A,55A,2026-08-16,Sunday,0.0,0.0,12,0.0,
55A,55A,2026-08-18,Tuesday,38.0,38.0,12,0.0,0.0
55A,55A,2026-08-19,Wednesday,38.0,38.0,13,0.0,0.0
55A,55A,2026-08-20,Thursday,38.0,38.0,13,0.0,0.0
55A,55A,2026-08-21,Friday,38.0,38.0,13,0.0,0.0
55A,55A,2026-08-22,Saturday,0.0,0.0,13,0.0,
55A,55A,2026-08-23,Sunday,0.0,0.0,12,0.0,
55A,55A,2026-08-25,Tuesday,38.0,38.0,12,0.0,0.0
55A,55A,2026-08-26,Wednesday,38.0,38.0,13,0.0,0.0
55A,55A,2026-08-27,Thursday,38.0,38.0,13,0.0,0.0
55A,55A,2026-08-28,Friday,38.0,38.0,13,0.0,0.0
55A,55A,2026-08-29,Saturday,0.0,0.0,13,0.0,
55A,55A,2026-08-30,Sunday,0.0,0.0,12,0.0,
55A,55A,2026-09-01,Tuesday,38.0,38.0,12,0.0,0.0
55A,55A,2026-09-02,Wednesday,38.0,38.0,13,0.0,0.0
55A,55A,2026-09-03,Thursday,38.0,38.0,13,0.0,0.0
55A,55A,2026-09-04,Friday,38.0,38.0,13,0.0,0.0
55A,55A,2026-09-05,Saturday,0.0,0.0,13,0.0,
55A,55A,2026-09-06,Sunday,0.0,0.0,12,0.0,
55A,55A,2026-09-08,Tuesday,38.0,38.0,12,0.0,0.0
55A,55A,2026-09-09,Wednesday,38.0,38.0,13,0.0,0.0
55A,55A,2026-09-10,Thursday,38.0,38.0,13,0.0,0.0
55A,55A,2026-09-11,Friday,38.0,38.0,13,0.0,0.0
55A,55A,2026-09-12,Saturday,0.0,0.0,13,0.0,
55A,55A,2026-09-13,Sunday,0.0,0.0,12,0.0,
55A,55A,2026-09-15,Tuesday,38.0,38.0,12,0.0,0.0
55A,55A,2026-09-16,Wednesday,38.0,38.0,13,0.0,0.0
55A,55A,2026-09-17,Thursday,38.0,38.0,13,0.0,0.0
55A,55A,2026-09-18,Friday,38.0,38.0,13,0.0,0.0
55A,55A,2026-09-19,Saturday,0.0,0.0,13,0.0,
55A,55A,2026-09-20,Sunday,0.0,0.0,12,0.0,
55A,55A,2026-09-22,Tuesday,38.0,38.0,12,0.0,0.0
55A,55A,2026-09-23,Wednesday,38.0,38.0,13,0.0,0.0
55A,55A,2026-09-24,Thursday,38.0,38.0,13,0.0,0.0
55A,55A,2026-09-25,Friday,38.0,38.0,13,0.0,0.0
55A,55A,2026-09-26,Saturday,0.0,0.0,13,0.0,
55A,55A,2026-09-27,Sunday,0.0,0.0,12,0.0,
55A,55A,2026-09-29,Tuesday,38.0,38.0,12,0.0,0.0
55A,55A,2026-09-30,Wednesday,38.0,38.0,13,0.0,0.0
55A,55A,2026-10-01,Thursday,38.0,38.0,13,0.0,0.0
55A,55A,2026-10-02,Friday,38.0,38.0,13,0.0,0.0
55A,55A,2026-10-03,Saturday,0.0,0.0,13,0.0,
55A,55A,2026-10-04,Sunday,0.0,0.0,12,0.0,
55A,55A,2026-10-06,Tuesday,38.0,38.0,12,0.0,0.0
55A,55A,2026-10-07,Wednesday,38.0,38.0,13,0.0,0.0
55A,55A,2026-10-08,Thursday,38.0,38.0,13,0.0,0.0
55A,55A,2026-10-09,Friday,38.0,38.0,13,0.0,0.0
55A,55A,2026-10-10,Saturday,0.0,0.0,13,0.0,
55A,55A,2026-10-11,Sunday,0.0,0.0,12,0.0,
55A,55A,2026-10-13,Tuesday,38.0,38.0,12,0.0,0.0
55A,55A,2026-10-14,Wednesday,38.0,38.0,13,0.0,0.0
55A,55A,2026-10-15,Thursday,38.0,38.0,13,0.0,0.0
55A,55A,2026-10-16,Friday,38.0,38.0,13,0.0,0.0
55A,55A,2026-10-17,Saturday,0.0,0.0,13,0.0,
55A,55A,2026-10-18,Sunday,0.0,0.0,12,0.0,
55A,55A,2026-10-20,Tuesday,38.0,38.0,12,0.0,0.0
55A,55A,2026-10-21,Wednesday,38.0,38.0,13,0.0,0.0
55A,55A,2026-10-22,Thursday,38.0,38.0,13,0.0,0.0
55A,55A,2026-10-23,Friday,38.0,38.0,13,0.0,0.0
55A,55A,2026-10-24,Saturday,0.0,0.0,13,0.0,
55A,55A,2026-10-25,Sunday,0.0,0.0,12,0.0,
55A,55A,2026-10-27,Tuesday,38.0,38.0,12,0.0,0.0
55A,55A,2026-10-28,Wednesday,38.0,38.0,13,0.0,0.0
55A,55A,2026-10-29,Thursday,38.0,38.0,13,0.0,0.0
55A,55A,2026-10-30,Friday,38.0,38.0,13,0.0,0.0
55A,55A,2026-10-31,Saturday,0.0,0.0,13,0.0,
55N,55N,2026-08-05,Wednesday,80.0,80.0,13,0.0,0.0
55N,55N,2026-08-06,Thursday,80.0,80.0,13,0.0,0.0
55N,55N,2026-08-07,Friday,80.0,80.0,13,0.0,0.0
55N,55N,2026-08-08,Saturday,56.0,56.0,13,0.0,0.0
55N,55N,2026-08-09,Sunday,0.0,0.0,12,0.0,
55N,55N,2026-08-11,Tuesday,80.0,80.0,12,0.0,0.0
55N,55N,2026-08-12,Wednesday,80.0,80.0,13,0.0,0.0
55N,55N,2026-08-13,Thursday,80.0,80.0,13,0.0,0.0
55N,55N,2026-08-14,Friday,80.0,80.0,13,0.0,0.0
55N,55N,2026-08-15,Saturday,56.0,56.0,13,0.0,0.0
55N,55N,2026-08-16,Sunday,0.0,0.0,12,0.0,
55N,55N,2026-08-18,Tuesday,80.0,80.0,12,0.0,0.0
55N,55N,2026-08-19,Wednesday,80.0,80.0,13,0.0,0.0
55N,55N,2026-08-20,Thursday,80.0,80.0,13,0.0,0.0
55N,55N,2026-08-21,Friday,80.0,80.0,13,0.0,0.0
55N,55N,2026-08-22,Saturday,56.0,56.0,13,0.0,0.0
55N,55N,2026-08-23,Sunday,0.0,0.0,12,0.0,
55N,55N,2026-08-25,Tuesday,80.0,80.0,12,0.0,0.0
55N,55N,2026-08-26,Wednesday,80.0,80.0,13,0.0,0.0
55N,55N,2026-08-27,Thursday,80.0,80.0,13,0.0,0.0
55N,55N,2026-08-28,Friday,80.0,80.0,13,0.0,0.0
55N,55N,2026-08-29,Saturday,56.0,56.0,13,0.0,0.0
55N,55N,2026-08-30,Sunday,0.0,0.0,12,0.0,
55N,55N,2026-09-01,Tuesday,80.0,80.0,12,0.0,0.0
55N,55N,2026-09-02,Wednesday,80.0,80.0,13,0.0,0.0
55N,55N,2026-09-03,Thursday,80.0,80.0,13,0.0,0.0
55N,55N,2026-09-04,Friday,80.0,80.0,13,0.0,0.0
55N,55N,2026-09-05,Saturday,56.0,56.0,13,0.0,0.0
55N,55N,2026-09-06,Sunday,0.0,0.0,12,0.0,
55N,55N,2026-09-08,Tuesday,80.0,80.0,12,0.0,0.0
55N,55N,2026-09-09,Wednesday,80.0,80.0,13,0.0,0.0
55N,55N,2026-09-10,Thursday,80.0,80.0,13,0.0,0.0
55N,55N,2026-09-11,Friday,80.0,80.0,13,0.0,0.0
55N,55N,2026-09-12,Saturday,56.0,56.0,13,0.0,0.0
55N,55N,2026-09-13,Sunday,0.0,0.0,12,0.0,
55N,55N,2026-09-15,Tuesday,80.0,80.0,12,0.0,0.0
55N,55N,2026-09-16,Wednesday,80.0,80.0,13,0.0,0.0
55N,55N,2026-09-17,Thursday,80.0,80.0,13,0.0,0.0
55N,55N,2026-09-18,Friday,80.0,80.0,13,0.0,0.0
55N,55N,2026-09-19,Saturday,56.0,56.0,13,0.0,0.0
55N,55N,2026-09-20,Sunday,0.0,0.0,12,0.0,
55N,55N,2026-09-22,Tuesday,80.0,80.0,12,0.0,0.0
55N,55N,2026-09-23,Wednesday,80.0,80.0,13,0.0,0.0
55N,55N,2026-09-24,Thursday,80.0,80.0,13,0.0,0.0
55N,55N,2026-09-25,Friday,80.0,80.0,13,0.0,0.0
55N,55N,2026-09-26,Saturday,56.0,56.0,13,0.0,0.0
55N,55N,2026-09-27,Sunday,0.0,0.0,12,0.0,
55N,55N,2026-09-29,Tuesday,80.0,80.0,12,0.0,0.0
55N,55N,2026-09-30,Wednesday,80.0,80.0,13,0.0,0.0
55N,55N,2026-10-01,Thursday,80.0,80.0,13,0.0,0.0
55N,55N,2026-10-02,Friday,80.0,80.0,13,0.0,0.0
55N,55N,2026-10-03,Saturday,56.0,56.0,13,0.0,0.0
55N,55N,2026-10-04,Sunday,0.0,0.0,12,0.0,
55N,55N,2026-10-06,Tuesday,80.0,80.0,12,0.0,0.0
55N,55N,2026-10-07,Wednesday,80.0,80.0,13,0.0,0.0
55N,55N,2026-10-08,Thursday,80.0,80.0,13,0.0,0.0
55N,55N,2026-10-09,Friday,80.0,80.0,13,0.0,0.0
55N,55N,2026-10-10,Saturday,56.0,56.0,13,0.0,0.0
55N,55N,2026-10-11,Sunday,0.0,0.0,12,0.0,
55N,55N,2026-10-13,Tuesday,80.0,80.0,12,0.0,0.0
55N,55N,2026-10-14,Wednesday,80.0,80.0,13,0.0,0.0
55N,55N,2026-10-15,Thursday,80.0,80.0,13,0.0,0.0
55N,55N,2026-10-16,Friday,80.0,80.0,13,0.0,0.0
55N,55N,2026-10-17,Saturday,56.0,56.0,13,0.0,0.0
55N,55N,2026-10-18,Sunday,0.0,0.0,12,0.0,
55N,55N,2026-10-20,Tuesday,80.0,80.0,12,0.0,0.0
55N,55N,2026-10-21,Wednesday,80.0,80.0,13,0.0,0.0
55N,55N,2026-10-22,Thursday,80.0,80.0,13,0.0,0.0
55N,55N,2026-10-23,Friday,80.0,80.0,13,0.0,0.0
55N,55N,2026-10-24,Saturday,56.0,56.0,13,0.0,0.0
55N,55N,2026-10-25,Sunday,0.0,0.0,12,0.0,
55N,55N,2026-10-27,Tuesday,80.0,80.0,12,0.0,0.0
55N,55N,2026-10-28,Wednesday,80.0,80.0,13,0.0,0.0
55N,55N,2026-10-29,Thursday,80.0,80.0,13,0.0,0.0
55N,55N,2026-10-30,Friday,80.0,80.0,13,0.0,0.0
55N,55N,2026-10-31,Saturday,56.0,56.0,13,0.0,0.0
56,56,2026-08-08,Saturday,116.0,116.0,13,0.0,0.0
56,56,2026-08-09,Sunday,110.0,110.0,12,0.0,0.0
56,56,2026-08-15,Saturday,116.0,116.0,13,0.0,0.0
56,56,2026-08-16,Sunday,110.0,110.0,12,0.0,0.0
56,56,2026-08-22,Saturday,116.0,116.0,13,0.0,0.0
56,56,2026-08-23,Sunday,110.0,110.0,12,0.0,0.0
56,56,2026-08-29,Saturday,116.0,116.0,13,0.0,0.0
56,56,2026-08-30,Sunday,110.0,110.0,12,0.0,0.0
56,56,2026-09-05,Saturday,116.0,116.0,13,0.0,0.0
56,56,2026-09-06,Sunday,110.0,110.0,12,0.0,0.0
56,56,2026-09-12,Saturday,116.0,116.0,13,0.0,0.0
56,56,2026-09-13,Sunday,110.0,110.0,12,0.0,0.0
56,56,2026-09-19,Saturday,116.0,116.0,13,0.0,0.0
56,56,2026-09-20,Sunday,110.0,110.0,12,0.0,0.0
56,56,2026-09-26,Saturday,116.0,116.0,13,0.0,0.0
56,56,2026-09-27,Sunday,110.0,110.0,12,0.0,0.0
56,56,2026-10-03,Saturday,116.0,116.0,13,0.0,0.0
56,56,2026-10-04,Sunday,110.0,110.0,12,0.0,0.0
56,56,2026-10-10,Saturday,116.0,116.0,13,0.0,0.0
56,56,2026-10-11,Sunday,110.0,110.0,12,0.0,0.0
56,56,2026-10-17,Saturday,116.0,116.0,13,0.0,0.0
56,56,2026-10-18,Sunday,110.0,110.0,12,0.0,0.0
56,56,2026-10-24,Saturday,116.0,116.0,13,0.0,0.0
56,56,2026-10-25,Sunday,110.0,110.0,12,0.0,0.0
56,56,2026-10-31,Saturday,116.0,116.0,13,0.0,0.0
57,57,2026-08-08,Saturday,77.0,77.0,13,0.0,0.0
57,57,2026-08-15,Saturday,77.0,77.0,13,0.0,0.0
57,57,2026-08-22,Saturday,77.0,77.0,13,0.0,0.0
57,57,2026-08-29,Saturday,77.0,77.0,13,0.0,0.0
57,57,2026-09-05,Saturday,77.0,77.0,13,0.0,0.0
57,57,2026-09-12,Saturday,77.0,77.0,13,0.0,0.0
59,59,2026-10-31,Saturday,85.0,85.0,13,0.0,0.0
6,6,2026-08-05,Wednesday,189.0,189.0,13,0.0,0.0
6,6,2026-08-06,Thursday,189.0,189.0,13,0.0,0.0
6,6,2026-08-07,Friday,189.0,189.0,13,0.0,0.0
6,6,2026-08-08,Saturday,205.0,205.0,13,0.0,0.0
6,6,2026-08-09,Sunday,168.0,168.0,12,0.0,0.0
6,6,2026-08-12,Wednesday,189.0,189.0,13,0.0,0.0
6,6,2026-08-13,Thursday,189.0,189.0,13,0.0,0.0
6,6,2026-08-14,Friday,189.0,189.0,13,0.0,0.0
6,6,2026-08-15,Saturday,205.0,205.0,13,0.0,0.0
6,6,2026-08-16,Sunday,168.0,168.0,12,0.0,0.0
6,6,2026-08-19,Wednesday,189.0,189.0,13,0.0,0.0
6,6,2026-08-20,Thursday,189.0,189.0,13,0.0,0.0
6,6,2026-08-21,Friday,189.0,189.0,13,0.0,0.0
6,6,2026-08-22,Saturday,205.0,205.0,13,0.0,0.0
6,6,2026-08-23,Sunday,168.0,168.0,12,0.0,0.0
6,6,2026-08-26,Wednesday,189.0,189.0,13,0.0,0.0
6,6,2026-08-27,Thursday,189.0,189.0,13,0.0,0.0
6,6,2026-08-28,Friday,189.0,189.0,13,0.0,0.0
6,6,2026-08-29,Saturday,205.0,205.0,13,0.0,0.0
6,6,2026-08-30,Sunday,168.0,168.0,12,0.0,0.0
6,6,2026-09-02,Wednesday,189.0,189.0,13,0.0,0.0
6,6,2026-09-03,Thursday,189.0,189.0,13,0.0,0.0
6,6,2026-09-04,Friday,189.0,189.0,13,0.0,0.0
6,6,2026-09-05,Saturday,205.0,205.0,13,0.0,0.0
6,6,2026-09-06,Sunday,168.0,168.0,12,0.0,0.0
6,6,2026-09-09,Wednesday,189.0,189.0,13,0.0,0.0
6,6,2026-09-10,Thursday,189.0,189.0,13,0.0,0.0
6,6,2026-09-11,Friday,189.0,189.0,13,0.0,0.0
6,6,2026-09-12,Saturday,205.0,205.0,13,0.0,0.0
6,6,2026-09-13,Sunday,168.0,168.0,12,0.0,0.0
6,6,2026-09-16,Wednesday,189.0,189.0,13,0.0,0.0
6,6,2026-09-17,Thursday,189.0,189.0,13,0.0,0.0
6,6,2026-09-18,Friday,189.0,189.0,13,0.0,0.0
6,6,2026-09-19,Saturday,205.0,205.0,13,0.0,0.0
6,6,2026-09-20,Sunday,168.0,168.0,12,0.0,0.0
6,6,2026-09-23,Wednesday,189.0,189.0,13,0.0,0.0
6,6,2026-09-24,Thursday,189.0,189.0,13,0.0,0.0
6,6,2026-09-25,Friday,189.0,189.0,13,0.0,0.0
6,6,2026-09-26,Saturday,205.0,205.0,13,0.0,0.0
6,6,2026-09-27,Sunday,168.0,168.0,12,0.0,0.0
6,6,2026-09-30,Wednesday,189.0,189.0,13,0.0,0.0
6,6,2026-10-01,Thursday,189.0,189.0,13,0.0,0.0
6,6,2026-10-02,Friday,189.0,189.0,13,0.0,0.0
6,6,2026-10-03,Saturday,205.0,205.0,13,0.0,0.0
6,6,2026-10-04,Sunday,168.0,168.0,12,0.0,0.0
6,6,2026-10-07,Wednesday,189.0,189.0,13,0.0,0.0
6,6,2026-10-08,Thursday,189.0,189.0,13,0.0,0.0
6,6,2026-10-09,Friday,189.0,189.0,13,0.0,0.0
6,6,2026-10-10,Saturday,205.0,205.0,13,0.0,0.0
6,6,2026-10-11,Sunday,168.0,168.0,12,0.0,0.0
6,6,2026-10-14,Wednesday,189.0,189.0,13,0.0,0.0
6,6,2026-10-15,Thursday,189.0,189.0,13,0.0,0.0
6,6,2026-10-16,Friday,189.0,189.0,13,0.0,0.0
6,6,2026-10-17,Saturday,205.0,205.0,13,0.0,0.0
6,6,2026-10-18,Sunday,168.0,168.0,12,0.0,0.0
6,6,2026-10-21,Wednesday,189.0,189.0,13,0.0,0.0
6,6,2026-10-22,Thursday,189.0,189.0,13,0.0,0.0
6,6,2026-10-23,Friday,189.0,189.0,13,0.0,0.0
6,6,2026-10-24,Saturday,205.0,205.0,13,0.0,0.0
6,6,2026-10-25,Sunday,168.0,168.0,12,0.0,0.0
6,6,2026-10-28,Wednesday,189.0,189.0,13,0.0,0.0
6,6,2026-10-29,Thursday,189.0,189.0,13,0.0,0.0
6,6,2026-10-30,Friday,189.0,189.0,13,0.0,0.0
6,6,2026-10-31,Saturday,205.0,205.0,13,0.0,0.0
60,60,2026-08-08,Saturday,220.0,220.0,13,0.0,0.0
60,60,2026-08-09,Sunday,220.0,220.0,12,0.0,0.0
60,60,2026-08-15,Saturday,220.0,220.0,13,0.0,0.0
60,60,2026-08-16,Sunday,220.0,220.0,12,0.0,0.0
60,60,2026-08-22,Saturday,220.0,220.0,13,0.0,0.0
60,60,2026-08-23,Sunday,220.0,220.0,12,0.0,0.0
60,60,2026-08-29,Saturday,220.0,220.0,13,0.0,0.0
60,60,2026-08-30,Sunday,220.0,220.0,12,0.0,0.0
60,60,2026-09-05,Saturday,220.0,220.0,13,0.0,0.0
60,60,2026-09-06,Sunday,220.0,220.0,12,0.0,0.0
60,60,2026-09-12,Saturday,220.0,220.0,13,0.0,0.0
60,60,2026-09-13,Sunday,220.0,220.0,12,0.0,0.0
60,60,2026-09-19,Saturday,220.0,220.0,13,0.0,0.0
60,60,2026-09-20,Sunday,220.0,220.0,12,0.0,0.0
60,60,2026-09-26,Saturday,220.0,220.0,13,0.0,0.0
60,60,2026-09-27,Sunday,220.0,220.0,12,0.0,0.0
60,60,2026-10-03,Saturday,220.0,220.0,13,0.0,0.0
60,60,2026-10-04,Sunday,220.0,220.0,12,0.0,0.0
60,60,2026-10-10,Saturday,220.0,220.0,13,0.0,0.0
60,60,2026-10-11,Sunday,220.0,220.0,12,0.0,0.0
60,60,2026-10-17,Saturday,220.0,220.0,13,0.0,0.0
60,60,2026-10-18,Sunday,220.0,220.0,12,0.0,0.0
60,60,2026-10-24,Saturday,220.0,220.0,13,0.0,0.0
60,60,2026-10-25,Sunday,220.0,220.0,12,0.0,0.0
60,60,2026-10-31,Saturday,220.0,220.0,13,0.0,0.0
62,62,2026-08-08,Saturday,172.0,172.0,13,0.0,0.0
62,62,2026-08-09,Sunday,148.0,148.0,12,0.0,0.0
62,62,2026-08-15,Saturday,172.0,172.0,13,0.0,0.0
62,62,2026-08-16,Sunday,148.0,148.0,12,0.0,0.0
62,62,2026-08-22,Saturday,172.0,172.0,13,0.0,0.0
62,62,2026-08-23,Sunday,148.0,148.0,12,0.0,0.0
62,62,2026-08-29,Saturday,172.0,172.0,13,0.0,0.0
62,62,2026-08-30,Sunday,148.0,148.0,12,0.0,0.0
62,62,2026-09-05,Saturday,172.0,172.0,13,0.0,0.0
62,62,2026-09-06,Sunday,148.0,148.0,12,0.0,0.0
62,62,2026-09-12,Saturday,172.0,172.0,13,0.0,0.0
62,62,2026-09-13,Sunday,148.0,148.0,12,0.0,0.0
62,62,2026-09-19,Saturday,172.0,172.0,13,0.0,0.0
62,62,2026-09-20,Sunday,148.0,148.0,12,0.0,0.0
62,62,2026-09-26,Saturday,172.0,172.0,13,0.0,0.0
62,62,2026-09-27,Sunday,148.0,148.0,12,0.0,0.0
62,62,2026-10-03,Saturday,172.0,172.0,13,0.0,0.0
62,62,2026-10-04,Sunday,148.0,148.0,12,0.0,0.0
62,62,2026-10-10,Saturday,172.0,172.0,13,0.0,0.0
62,62,2026-10-11,Sunday,148.0,148.0,12,0.0,0.0
62,62,2026-10-17,Saturday,172.0,172.0,13,0.0,0.0
62,62,2026-10-18,Sunday,148.0,148.0,12,0.0,0.0
62,62,2026-10-24,Saturday,172.0,172.0,13,0.0,0.0
62,62,2026-10-25,Sunday,148.0,148.0,12,0.0,0.0
62,62,2026-10-31,Saturday,172.0,172.0,13,0.0,0.0
62H,62H,2026-08-05,Wednesday,76.0,76.0,13,0.0,0.0
62H,62H,2026-08-06,Thursday,76.0,76.0,13,0.0,0.0
62H,62H,2026-08-07,Friday,76.0,76.0,13,0.0,0.0
62H,62H,2026-08-08,Saturday,58.0,58.0,13,0.0,0.0
62H,62H,2026-08-09,Sunday,0.0,0.0,12,0.0,
62H,62H,2026-08-11,Tuesday,76.0,76.0,12,0.0,0.0
62H,62H,2026-08-12,Wednesday,76.0,76.0,13,0.0,0.0
62H,62H,2026-08-13,Thursday,76.0,76.0,13,0.0,0.0
62H,62H,2026-08-14,Friday,76.0,76.0,13,0.0,0.0
62H,62H,2026-08-15,Saturday,58.0,58.0,13,0.0,0.0
62H,62H,2026-08-16,Sunday,0.0,0.0,12,0.0,
62H,62H,2026-08-18,Tuesday,76.0,76.0,12,0.0,0.0
62H,62H,2026-08-19,Wednesday,76.0,76.0,13,0.0,0.0
62H,62H,2026-08-20,Thursday,76.0,76.0,13,0.0,0.0
62H,62H,2026-08-21,Friday,76.0,76.0,13,0.0,0.0
62H,62H,2026-08-22,Saturday,58.0,58.0,13,0.0,0.0
62H,62H,2026-08-23,Sunday,0.0,0.0,12,0.0,
62H,62H,2026-08-25,Tuesday,76.0,76.0,12,0.0,0.0
62H,62H,2026-08-26,Wednesday,76.0,76.0,13,0.0,0.0
62H,62H,2026-08-27,Thursday,76.0,76.0,13,0.0,0.0
62H,62H,2026-08-28,Friday,76.0,76.0,13,0.0,0.0
62H,62H,2026-08-29,Saturday,58.0,58.0,13,0.0,0.0
62H,62H,2026-08-30,Sunday,0.0,0.0,12,0.0,
62H,62H,2026-09-01,Tuesday,76.0,76.0,12,0.0,0.0
62H,62H,2026-09-02,Wednesday,76.0,76.0,13,0.0,0.0
62H,62H,2026-09-03,Thursday,76.0,76.0,13,0.0,0.0
62H,62H,2026-09-04,Friday,76.0,76.0,13,0.0,0.0
62H,62H,2026-09-05,Saturday,58.0,58.0,13,0.0,0.0
62H,62H,2026-09-06,Sunday,0.0,0.0,12,0.0,
62H,62H,2026-09-08,Tuesday,76.0,76.0,12,0.0,0.0
62H,62H,2026-09-09,Wednesday,76.0,76.0,13,0.0,0.0
62H,62H,2026-09-10,Thursday,76.0,76.0,13,0.0,0.0
62H,62H,2026-09-11,Friday,76.0,76.0,13,0.0,0.0
62H,62H,2026-09-12,Saturday,58.0,58.0,13,0.0,0.0
62H,62H,2026-09-13,Sunday,0.0,0.0,12,0.0,
62H,62H,2026-09-15,Tuesday,76.0,76.0,12,0.0,0.0
62H,62H,2026-09-16,Wednesday,76.0,76.0,13,0.0,0.0
62H,62H,2026-09-17,Thursday,76.0,76.0,13,0.0,0.0
62H,62H,2026-09-18,Friday,76.0,76.0,13,0.0,0.0
62H,62H,2026-09-19,Saturday,58.0,58.0,13,0.0,0.0
62H,62H,2026-09-20,Sunday,0.0,0.0,12,0.0,
62H,62H,2026-09-22,Tuesday,76.0,76.0,12,0.0,0.0
62H,62H,2026-09-23,Wednesday,76.0,76.0,13,0.0,0.0
62H,62H,2026-09-24,Thursday,76.0,76.0,13,0.0,0.0
62H,62H,2026-09-25,Friday,76.0,76.0,13,0.0,0.0
62H,62H,2026-09-26,Saturday,58.0,58.0,13,0.0,0.0
62H,62H,2026-09-27,Sunday,0.0,0.0,12,0.0,
62H,62H,2026-09-29,Tuesday,76.0,76.0,12,0.0,0.0
62H,62H,2026-09-30,Wednesday,76.0,76.0,13,0.0,0.0
62H,62H,2026-10-01,Thursday,76.0,76.0,13,0.0,0.0
62H,62H,2026-10-02,Friday,76.0,76.0,13,0.0,0.0
62H,62H,2026-10-03,Saturday,58.0,58.0,13,0.0,0.0
62H,62H,2026-10-04,Sunday,0.0,0.0,12,0.0,
62H,62H,2026-10-06,Tuesday,76.0,76.0,12,0.0,0.0
62H,62H,2026-10-07,Wednesday,76.0,76.0,13,0.0,0.0
62H,62H,2026-10-08,Thursday,76.0,76.0,13,0.0,0.0
62H,62H,2026-10-09,Friday,76.0,76.0,13,0.0,0.0
62H,62H,2026-10-10,Saturday,58.0,58.0,13,0.0,0.0
62H,62H,2026-10-11,Sunday,0.0,0.0,12,0.0,
62H,62H,2026-10-13,Tuesday,76.0,76.0,12,0.0,0.0
62H,62H,2026-10-14,Wednesday,76.0,76.0,13,0.0,0.0
62H,62H,2026-10-15,Thursday,76.0,76.0,13,0.0,0.0
62H,62H,2026-10-16,Friday,76.0,76.0,13,0.0,0.0
62H,62H,2026-10-17,Saturday,58.0,58.0,13,0.0,0.0
62H,62H,2026-10-18,Sunday,0.0,0.0,12,0.0,
62H,62H,2026-10-20,Tuesday,76.0,76.0,12,0.0,0.0
62H,62H,2026-10-21,Wednesday,76.0,76.0,13,0.0,0.0
62H,62H,2026-10-22,Thursday,76.0,76.0,13,0.0,0.0
62H,62H,2026-10-23,Friday,76.0,76.0,13,0.0,0.0
62H,62H,2026-10-24,Saturday,58.0,58.0,13,0.0,0.0
62H,62H,2026-10-25,Sunday,0.0,0.0,12,0.0,
62H,62H,2026-10-27,Tuesday,76.0,76.0,12,0.0,0.0
62H,62H,2026-10-28,Wednesday,76.0,76.0,13,0.0,0.0
62H,62H,2026-10-29,Thursday,76.0,76.0,13,0.0,0.0
62H,62H,2026-10-30,Friday,76.0,76.0,13,0.0,0.0
62H,62H,2026-10-31,Saturday,58.0,58.0,13,0.0,0.0
63W,63W,2026-08-08,Saturday,80.0,80.0,13,0.0,0.0
63W,63W,2026-08-09,Sunday,62.0,62.0,12,0.0,0.0
63W,63W,2026-08-15,Saturday,80.0,80.0,13,0.0,0.0
63W,63W,2026-08-16,Sunday,62.0,62.0,12,0.0,0.0
63W,63W,2026-08-22,Saturday,80.0,80.0,13,0.0,0.0
63W,63W,2026-08-23,Sunday,62.0,62.0,12,0.0,0.0
63W,63W,2026-08-29,Saturday,80.0,80.0,13,0.0,0.0
63W,63W,2026-08-30,Sunday,62.0,62.0,12,0.0,0.0
63W,63W,2026-09-05,Saturday,80.0,80.0,13,0.0,0.0
63W,63W,2026-09-06,Sunday,62.0,62.0,12,0.0,0.0
63W,63W,2026-09-12,Saturday,80.0,80.0,13,0.0,0.0
63W,63W,2026-09-13,Sunday,62.0,62.0,12,0.0,0.0
63W,63W,2026-09-19,Saturday,80.0,80.0,13,0.0,0.0
63W,63W,2026-09-20,Sunday,62.0,62.0,12,0.0,0.0
63W,63W,2026-09-26,Saturday,80.0,80.0,13,0.0,0.0
63W,63W,2026-09-27,Sunday,62.0,62.0,12,0.0,0.0
63W,63W,2026-10-03,Saturday,80.0,80.0,13,0.0,0.0
63W,63W,2026-10-04,Sunday,62.0,62.0,12,0.0,0.0
63W,63W,2026-10-10,Saturday,80.0,80.0,13,0.0,0.0
63W,63W,2026-10-11,Sunday,62.0,62.0,12,0.0,0.0
63W,63W,2026-10-17,Saturday,80.0,80.0,13,0.0,0.0
63W,63W,2026-10-18,Sunday,62.0,62.0,12,0.0,0.0
63W,63W,2026-10-24,Saturday,80.0,80.0,13,0.0,0.0
63W,63W,2026-10-25,Sunday,62.0,62.0,12,0.0,0.0
63W,63W,2026-10-31,Saturday,80.0,80.0,13,0.0,0.0
7,7,2026-08-15,Saturday,0.0,0.0,13,0.0,
7,7,2026-08-16,Sunday,0.0,0.0,12,0.0,
7,7,2026-08-22,Saturday,0.0,0.0,13,0.0,
7,7,2026-08-23,Sunday,0.0,0.0,12,0.0,
7,7,2026-08-29,Saturday,0.0,0.0,13,0.0,
7,7,2026-08-30,Sunday,0.0,0.0,12,0.0,
7,7,2026-09-05,Saturday,0.0,0.0,13,0.0,
7,7,2026-09-06,Sunday,0.0,0.0,12,0.0,
7,7,2026-09-12,Saturday,0.0,0.0,13,0.0,
7,7,2026-09-13,Sunday,0.0,0.0,12,0.0,
7,7,2026-09-19,Saturday,0.0,0.0,13,0.0,
7,7,2026-09-20,Sunday,0.0,0.0,12,0.0,
7,7,2026-09-26,Saturday,0.0,0.0,13,0.0,
7,7,2026-09-27,Sunday,0.0,0.0,12,0.0,
59,59,2026-08-22,Saturday,85.0,85.0,13,0.0,0.0
59,59,2026-08-23,Sunday,0.0,0.0,12,0.0,
7,7,2026-10-03,Saturday,0.0,0.0,13,0.0,
59,59,2026-08-29,Saturday,85.0,85.0,13,0.0,0.0
59,59,2026-08-30,Sunday,0.0,0.0,12,0.0,
7,7,2026-10-04,Sunday,0.0,0.0,12,0.0,
59,59,2026-09-05,Saturday,85.0,85.0,13,0.0,0.0
59,59,2026-09-06,Sunday,0.0,0.0,12,0.0,
59,59,2026-09-12,Saturday,85.0,85.0,13,0.0,0.0
59,59,2026-09-13,Sunday,0.0,0.0,12,0.0,
7,7,2026-10-10,Saturday,0.0,0.0,13,0.0,
7,7,2026-10-11,Sunday,0.0,0.0,12,0.0,
59,59,2026-09-19,Saturday,85.0,85.0,13,0.0,0.0
59,59,2026-09-20,Sunday,0.0,0.0,12,0.0,
7,7,2026-10-17,Saturday,0.0,0.0,13,0.0,
59,59,2026-09-26,Saturday,85.0,85.0,13,0.0,0.0
59,59,2026-09-27,Sunday,0.0,0.0,12,0.0,
7,7,2026-10-18,Sunday,0.0,0.0,12,0.0,
59,59,2026-10-03,Saturday,85.0,85.0,13,0.0,0.0
59,59,2026-10-04,Sunday,0.0,0.0,12,0.0,
59,59,2026-10-10,Saturday,85.0,85.0,13,0.0,0.0
59,59,2026-10-11,Sunday,0.0,0.0,12,0.0,
7,7,2026-10-24,Saturday,0.0,0.0,13,0.0,
7,7,2026-10-25,Sunday,0.0,0.0,12,0.0,
59,59,2026-10-17,Saturday,85.0,85.0,13,0.0,0.0
59,59,2026-10-18,Sunday,0.0,0.0,12,0.0,
59,59,2026-10-24,Saturday,85.0,85.0,13,0.0,0.0
59,59,2026-10-25,Sunday,0.0,0.0,12,0.0,
71,71,2026-08-05,Wednesday,199.0,199.0,13,0.0,0.0
71,71,2026-08-06,Thursday,199.0,199.0,13,0.0,0.0
71,71,2026-08-07,Friday,199.0,199.0,13,0.0,0.0
57,57,2026-10-17,Saturday,77.0,77.0,13,0.0,0.0
57,57,2026-09-26,Saturday,77.0,77.0,13,0.0,0.0
71,71,2026-08-08,Saturday,187.0,187.0,13,0.0,0.0
71,71,2026-08-09,Sunday,155.0,155.0,12,0.0,0.0
71,71,2026-08-12,Wednesday,199.0,199.0,13,0.0,0.0
71,71,2026-08-13,Thursday,199.0,199.0,13,0.0,0.0
57,57,2026-09-19,Saturday,77.0,77.0,13,0.0,0.0
71,71,2026-08-14,Friday,199.0,199.0,13,0.0,0.0
71,71,2026-08-15,Saturday,187.0,187.0,13,0.0,0.0
71,71,2026-08-16,Sunday,155.0,155.0,12,0.0,0.0
59,59,2026-08-15,Saturday,85.0,85.0,13,0.0,0.0
59,59,2026-08-16,Sunday,0.0,0.0,12,0.0,
57,57,2026-10-24,Saturday,77.0,77.0,13,0.0,0.0
71,71,2026-08-19,Wednesday,199.0,199.0,13,0.0,0.0
68,68,2026-08-08,Saturday,70.0,70.0,13,0.0,0.0
71,71,2026-08-20,Thursday,199.0,199.0,13,0.0,0.0
71,71,2026-08-21,Friday,199.0,199.0,13,0.0,0.0
68,68,2026-08-09,Sunday,56.0,56.0,12,0.0,0.0
68,68,2026-08-15,Saturday,70.0,70.0,13,0.0,0.0
68,68,2026-08-16,Sunday,56.0,56.0,12,0.0,0.0
71,71,2026-08-22,Saturday,187.0,187.0,13,0.0,0.0
68,68,2026-08-22,Saturday,70.0,70.0,13,0.0,0.0
68,68,2026-08-23,Sunday,56.0,56.0,12,0.0,0.0
71,71,2026-08-23,Sunday,155.0,155.0,12,0.0,0.0
68,68,2026-08-29,Saturday,70.0,70.0,13,0.0,0.0
68,68,2026-08-30,Sunday,56.0,56.0,12,0.0,0.0
68,68,2026-09-05,Saturday,70.0,70.0,13,0.0,0.0
68,68,2026-09-06,Sunday,56.0,56.0,12,0.0,0.0
68,68,2026-09-12,Saturday,70.0,70.0,13,0.0,0.0
68,68,2026-09-13,Sunday,56.0,56.0,12,0.0,0.0
68,68,2026-09-19,Saturday,70.0,70.0,13,0.0,0.0
68,68,2026-09-20,Sunday,56.0,56.0,12,0.0,0.0
68,68,2026-09-26,Saturday,70.0,70.0,13,0.0,0.0
68,68,2026-09-27,Sunday,56.0,56.0,12,0.0,0.0
68,68,2026-10-03,Saturday,70.0,70.0,13,0.0,0.0
68,68,2026-10-04,Sunday,56.0,56.0,12,0.0,0.0
68,68,2026-10-10,Saturday,70.0,70.0,13,0.0,0.0
68,68,2026-10-11,Sunday,56.0,56.0,12,0.0,0.0
71,71,2026-10-08,Thursday,199.0,199.0,13,0.0,0.0
71,71,2026-10-09,Friday,199.0,199.0,13,0.0,0.0
71,71,2026-10-10,Saturday,187.0,187.0,13,0.0,0.0
71,71,2026-10-11,Sunday,155.0,155.0,12,0.0,0.0
71,71,2026-10-14,Wednesday,199.0,199.0,13,0.0,0.0
71,71,2026-10-15,Thursday,199.0,199.0,13,0.0,0.0
71,71,2026-10-16,Friday,199.0,199.0,13,0.0,0.0
71,71,2026-10-17,Saturday,187.0,187.0,13,0.0,0.0
71,71,2026-10-18,Sunday,155.0,155.0,12,0.0,0.0
71,71,2026-10-21,Wednesday,199.0,199.0,13,0.0,0.0
71,71,2026-10-22,Thursday,199.0,199.0,13,0.0,0.0
68,68,2026-10-31,Saturday,70.0,70.0,13,0.0,0.0
71,71,2026-10-23,Friday,199.0,199.0,13,0.0,0.0
71,71,2026-10-24,Saturday,187.0,187.0,13,0.0,0.0
71,71,2026-10-25,Sunday,155.0,155.0,12,0.0,0.0
71,71,2026-10-28,Wednesday,199.0,199.0,13,0.0,0.0
71,71,2026-10-29,Thursday,199.0,199.0,13,0.0,0.0
71,71,2026-10-30,Friday,199.0,199.0,13,0.0,0.0
71,71,2026-10-31,Saturday,187.0,187.0,13,0.0,0.0
7,7,2026-08-08,Saturday,0.0,0.0,13,0.0,
7,7,2026-08-09,Sunday,0.0,0.0,12,0.0,
71,71,2026-09-05,Saturday,187.0,187.0,13,0.0,0.0
68,68,2026-10-18,Sunday,56.0,56.0,12,0.0,0.0
59,59,2026-08-09,Sunday,0.0,0.0,12,0.0,
68,68,2026-10-17,Saturday,70.0,70.0,13,0.0,0.0
71,71,2026-09-06,Sunday,155.0,155.0,12,0.0,0.0
71,71,2026-09-09,Wednesday,199.0,199.0,13,0.0,0.0
57,57,2026-10-10,Saturday,77.0,77.0,13,0.0,0.0
71,71,2026-09-25,Friday,199.0,199.0,13,0.0,0.0
71,71,2026-09-26,Saturday,187.0,187.0,13,0.0,0.0
71,71,2026-09-27,Sunday,155.0,155.0,12,0.0,0.0
71,71,2026-09-12,Saturday,187.0,187.0,13,0.0,0.0
71,71,2026-09-13,Sunday,155.0,155.0,12,0.0,0.0
71,71,2026-09-18,Friday,199.0,199.0,13,0.0,0.0
71,71,2026-09-19,Saturday,187.0,187.0,13,0.0,0.0
71,71,2026-09-30,Wednesday,199.0,199.0,13,0.0,0.0
71,71,2026-09-10,Thursday,199.0,199.0,13,0.0,0.0
71,71,2026-09-20,Sunday,155.0,155.0,12,0.0,0.0
71,71,2026-10-01,Thursday,199.0,199.0,13,0.0,0.0
71,71,2026-10-02,Friday,199.0,199.0,13,0.0,0.0
71,71,2026-08-26,Wednesday,199.0,199.0,13,0.0,0.0
71,71,2026-10-03,Saturday,187.0,187.0,13,0.0,0.0
71,71,2026-10-04,Sunday,155.0,155.0,12,0.0,0.0
57,57,2026-10-03,Saturday,77.0,77.0,13,0.0,0.0
71,71,2026-09-17,Thursday,199.0,199.0,13,0.0,0.0
7,7,2026-10-31,Saturday,0.0,0.0,13,0.0,
71,71,2026-10-07,Wednesday,199.0,199.0,13,0.0,0.0
71,71,2026-09-04,Friday,199.0,199.0,13,0.0,0.0
68,68,2026-10-25,Sunday,56.0,56.0,12,0.0,0.0
71,71,2026-09-16,Wednesday,199.0,199.0,13,0.0,0.0
71,71,2026-08-28,Friday,199.0,199.0,13,0.0,0.0
71,71,2026-09-23,Wednesday,199.0,199.0,13,0.0,0.0
71,71,2026-09-03,Thursday,199.0,199.0,13,0.0,0.0
71,71,2026-09-24,Thursday,199.0,199.0,13,0.0,0.0
71,71,2026-08-30,Sunday,155.0,155.0,12,0.0,0.0
71,71,2026-08-29,Saturday,187.0,187.0,13,0.0,0.0
71,71,2026-09-11,Friday,199.0,199.0,13,0.0,0.0
68,68,2026-10-24,Saturday,70.0,70.0,13,0.0,0.0
57,57,2026-10-31,Saturday,77.0,77.0,13,0.0,0.0
71,71,2026-08-27,Thursday,199.0,199.0,13,0.0,0.0
71,71,2026-09-02,Wednesday,199.0,199.0,13,0.0,0.0
59,59,2026-08-08,Saturday,85.0,85.0,13,0.0,0.0
